textid	target	model	tokenizer	predicted	prob	neutral	sadness	confusion	nervousness	surprise	embarrassment	disgust	fear	joy	excitement	pride	anger
0	sadness	../syntropy_project/models/model1_0	../syntropy_project/models/model1_0	neutral	0.552283525466919	0.552283525466919	0.17868222296237946	0.054153166711330414	0.04052257910370827	0.03481413424015045	0.03309142589569092	0.025766951963305473	0.024814823642373085	0.024057332426309586	0.013801999390125275	0.009110162034630775	0.008901659399271011
1	joy	../syntropy_project/models/model1_0	../syntropy_project/models/model1_0	neutral	0.6280472874641418	0.6280472874641418	0.01121787540614605	0.06868767738342285	0.0010578243527561426	0.006322728935629129	0.00823740940541029	0.03828999772667885	0.002092547481879592	0.18740758299827576	0.023994289338588715	0.006423099897801876	0.018221689388155937
2	neutral	../syntropy_project/models/model1_0	../syntropy_project/models/model1_0	sadness	0.5224326848983765	0.19464531540870667	0.5224326848983765	0.04090243577957153	0.04359455406665802	0.008085724897682667	0.01835915632545948	0.06964559853076935	0.0353207029402256	0.007554549258202314	0.005353987216949463	0.0018431550124660134	0.05226210504770279
3	joy	../syntropy_project/models/model1_0	../syntropy_project/models/model1_0	joy	0.9368271827697754	0.002450226806104183	0.0010283523006364703	0.0002774232707452029	7.190937321865931e-05	0.0013053296133875847	0.00021538081637118012	8.817682100925595e-05	7.036105671431869e-05	0.9368271827697754	0.0556170754134655	0.0019559080246835947	9.26881330087781e-05
4	fear	../syntropy_project/models/model1_0	../syntropy_project/models/model1_0	sadness	0.45702946186065674	0.41511887311935425	0.45702946186065674	0.04596132040023804	0.007270375732332468	0.006345435976982117	0.009107309393584728	0.00515234749764204	0.04301619157195091	0.006595516577363014	0.002498083747923374	0.0013616005890071392	0.000543543545063585
5	pride	../syntropy_project/models/model1_0	../syntropy_project/models/model1_0	disgust	0.42911291122436523	0.03389129415154457	0.06069337949156761	0.005239957012236118	0.00778708653524518	0.0072164940647780895	0.012166650034487247	0.42911291122436523	0.40687206387519836	0.0037799449637532234	0.005002415738999844	0.0010020022746175528	0.027235811576247215
6	sadness	../syntropy_project/models/model1_0	../syntropy_project/models/model1_0	fear	0.5277699828147888	0.015880906954407692	0.27469101548194885	0.009093345142900944	0.05541215464472771	0.006756781600415707	0.020611407235264778	0.06760971993207932	0.5277699828147888	0.0025398838333785534	0.0018152891425415874	0.0010975709883496165	0.01672195829451084
7	joy	../syntropy_project/models/model1_0	../syntropy_project/models/model1_0	joy	0.9853032827377319	0.005498911254107952	0.0005443304544314742	0.00023959780810400844	2.6319828975829296e-05	0.00010030438716057688	0.00016955680621322244	5.970446363789961e-05	2.464679528202396e-05	0.9853032827377319	0.004913071636110544	0.0030619159806519747	5.8237208577338606e-05
8	disgust	../syntropy_project/models/model1_0	../syntropy_project/models/model1_0	disgust	0.6548850536346436	0.05961063876748085	0.01798827014863491	0.04173004627227783	0.003080501686781645	0.013150982558727264	0.159929096698761	0.6548850536346436	0.007091054692864418	0.010532155632972717	0.004566052462905645	0.0034359609708189964	0.024000229313969612
9	sadness	../syntropy_project/models/model1_0	../syntropy_project/models/model1_0	sadness	0.9599515199661255	0.008823717944324017	0.9599515199661255	0.0037258912343531847	0.002075919881463051	0.0012900648871436715	0.0011936429655179381	0.00040057062869891524	0.004428233485668898	0.013070248998701572	0.0036649045068770647	0.0007535110926255584	0.0006219057831913233
10	excitement	../syntropy_project/models/model1_0	../syntropy_project/models/model1_0	joy	0.9759488105773926	0.002426537685096264	0.00029583051218651235	0.000290620926534757	2.286446760990657e-05	0.00013517035404220223	0.00015476459520868957	5.4193973483052105e-05	2.768596459645778e-05	0.9759488105773926	0.019089961424469948	0.0015054370742291212	4.80744602100458e-05
11	confusion	../syntropy_project/models/model1_0	../syntropy_project/models/model1_0	confusion	0.8625365495681763	0.13015203177928925	0.0012371171033009887	0.8625365495681763	5.088091711513698e-05	0.004027511924505234	0.0004081551742274314	0.0003563231439329684	0.000258073239820078	0.0002998430863954127	0.0003728122974280268	0.00014911654579918832	0.0001516171032562852
12	embarrassment	../syntropy_project/models/model1_0	../syntropy_project/models/model1_0	embarrassment	0.9953703880310059	0.0001024011944537051	0.0003823066654149443	6.990264228079468e-05	0.00017645786283537745	2.44700404437026e-05	0.9953703880310059	0.001915886066854	6.19561251369305e-05	2.1413097783806734e-05	6.884115464345086e-07	0.0015500853769481182	0.0003241260419599712
13	fear	../syntropy_project/models/model1_0	../syntropy_project/models/model1_0	disgust	0.243868887424469	0.17032738029956818	0.1904980093240738	0.007388773374259472	0.07805626094341278	0.019701140001416206	0.02491905726492405	0.243868887424469	0.08898230642080307	0.012430734932422638	0.015571833588182926	0.0026391728315502405	0.14561642706394196
14	disgust	../syntropy_project/models/model1_0	../syntropy_project/models/model1_0	confusion	0.3465012013912201	0.023930439725518227	0.004654415883123875	0.3465012013912201	0.001297273556701839	0.0111068831756711	0.08827729523181915	0.3298082947731018	0.009249324910342693	0.002357539953663945	0.003265884704887867	0.002151971682906151	0.17739947140216827
15	confusion	../syntropy_project/models/model1_0	../syntropy_project/models/model1_0	confusion	0.9853562116622925	0.005389591678977013	0.00019554248137865216	0.9853562116622925	1.428712403139798e-05	0.007474344223737717	0.0009635931928642094	6.131291593192145e-05	7.136385829653591e-05	0.00021355334320105612	8.40548673295416e-05	9.018957644002512e-05	8.591581718064845e-05
16	surprise	../syntropy_project/models/model1_0	../syntropy_project/models/model1_0	surprise	0.6682308912277222	0.010259327478706837	0.0008636349230073392	0.00025747096515260637	0.00013816985301673412	0.6682308912277222	0.00019253272330388427	0.0007976333145052195	0.00019303979934193194	0.006611206568777561	0.3114813268184662	0.0006179070333018899	0.0003568895917851478
17	excitement	../syntropy_project/models/model1_0	../syntropy_project/models/model1_0	joy	0.9513360261917114	0.004047047812491655	0.0006759768584743142	0.0008857691427692771	3.44687832694035e-05	0.0009766980074346066	0.00015149092359934002	7.186447328422219e-05	2.6196699764113873e-05	0.9513360261917114	0.039898332208395004	0.001811242545954883	8.495334623148665e-05
18	surprise	../syntropy_project/models/model1_0	../syntropy_project/models/model1_0	embarrassment	0.4619111716747284	0.08131495118141174	0.03157682716846466	0.14677093923091888	0.009320548735558987	0.005891475826501846	0.4619111716747284	0.209202840924263	0.031898383051157	0.0033099092543125153	0.00037745016743429005	0.005668549798429012	0.012757022865116596
19	disgust	../syntropy_project/models/model1_0	../syntropy_project/models/model1_0	disgust	0.7367123365402222	0.04400864616036415	0.03381919115781784	0.014481493271887302	0.004265209659934044	0.0036604246124625206	0.016769735142588615	0.7367123365402222	0.0192838404327631	0.0019472682615742087	0.0024152423720806837	0.0011732151033356786	0.1214633509516716
20	excitement	../syntropy_project/models/model1_0	../syntropy_project/models/model1_0	excitement	0.5279213786125183	0.006162172649055719	0.00018560436728876084	0.00019405850616749376	2.660477184690535e-05	0.45864686369895935	0.0001277128903893754	0.0003245194675400853	0.00014491737238131464	0.005933109670877457	0.5279213786125183	0.00029195600654929876	4.106124833924696e-05
21	neutral	../syntropy_project/models/model1_0	../syntropy_project/models/model1_0	surprise	0.26940080523490906	0.2397773563861847	0.05439257621765137	0.01808333583176136	0.013320972211658955	0.26940080523490906	0.03793519735336304	0.11859798431396484	0.0635790228843689	0.021106770262122154	0.08508413285017014	0.0054841008968651295	0.07323779165744781
22	disgust	../syntropy_project/models/model1_0	../syntropy_project/models/model1_0	disgust	0.4088510572910309	0.0627877488732338	0.017981940880417824	0.0141643350943923	0.00700306985527277	0.04975282400846481	0.022498100996017456	0.4088510572910309	0.005614019464701414	0.006823805160820484	0.010920862667262554	0.004328121431171894	0.3892740309238434
23	neutral	../syntropy_project/models/model1_0	../syntropy_project/models/model1_0	neutral	0.9197889566421509	0.9197889566421509	0.003275159280747175	0.036236342042684555	0.0009894260438159108	0.013925322331488132	0.0014826530823484063	0.0032644057646393776	0.0024193204008042812	0.0033324987161904573	0.010037998668849468	0.0033587096258997917	0.0018891209037974477
24	sadness	../syntropy_project/models/model1_0	../syntropy_project/models/model1_0	neutral	0.925963819026947	0.925963819026947	0.022042663767933846	0.02685859613120556	0.00014939838729333133	0.007131749764084816	0.0009867390617728233	0.004121170379221439	0.006368719041347504	0.0012629675911739469	0.003326492616906762	0.0005195214180275798	0.001268195454031229
25	disgust	../syntropy_project/models/model1_0	../syntropy_project/models/model1_0	anger	0.8463832139968872	0.015165355987846851	0.009797430597245693	0.015214260667562485	0.007228334434330463	0.007488924544304609	0.018520858138799667	0.06320241093635559	0.006804549600929022	0.003916067536920309	0.0029348579701036215	0.0033437316305935383	0.8463832139968872
26	confusion	../syntropy_project/models/model1_0	../syntropy_project/models/model1_0	confusion	0.9858734011650085	0.0002365558611927554	0.00016471181879751384	0.9858734011650085	0.00010650091280695051	0.006655698176473379	0.006640839856117964	0.00016915319429244846	3.3756452467059717e-05	1.3876745470042806e-05	3.971430487581529e-06	3.234888208680786e-05	6.920873420313001e-05
27	joy	../syntropy_project/models/model1_0	../syntropy_project/models/model1_0	joy	0.94475919008255	0.003527858527377248	0.0006461418815888464	0.0006299328524619341	9.27056316868402e-05	0.00011627969070104882	0.0006381748244166374	0.00015366919978987426	7.776948041282594e-05	0.94475919008255	0.043171919882297516	0.006106971297413111	7.93941508163698e-05
28	nervousness	../syntropy_project/models/model1_0	../syntropy_project/models/model1_0	nervousness	0.7633296847343445	0.024404646828770638	0.0714767649769783	0.005827126558870077	0.7633296847343445	0.0024095147382467985	0.004910836927592754	0.006478976923972368	0.10426824539899826	0.006405002903193235	0.006637949030846357	0.0019634265918284655	0.0018878512782976031
29	neutral	../syntropy_project/models/model1_0	../syntropy_project/models/model1_0	neutral	0.6600455045700073	0.6600455045700073	0.23432372510433197	0.008892134763300419	0.003064231015741825	0.03037073463201523	0.0007694969535805285	0.011022356338799	0.01335072610527277	0.011615518480539322	0.019765714183449745	0.0013216034276410937	0.0054583302699029446
30	confusion	../syntropy_project/models/model1_0	../syntropy_project/models/model1_0	sadness	0.7011392712593079	0.02547452412545681	0.7011392712593079	0.24438384175300598	0.003647917415946722	0.0013171014143154025	0.0033433393109589815	0.003908819518983364	0.0040160976350307465	0.0014278742019087076	0.00016737266560085118	0.00030719791539013386	0.010866724886000156
31	neutral	../syntropy_project/models/model1_0	../syntropy_project/models/model1_0	excitement	0.6247988939285278	0.1685529202222824	0.005710148718208075	0.009452065452933311	0.0005884815473109484	0.0446617528796196	0.0014446084387600422	0.0029843354132026434	0.001648677047342062	0.1264488250017166	0.6247988939285278	0.0071047586388885975	0.006604498252272606
32	joy	../syntropy_project/models/model1_0	../syntropy_project/models/model1_0	joy	0.6666589975357056	0.010441645979881287	0.005253326613456011	0.0003800647973548621	0.00033941047149710357	0.0014692620607092977	0.0005586809129454195	0.0006129341199994087	0.00021441595163196325	0.6666589975357056	0.3030265271663666	0.010238421149551868	0.0008063328568823636
33	disgust	../syntropy_project/models/model1_0	../syntropy_project/models/model1_0	disgust	0.30634158849716187	0.03294473513960838	0.18341867625713348	0.006101013161242008	0.1271986961364746	0.0366382822394371	0.03289822116494179	0.30634158849716187	0.2373538762331009	0.010310336947441101	0.012479114346206188	0.0028241027612239122	0.011491338722407818
34	anger	../syntropy_project/models/model1_0	../syntropy_project/models/model1_0	neutral	0.7880327701568604	0.7880327701568604	0.0050385091453790665	0.010969922877848148	0.0016261542914435267	0.00625429255887866	0.002053659874945879	0.012968122027814388	0.004509651102125645	0.04322248697280884	0.05813336372375488	0.004288814030587673	0.06290221959352493
35	neutral	../syntropy_project/models/model1_0	../syntropy_project/models/model1_0	confusion	0.7890795469284058	0.14149422943592072	0.006078648380935192	0.7890795469284058	0.0004791266401298344	0.05445871502161026	0.004041838925331831	0.0006709329318255186	0.0015216553583741188	0.0008638346916995943	0.0007388220401480794	0.0004972374299541116	7.540890510426834e-05
36	neutral	../syntropy_project/models/model1_0	../syntropy_project/models/model1_0	neutral	0.635332465171814	0.635332465171814	0.0876041054725647	0.018849031999707222	0.020545849576592445	0.014723122119903564	0.0013122957898303866	0.013019945472478867	0.0022988321725279093	0.007766664493829012	0.021800121292471886	0.003980741836130619	0.1727667897939682
37	neutral	../syntropy_project/models/model1_0	../syntropy_project/models/model1_0	anger	0.31824421882629395	0.1765614002943039	0.1566791981458664	0.20793785154819489	0.010018174536526203	0.006067212671041489	0.042221635580062866	0.07390154898166656	0.0015019072452560067	0.0023117889650166035	0.0011349209817126393	0.0034200926311314106	0.31824421882629395
38	neutral	../syntropy_project/models/model1_0	../syntropy_project/models/model1_0	confusion	0.743949830532074	0.12565115094184875	0.0039043263532221317	0.743949830532074	0.00012030558718834072	0.059016741812229156	0.005537953227758408	0.0015349959721788764	0.0006409796187654138	0.02747497893869877	0.026938894763588905	0.0028880666941404343	0.002341808285564184
39	disgust	../syntropy_project/models/model1_0	../syntropy_project/models/model1_0	disgust	0.8089801669120789	0.10592997819185257	0.008206848055124283	0.009153029881417751	0.0018070078222081065	0.0077010407112538815	0.018782222643494606	0.8089801669120789	0.0062963105738162994	0.00866180844604969	0.011990385130047798	0.0019862912595272064	0.010505030862987041
40	fear	../syntropy_project/models/model1_0	../syntropy_project/models/model1_0	fear	0.9496565461158752	0.002736884169280529	0.0033266686368733644	0.0011700408067554235	0.03702913224697113	0.0005890649626962841	0.0017816949402913451	0.0017994592199102044	0.9496565461158752	0.0005598980933427811	0.0001610614563105628	0.0003320749383419752	0.0008574225939810276
41	sadness	../syntropy_project/models/model1_0	../syntropy_project/models/model1_0	sadness	0.9744822978973389	0.0034854381810873747	0.9744822978973389	0.0008544611046090722	0.0015497986460104585	0.0015004427405074239	0.0008562373113818467	0.0006748631712980568	0.0025312306825071573	0.011439314112067223	0.0019472952699288726	0.0005083346622996032	0.00017021232633851469
42	anger	../syntropy_project/models/model1_0	../syntropy_project/models/model1_0	confusion	0.7536934614181519	0.09146542847156525	0.018446963280439377	0.7536934614181519	0.0015764090931043029	0.000976916984654963	0.03150179609656334	0.021213348954916	0.0011781821958720684	0.000703695579431951	0.00012939221051055938	0.0008908173767849803	0.07822363823652267
43	anger	../syntropy_project/models/model1_0	../syntropy_project/models/model1_0	neutral	0.6168335676193237	0.6168335676193237	0.015539723448455334	0.0734776109457016	0.0030337076168507338	0.0024600604083389044	0.04865351691842079	0.13400979340076447	0.004277760162949562	0.018045779317617416	0.006808905862271786	0.004776596557348967	0.07208302617073059
44	fear	../syntropy_project/models/model1_0	../syntropy_project/models/model1_0	nervousness	0.4626706540584564	0.01210957020521164	0.006754777859896421	0.005476909223943949	0.4626706540584564	0.000666068634018302	0.01197461411356926	0.009231784380972385	0.39115312695503235	0.0014852676540613174	0.0010172108886763453	0.0016790344379842281	0.09578095376491547
45	neutral	../syntropy_project/models/model1_0	../syntropy_project/models/model1_0	neutral	0.41276615858078003	0.41276615858078003	0.22983483970165253	0.01941291242837906	0.04355207458138466	0.016508011147379875	0.03429712355136871	0.008936763741075993	0.08951383829116821	0.048855945467948914	0.008313116617500782	0.05927645042538643	0.02873273752629757
46	anger	../syntropy_project/models/model1_0	../syntropy_project/models/model1_0	anger	0.9700244069099426	0.0037956112064421177	0.000977301737293601	0.00040729044121690094	0.002336308592930436	0.0007157812360674143	0.0009924889309331775	0.01846015267074108	0.0006778179085813463	0.0003376105451025069	0.0008552074432373047	0.00042005133582279086	0.9700244069099426
47	surprise	../syntropy_project/models/model1_0	../syntropy_project/models/model1_0	confusion	0.8540046215057373	0.01705702394247055	0.0028431883547455072	0.8540046215057373	0.0018718376522883773	0.11707450449466705	0.0029178871773183346	0.0014380099019035697	0.0014747848035767674	0.00042926007881760597	0.0004032965807709843	0.00015493619139306247	0.00033064873423427343
48	anger	../syntropy_project/models/model1_0	../syntropy_project/models/model1_0	anger	0.995673418045044	0.0002025213179877028	0.0001834122813306749	2.7148447770741768e-05	0.00025822638417594135	0.00011635190458036959	8.456615614704788e-05	0.003181472886353731	3.812149589066394e-05	2.0493836927926168e-05	0.00015878278645686805	5.556922042160295e-05	0.995673418045044
49	surprise	../syntropy_project/models/model1_0	../syntropy_project/models/model1_0	surprise	0.9094815254211426	0.004410502500832081	0.000668091990519315	0.0007685047457925975	0.00011548091424629092	0.9094815254211426	0.0005935633671469986	0.0009638767223805189	0.00044220362906344235	0.0023257858119904995	0.07915695756673813	0.0006342498236335814	0.0004393280250951648
50	neutral	../syntropy_project/models/model1_0	../syntropy_project/models/model1_0	neutral	0.5421205759048462	0.5421205759048462	0.002610930474475026	0.002325591864064336	0.00010376955469837412	0.007165338844060898	0.000259315682342276	0.0004894930170848966	0.00027923856396228075	0.06805948913097382	0.37296560406684875	0.0028330034110695124	0.0007876856834627688
51	surprise	../syntropy_project/models/model1_0	../syntropy_project/models/model1_0	sadness	0.306957483291626	0.03957957401871681	0.306957483291626	0.021639762446284294	0.07406390458345413	0.0815199539065361	0.07487282902002335	0.04410332441329956	0.30619171261787415	0.03188737854361534	0.011179471388459206	0.0052033113315701485	0.002801281400024891
52	surprise	../syntropy_project/models/model1_0	../syntropy_project/models/model1_0	surprise	0.7129936814308167	0.10177568346261978	0.0032201402354985476	0.0059353564865887165	0.000539942819159478	0.7129936814308167	0.003003721358254552	0.00665668211877346	0.0024225469678640366	0.03314076364040375	0.12495128065347672	0.002338800812140107	0.003021381562575698
53	confusion	../syntropy_project/models/model1_0	../syntropy_project/models/model1_0	confusion	0.6891301870346069	0.27876314520835876	0.004218826536089182	0.6891301870346069	0.0002260370529256761	0.011963593773543835	0.00203600968234241	0.005237556993961334	0.001732842531055212	0.0013731175567954779	0.0009461359586566687	0.0013439764734357595	0.0030286083929240704
54	anger	../syntropy_project/models/model1_0	../syntropy_project/models/model1_0	anger	0.6257346272468567	0.004065420478582382	0.007053934503346682	0.0017024625558406115	0.0012329111341387033	0.00030005534063093364	0.015199997462332249	0.3396872878074646	0.0022299059201031923	0.0015030844369903207	0.0006012219819240272	0.0006890050135552883	0.6257346272468567
55	joy	../syntropy_project/models/model1_0	../syntropy_project/models/model1_0	joy	0.9752078056335449	0.0031299227848649025	0.0003646840632427484	0.00039617749280296266	0.00013828255760017782	0.00010708999616326764	0.00019989768043160439	8.087656169664115e-05	6.774318171665072e-05	0.9752078056335449	0.01785106584429741	0.002360500628128648	9.589393448550254e-05
56	disgust	../syntropy_project/models/model1_0	../syntropy_project/models/model1_0	surprise	0.39317262172698975	0.2577314078807831	0.003996198531240225	0.03538399934768677	0.0006288164295256138	0.39317262172698975	0.006863100454211235	0.010227296501398087	0.007155358791351318	0.0685289278626442	0.17974895238876343	0.006597104482352734	0.02996627241373062
57	excitement	../syntropy_project/models/model1_0	../syntropy_project/models/model1_0	excitement	0.9988967776298523	0.00024354274501092732	1.1569117305043619e-05	2.9569143862318015e-06	2.9285294658620842e-05	0.00024736288469284773	1.4606384866056032e-06	4.39409905084176e-06	3.823583938356023e-06	0.0005336889298632741	0.9988967776298523	2.1376024960773066e-05	3.758156935873558e-06
58	joy	../syntropy_project/models/model1_0	../syntropy_project/models/model1_0	joy	0.552008330821991	0.14713919162750244	0.12309770286083221	0.004868746269494295	0.002732514403760433	0.0029291289392858744	0.0021313868928700686	0.002705531194806099	0.0030993889085948467	0.552008330821991	0.09228254854679108	0.014425145462155342	0.052580371499061584
59	joy	../syntropy_project/models/model1_0	../syntropy_project/models/model1_0	joy	0.9879242777824402	0.0005374662578105927	0.00033315978362224996	0.00020120128465350717	1.383178368996596e-05	6.7109678639099e-05	0.0001129167721956037	3.396703323232941e-05	1.3379160918702837e-05	0.9879242777824402	0.010066073387861252	0.0006714123301208019	2.533290535211563e-05
60	confusion	../syntropy_project/models/model1_0	../syntropy_project/models/model1_0	confusion	0.7824617624282837	0.16472908854484558	0.004504194483160973	0.7824617624282837	7.358826405834407e-05	0.03724386915564537	0.002435775939375162	0.0012324033305048943	0.000847709714435041	0.003085317322984338	0.0022977732587605715	0.0004440004413481802	0.0006444593309424818
61	confusion	../syntropy_project/models/model1_0	../syntropy_project/models/model1_0	confusion	0.608346164226532	0.10899782925844193	0.23521414399147034	0.608346164226532	0.0007855806616134942	0.026470929384231567	0.013700712472200394	0.0006966503569856286	0.0025092412251979113	0.0017108431784436107	0.0007984156836755574	0.0006511323153972626	0.0001184322900371626
62	joy	../syntropy_project/models/model1_0	../syntropy_project/models/model1_0	joy	0.6867050528526306	0.007603409234434366	0.0019636736251413822	0.0013586917193606496	0.00011737253953469917	0.08479893207550049	0.00112716865260154	0.000655969837680459	0.0002781852090265602	0.6867050528526306	0.2121887058019638	0.00310581736266613	9.701699309516698e-05
63	surprise	../syntropy_project/models/model1_0	../syntropy_project/models/model1_0	surprise	0.8807859420776367	0.008422743529081345	0.0011987937614321709	0.0014303314965218306	0.0002414456830592826	0.8807859420776367	0.0013132997555658221	0.0012672760058194399	0.001703107263892889	0.005134948063641787	0.0968155562877655	0.0011050289031118155	0.0005814452888444066
64	neutral	../syntropy_project/models/model1_0	../syntropy_project/models/model1_0	anger	0.5901609063148499	0.07431719452142715	0.023623565211892128	0.008089045993983746	0.0032177993562072515	0.0063130673952400684	0.014694275334477425	0.2587903141975403	0.01033198181539774	0.003159441752359271	0.005318948067724705	0.0019835501443594694	0.5901609063148499
65	confusion	../syntropy_project/models/model1_0	../syntropy_project/models/model1_0	confusion	0.9498109817504883	0.040603119879961014	0.000756356748752296	0.9498109817504883	5.529184636543505e-05	0.0047243027947843075	0.0009844517335295677	0.0005665033822879195	0.00024315448536071926	0.0008121030405163765	0.0005451871547847986	0.0003142103960271925	0.0005843566032126546
66	excitement	../syntropy_project/models/model1_0	../syntropy_project/models/model1_0	excitement	0.8184477686882019	0.01369413547217846	0.001405016053467989	0.0038175778463482857	0.0010817532893270254	0.0175558440387249	0.0015260913642123342	0.0003777067468035966	0.00025865918723866343	0.12768954038619995	0.8184477686882019	0.012692766264081001	0.0014531428460031748
67	surprise	../syntropy_project/models/model1_0	../syntropy_project/models/model1_0	surprise	0.5731323957443237	0.014112599194049835	0.0025658963713794947	0.0016153539763763547	0.0004938190686516464	0.5731323957443237	0.001982674468308687	0.0014505480648949742	0.0016632858896628022	0.11395669728517532	0.2810928225517273	0.007392988074570894	0.0005409445147961378
68	sadness	../syntropy_project/models/model1_0	../syntropy_project/models/model1_0	sadness	0.5508980751037598	0.11066190898418427	0.5508980751037598	0.0008977980469353497	0.0036349589936435223	0.014140148647129536	0.002546286443248391	0.0089910002425313	0.015391671098768711	0.030571410432457924	0.13906317949295044	0.0036019175313413143	0.11960162967443466
69	anger	../syntropy_project/models/model1_0	../syntropy_project/models/model1_0	anger	0.5463032722473145	0.15307962894439697	0.001426883158273995	0.2377346158027649	0.001598823699168861	0.03478260710835457	0.003547047497704625	0.010616677813231945	0.0014785687671974301	0.001815179130062461	0.004887021612375975	0.002729680621996522	0.5463032722473145
70	sadness	../syntropy_project/models/model1_0	../syntropy_project/models/model1_0	sadness	0.9762639999389648	0.011099545285105705	0.9762639999389648	0.0018675350584089756	0.0022247314918786287	0.0006048263749107718	0.0017098082462325692	0.0005820422666147351	0.0025455798022449017	0.002358200028538704	0.0003499962331261486	0.00023454245820175856	0.0001591973123140633
71	sadness	../syntropy_project/models/model1_0	../syntropy_project/models/model1_0	sadness	0.9490415453910828	0.019935326650738716	0.9490415453910828	0.0011386475525796413	0.003573250025510788	0.0008903531706891954	0.0015906014014035463	0.005305001512169838	0.010224351659417152	0.003469360526651144	0.00150736712384969	0.0005385419353842735	0.0027856645174324512
72	disgust	../syntropy_project/models/model1_0	../syntropy_project/models/model1_0	disgust	0.9433206915855408	0.0065550049766898155	0.0027492002118378878	0.0006929964874871075	0.0005221245810389519	0.0009213269804604352	0.012962873093783855	0.9433206915855408	0.0013959453208371997	0.0004122651880607009	0.0010494205635040998	0.0004554090846795589	0.028962833806872368
73	surprise	../syntropy_project/models/model1_0	../syntropy_project/models/model1_0	surprise	0.8808500170707703	0.0631009042263031	0.0016497703036293387	0.025023674592375755	0.00027447714819572866	0.8808500170707703	0.0007556001073680818	0.00019909687398467213	0.0006092172698117793	0.0016876407898962498	0.025519192218780518	0.00030407996382564306	2.6226171030430123e-05
74	neutral	../syntropy_project/models/model1_0	../syntropy_project/models/model1_0	excitement	0.4089552164077759	0.1311543732881546	0.012815266847610474	0.011118228547275066	0.001398714492097497	0.2052564024925232	0.004162847530096769	0.005698471795767546	0.0040897405706346035	0.2033267766237259	0.4089552164077759	0.004561490844935179	0.007462389767169952
75	surprise	../syntropy_project/models/model1_0	../syntropy_project/models/model1_0	surprise	0.9795753955841064	0.0019066139357164502	7.528639252996072e-05	0.0005871095927432179	1.8382352209300734e-05	0.9795753955841064	0.00041821625200100243	0.00013729387137573212	0.00010028267570305616	0.0005617443821392953	0.016451338306069374	0.00015145077486522496	1.7039965314324945e-05
76	neutral	../syntropy_project/models/model1_0	../syntropy_project/models/model1_0	neutral	0.7525883913040161	0.7525883913040161	0.051565010100603104	0.0023597802501171827	0.006186405662447214	0.038641996681690216	0.0010860083857551217	0.023663045838475227	0.011324159801006317	0.011825859546661377	0.0617208257317543	0.003448078641667962	0.035590410232543945
77	joy	../syntropy_project/models/model1_0	../syntropy_project/models/model1_0	joy	0.7770478129386902	0.01301631424576044	0.001067289267666638	0.00024202985514421016	9.292452887166291e-05	0.0006806798628531396	0.00018464730237610638	0.00016959529602900147	6.305524584604427e-05	0.7770478129386902	0.20409807562828064	0.0032814964652061462	5.6057739129755646e-05
78	joy	../syntropy_project/models/model1_0	../syntropy_project/models/model1_0	joy	0.5959149599075317	0.16218815743923187	0.002923728432506323	0.05663933604955673	0.001184170483611524	0.04568365216255188	0.02183612436056137	0.005400252062827349	0.0015249581774696708	0.5959149599075317	0.05566667392849922	0.050419364124536514	0.0006186514510773122
79	neutral	../syntropy_project/models/model1_0	../syntropy_project/models/model1_0	neutral	0.5352868437767029	0.5352868437767029	0.02627682499587536	0.06678306311368942	0.0009910324588418007	0.003911140840500593	0.02787112072110176	0.19874025881290436	0.0026956761721521616	0.003946352284401655	0.0012942793546244502	0.0018493217648938298	0.13035404682159424
80	neutral	../syntropy_project/models/model1_0	../syntropy_project/models/model1_0	surprise	0.6452692151069641	0.1874687522649765	0.0049892207607626915	0.13065262138843536	0.00037769664777442813	0.6452692151069641	0.007505781017243862	0.002783118048682809	0.0007740182336419821	0.0049439542926847935	0.01207131240516901	0.0017074234783649445	0.0014570651110261679
81	anger	../syntropy_project/models/model1_0	../syntropy_project/models/model1_0	anger	0.9385824203491211	0.000889587972778827	0.009679275564849377	0.0004779804148711264	0.0007313574315048754	5.367601625039242e-05	0.004657026380300522	0.04295479878783226	0.0003405941533856094	0.0006768942112103105	0.00026709778467193246	0.0006894174730405211	0.9385824203491211
82	pride	../syntropy_project/models/model1_0	../syntropy_project/models/model1_0	pride	0.9961594343185425	2.7186819352209568e-05	1.880962918221485e-05	1.1632388122961856e-05	0.00016515662719029933	5.480315667227842e-05	0.0005150710931047797	3.1969568226486444e-05	1.0966925401589833e-05	0.0013049592962488532	0.0013633331982418895	0.9961594343185425	0.0003366651071701199
83	fear	../syntropy_project/models/model1_0	../syntropy_project/models/model1_0	fear	0.9311382174491882	0.0018430582713335752	0.004391412250697613	0.0006022500456310809	0.048880863934755325	0.0009975297143682837	0.0018556650029495358	0.00648028077557683	0.9311382174491882	0.0007810060051269829	0.0004564530390780419	0.0004151783650740981	0.002158156828954816
84	sadness	../syntropy_project/models/model1_0	../syntropy_project/models/model1_0	surprise	0.5241175293922424	0.02095807157456875	0.3082769215106964	0.0033145637717097998	0.001961085479706526	0.5241175293922424	0.014440568163990974	0.012736630626022816	0.053779035806655884	0.012502992525696754	0.04324354603886604	0.00258208648301661	0.002086937427520752
85	confusion	../syntropy_project/models/model1_0	../syntropy_project/models/model1_0	confusion	0.9905111193656921	0.003676659893244505	0.00016220520774368197	0.9905111193656921	0.00017902125546243042	0.004654649179428816	0.0005615946720354259	5.373593739932403e-05	0.00010067449329653755	1.9381148376851343e-05	9.330357897852082e-06	1.9334278476890177e-05	5.2225954277673736e-05
86	surprise	../syntropy_project/models/model1_0	../syntropy_project/models/model1_0	excitement	0.6256230473518372	0.05409816652536392	0.0015151874395087361	0.0038448437117040157	0.00014918552187737077	0.29353097081184387	0.0006181236822158098	0.00035833902074955404	0.0004849006363656372	0.018271692097187042	0.6256230473518372	0.001349624595604837	0.00015593292482662946
87	sadness	../syntropy_project/models/model1_0	../syntropy_project/models/model1_0	sadness	0.9946767091751099	0.0013063943479210138	0.9946767091751099	0.0003854451351799071	0.00016111967852339149	0.0003017665585502982	0.00030647250241599977	0.00019008904928341508	0.0006840761634521186	0.0015754983760416508	0.00030134551343508065	6.518109876196831e-05	4.594122583512217e-05
88	anger	../syntropy_project/models/model1_0	../syntropy_project/models/model1_0	neutral	0.6756253242492676	0.6756253242492676	0.08170424401760101	0.08179044723510742	0.0038024825043976307	0.005542272701859474	0.01970032788813114	0.03458813950419426	0.006214573048055172	0.0033554807305336	0.0023121207486838102	0.005772325210273266	0.07959231734275818
89	neutral	../syntropy_project/models/model1_0	../syntropy_project/models/model1_0	excitement	0.8994608521461487	0.02729574777185917	0.0005421364912763238	0.00041604897705838084	0.00016351575322914869	0.018978839740157127	0.0002528703189454973	0.0008142593433149159	0.00029412267031148076	0.0486505925655365	0.8994608521461487	0.002273682039231062	0.0008573930826969445
90	nervousness	../syntropy_project/models/model1_0	../syntropy_project/models/model1_0	fear	0.838217556476593	0.0051818788051605225	0.039667099714279175	0.0016554605681449175	0.018727662041783333	0.003957394510507584	0.0063054380007088184	0.07780570536851883	0.838217556476593	0.0015254751779139042	0.0018550730310380459	0.0004526727134361863	0.004648534115403891
91	excitement	../syntropy_project/models/model1_0	../syntropy_project/models/model1_0	surprise	0.5503953695297241	0.01644878089427948	0.0005617904243990779	0.0010005990043282509	0.00014387725968845189	0.5503953695297241	0.000753603468183428	0.0014655200066044927	0.0007374659180641174	0.048863597214221954	0.3779602646827698	0.0015767188742756844	9.23081097425893e-05
92	joy	../syntropy_project/models/model1_0	../syntropy_project/models/model1_0	excitement	0.7022879719734192	0.019455429166555405	0.0008887404692359269	0.0006357022793963552	0.00028654999914579093	0.05424458533525467	0.0009642292861826718	0.0008524068398401141	0.000575746176764369	0.2131093442440033	0.7022879719734192	0.006562361028045416	0.00013700260024052113
93	confusion	../syntropy_project/models/model1_0	../syntropy_project/models/model1_0	confusion	0.36473318934440613	0.07226522266864777	0.008088412694633007	0.36473318934440613	0.0023432716261595488	0.17947742342948914	0.14621403813362122	0.20672224462032318	0.004548799712210894	0.008696290664374828	0.0021605324000120163	0.0018878080882132053	0.0028628206346184015
94	disgust	../syntropy_project/models/model1_0	../syntropy_project/models/model1_0	anger	0.4051038920879364	0.27597367763519287	0.016925066709518433	0.009503287263214588	0.004259057343006134	0.014626012183725834	0.014642502181231976	0.2003430426120758	0.003628693288192153	0.016831066459417343	0.032623160630464554	0.005540605168789625	0.4051038920879364
95	excitement	../syntropy_project/models/model1_0	../syntropy_project/models/model1_0	excitement	0.9797403812408447	0.002586703049018979	0.00010525221296120435	0.00011405108671169728	8.769328997004777e-05	0.000424388941610232	1.9248655007686466e-05	2.6061290554935113e-05	2.4711518562980928e-05	0.016470396891236305	0.9797403812408447	0.00026471965247765183	0.00013629431487061083
96	anger	../syntropy_project/models/model1_0	../syntropy_project/models/model1_0	anger	0.8882128596305847	0.013561260886490345	0.0034624210093170404	0.0021771828178316355	0.003830800298601389	0.0015440518036484718	0.0032894203905016184	0.07615398615598679	0.0020808789413422346	0.0010228344472125173	0.0030975716654211283	0.0015666630351915956	0.8882128596305847
97	fear	../syntropy_project/models/model1_0	../syntropy_project/models/model1_0	fear	0.2516340911388397	0.12881124019622803	0.12688778340816498	0.12057908624410629	0.008916204795241356	0.039135679602622986	0.10508301854133606	0.20147758722305298	0.2516340911388397	0.003949795383960009	0.001398703781887889	0.004536608699709177	0.007590155117213726
98	neutral	../syntropy_project/models/model1_0	../syntropy_project/models/model1_0	sadness	0.4383639395236969	0.4212844669818878	0.4383639395236969	0.022397896274924278	0.025910936295986176	0.0068383291363716125	0.013254696503281593	0.020291276276111603	0.013440432026982307	0.010744067840278149	0.003530248301103711	0.0031135708559304476	0.020830228924751282
99	neutral	../syntropy_project/models/model1_0	../syntropy_project/models/model1_0	neutral	0.8444722294807434	0.8444722294807434	0.007937632501125336	0.02522517926990986	0.0003454832767602056	0.060972679406404495	0.002173749264329672	0.009545356035232544	0.0018443937879055738	0.008715352974832058	0.03294923156499863	0.005069916136562824	0.0007487864349968731
100	disgust	../syntropy_project/models/model1_0	../syntropy_project/models/model1_0	fear	0.935656726360321	0.02766590006649494	0.007028675172477961	0.0007965691038407385	0.018646134063601494	0.00032220876892097294	0.001259983517229557	0.005613986868411303	0.935656726360321	0.0011097316164523363	0.00034094107104465365	0.0005934532382525504	0.0009656317415647209
101	excitement	../syntropy_project/models/model1_0	../syntropy_project/models/model1_0	excitement	0.9946932792663574	0.0009289480512961745	6.087065048632212e-05	6.686416600132361e-05	0.00014635750267188996	0.00031353929080069065	8.984219675767235e-06	1.1027218533854466e-05	7.766663657093886e-06	0.0035862382501363754	0.9946932792663574	0.0001567426515975967	1.939588582899887e-05
102	joy	../syntropy_project/models/model1_0	../syntropy_project/models/model1_0	excitement	0.6640138626098633	0.005771549418568611	0.0023645381443202496	0.00019550313299987465	0.0001442381617380306	0.005061449948698282	0.00017426740669179708	0.00021636014571413398	0.0001599786919541657	0.319955050945282	0.6640138626098633	0.0018126621143892407	0.00013051676796749234
103	neutral	../syntropy_project/models/model1_0	../syntropy_project/models/model1_0	neutral	0.8861157298088074	0.8861157298088074	0.016353681683540344	0.006211583502590656	0.002793833613395691	0.0060647656209766865	0.0010229481849819422	0.0032703059259802103	0.002225930569693446	0.01506494265049696	0.034950293600559235	0.015411140397191048	0.010514788329601288
104	neutral	../syntropy_project/models/model1_0	../syntropy_project/models/model1_0	confusion	0.9475600719451904	0.04243091493844986	0.0008777394541539252	0.9475600719451904	0.0001009156767395325	0.003058874746784568	0.0024437729734927416	0.0006217003101482987	0.00025211303727701306	0.0004008188552688807	8.025559509405866e-05	0.00039901334093883634	0.001773811294697225
105	sadness	../syntropy_project/models/model1_0	../syntropy_project/models/model1_0	sadness	0.38707196712493896	0.18764184415340424	0.38707196712493896	0.008078834041953087	0.034900132566690445	0.0028600068762898445	0.029520314186811447	0.13330624997615814	0.027877043932676315	0.008496822789311409	0.005841807462275028	0.0042562722228467464	0.17014868557453156
106	disgust	../syntropy_project/models/model1_0	../syntropy_project/models/model1_0	neutral	0.5630911588668823	0.5630911588668823	0.020933151245117188	0.018387386575341225	0.00664289528504014	0.010666782967746258	0.012864564545452595	0.07392893731594086	0.008586401119828224	0.004652976058423519	0.0070213996805250645	0.0042956192046403885	0.2689287066459656
107	disgust	../syntropy_project/models/model1_0	../syntropy_project/models/model1_0	disgust	0.9702640175819397	0.0012103739427402616	0.0016258370596915483	0.0005455379723571241	0.00044324842747300863	0.0003687758289743215	0.006042368244379759	0.9702640175819397	0.009935278445482254	0.00023898211657069623	0.0003453963145148009	0.00017378610209561884	0.008806501515209675
108	anger	../syntropy_project/models/model1_0	../syntropy_project/models/model1_0	anger	0.42426374554634094	0.3936910629272461	0.030054263770580292	0.0050051165744662285	0.012474467977881432	0.0033477344550192356	0.009506795555353165	0.07306904345750809	0.03344598412513733	0.005949181038886309	0.0034511941485106945	0.00574139691889286	0.42426374554634094
109	surprise	../syntropy_project/models/model1_0	../syntropy_project/models/model1_0	neutral	0.3117731809616089	0.3117731809616089	0.04770662263035774	0.13491839170455933	0.040347494184970856	0.010550109669566154	0.045478783547878265	0.039410173892974854	0.08496593683958054	0.002739089308306575	0.0005130377830937505	0.01849447935819626	0.2631026804447174
110	embarrassment	../syntropy_project/models/model1_0	../syntropy_project/models/model1_0	disgust	0.8823525905609131	0.015154491178691387	0.00411185622215271	0.015536951832473278	0.0012687984853982925	0.0031706292647868395	0.06604380905628204	0.8823525905609131	0.007903068326413631	0.001581351039931178	0.000684116967022419	0.0006364689907059073	0.0015558444429188967
111	disgust	../syntropy_project/models/model1_0	../syntropy_project/models/model1_0	fear	0.7769749164581299	0.010906842537224293	0.056105226278305054	0.00667076138779521	0.010833530686795712	0.04133828356862068	0.019060499966144562	0.06793317198753357	0.7769749164581299	0.0012959516607224941	0.002514106221497059	0.000705228594597429	0.005661423783749342
112	neutral	../syntropy_project/models/model1_0	../syntropy_project/models/model1_0	neutral	0.8089802861213684	0.8089802861213684	0.007696859538555145	0.02730829082429409	0.003314936999231577	0.015166924335062504	0.002770500723272562	0.016812777146697044	0.0035429669078439474	0.004580056294798851	0.006601812783628702	0.0028016059659421444	0.10042288899421692
113	pride	../syntropy_project/models/model1_0	../syntropy_project/models/model1_0	pride	0.9759809374809265	7.234823715407401e-05	0.0003121507470495999	5.990402496536262e-05	0.002091126050800085	0.00011919417738681659	0.016509655863046646	0.0009669066057540476	9.04291810002178e-05	0.00029714390984736383	0.0005750509444624186	0.9759809374809265	0.002925194101408124
114	joy	../syntropy_project/models/model1_0	../syntropy_project/models/model1_0	embarrassment	0.6001320481300354	0.03725440800189972	0.04038240760564804	0.01588517799973488	0.02962612360715866	0.0011594339739531279	0.6001320481300354	0.05715527758002281	0.0067463768646121025	0.16297562420368195	0.0020725312642753124	0.02320272848010063	0.023407991975545883
115	confusion	../syntropy_project/models/model1_0	../syntropy_project/models/model1_0	confusion	0.9110275506973267	0.07763016223907471	0.00042011062032543123	0.9110275506973267	2.6666040866984986e-05	0.008454184979200363	0.0003789399634115398	0.00032492083846591413	0.0001635469525353983	0.00035447615664452314	0.00014759447367396206	0.00019375614647287875	0.0008780964999459684
116	joy	../syntropy_project/models/model1_0	../syntropy_project/models/model1_0	surprise	0.6063007712364197	0.021291593089699745	0.005583201069384813	0.0034325974993407726	0.0019140051444992423	0.6063007712364197	0.004454812966287136	0.003228439250960946	0.0033613466657698154	0.041289448738098145	0.2942284047603607	0.013415197841823101	0.0015001773135736585
117	confusion	../syntropy_project/models/model1_0	../syntropy_project/models/model1_0	confusion	0.9966787099838257	0.0007698757108300924	3.61556485586334e-05	0.9966787099838257	1.3438738278637175e-05	0.002026152331382036	0.0003631197614595294	2.399777622485999e-05	1.7015039702528156e-05	1.3791689525533002e-05	4.782265932590235e-06	2.2590871594729833e-05	3.0364946724148467e-05
118	sadness	../syntropy_project/models/model1_0	../syntropy_project/models/model1_0	sadness	0.9043076038360596	0.027719439938664436	0.9043076038360596	0.012812089174985886	0.0007345374906435609	0.0006180316559039056	0.034868184477090836	0.007076104637235403	0.0017759889597073197	0.005637784488499165	0.0006754300557076931	0.0007886177627369761	0.002986133098602295
119	surprise	../syntropy_project/models/model1_0	../syntropy_project/models/model1_0	surprise	0.7554763555526733	0.034230317920446396	0.012571034952998161	0.001296851085498929	0.0004243387666065246	0.7554763555526733	0.0023685770574957132	0.0014343386283144355	0.002649783855304122	0.08110274374485016	0.0932048037648201	0.01480951625853777	0.00043134763836860657
120	neutral	../syntropy_project/models/model1_0	../syntropy_project/models/model1_0	neutral	0.9648851752281189	0.9648851752281189	0.0016569240251556039	0.0027638308238238096	0.0002873794874176383	0.00296713481657207	0.00018315899069420993	0.0005381130031310022	0.0014200792647898197	0.007021704223006964	0.017472047358751297	0.0004151926259510219	0.0003893407410942018
121	anger	../syntropy_project/models/model1_0	../syntropy_project/models/model1_0	anger	0.6547030210494995	0.17110008001327515	0.0990857481956482	0.003131001954898238	0.008675321005284786	0.0016924833180382848	0.010232940316200256	0.025810088962316513	0.011021536774933338	0.007671273313462734	0.002991769928485155	0.003884721314534545	0.6547030210494995
122	surprise	../syntropy_project/models/model1_0	../syntropy_project/models/model1_0	anger	0.4266359508037567	0.056963760405778885	0.003834731411188841	0.3761780261993408	0.0016812311951071024	0.095002681016922	0.006375282071530819	0.02087266370654106	0.0017959446413442492	0.0018180679762735963	0.0066534229554235935	0.0021882953587919474	0.4266359508037567
123	anger	../syntropy_project/models/model1_0	../syntropy_project/models/model1_0	anger	0.8554201126098633	0.020823653787374496	0.006900110747665167	0.0040232352912425995	0.004875627811998129	0.010773289017379284	0.009713059291243553	0.07359902560710907	0.003637976013123989	0.0027925455942749977	0.005329277832061052	0.0021121639292687178	0.8554201126098633
124	sadness	../syntropy_project/models/model1_0	../syntropy_project/models/model1_0	sadness	0.38447022438049316	0.03854347765445709	0.38447022438049316	0.02897278591990471	0.06394987553358078	0.07515893876552582	0.05642913654446602	0.11823733896017075	0.09618409723043442	0.015936747193336487	0.0160145852714777	0.002694375580176711	0.10340846329927444
125	joy	../syntropy_project/models/model1_0	../syntropy_project/models/model1_0	surprise	0.6124817728996277	0.0702955424785614	0.034606631845235825	0.1801212579011917	0.02025018446147442	0.6124817728996277	0.010336174629628658	0.010510767810046673	0.03032197616994381	0.008957011625170708	0.01823529042303562	0.002470914041623473	0.0014125712914392352
126	neutral	../syntropy_project/models/model1_0	../syntropy_project/models/model1_0	surprise	0.4276120066642761	0.13409295678138733	0.013891829177737236	0.005392943974584341	0.026934007182717323	0.4276120066642761	0.009987161494791508	0.04859590902924538	0.067104771733284	0.010338165797293186	0.17945918440818787	0.007309725508093834	0.06928138434886932
127	surprise	../syntropy_project/models/model1_0	../syntropy_project/models/model1_0	surprise	0.9773430824279785	0.006265370175242424	0.0003205341345164925	0.0006015872932039201	3.0854625947540626e-05	0.9773430824279785	0.00024117229622788727	0.0001608892052900046	0.00010264768934575841	0.0005178403225727379	0.014257985167205334	0.00015552806144114584	2.50789071287727e-06
128	disgust	../syntropy_project/models/model1_0	../syntropy_project/models/model1_0	disgust	0.9092760682106018	0.027819035574793816	0.013003193773329258	0.0036495092790573835	0.0013928953558206558	0.0025437416043132544	0.007497027982026339	0.9092760682106018	0.013036862015724182	0.0015803793212398887	0.002315226476639509	0.0008514306391589344	0.01703469641506672
129	anger	../syntropy_project/models/model1_0	../syntropy_project/models/model1_0	anger	0.6240357160568237	0.04954804852604866	0.16723337769508362	0.007536566816270351	0.0029610120691359043	0.012394134886562824	0.03531871363520622	0.04360908642411232	0.0044990237802267075	0.019584113731980324	0.01054442673921585	0.02273576520383358	0.6240357160568237
130	sadness	../syntropy_project/models/model1_0	../syntropy_project/models/model1_0	sadness	0.996049702167511	0.000747050391510129	0.996049702167511	0.00014734301657881588	0.00017039112572092563	0.00025641213869675994	0.0003813878574874252	0.00026136671658605337	0.0008452991605736315	0.0008640654268674552	0.00012235603935550898	9.3003262009006e-05	6.159070471767336e-05
131	surprise	../syntropy_project/models/model1_0	../syntropy_project/models/model1_0	excitement	0.6070884466171265	0.04713207855820656	0.005504598841071129	0.0017028353177011013	0.004278078209608793	0.1973114162683487	0.0015120896277949214	0.0038805371150374413	0.005277085117995739	0.11386854201555252	0.6070884466171265	0.011669251136481762	0.0007750704535283148
132	anger	../syntropy_project/models/model1_0	../syntropy_project/models/model1_0	anger	0.8679794073104858	0.008462494239211082	0.0008609705255366862	0.06984277814626694	0.0007391032413579524	0.009005945175886154	0.002093760296702385	0.03805415704846382	0.0009497919236309826	0.00025083665968850255	0.0013537276536226273	0.00040718496893532574	0.8679794073104858
133	joy	../syntropy_project/models/model1_0	../syntropy_project/models/model1_0	joy	0.9914818406105042	0.0014292236883193254	0.000749346858356148	0.000124785365187563	4.2678093450376764e-05	5.658227746607736e-05	0.00010760792065411806	3.662205199361779e-05	1.4378925698110834e-05	0.9914818406105042	0.004327031783759594	0.0015777484513819218	5.214766497374512e-05
134	excitement	../syntropy_project/models/model1_0	../syntropy_project/models/model1_0	excitement	0.5694145560264587	0.046246010810136795	0.001952347462065518	0.0006571325939148664	0.0002902747073676437	0.004713553935289383	0.00028958177426829934	0.0005218759179115295	0.00025157429627142847	0.36984744668006897	0.5694145560264587	0.005283618811517954	0.0005320690106600523
135	surprise	../syntropy_project/models/model1_0	../syntropy_project/models/model1_0	surprise	0.9690513610839844	0.0045485482551157475	0.00025365312467329204	0.01740744151175022	1.8222104699816555e-05	0.9690513610839844	0.0009272120078094304	0.00028142143855802715	0.00021334794291760772	0.0004042176005896181	0.006737278308719397	0.00013525830581784248	2.2107871700427495e-05
136	anger	../syntropy_project/models/model1_0	../syntropy_project/models/model1_0	anger	0.8631123900413513	0.02171536721289158	0.003542079823091626	0.002413411857560277	0.005681107752025127	0.015499229542911053	0.005696564447134733	0.05986467003822327	0.0043678367510437965	0.003637540852651	0.011937711387872696	0.002532155252993107	0.8631123900413513
137	neutral	../syntropy_project/models/model1_0	../syntropy_project/models/model1_0	neutral	0.9378140568733215	0.9378140568733215	0.003886570455506444	0.003920190501958132	0.0008926137816160917	0.0035067766439169645	0.000869576761033386	0.0035855730529874563	0.001226735534146428	0.011548972688615322	0.029041199013590813	0.0011762490030378103	0.0025315626990050077
138	excitement	../syntropy_project/models/model1_0	../syntropy_project/models/model1_0	excitement	0.6886792182922363	0.17769937217235565	0.008339004591107368	0.004312209784984589	0.0025801185984164476	0.032936450093984604	0.000644739659037441	0.0018857892137020826	0.0026884758844971657	0.05829758942127228	0.6886792182922363	0.00331249856390059	0.018624501302838326
139	sadness	../syntropy_project/models/model1_0	../syntropy_project/models/model1_0	sadness	0.9807409048080444	0.004434454254806042	0.9807409048080444	0.00314510939642787	0.0007301775622181594	0.0010064853122457862	0.0011029737070202827	0.0009308889275416732	0.003496324410662055	0.003808563342317939	0.0003681745729409158	0.00013088659034110606	0.00010505144746275619
140	sadness	../syntropy_project/models/model1_0	../syntropy_project/models/model1_0	sadness	0.7665231227874756	0.08719459921121597	0.7665231227874756	0.0076569803059101105	0.02588743343949318	0.022658566012978554	0.006308277137577534	0.008818616159260273	0.0369488000869751	0.01654672995209694	0.006029744632542133	0.006219250615686178	0.009207908064126968
141	embarrassment	../syntropy_project/models/model1_0	../syntropy_project/models/model1_0	disgust	0.5905742645263672	0.014716180972754955	0.02157341130077839	0.00846044346690178	0.006507380865514278	0.01275598257780075	0.016308842226862907	0.5905742645263672	0.25791165232658386	0.001514287549071014	0.004809441044926643	0.0005942569114267826	0.06427383422851562
142	anger	../syntropy_project/models/model1_0	../syntropy_project/models/model1_0	anger	0.9924834370613098	0.0008161590085364878	9.28836889215745e-05	0.00010432313865749165	0.0010145959677174687	0.0001685078750597313	0.0004092262824997306	0.004359536338597536	0.00029776175506412983	2.7211384804104455e-05	0.00013132733874954283	9.50985195231624e-05	0.9924834370613098
143	excitement	../syntropy_project/models/model1_0	../syntropy_project/models/model1_0	excitement	0.9871969223022461	0.004689082968980074	6.664561806246638e-05	1.014146073430311e-05	2.956104071927257e-05	0.00029174197698011994	3.855892828141805e-06	1.4845028090348933e-05	1.574713496665936e-05	0.007635108660906553	0.9871969223022461	3.913054388249293e-05	7.2316602199862245e-06
144	neutral	../syntropy_project/models/model1_0	../syntropy_project/models/model1_0	neutral	0.7442092895507812	0.7442092895507812	0.025535637512803078	0.016398143023252487	0.001827433006837964	0.027045929804444313	0.00421412568539381	0.001903334865346551	0.0028822170570492744	0.09011375159025192	0.0830041691660881	0.0016965443501248956	0.001169373164884746
145	anger	../syntropy_project/models/model1_0	../syntropy_project/models/model1_0	anger	0.7006357908248901	0.1794009655714035	0.011000041849911213	0.008200542069971561	0.008198114112019539	0.008860738016664982	0.005213864613324404	0.060398124158382416	0.0029812671709805727	0.0024865074083209038	0.01043702196329832	0.0021869842894375324	0.7006357908248901
146	neutral	../syntropy_project/models/model1_0	../syntropy_project/models/model1_0	neutral	0.900218665599823	0.900218665599823	0.00926956906914711	0.0031520037446171045	0.0005031563341617584	0.01721886172890663	0.00048281930503435433	0.0064172279089689255	0.0028479129541665316	0.016437090933322906	0.036741338670253754	0.003440845524892211	0.0032705506309866905
147	sadness	../syntropy_project/models/model1_0	../syntropy_project/models/model1_0	anger	0.607309877872467	0.10289465636014938	0.08201032876968384	0.0037661492824554443	0.008051080629229546	0.00551443500444293	0.007782075088471174	0.15759138762950897	0.01353773009032011	0.004350241739302874	0.005149232689291239	0.0020427710842341185	0.607309877872467
148	nervousness	../syntropy_project/models/model1_0	../syntropy_project/models/model1_0	confusion	0.6208242177963257	0.00998321920633316	0.022363783791661263	0.6208242177963257	0.012832975946366787	0.01449042558670044	0.02681712619960308	0.1510590761899948	0.0926285833120346	0.0004522582166828215	0.0003572070854716003	0.0006184865487739444	0.047572631388902664
149	sadness	../syntropy_project/models/model1_0	../syntropy_project/models/model1_0	confusion	0.49500545859336853	0.034138765186071396	0.4443168640136719	0.49500545859336853	0.0024912271182984114	0.005834483541548252	0.008507427759468555	0.001634471584111452	0.001965380273759365	0.0032828315161168575	0.00022128596901893616	0.0008090168121270835	0.001792800147086382
150	surprise	../syntropy_project/models/model1_0	../syntropy_project/models/model1_0	surprise	0.9789484143257141	0.002894830657169223	0.0018690655706450343	0.0005923277931287885	0.00024902945733629167	0.9789484143257141	0.0024048741906881332	0.0038535401690751314	0.0016387137584388256	0.0005237403674982488	0.0065134004689753056	0.0002465957368258387	0.0002655034186318517
151	joy	../syntropy_project/models/model1_0	../syntropy_project/models/model1_0	joy	0.9904518723487854	0.0031613840255886316	0.000434898684034124	0.0004866239905823022	3.4338499972363934e-05	0.00018596740846987814	0.00018624268705025315	0.00010013129940489307	2.6031533707282506e-05	0.9904518723487854	0.003685413394123316	0.001197799458168447	4.934460230288096e-05
152	neutral	../syntropy_project/models/model1_0	../syntropy_project/models/model1_0	excitement	0.7441197633743286	0.012297582812607288	0.0007704835734330118	0.0010556932538747787	5.923283242736943e-05	0.10287908464670181	0.00036401901161298156	0.0004014982841908932	0.00047268581693060696	0.1363309770822525	0.7441197633743286	0.0009302450926043093	0.0003188338887412101
153	neutral	../syntropy_project/models/model1_0	../syntropy_project/models/model1_0	neutral	0.5416762232780457	0.5416762232780457	0.0035414770245552063	0.4183267652988434	7.214181823655963e-05	0.026575295254588127	0.0006309456075541675	0.0008183448226191103	0.0017218884313479066	0.002284073503687978	0.002780515467748046	0.0009055237169377506	0.0006668398273177445
154	disgust	../syntropy_project/models/model1_0	../syntropy_project/models/model1_0	disgust	0.9864757657051086	0.0026275489944964647	0.00031265037250705063	0.0007746159681119025	1.7219679648405872e-05	0.0005226376815699041	0.006683025509119034	0.9864757657051086	0.0010583818657323718	0.00031501988996751606	0.00034588269772939384	7.826925866538659e-05	0.0007889404660090804
155	sadness	../syntropy_project/models/model1_0	../syntropy_project/models/model1_0	sadness	0.994551420211792	0.001343834213912487	0.994551420211792	0.00010767762432806194	0.00045251776464283466	0.00021090621885377914	0.0002349272690480575	0.00035510616726242006	0.0006669256836175919	0.0011137255933135748	0.0006125718937255442	8.58420244185254e-05	0.0002645071654114872
156	neutral	../syntropy_project/models/model1_0	../syntropy_project/models/model1_0	confusion	0.7926201224327087	0.16344012320041656	0.0031531790737062693	0.7926201224327087	8.033048652578145e-05	0.031059488654136658	0.0018335500499233603	0.0030036584939807653	0.0011630903463810682	0.00038873989251442254	0.00021934541291557252	0.00044456691830419004	0.002593917539343238
157	confusion	../syntropy_project/models/model1_0	../syntropy_project/models/model1_0	confusion	0.9502353072166443	0.03961031138896942	0.0007711543003097177	0.9502353072166443	9.093963853956666e-06	0.008141125552356243	0.0002482857962604612	0.0002282241330249235	7.540099613834172e-05	0.00022041358170099556	0.00013927477994002402	7.380860188277438e-05	0.00024758896324783564
158	confusion	../syntropy_project/models/model1_0	../syntropy_project/models/model1_0	confusion	0.7188344597816467	0.16958893835544586	0.004626403097063303	0.7188344597816467	0.00010040095367003232	0.09837854653596878	0.0012055004481226206	0.0005606458871625364	0.0008917404338717461	0.0009433546219952404	0.0036354996263980865	0.0002623021136969328	0.0009722136310301721
159	joy	../syntropy_project/models/model1_0	../syntropy_project/models/model1_0	neutral	0.3181454837322235	0.3181454837322235	0.05082528665661812	0.026195969432592392	0.0015500965528190136	0.0009010304929688573	0.015331627801060677	0.11433151364326477	0.004127573687583208	0.1826450675725937	0.01244637556374073	0.009366505779325962	0.2641333341598511
160	anger	../syntropy_project/models/model1_0	../syntropy_project/models/model1_0	anger	0.7868322134017944	0.06399297714233398	0.019477643072605133	0.0016082163201645017	0.006848598830401897	0.0038391442503780127	0.005659957882016897	0.06513657420873642	0.038324374705553055	0.0014601887669414282	0.00448905723169446	0.0023310284595936537	0.7868322134017944
161	neutral	../syntropy_project/models/model1_0	../syntropy_project/models/model1_0	neutral	0.431537002325058	0.431537002325058	0.034492019563913345	0.008945896290242672	0.009175451472401619	0.007433327846229076	0.0048665995709598064	0.009830225259065628	0.002838860033079982	0.30099552869796753	0.1313801258802414	0.030123405158519745	0.028381630778312683
162	confusion	../syntropy_project/models/model1_0	../syntropy_project/models/model1_0	neutral	0.6672595739364624	0.6672595739364624	0.0020152642391622066	0.30096808075904846	6.946039502508938e-05	0.019383355975151062	0.0007291136425919831	0.0010214970679953694	0.000794716936070472	0.0014962231507524848	0.0031932287383824587	0.0008959497208707035	0.0021735988557338715
163	confusion	../syntropy_project/models/model1_0	../syntropy_project/models/model1_0	neutral	0.7305457592010498	0.7305457592010498	0.06846270710229874	0.025755608454346657	0.04075324535369873	0.017146268859505653	0.00613125367090106	0.01899699866771698	0.043037571012973785	0.01009331550449133	0.01749974489212036	0.0053876773454248905	0.016189835965633392
164	joy	../syntropy_project/models/model1_0	../syntropy_project/models/model1_0	joy	0.9904255270957947	0.003303093370050192	0.0009128038072958589	0.0005189640796743333	4.602621265803464e-05	0.0002573514066170901	0.00018737808568403125	4.699042983702384e-05	2.5134086172329262e-05	0.9904255270957947	0.0030017097014933825	0.0012383760185912251	3.661684968392365e-05
165	neutral	../syntropy_project/models/model1_0	../syntropy_project/models/model1_0	neutral	0.7334932684898376	0.7334932684898376	0.004360896069556475	0.006919072009623051	0.0003274657647125423	0.02709721028804779	0.00042739007039926946	0.002001288579776883	0.002036045538261533	0.011321081779897213	0.2089494913816452	0.0024015565868467093	0.0006652864394709468
166	surprise	../syntropy_project/models/model1_0	../syntropy_project/models/model1_0	surprise	0.9929376840591431	0.0016947243129834533	0.0002561657747719437	0.0010489417472854257	3.0281400540843606e-05	0.9929376840591431	0.0007715394021943212	0.00023974385112524033	0.00010628277232171968	0.00025246356381103396	0.002583038527518511	7.342009485000744e-05	5.714607141271699e-06
167	anger	../syntropy_project/models/model1_0	../syntropy_project/models/model1_0	confusion	0.6907148361206055	0.20174279808998108	0.0021983797196298838	0.6907148361206055	0.0002878238447010517	0.09326135367155075	0.0023452145978808403	0.0010410875547677279	0.0018558083102107048	0.0017338021425530314	0.0015726079000160098	0.001307907747104764	0.0019384745974093676
168	joy	../syntropy_project/models/model1_0	../syntropy_project/models/model1_0	joy	0.9314513206481934	0.0032657368574291468	0.003931987099349499	0.029613276943564415	0.0003079878515563905	0.005041330121457577	0.0017698690062388778	0.00020920207316521555	0.0001317136484431103	0.9314513206481934	0.019773487001657486	0.003954082727432251	0.0005501022678799927
169	neutral	../syntropy_project/models/model1_0	../syntropy_project/models/model1_0	neutral	0.8866750597953796	0.8866750597953796	0.0017349161207675934	0.042634256184101105	0.0003610210551414639	0.007543858140707016	0.0021862294524908066	0.002458389615640044	0.0008910165634006262	0.01928144134581089	0.029596013948321342	0.0042120423167943954	0.0024257453624159098
170	sadness	../syntropy_project/models/model1_0	../syntropy_project/models/model1_0	sadness	0.9902355074882507	0.0028497481252998114	0.9902355074882507	0.00022998034546617419	0.000623654923401773	0.00018081755843013525	0.0018407694296911359	0.0016486872918903828	0.0011743172071874142	0.0007983901887200773	0.0001306814228883013	0.00013199746899772435	0.00015549483941867948
171	anger	../syntropy_project/models/model1_0	../syntropy_project/models/model1_0	disgust	0.33759820461273193	0.20593690872192383	0.08417263627052307	0.008677558973431587	0.0020971326157450676	0.0054877689108252525	0.019055066630244255	0.33759820461273193	0.00358645711094141	0.01655636727809906	0.005795240867882967	0.004762379918247461	0.3062742054462433
172	confusion	../syntropy_project/models/model1_0	../syntropy_project/models/model1_0	confusion	0.903007984161377	0.040407806634902954	0.0012749293819069862	0.903007984161377	0.0002206695353379473	0.05129731446504593	0.001297991257160902	0.00047740823356434703	0.00022575828188564628	0.00015743628318887204	0.0006171379354782403	0.0001604038552613929	0.0008551678620278835
173	excitement	../syntropy_project/models/model1_0	../syntropy_project/models/model1_0	excitement	0.9979783892631531	0.0003603908699005842	1.2633282494789455e-05	4.460360287339427e-06	1.1152033948746976e-05	0.00032645894680172205	2.108285798385623e-06	4.576453648041934e-06	2.134099986506044e-06	0.0012773171765729785	0.9979783892631531	1.898639129649382e-05	1.4109939456830034e-06
174	neutral	../syntropy_project/models/model1_0	../syntropy_project/models/model1_0	neutral	0.5998854041099548	0.5998854041099548	0.003901912597939372	0.20102806389331818	0.00045260018669068813	0.1528451144695282	0.0014799145283177495	0.002793708350509405	0.003748476505279541	0.0067551773972809315	0.023388594388961792	0.001410120283253491	0.0023108036257326603
175	neutral	../syntropy_project/models/model1_0	../syntropy_project/models/model1_0	neutral	0.809404730796814	0.809404730796814	0.013929651118814945	0.06553386896848679	0.00023675606644246727	0.004258021712303162	0.0042769527062773705	0.026144756004214287	0.00125415762886405	0.0008182075107470155	0.0007862687343731523	0.0012995178112760186	0.07205695658922195
176	nervousness	../syntropy_project/models/model1_0	../syntropy_project/models/model1_0	sadness	0.9725281000137329	0.0023219671566039324	0.9725281000137329	0.0005033712950535119	0.013366032391786575	0.00035934054176323116	0.003780851373448968	0.0007564537809230387	0.003400320652872324	0.0021348288282752037	0.0001168343733297661	0.0005236670258454978	0.00020821145153604448
177	embarrassment	../syntropy_project/models/model1_0	../syntropy_project/models/model1_0	embarrassment	0.9985063076019287	2.3089882233762182e-05	0.0005427714786492288	0.00011277999146841466	6.182568176882342e-05	3.6767612527910387e-06	0.9985063076019287	0.00039284818922169507	1.898067057481967e-05	6.181015123729594e-06	1.7255680972994014e-07	0.00026901302044279873	6.240746733965352e-05
178	disgust	../syntropy_project/models/model1_0	../syntropy_project/models/model1_0	disgust	0.8338035345077515	0.006738226395100355	0.001125619630329311	0.0015695379115641117	0.00018700497457757592	0.0003223999810870737	0.0065864683128893375	0.8338035345077515	0.0007782549946568906	0.0001682889851508662	0.0003632191801443696	0.0003535102878231555	0.1480039656162262
179	sadness	../syntropy_project/models/model1_0	../syntropy_project/models/model1_0	sadness	0.9602205753326416	0.003300078446045518	0.9602205753326416	0.0018984166672453284	0.0014088030438870192	0.0013774746330454946	0.009632963687181473	0.0039261323399841785	0.015537315048277378	0.0011645714985206723	7.869686669437215e-05	0.00037760933628305793	0.0010772718815132976
180	anger	../syntropy_project/models/model1_0	../syntropy_project/models/model1_0	confusion	0.39645346999168396	0.3025929927825928	0.0027904692105948925	0.39645346999168396	0.0006551177357323468	0.14277587831020355	0.03165850043296814	0.034066855907440186	0.002797122113406658	0.0024874976370483637	0.013025701977312565	0.0016254410147666931	0.06907086819410324
181	sadness	../syntropy_project/models/model1_0	../syntropy_project/models/model1_0	sadness	0.9187775254249573	0.026010412722826004	0.9187775254249573	0.004633920732885599	0.007471696473658085	0.003406570293009281	0.003179781837388873	0.006723552476614714	0.006384603213518858	0.015324502252042294	0.0055616144090890884	0.0012286767596378922	0.0012971931137144566
182	neutral	../syntropy_project/models/model1_0	../syntropy_project/models/model1_0	surprise	0.696045458316803	0.10630274564027786	0.005167572293430567	0.030789604410529137	0.004175150766968727	0.696045458316803	0.02809901535511017	0.01308333221822977	0.012396427802741528	0.03473076596856117	0.05477084219455719	0.01075970008969307	0.0036792908795177937
183	pride	../syntropy_project/models/model1_0	../syntropy_project/models/model1_0	pride	0.9924746155738831	0.00015303856343962252	7.86642194725573e-05	2.2267840904532932e-05	0.000557561288587749	0.000524545437656343	0.002754159737378359	0.0001655033411225304	6.85730337863788e-05	0.0016438759630545974	0.001195198972709477	0.9924746155738831	0.0003619701601564884
184	fear	../syntropy_project/models/model1_0	../syntropy_project/models/model1_0	fear	0.33875301480293274	0.16211427748203278	0.018704434856772423	0.014325853437185287	0.011930347420275211	0.18366654217243195	0.03417600691318512	0.1803162842988968	0.33875301480293274	0.024576595053076744	0.023266920819878578	0.007013576105237007	0.0011561596766114235
185	anger	../syntropy_project/models/model1_0	../syntropy_project/models/model1_0	disgust	0.9620246291160583	0.004105817526578903	0.003497995436191559	0.00040981030906550586	0.000721591932233423	0.0019329816568642855	0.005096661392599344	0.9620246291160583	0.012701842933893204	0.000439501745859161	0.0016966001130640507	0.0002924584550783038	0.007080188486725092
186	anger	../syntropy_project/models/model1_0	../syntropy_project/models/model1_0	anger	0.9125287532806396	0.021424993872642517	0.012990470975637436	0.001002403674647212	0.0015554260462522507	0.00041270910878665745	0.003425891511142254	0.04348936304450035	0.00041029503336176276	0.0008082687854766846	0.001079163863323629	0.0008723132195882499	0.9125287532806396
187	sadness	../syntropy_project/models/model1_0	../syntropy_project/models/model1_0	sadness	0.961870014667511	0.009832479991018772	0.961870014667511	0.0023812218569219112	0.006443032529205084	0.0021065876353532076	0.0014507707674056292	0.0013029043329879642	0.004800045397132635	0.004581508692353964	0.0018494646064937115	0.0005348995910026133	0.0028470209799706936
188	neutral	../syntropy_project/models/model1_0	../syntropy_project/models/model1_0	neutral	0.8590681552886963	0.8590681552886963	0.02597619593143463	0.003761696396395564	0.0031192696187645197	0.005973325576633215	0.00043009521323256195	0.00395349832251668	0.0009267964633181691	0.013958156108856201	0.07513149082660675	0.003669680329039693	0.0040316046215593815
189	confusion	../syntropy_project/models/model1_0	../syntropy_project/models/model1_0	anger	0.9678526520729065	0.004710767418146133	0.0038264079485088587	0.004578549414873123	0.0019080318743363023	0.0009817652171477675	0.001444527180865407	0.012687895447015762	0.0001910211140057072	0.00047238904517143965	0.0010371089447289705	0.0003089003439527005	0.9678526520729065
190	confusion	../syntropy_project/models/model1_0	../syntropy_project/models/model1_0	confusion	0.8813160061836243	0.008962275460362434	0.020555442199110985	0.8813160061836243	0.005979033652693033	0.031622663140296936	0.03098130226135254	0.0053223478607833385	0.002949371235445142	0.001367166405543685	0.0005566981853917241	0.0005685948417522013	0.009819126687943935
191	fear	../syntropy_project/models/model1_0	../syntropy_project/models/model1_0	fear	0.9702765941619873	0.004742826800793409	0.003917279187589884	0.0007932759472168982	0.013376260176301003	0.0006280376110225916	0.0009626489481888711	0.003318463684991002	0.9702765941619873	0.0011034529889002442	0.000275023456197232	0.0003491564129944891	0.0002569195639807731
192	neutral	../syntropy_project/models/model1_0	../syntropy_project/models/model1_0	neutral	0.9502439498901367	0.9502439498901367	0.00457215029746294	0.02008991688489914	0.00018554931739345193	0.010480264201760292	0.0008447785512544215	0.0020899379160255194	0.0017412969609722495	0.002443565521389246	0.004637603182345629	0.0019397403812035918	0.0007313595851883292
193	confusion	../syntropy_project/models/model1_0	../syntropy_project/models/model1_0	confusion	0.9976981282234192	0.0009328382438980043	3.56674863724038e-05	0.9976981282234192	1.2731892638839781e-05	0.0005962005816400051	0.0005657197325490415	5.314414738677442e-05	1.305397290707333e-05	1.7942813428817317e-05	2.466662863298552e-06	2.6356752641731873e-05	4.56646375823766e-05
194	disgust	../syntropy_project/models/model1_0	../syntropy_project/models/model1_0	disgust	0.6884453892707825	0.045497868210077286	0.029756318777799606	0.007325430866330862	0.0029311268590390682	0.002312062308192253	0.03382912650704384	0.6884453892707825	0.004576384089887142	0.006782489363104105	0.0037640451919287443	0.003035983769223094	0.17174379527568817
195	confusion	../syntropy_project/models/model1_0	../syntropy_project/models/model1_0	confusion	0.9687982201576233	0.026937654241919518	0.0004383775813039392	0.9687982201576233	4.1076524212257937e-05	0.0023551478516310453	0.0006871703080832958	0.00018380029359832406	0.00015176899614743888	0.0001226296299137175	3.851436486002058e-05	0.00015176944725681096	9.394210064783692e-05
196	surprise	../syntropy_project/models/model1_0	../syntropy_project/models/model1_0	surprise	0.9527339935302734	0.004082817584276199	0.002081257989630103	0.007401308976113796	0.0002838486398104578	0.9527339935302734	0.011261582374572754	0.0023203170858323574	0.002196485409513116	0.0023143345024436712	0.013706181198358536	0.000978015479631722	0.0006398037075996399
197	anger	../syntropy_project/models/model1_0	../syntropy_project/models/model1_0	anger	0.9195058941841125	0.020419485867023468	0.018348872661590576	0.0011790358694270253	0.007006519939750433	0.0007101286901161075	0.0011436182539910078	0.021305523812770844	0.005335571244359016	0.001196397002786398	0.002728863153606653	0.0011201513698324561	0.9195058941841125
198	confusion	../syntropy_project/models/model1_0	../syntropy_project/models/model1_0	confusion	0.6450179219245911	0.33165156841278076	0.0018760060193017125	0.6450179219245911	0.00029259180882945657	0.009083806537091732	0.002046020235866308	0.0038498486392199993	0.0009537475416436791	0.00046701289829798043	0.001083141309209168	0.0015191048150882125	0.0021592602133750916
199	anger	../syntropy_project/models/model1_0	../syntropy_project/models/model1_0	confusion	0.7824327349662781	0.19221337139606476	0.002104118000715971	0.7824327349662781	0.00016066993703134358	0.014091189019382	0.001300145755521953	0.0019411976682022214	0.000868129194714129	0.0013133968459442258	0.0008917947998270392	0.0006203227676451206	0.0020629041828215122
200	anger	../syntropy_project/models/model1_0	../syntropy_project/models/model1_0	anger	0.7390916347503662	0.04378916323184967	0.01761224865913391	0.004840738605707884	0.004443831276148558	0.0005817251512780786	0.0224775243550539	0.15939725935459137	0.0020968294702470303	0.001956047723069787	0.0014522104756906629	0.0022608244325965643	0.7390916347503662
201	disgust	../syntropy_project/models/model1_0	../syntropy_project/models/model1_0	disgust	0.7867522239685059	0.03762318938970566	0.008408020250499249	0.016531454399228096	0.003908402286469936	0.042864177376031876	0.07861921191215515	0.7867522239685059	0.00985136441886425	0.005577458534389734	0.0046021100133657455	0.0017478822264820337	0.0035144819412380457
202	sadness	../syntropy_project/models/model1_0	../syntropy_project/models/model1_0	sadness	0.9925304055213928	0.0023002445232123137	0.9925304055213928	0.00030362934921868145	0.000726431084331125	0.00025240410468541086	0.0004271767393220216	0.0007608936866745353	0.0003139988984912634	0.0014959926484152675	0.0005033657653257251	0.0001415455189999193	0.00024382976698689163
203	surprise	../syntropy_project/models/model1_0	../syntropy_project/models/model1_0	surprise	0.9019899368286133	0.064093217253685	0.0016635064966976643	0.002305487636476755	0.0008739114855416119	0.9019899368286133	0.0015612345887348056	0.0024626015219837427	0.000960468256380409	0.002876517828553915	0.01996954344213009	0.0011044362327083945	0.00013923759979661554
204	sadness	../syntropy_project/models/model1_0	../syntropy_project/models/model1_0	neutral	0.6884940266609192	0.6884940266609192	0.18434877693653107	0.0025077294558286667	0.011336023919284344	0.019511530175805092	0.0019433631096035242	0.02272094413638115	0.01597127690911293	0.024310564622282982	0.02124127186834812	0.0030814800411462784	0.004532990977168083
205	surprise	../syntropy_project/models/model1_0	../syntropy_project/models/model1_0	anger	0.6681279540061951	0.021537436172366142	0.010175078175961971	0.005921956617385149	0.008069886825978756	0.1245357021689415	0.007477831095457077	0.09441690146923065	0.027211187407374382	0.0033068994525820017	0.025918761268258095	0.003300374373793602	0.6681279540061951
206	sadness	../syntropy_project/models/model1_0	../syntropy_project/models/model1_0	sadness	0.9620527029037476	0.008493042550981045	0.9620527029037476	0.0031577530317008495	0.00034829159267246723	0.0009547582012601197	0.01893053948879242	0.001132441801019013	0.0004637844394892454	0.0031831178348511457	0.0003476288984529674	0.0005312661523930728	0.00040471713873557746
207	joy	../syntropy_project/models/model1_0	../syntropy_project/models/model1_0	joy	0.9678633213043213	0.0028104474768042564	0.0008979701669886708	0.0010939666535705328	6.962793122511357e-05	0.00040333118522539735	0.0003449389187153429	6.703438702970743e-05	2.8978553018532693e-05	0.9678633213043213	0.022612687200307846	0.0036422302946448326	0.00016543248784728348
208	pride	../syntropy_project/models/model1_0	../syntropy_project/models/model1_0	excitement	0.862372875213623	0.044803887605667114	0.0008751546265557408	0.0005922597483731806	3.674376057460904e-05	0.015310405753552914	0.0003993013233412057	0.0002696088922675699	0.0003648277488537133	0.07056310027837753	0.862372875213623	0.004365579225122929	4.6242323151091114e-05
209	neutral	../syntropy_project/models/model1_0	../syntropy_project/models/model1_0	neutral	0.8391099572181702	0.8391099572181702	0.007389668375253677	0.00036325783003121614	0.00016546910046599805	0.011792878620326519	0.0008834593463689089	0.001075339620001614	0.0018943581962957978	0.0618789866566658	0.07442846149206161	0.0009184289956465364	9.960537863662466e-05
210	sadness	../syntropy_project/models/model1_0	../syntropy_project/models/model1_0	confusion	0.3943117558956146	0.37014704942703247	0.028062909841537476	0.3943117558956146	0.006542651914060116	0.053262319415807724	0.031773749738931656	0.007647077552974224	0.012450489215552807	0.04945932328701019	0.04126778617501259	0.0036697695031762123	0.001405162736773491
211	anger	../syntropy_project/models/model1_0	../syntropy_project/models/model1_0	anger	0.4415203630924225	0.09567742049694061	0.010355622507631779	0.0035266291815787554	0.013674351386725903	0.043915871530771255	0.007934930734336376	0.258399099111557	0.02462484873831272	0.026266997680068016	0.06376206874847412	0.010341804474592209	0.4415203630924225
212	disgust	../syntropy_project/models/model1_0	../syntropy_project/models/model1_0	disgust	0.7559621334075928	0.07959466427564621	0.029418891295790672	0.0411657951772213	0.003215440548956394	0.005038388539105654	0.04768728092312813	0.7559621334075928	0.014793636277318	0.001975717255845666	0.0019277295796200633	0.0016043514478951693	0.017615918070077896
213	sadness	../syntropy_project/models/model1_0	../syntropy_project/models/model1_0	anger	0.39637190103530884	0.033818263560533524	0.02902866154909134	0.15095725655555725	0.001611838466487825	0.004632111638784409	0.03655679151415825	0.340047150850296	0.0018833575304597616	0.0027961046434938908	0.0012498825090005994	0.0010465781670063734	0.39637190103530884
214	neutral	../syntropy_project/models/model1_0	../syntropy_project/models/model1_0	surprise	0.8722366094589233	0.036240480840206146	0.003689219942316413	0.0020401165820658207	0.0011907897423952818	0.8722366094589233	0.0037601145450025797	0.002366430824622512	0.003358847228810191	0.008774975314736366	0.05957403779029846	0.006510326638817787	0.0002581448934506625
215	excitement	../syntropy_project/models/model1_0	../syntropy_project/models/model1_0	excitement	0.44496971368789673	0.171995609998703	0.03707028552889824	0.03125128895044327	0.0033904104493558407	0.11008159071207047	0.006063183769583702	0.011637921445071697	0.009456001222133636	0.14601798355579376	0.44496971368789673	0.011842693202197552	0.016223344951868057
216	neutral	../syntropy_project/models/model1_0	../syntropy_project/models/model1_0	disgust	0.9368627667427063	0.007068827282637358	0.001307574100792408	0.001203802996315062	0.00042688800022006035	0.0003669947909656912	0.002807210199534893	0.9368627667427063	0.005641186144202948	0.00047269955393858254	0.000717198068741709	0.00016849886742420495	0.04295625537633896
217	confusion	../syntropy_project/models/model1_0	../syntropy_project/models/model1_0	confusion	0.7883309721946716	0.19128170609474182	0.0037653790786862373	0.7883309721946716	0.0003421735018491745	0.005400823894888163	0.0022359644062817097	0.004002947360277176	0.0016562700038775802	0.0004565418930724263	0.00029100116807967424	0.0005460386746563017	0.0016901767812669277
218	anger	../syntropy_project/models/model1_0	../syntropy_project/models/model1_0	anger	0.8871511816978455	0.02214416302740574	0.005355100613087416	0.004556756000965834	0.001819498953409493	0.015398850664496422	0.0037056219298392534	0.04569075629115105	0.0017800788627937436	0.0020918401423841715	0.00904361717402935	0.0012625569943338633	0.8871511816978455
219	joy	../syntropy_project/models/model1_0	../syntropy_project/models/model1_0	joy	0.9756637215614319	0.0035870352294296026	0.005313041619956493	0.00014183590246830136	0.00016104071983136237	0.00017126664170064032	0.00013169356680009514	9.349030733574182e-05	5.39232132723555e-05	0.9756637215614319	0.012010784819722176	0.0024451706558465958	0.00022699899272993207
220	sadness	../syntropy_project/models/model1_0	../syntropy_project/models/model1_0	sadness	0.5136911273002625	0.012558878399431705	0.5136911273002625	0.2656707465648651	0.0030385777354240417	0.06251601874828339	0.12927775084972382	0.0046364604495465755	0.002719941083341837	0.0024191022384911776	0.00038811276317574084	0.0019681600388139486	0.0011151231592521071
221	embarrassment	../syntropy_project/models/model1_0	../syntropy_project/models/model1_0	confusion	0.5270073413848877	0.07253348082304001	0.33697354793548584	0.5270073413848877	0.0032832727301865816	0.013832498341798782	0.017036888748407364	0.005370763596147299	0.01766715757548809	0.0023461964447051287	0.0003543537750374526	0.0010272079380229115	0.002567217918112874
222	confusion	../syntropy_project/models/model1_0	../syntropy_project/models/model1_0	confusion	0.8594791889190674	0.12291795760393143	0.003251223126426339	0.8594791889190674	7.170434400904924e-05	0.009235953912138939	0.000687965948600322	0.0006790413754060864	0.0006653185118921101	0.0011983822332695127	0.000952784379478544	0.0004542407696135342	0.00040632206946611404
223	nervousness	../syntropy_project/models/model1_0	../syntropy_project/models/model1_0	nervousness	0.3202778697013855	0.020522600039839745	0.00988321378827095	0.01892141066491604	0.3202778697013855	0.1867949664592743	0.053739033639431	0.04594416543841362	0.2592843174934387	0.004149472340941429	0.015276174992322922	0.0035766048822551966	0.061630114912986755
224	neutral	../syntropy_project/models/model1_0	../syntropy_project/models/model1_0	anger	0.29143884778022766	0.2530548572540283	0.01619013026356697	0.00838734582066536	0.019261527806520462	0.024398688226938248	0.018447771668434143	0.2317289263010025	0.02430052123963833	0.05034423619508743	0.049194809049367905	0.013252340257167816	0.29143884778022766
225	disgust	../syntropy_project/models/model1_0	../syntropy_project/models/model1_0	disgust	0.6336915493011475	0.07289449125528336	0.009715592488646507	0.1268145591020584	0.0018319786759093404	0.010142196901142597	0.03275356814265251	0.6336915493011475	0.005151357501745224	0.001368689350783825	0.0022926228120923042	0.0017802758375182748	0.10156312584877014
226	confusion	../syntropy_project/models/model1_0	../syntropy_project/models/model1_0	confusion	0.3958851099014282	0.2151961624622345	0.011680267751216888	0.3958851099014282	0.0002113705559168011	0.01941613480448723	0.0010955191683024168	0.0004611729527823627	0.00043424367322586477	0.3450688421726227	0.006857780739665031	0.003269936190918088	0.00042351582669653
227	anger	../syntropy_project/models/model1_0	../syntropy_project/models/model1_0	anger	0.9214709997177124	0.008646036498248577	0.004881055094301701	0.0021341918036341667	0.0007914133602753282	0.0020568869076669216	0.0029938449151813984	0.05544668808579445	0.0006174531299620867	0.0002662272599991411	0.0003630098362918943	0.00033206763328053057	0.9214709997177124
228	excitement	../syntropy_project/models/model1_0	../syntropy_project/models/model1_0	surprise	0.9435542821884155	0.01463811844587326	0.00030624898499809206	0.002525647170841694	0.00024648805265314877	0.9435542821884155	0.0017148017650470138	0.000560600426979363	0.0006199729396030307	0.0037577361799776554	0.03129352629184723	0.0007108055870048702	7.188812014646828e-05
229	disgust	../syntropy_project/models/model1_0	../syntropy_project/models/model1_0	disgust	0.9662151336669922	0.0034089344553649426	0.0017102583078667521	0.0009175853920169175	0.0005757799372076988	0.0006820541457273066	0.007602850906550884	0.9662151336669922	0.013859574683010578	0.0004401101323310286	0.0003491133393254131	0.0004283295711502433	0.003810305381193757
230	fear	../syntropy_project/models/model1_0	../syntropy_project/models/model1_0	sadness	0.5443863868713379	0.04426378011703491	0.5443863868713379	0.02031652070581913	0.2715481221675873	0.010488158091902733	0.02125086821615696	0.0036013098433613777	0.0399528406560421	0.013134895823895931	0.004851365461945534	0.017893336713314056	0.008312386460602283
231	excitement	../syntropy_project/models/model1_0	../syntropy_project/models/model1_0	joy	0.45099979639053345	0.15411245822906494	0.009026112966239452	0.004113415256142616	0.0004137858049944043	0.008488585241138935	0.001492633018642664	0.0006533600972034037	0.001674383762292564	0.45099979639053345	0.3614168167114258	0.007338212803006172	0.0002704571234062314
232	joy	../syntropy_project/models/model1_0	../syntropy_project/models/model1_0	joy	0.8354545831680298	0.05747530981898308	0.018467798829078674	0.004417903255671263	0.0012669129064306617	0.0007638232782483101	0.0010465247323736548	0.0012205849634483457	0.00046317712985910475	0.8354545831680298	0.06490568071603775	0.013037340715527534	0.0014802555087953806
233	neutral	../syntropy_project/models/model1_0	../syntropy_project/models/model1_0	neutral	0.36110857129096985	0.36110857129096985	0.10540427267551422	0.004522955510765314	0.0365624874830246	0.03737664222717285	0.0064692310988903046	0.006165999453514814	0.01596144773066044	0.0642799362540245	0.3322875201702118	0.014093903824687004	0.015767069533467293
234	neutral	../syntropy_project/models/model1_0	../syntropy_project/models/model1_0	surprise	0.6082785129547119	0.1825477033853531	0.008576102554798126	0.10288918763399124	0.0010138445068150759	0.6082785129547119	0.0014235532144084573	0.005421137437224388	0.0032458000350743532	0.0062018707394599915	0.06120194494724274	0.001847702544182539	0.01735256239771843
235	fear	../syntropy_project/models/model1_0	../syntropy_project/models/model1_0	fear	0.6936402320861816	0.010375095531344414	0.006316666025668383	0.002542131347581744	0.01294741127640009	0.015108847059309483	0.02149835042655468	0.2313954085111618	0.6936402320861816	0.0011380391661077738	0.001688593067228794	0.0004193978675175458	0.0029297475703060627
236	sadness	../syntropy_project/models/model1_0	../syntropy_project/models/model1_0	sadness	0.9279094934463501	0.015905233100056648	0.9279094934463501	0.00313301058486104	0.005093000363558531	0.007691414561122656	0.0029599787667393684	0.0018467619083821774	0.027442757040262222	0.004591161385178566	0.002530710306018591	0.0003812153299804777	0.0005152039811946452
237	excitement	../syntropy_project/models/model1_0	../syntropy_project/models/model1_0	surprise	0.4156152606010437	0.03217267245054245	0.0012090685777366161	0.2197132557630539	0.00020938969100825489	0.4156152606010437	0.0016125194961205125	0.0005228296504355967	0.00039054284570738673	0.017400477081537247	0.3099167048931122	0.001141329645179212	9.607380343368277e-05
238	embarrassment	../syntropy_project/models/model1_0	../syntropy_project/models/model1_0	anger	0.9241441488265991	0.01195000670850277	0.0019497517496347427	0.0013014402939006686	0.0014596512774005532	0.0005700439214706421	0.008800406940281391	0.04791800305247307	0.00024745019618421793	0.0002733194560278207	0.0003911062376573682	0.0009946678765118122	0.9241441488265991
239	anger	../syntropy_project/models/model1_0	../syntropy_project/models/model1_0	confusion	0.9327247142791748	0.05272594094276428	0.007172541227191687	0.9327247142791748	0.00026049651205539703	0.001394335413351655	0.0022144366521388292	0.00020894923363812268	0.000227383803576231	0.00024409219622612	8.672950207255781e-05	9.901703742798418e-05	0.0026413369923830032
240	pride	../syntropy_project/models/model1_0	../syntropy_project/models/model1_0	neutral	0.8171019554138184	0.8171019554138184	0.033199507743120193	0.007673738989979029	0.0026899531949311495	0.0259272288531065	0.001520616700872779	0.008058666251599789	0.0033328086137771606	0.03600480407476425	0.04057323932647705	0.008959954604506493	0.014957609586417675
241	surprise	../syntropy_project/models/model1_0	../syntropy_project/models/model1_0	surprise	0.6932339668273926	0.1329822689294815	0.006491135805845261	0.06715817749500275	0.00015959284792188555	0.6932339668273926	0.010871275328099728	0.012285479344427586	0.001958665670827031	0.03943825885653496	0.03382270783185959	0.001372929778881371	0.00022556158364750445
242	fear	../syntropy_project/models/model1_0	../syntropy_project/models/model1_0	fear	0.8674972653388977	0.03275889530777931	0.039622146636247635	0.00250226235948503	0.03294644132256508	0.0007997649372555315	0.0035611067432910204	0.010496863164007664	0.8674972653388977	0.0010495152091607451	0.0005451063043437898	0.0011660506715998054	0.007054617162793875
243	embarrassment	../syntropy_project/models/model1_0	../syntropy_project/models/model1_0	embarrassment	0.9320290684700012	0.0032302243635058403	0.0035752221010625362	0.002676215022802353	0.0006903724861331284	0.0002157249255105853	0.9320290684700012	0.05208674818277359	0.0014429767616093159	0.0009859028505161405	7.887410902185366e-05	0.0015188028337433934	0.0014698184095323086
244	surprise	../syntropy_project/models/model1_0	../syntropy_project/models/model1_0	surprise	0.6607047915458679	0.06762677431106567	0.021885961294174194	0.1652625948190689	0.0024121461901813745	0.6607047915458679	0.010171731002628803	0.007827000692486763	0.004885633010417223	0.009310012683272362	0.027777155861258507	0.002111257752403617	0.020024914294481277
245	confusion	../syntropy_project/models/model1_0	../syntropy_project/models/model1_0	confusion	0.6221057176589966	0.3073488771915436	0.003322698874399066	0.6221057176589966	0.0003158962354063988	0.035995159298181534	0.004503062926232815	0.010562139563262463	0.0012352444464340806	0.0012618021573871374	0.00213416526094079	0.0012359260581433773	0.009979397989809513
246	disgust	../syntropy_project/models/model1_0	../syntropy_project/models/model1_0	disgust	0.9934574961662292	0.00048192410031333566	0.00024146940268110484	6.39228819636628e-05	3.979876055382192e-05	0.00016866237274371088	0.0017638250719755888	0.9934574961662292	0.00048540960415266454	5.5807999160606414e-05	0.00019419957243371755	3.619829294621013e-05	0.0030113421380519867
247	joy	../syntropy_project/models/model1_0	../syntropy_project/models/model1_0	joy	0.35821351408958435	0.30943888425827026	0.15463528037071228	0.00751328282058239	0.003249183762818575	0.013149779289960861	0.00675794156268239	0.0029343627393245697	0.003388270502910018	0.35821351408958435	0.11524789780378342	0.021183347329497337	0.004288153722882271
248	neutral	../syntropy_project/models/model1_0	../syntropy_project/models/model1_0	confusion	0.483798086643219	0.10240039974451065	0.017525197938084602	0.483798086643219	0.0012807655148208141	0.1714889407157898	0.054587602615356445	0.1523583084344864	0.0017330094706267118	0.005204477813094854	0.0053848749957978725	0.0019655274227261543	0.002272843848913908
249	confusion	../syntropy_project/models/model1_0	../syntropy_project/models/model1_0	confusion	0.9407652616500854	0.03948737308382988	0.0002202282630605623	0.9407652616500854	6.613552159251412e-06	0.018568649888038635	0.00021484825992956758	0.00018083411850966513	7.269210618687794e-05	0.00018686680414248258	0.00015170157712418586	7.627052400493994e-05	6.880355067551136e-05
250	sadness	../syntropy_project/models/model1_0	../syntropy_project/models/model1_0	sadness	0.7727354764938354	0.030528604984283447	0.7727354764938354	0.008354905061423779	0.03171969950199127	0.01031484641134739	0.012942911125719547	0.05045933648943901	0.032955609261989594	0.02119704894721508	0.019534040242433548	0.0007335903355851769	0.008523950353264809
251	surprise	../syntropy_project/models/model1_0	../syntropy_project/models/model1_0	neutral	0.8980433940887451	0.8980433940887451	0.008530826307833195	0.008494468405842781	0.00039976256084628403	0.02682352066040039	0.002974006114527583	0.0015579498140141368	0.0021469772327691317	0.020844386890530586	0.02368292585015297	0.00521106319501996	0.0012907754862681031
252	confusion	../syntropy_project/models/model1_0	../syntropy_project/models/model1_0	joy	0.8687369227409363	0.047209497541189194	0.041966188699007034	0.0039705256931483746	0.010956577025353909	0.0005080324481241405	0.004183580633252859	0.0019145527621731162	0.0019128244603052735	0.8687369227409363	0.012554148212075233	0.005221233703196049	0.0008658822625875473
253	neutral	../syntropy_project/models/model1_0	../syntropy_project/models/model1_0	neutral	0.6506975889205933	0.6506975889205933	0.08478455990552902	0.09185893833637238	0.0013610280584543943	0.00147336907684803	0.020543424412608147	0.07311221212148666	0.010906239040195942	0.0032891961745917797	0.001182409469038248	0.007716950494796038	0.053074080497026443
254	neutral	../syntropy_project/models/model1_0	../syntropy_project/models/model1_0	neutral	0.9839017987251282	0.9839017987251282	0.001430257223546505	0.0027532223612070084	5.146384864929132e-05	0.001425388501957059	5.7725839724298567e-05	0.0006750102620571852	0.00019457293092273176	0.0010343377944082022	0.008200721815228462	0.00021863931033294648	5.689888712367974e-05
255	surprise	../syntropy_project/models/model1_0	../syntropy_project/models/model1_0	joy	0.7374842762947083	0.03940869867801666	0.016447581350803375	0.026710709556937218	0.008480708114802837	0.05121304839849472	0.04585989564657211	0.017036613076925278	0.005937932524830103	0.7374842762947083	0.03295040503144264	0.01568005234003067	0.0027901630382984877
256	neutral	../syntropy_project/models/model1_0	../syntropy_project/models/model1_0	neutral	0.8129515647888184	0.8129515647888184	0.006679419428110123	0.011420434340834618	0.0007900544442236423	0.0077848960645496845	0.001835120958276093	0.023282580077648163	0.0009147824603132904	0.020060237497091293	0.024265147745609283	0.004001676570624113	0.08601412177085876
257	neutral	../syntropy_project/models/model1_0	../syntropy_project/models/model1_0	neutral	0.9848946332931519	0.9848946332931519	0.0006858323467895389	0.0035279106814414263	1.7603137166588567e-05	0.003997514955699444	0.00013468049291986972	0.00037479191087186337	0.0001400396868120879	0.002242071321234107	0.0033394326455891132	0.00034365622559562325	0.0003017006383743137
258	anger	../syntropy_project/models/model1_0	../syntropy_project/models/model1_0	neutral	0.4469817876815796	0.4469817876815796	0.05243240296840668	0.06853608042001724	0.009011749178171158	0.002297861035913229	0.02876894362270832	0.057834163308143616	0.004448014311492443	0.007579832337796688	0.002390268025919795	0.00397482980042696	0.315744012594223
259	anger	../syntropy_project/models/model1_0	../syntropy_project/models/model1_0	neutral	0.5874350666999817	0.5874350666999817	0.011961141601204872	0.324835866689682	0.0003438106505200267	0.0054338183254003525	0.007545602973550558	0.005937603767961264	0.0023687744978815317	0.0007494218880310655	0.0005702475318685174	0.001293308800086379	0.05152535066008568
260	disgust	../syntropy_project/models/model1_0	../syntropy_project/models/model1_0	disgust	0.8448297381401062	0.014097600243985653	0.01379378791898489	0.0034678522497415543	0.0011333876755088568	0.0003178996266797185	0.059268608689308167	0.8448297381401062	0.001952432212419808	0.004562854766845703	0.0007781214662827551	0.0024151629768311977	0.05338268727064133
261	disgust	../syntropy_project/models/model1_0	../syntropy_project/models/model1_0	disgust	0.5234857201576233	0.17039625346660614	0.005724201910197735	0.0069396644830703735	0.0018577518640086055	0.002087690867483616	0.02550509385764599	0.5234857201576233	0.0014742187922820449	0.002868907293304801	0.0021062029991298914	0.003790050046518445	0.25376421213150024
262	joy	../syntropy_project/models/model1_0	../syntropy_project/models/model1_0	joy	0.8636327385902405	0.018795639276504517	0.003656857181340456	0.020814817398786545	0.0010136259952560067	0.059133488684892654	0.0060906363651156425	0.0009847888723015785	0.0007942323572933674	0.8636327385902405	0.01478958036750555	0.009960523806512356	0.0003330660692881793
263	excitement	../syntropy_project/models/model1_0	../syntropy_project/models/model1_0	excitement	0.841688334941864	0.023882197216153145	0.0026709537487477064	0.011142297647893429	0.0025461239274591208	0.07725663483142853	0.0012676628539338708	0.0005315692396834493	0.0008058089297264814	0.03408404067158699	0.841688334941864	0.003625184064731002	0.0004991705063730478
264	confusion	../syntropy_project/models/model1_0	../syntropy_project/models/model1_0	confusion	0.7356347441673279	0.21050919592380524	0.003685392439365387	0.7356347441673279	0.00034403434256091714	0.036395005881786346	0.004406380467116833	0.002061386127024889	0.001005568541586399	0.0009435719694010913	0.0022946703247725964	0.0006430093199014664	0.002077126642689109
265	disgust	../syntropy_project/models/model1_0	../syntropy_project/models/model1_0	joy	0.5847108364105225	0.1642536222934723	0.0012375407386571169	0.07415956258773804	4.075177275808528e-05	0.07308104634284973	0.019270503893494606	0.0036649727262556553	0.0006735396455042064	0.5847108364105225	0.07499366253614426	0.0034290016628801823	0.00048488262109458447
266	disgust	../syntropy_project/models/model1_0	../syntropy_project/models/model1_0	disgust	0.6805410385131836	0.16251055896282196	0.0721479132771492	0.012023018673062325	0.0013634547358378768	0.0025163788814097643	0.025007016956806183	0.6805410385131836	0.010272569954395294	0.004631753545254469	0.005112497601658106	0.0016157884383574128	0.02225792407989502
267	disgust	../syntropy_project/models/model1_0	../syntropy_project/models/model1_0	disgust	0.8661152720451355	0.02311204932630062	0.0034729556646198034	0.001640196074731648	0.00041869314736686647	0.0003247767745051533	0.008905586786568165	0.8661152720451355	0.0022222178522497416	0.0004732430388685316	0.0012431261129677296	0.0006673447205685079	0.0914045125246048
268	sadness	../syntropy_project/models/model1_0	../syntropy_project/models/model1_0	sadness	0.945902407169342	0.011882418766617775	0.945902407169342	0.0031273672357201576	0.0006115472060628235	0.0042202468030154705	0.0020741636399179697	0.000730166444554925	0.0027489380445331335	0.015658332034945488	0.012162521481513977	0.0006532672559842467	0.00022859747696202248
269	excitement	../syntropy_project/models/model1_0	../syntropy_project/models/model1_0	excitement	0.9888063669204712	0.002519885078072548	5.352348307496868e-05	2.2703397917211987e-05	3.0029736080905423e-05	0.0002713228459469974	4.7448465920751914e-06	1.4827737686573528e-05	1.683887603576295e-05	0.008136266842484474	0.9888063669204712	8.676615107106045e-05	3.683441536850296e-05
270	fear	../syntropy_project/models/model1_0	../syntropy_project/models/model1_0	fear	0.9878460764884949	0.001680789515376091	0.0018507975619286299	0.0019242075504735112	0.004019254818558693	0.00027619570028036833	0.0013917209580540657	0.0004548697907011956	0.9878460764884949	0.0002570722717791796	2.1244353774818592e-05	0.00021339536760933697	6.442816811613739e-05
271	anger	../syntropy_project/models/model1_0	../syntropy_project/models/model1_0	embarrassment	0.42670944333076477	0.02174203097820282	0.02171308547258377	0.004575430415570736	0.025865493342280388	0.00016834292910061777	0.42670944333076477	0.3279501497745514	0.017445314675569534	0.005939943250268698	0.00038718225550837815	0.008191682398319244	0.13931192457675934
272	excitement	../syntropy_project/models/model1_0	../syntropy_project/models/model1_0	neutral	0.8938525319099426	0.8938525319099426	0.005228284280747175	0.0172159131616354	0.00010258045949740335	0.05784815922379494	0.00103323208168149	0.0014556379755958915	0.0018100589513778687	0.010961237363517284	0.009701534174382687	0.0007544901454821229	3.6316687328508124e-05
273	neutral	../syntropy_project/models/model1_0	../syntropy_project/models/model1_0	confusion	0.987889289855957	0.005486133508384228	0.00015708159480709583	0.987889289855957	6.832067447248846e-05	0.004461835138499737	0.000245710980379954	0.00022237017401494086	6.811749335611239e-05	4.138933218200691e-05	1.2239880561537575e-05	5.0486214604461566e-05	0.0012969754170626402
274	surprise	../syntropy_project/models/model1_0	../syntropy_project/models/model1_0	surprise	0.9934588074684143	0.0017510971520096064	0.00010200002725468948	0.0005286521627567708	1.1675288988044485e-05	0.9934588074684143	0.0002659610763657838	7.721109432168305e-05	3.574417132767849e-05	0.00013029763067606837	0.003574550384655595	6.115710857557133e-05	2.820808049364132e-06
275	excitement	../syntropy_project/models/model1_0	../syntropy_project/models/model1_0	excitement	0.992328941822052	0.0015011612558737397	8.920780965127051e-05	0.00012135245924582705	0.0007814015843905509	0.0005140895955264568	2.801314440148417e-05	3.818127515842207e-05	1.424975835107034e-05	0.0037256814539432526	0.992328941822052	0.00033189603709615767	0.0005258215824142098
276	sadness	../syntropy_project/models/model1_0	../syntropy_project/models/model1_0	sadness	0.9962330460548401	0.0013586081331595778	0.9962330460548401	9.033013338921592e-05	0.0001664213341427967	0.00010417361045256257	0.00019957042241003364	0.0002786857367027551	0.0007988395518623292	0.0005144292372278869	0.00013443654461298138	4.4425836676964536e-05	7.695974636590108e-05
277	sadness	../syntropy_project/models/model1_0	../syntropy_project/models/model1_0	confusion	0.7953600883483887	0.02473965287208557	0.12256722152233124	0.7953600883483887	0.009019577875733376	0.02279294654726982	0.01416765060275793	0.0029942875262349844	0.004048597998917103	0.0020039165392518044	0.0005780988140031695	0.0006704202387481928	0.001057565095834434
278	anger	../syntropy_project/models/model1_0	../syntropy_project/models/model1_0	anger	0.9443793892860413	0.0021098910365253687	0.004137441981583834	0.000970525317825377	0.0006682008970528841	2.410417982900981e-05	0.003829799359664321	0.04266369342803955	0.0001961782982107252	0.0003143983194604516	0.00013309859787113965	0.0005733735742978752	0.9443793892860413
279	anger	../syntropy_project/models/model1_0	../syntropy_project/models/model1_0	anger	0.8433664441108704	0.008699293248355389	0.04046494513750076	0.0009651078144088387	0.0010167482541874051	0.00014509395987261087	0.006227301433682442	0.09455356746912003	0.0008311121491715312	0.0017681854078546166	0.0008708100067451596	0.0010913953883573413	0.8433664441108704
280	disgust	../syntropy_project/models/model1_0	../syntropy_project/models/model1_0	anger	0.9062754511833191	0.03198222815990448	0.0023879099171608686	0.002116386080160737	0.0018352768383920193	0.0002937271783594042	0.002001439454033971	0.050758250057697296	0.0006036712438799441	0.00038638271507807076	0.00047578627709299326	0.0008835081825964153	0.9062754511833191
281	neutral	../syntropy_project/models/model1_0	../syntropy_project/models/model1_0	surprise	0.5746639370918274	0.2274179309606552	0.005073316395282745	0.14951904118061066	0.0001986915449379012	0.5746639370918274	0.001240409561432898	0.00266413320787251	0.0006280801026150584	0.003952898550778627	0.033057987689971924	0.0006849088240414858	0.0008987026521936059
282	surprise	../syntropy_project/models/model1_0	../syntropy_project/models/model1_0	surprise	0.9263707995414734	0.02600034326314926	0.001490711118094623	0.02597443200647831	0.00020630407379940152	0.9263707995414734	0.00101096008438617	0.00035317582660354674	0.0006896486156620085	0.0017253494588658214	0.015873359516263008	0.00026853010058403015	3.634859967860393e-05
283	anger	../syntropy_project/models/model1_0	../syntropy_project/models/model1_0	anger	0.7845311164855957	0.01973431184887886	0.012995030730962753	0.003048834390938282	0.008339155465364456	0.05885178595781326	0.0068913609720766544	0.04830803722143173	0.04328097775578499	0.0029425411485135555	0.008616333827376366	0.0024604876525700092	0.7845311164855957
284	surprise	../syntropy_project/models/model1_0	../syntropy_project/models/model1_0	surprise	0.673454225063324	0.107340008020401	0.002542406553402543	0.1772281974554062	0.0006072346586734056	0.673454225063324	0.0034335895907133818	0.004154287278652191	0.0005480449181050062	0.0018829390173777938	0.016937032341957092	0.0011311304988339543	0.01074090227484703
285	embarrassment	../syntropy_project/models/model1_0	../syntropy_project/models/model1_0	disgust	0.7627869248390198	0.0398414209485054	0.0907207801938057	0.005810376722365618	0.003302285447716713	0.0018942562164738774	0.028739765286445618	0.7627869248390198	0.03140322491526604	0.0010795611888170242	0.0011401743395254016	0.0007048766128718853	0.03257632255554199
286	neutral	../syntropy_project/models/model1_0	../syntropy_project/models/model1_0	neutral	0.6810316443443298	0.6810316443443298	0.02987772412598133	0.014194754883646965	0.001651795580983162	0.023762106895446777	0.009635564871132374	0.00870676338672638	0.008664162829518318	0.16420330107212067	0.03876016288995743	0.016450349241495132	0.003061691066250205
287	neutral	../syntropy_project/models/model1_0	../syntropy_project/models/model1_0	confusion	0.9513278007507324	0.040573179721832275	0.0004670924099627882	0.9513278007507324	5.5133623391157016e-05	0.004805142991244793	0.0005243964260444045	0.0004176684014964849	0.00018685984832700342	0.0006632323493249714	0.00028650244348682463	0.00033116695703938603	0.00036173377884551883
288	embarrassment	../syntropy_project/models/model1_0	../syntropy_project/models/model1_0	embarrassment	0.9573490619659424	0.00013940248754806817	0.0036504368763417006	0.0005216706776991487	0.00024120151647366583	2.2024012650945224e-05	0.9573490619659424	0.02778780646622181	0.00017958709213417023	3.4674914786592126e-05	2.679529643501155e-06	0.0009568588575348258	0.009114681743085384
289	joy	../syntropy_project/models/model1_0	../syntropy_project/models/model1_0	surprise	0.942770779132843	0.006067554000765085	0.00037459892337210476	0.0018417219398543239	4.593443372868933e-05	0.942770779132843	0.00047670237836427987	0.00047099924995563924	0.00014875079796183854	0.002666897838935256	0.044680796563625336	0.000364030827768147	9.123034396907315e-05
290	disgust	../syntropy_project/models/model1_0	../syntropy_project/models/model1_0	anger	0.4526641070842743	0.06054363772273064	0.024629192426800728	0.00705766212195158	0.0020009069703519344	0.0022577550262212753	0.01691262796521187	0.40303710103034973	0.008757754229009151	0.010283523239195347	0.010489143431186676	0.0013665888691321015	0.4526641070842743
291	anger	../syntropy_project/models/model1_0	../syntropy_project/models/model1_0	anger	0.5214211940765381	0.20450998842716217	0.01136774942278862	0.009738137945532799	0.004228969570249319	0.08424699306488037	0.005268489010632038	0.02731667272746563	0.0036434552166610956	0.027547484263777733	0.09373987466096878	0.006970969028770924	0.5214211940765381
292	excitement	../syntropy_project/models/model1_0	../syntropy_project/models/model1_0	excitement	0.5444161891937256	0.40704089403152466	0.002904796041548252	0.02440720796585083	0.0010415171273052692	0.010262695141136646	0.000698175688739866	0.0003571929410099983	0.0012362832203507423	0.006753499154001474	0.5444161891937256	0.0006833494990132749	0.00019823371258098632
293	anger	../syntropy_project/models/model1_0	../syntropy_project/models/model1_0	disgust	0.8674317002296448	0.013898488134145737	0.00366098340600729	0.004643212538212538	0.00039139558793976903	0.0006742385448887944	0.014722771942615509	0.8674317002296448	0.0014853972243145108	0.000815870298538357	0.0006461268058046699	0.0006277400534600019	0.09100211411714554
294	joy	../syntropy_project/models/model1_0	../syntropy_project/models/model1_0	joy	0.9683622121810913	0.007661410607397556	0.001665980787947774	0.0018660752102732658	8.686086948728189e-05	0.0009791250340640545	0.0010113356402143836	0.00024643377400934696	4.354820339358412e-05	0.9683622121810913	0.013844534754753113	0.004109303932636976	0.0001232003851328045
295	pride	../syntropy_project/models/model1_0	../syntropy_project/models/model1_0	pride	0.9940313696861267	9.151083213509992e-05	2.870761090889573e-05	2.2133524907985702e-05	0.0004728763015009463	0.000423421966843307	0.0022775970865041018	0.00017756781016942114	5.064230936113745e-05	0.0005772652802988887	0.0015088312793523073	0.9940313696861267	0.000338072597514838
296	surprise	../syntropy_project/models/model1_0	../syntropy_project/models/model1_0	surprise	0.6271653771400452	0.021155154332518578	0.002886725589632988	0.21922913193702698	0.003574228147044778	0.6271653771400452	0.04514789208769798	0.027269409969449043	0.003185860114172101	0.001670532627031207	0.007943334989249706	0.004625238478183746	0.03614708408713341
297	pride	../syntropy_project/models/model1_0	../syntropy_project/models/model1_0	anger	0.27587103843688965	0.14279210567474365	0.00939332414418459	0.006660355720669031	0.003988982643932104	0.01190192624926567	0.01782102882862091	0.023472148925065994	0.0028998777270317078	0.2306603491306305	0.24186331033706665	0.032675545662641525	0.27587103843688965
298	embarrassment	../syntropy_project/models/model1_0	../syntropy_project/models/model1_0	embarrassment	0.986283004283905	0.00010545345867285505	0.0016931364079937339	0.0006431767251342535	9.211631549987942e-05	8.31188663141802e-05	0.986283004283905	0.008497584611177444	0.00010147492866963148	2.5879748136503622e-05	1.847903376983595e-06	0.000685766339302063	0.0017874788027256727
299	sadness	../syntropy_project/models/model1_0	../syntropy_project/models/model1_0	sadness	0.995257556438446	0.0015700708609074354	0.995257556438446	0.0001146259528468363	0.00034709935425780714	0.00013036475866101682	0.0002926875022239983	0.0002554897218942642	0.0005405651754699647	0.0011155352694913745	0.0001858188334153965	8.110024646157399e-05	0.00010918342013610527
300	disgust	../syntropy_project/models/model1_0	../syntropy_project/models/model1_0	fear	0.6957106590270996	0.02424824982881546	0.01861279457807541	0.003928900230675936	0.0053794910199940205	0.010875863954424858	0.009880611672997475	0.21863360702991486	0.6957106590270996	0.0032055999618023634	0.006485285237431526	0.0005722875939682126	0.0024666031822562218
301	confusion	../syntropy_project/models/model1_0	../syntropy_project/models/model1_0	confusion	0.7267826795578003	0.040993452072143555	0.012238457798957825	0.7267826795578003	0.003922423347830772	0.19386008381843567	0.005218540783971548	0.002552492544054985	0.007182709407061338	0.0016790800727903843	0.003721281886100769	0.0011498989770188928	0.0006989511894062161
302	confusion	../syntropy_project/models/model1_0	../syntropy_project/models/model1_0	confusion	0.7920582890510559	0.1668543964624405	0.006439356133341789	0.7920582890510559	0.0004680035635828972	0.018012430518865585	0.0038591763004660606	0.0021773353219032288	0.003323637181892991	0.0025764659512788057	0.0014028176665306091	0.0015868453774601221	0.0012412745272740722
303	fear	../syntropy_project/models/model1_0	../syntropy_project/models/model1_0	fear	0.9798012375831604	0.003054330125451088	0.002421577926725149	0.0005929563194513321	0.008107051253318787	0.00048821934615261853	0.0006038096616975963	0.0031358981505036354	0.9798012375831604	0.0007712859660387039	0.0002722704957704991	0.00024336397473234683	0.000508007244206965
304	surprise	../syntropy_project/models/model1_0	../syntropy_project/models/model1_0	sadness	0.9025364518165588	0.006768923252820969	0.9025364518165588	0.002310848794877529	0.004189387895166874	0.033887751400470734	0.009389817714691162	0.00946654099971056	0.017574546858668327	0.005226482171565294	0.0044904123060405254	0.0007287049083970487	0.0034301106352359056
305	surprise	../syntropy_project/models/model1_0	../syntropy_project/models/model1_0	surprise	0.4282097816467285	0.22503288090229034	0.030396176502108574	0.09550496190786362	0.027365921065211296	0.4282097816467285	0.041824378073215485	0.03211228549480438	0.0819883793592453	0.007869533263146877	0.006873695179820061	0.008129759691655636	0.014692244119942188
306	confusion	../syntropy_project/models/model1_0	../syntropy_project/models/model1_0	confusion	0.9412221312522888	0.05093993991613388	0.0006412884104065597	0.9412221312522888	8.459898526780307e-05	0.0042944783344864845	0.0012870288919657469	0.0002293252618983388	0.00025265576550737023	0.00013114111789036542	0.00020641704031731933	0.0003292004985269159	0.00038185337325558066
307	embarrassment	../syntropy_project/models/model1_0	../syntropy_project/models/model1_0	confusion	0.5275778770446777	0.15572139620780945	0.18571022152900696	0.5275778770446777	0.014770826324820518	0.05794362351298332	0.026972545310854912	0.00822404120117426	0.007957813329994678	0.004164114128798246	0.004283287562429905	0.0036339762154966593	0.0030403879936784506
308	excitement	../syntropy_project/models/model1_0	../syntropy_project/models/model1_0	excitement	0.6584256887435913	0.004263448994606733	0.0008540537673979998	0.00022129651915747672	2.5776591428439133e-05	0.008287879638373852	0.00016400738968513906	0.00012477727432269603	0.00010759806900750846	0.3260318636894226	0.6584256887435913	0.0014534484362229705	4.014278601971455e-05
309	neutral	../syntropy_project/models/model1_0	../syntropy_project/models/model1_0	neutral	0.9126346111297607	0.9126346111297607	0.008796747773885727	0.006148641463369131	0.0003207953122910112	0.007491554133594036	0.0007092278683558106	0.001983024412766099	0.002305737230926752	0.02851692959666252	0.029343441128730774	0.0013691071653738618	0.00038022903027012944
310	joy	../syntropy_project/models/model1_0	../syntropy_project/models/model1_0	joy	0.9761139154434204	0.004136353265494108	0.0014512469060719013	7.342926983255893e-05	6.528132507810369e-05	8.84260080056265e-05	9.613594738766551e-05	4.416730007505976e-05	1.6651825717417523e-05	0.9761139154434204	0.01432659849524498	0.0034992580767720938	8.865618292475119e-05
311	anger	../syntropy_project/models/model1_0	../syntropy_project/models/model1_0	anger	0.9215877652168274	0.014821003191173077	0.004479783121496439	0.0022118280176073313	0.003259392688050866	0.0011998299742117524	0.005149507895112038	0.0396394282579422	0.0012543293414637446	0.0017990104388445616	0.0027800248935818672	0.00181814085226506	0.9215877652168274
312	anger	../syntropy_project/models/model1_0	../syntropy_project/models/model1_0	neutral	0.2370212972164154	0.2370212972164154	0.20624342560768127	0.008637461811304092	0.005687027238309383	0.009585151448845863	0.008496757596731186	0.015834523364901543	0.003990546800196171	0.17019708454608917	0.08710197359323502	0.02778230793774128	0.21942239999771118
313	excitement	../syntropy_project/models/model1_0	../syntropy_project/models/model1_0	excitement	0.9983723759651184	0.00028890458634123206	4.123493272345513e-05	2.1448956886160886e-06	1.3692192624148447e-05	0.0001401179761160165	1.916681867442094e-06	9.379274160892237e-06	4.9993841457762755e-06	0.001106361742131412	0.9983723759651184	1.7167898477055132e-05	1.7833505125963711e-06
314	anger	../syntropy_project/models/model1_0	../syntropy_project/models/model1_0	anger	0.723109781742096	0.08296746760606766	0.0016288596671074629	0.11961965262889862	0.0008767739636823535	0.010343586094677448	0.006239280104637146	0.05246761441230774	0.0003427824703976512	0.00031031700200401247	0.0008369020652025938	0.001257050083950162	0.723109781742096
315	confusion	../syntropy_project/models/model1_0	../syntropy_project/models/model1_0	confusion	0.9913181662559509	0.004922573454678059	0.0001345219643553719	0.9913181662559509	2.48483702307567e-05	0.002760666888207197	0.0004939818172715604	6.405280146282166e-05	0.00010192942863795906	6.404065061360598e-05	1.59584560606163e-05	4.4238076952751726e-05	5.502887870534323e-05
316	joy	../syntropy_project/models/model1_0	../syntropy_project/models/model1_0	joy	0.9670307636260986	0.01246138196438551	0.003876791801303625	0.0024500058498233557	6.835677777417004e-05	0.0009257329511456192	0.0008725944207981229	0.00025979315978474915	5.299327676766552e-05	0.9670307636260986	0.007284256163984537	0.004442403558641672	0.00027495421818457544
317	excitement	../syntropy_project/models/model1_0	../syntropy_project/models/model1_0	excitement	0.9986962676048279	0.000290677766315639	1.7107035091612488e-05	3.992361598648131e-06	2.3083675841917284e-05	0.0001456864265492186	9.87856651590846e-07	6.749358362867497e-06	8.741152669244912e-06	0.0007703836308792233	0.9986962676048279	3.2083949918160215e-05	4.383225586934714e-06
318	neutral	../syntropy_project/models/model1_0	../syntropy_project/models/model1_0	confusion	0.993530809879303	0.0009935321286320686	0.00016280279669445008	0.993530809879303	0.00024375559587497264	0.0010339004220440984	0.0031920322217047215	9.144897921942174e-05	0.00027903972659260035	8.012245234567672e-05	8.141086254909169e-06	0.00010053547885036096	0.0002838399668689817
319	sadness	../syntropy_project/models/model1_0	../syntropy_project/models/model1_0	sadness	0.9961968064308167	0.0006270264857448637	0.9961968064308167	7.338915747823194e-05	0.0002842297835741192	0.0001855408336268738	0.00032670903601683676	0.00022771039220970124	0.0004964018589816988	0.0010322969174012542	0.0003322092234157026	0.00010918789485003799	0.00010854637366719544
320	joy	../syntropy_project/models/model1_0	../syntropy_project/models/model1_0	excitement	0.6584256887435913	0.004263448994606733	0.0008540537673979998	0.00022129651915747672	2.5776591428439133e-05	0.008287879638373852	0.00016400738968513906	0.00012477727432269603	0.00010759806900750846	0.3260318636894226	0.6584256887435913	0.0014534484362229705	4.014278601971455e-05
321	pride	../syntropy_project/models/model1_0	../syntropy_project/models/model1_0	embarrassment	0.6126601099967957	0.016163695603609085	0.014949217438697815	0.0036678153555840254	0.001526429783552885	0.000779918918851763	0.6126601099967957	0.029750389978289604	0.001719021238386631	0.08266016840934753	0.0020787001121789217	0.2176378071308136	0.016406826674938202
322	sadness	../syntropy_project/models/model1_0	../syntropy_project/models/model1_0	sadness	0.6437493562698364	0.009450132958590984	0.6437493562698364	0.3082992136478424	0.006090360227972269	0.0109062809497118	0.012585747987031937	0.0019026759546250105	0.004848831333220005	0.0012822931166738272	0.00019384227925911546	0.0003206007822882384	0.0003706464485730976
323	anger	../syntropy_project/models/model1_0	../syntropy_project/models/model1_0	anger	0.7124242782592773	0.04464021697640419	0.06218281388282776	0.023137498646974564	0.008220160380005836	0.00025460144388489425	0.06320884078741074	0.07691897451877594	0.0024850827176123857	0.003818089608103037	0.00027457793476060033	0.0024348818697035313	0.7124242782592773
324	fear	../syntropy_project/models/model1_0	../syntropy_project/models/model1_0	disgust	0.4747961163520813	0.018879061564803123	0.008628429844975471	0.0032703683245927095	0.02049146592617035	0.01018994115293026	0.022731076925992966	0.4747961163520813	0.42843323945999146	0.0041758716106414795	0.005413978826254606	0.0013257351238280535	0.0016647841548547149
325	neutral	../syntropy_project/models/model1_0	../syntropy_project/models/model1_0	neutral	0.7440457940101624	0.7440457940101624	0.0022756776306778193	0.23200014233589172	0.0004956289194524288	0.007121351081877947	0.0033588584046810865	0.0040841554291546345	0.0008951925556175411	0.0005277704331092536	0.0011279101017862558	0.0006555164000019431	0.003411988727748394
326	neutral	../syntropy_project/models/model1_0	../syntropy_project/models/model1_0	neutral	0.42803865671157837	0.42803865671157837	0.029583850875496864	0.04895847663283348	0.0027505073230713606	0.024606185033917427	0.023265378549695015	0.11858198791742325	0.03745138645172119	0.019243616610765457	0.012264606542885303	0.010838774964213371	0.24441669881343842
327	neutral	../syntropy_project/models/model1_0	../syntropy_project/models/model1_0	sadness	0.4003939628601074	0.2044217437505722	0.4003939628601074	0.013094634748995304	0.0039173150435090065	0.03322158008813858	0.030711926519870758	0.11470521986484528	0.09691738337278366	0.01972072198987007	0.013839129358530045	0.005489564035087824	0.06356677412986755
328	neutral	../syntropy_project/models/model1_0	../syntropy_project/models/model1_0	confusion	0.7223399877548218	0.23689065873622894	0.002461287658661604	0.7223399877548218	0.0001410490949638188	0.02767098695039749	0.00074866006616503	0.0012582483468577266	0.001185521250590682	0.0019900614861398935	0.0033496967516839504	0.001019367715343833	0.0009444506140425801
329	confusion	../syntropy_project/models/model1_0	../syntropy_project/models/model1_0	confusion	0.9919102787971497	0.0019408432999625802	8.231196989072487e-05	0.9919102787971497	4.253153383615427e-05	0.0051175267435610294	0.000564420479349792	6.660584040218964e-05	5.5060532758943737e-05	6.050556476111524e-05	4.831244223169051e-05	5.598828647634946e-05	5.5638050980633125e-05
330	fear	../syntropy_project/models/model1_0	../syntropy_project/models/model1_0	fear	0.8754348754882812	0.008818119764328003	0.02837768755853176	0.004061640240252018	0.05338440462946892	0.0019562081433832645	0.007211434189230204	0.010723789222538471	0.8754348754882812	0.003225963329896331	0.0008151179063133895	0.0010907149408012629	0.004900072701275349
331	anger	../syntropy_project/models/model1_0	../syntropy_project/models/model1_0	anger	0.719727098941803	0.019243942573666573	0.002769795246422291	0.003924917429685593	0.0015716379275545478	0.0014691647375002503	0.009370865300297737	0.23749087750911713	0.0011069058673456311	0.000745853001717478	0.001617414178326726	0.0009616918978281319	0.719727098941803
332	joy	../syntropy_project/models/model1_0	../syntropy_project/models/model1_0	joy	0.9785208702087402	0.001245387364178896	0.0004783098993357271	0.0001757690915837884	4.35475776612293e-05	0.00015862309373915195	0.00022943070507608354	5.1890838221879676e-05	4.282343797967769e-05	0.9785208702087402	0.01701546460390091	0.002001839457079768	3.608747647376731e-05
333	surprise	../syntropy_project/models/model1_0	../syntropy_project/models/model1_0	surprise	0.9531617760658264	0.002740109572187066	0.0002236818545497954	0.0013617615913972259	2.9311951948329806e-05	0.9531617760658264	0.0003071343235205859	0.0002547117182984948	0.00016736547695472836	0.0011775087332352996	0.04026111587882042	0.00027021969435736537	4.533343235380016e-05
334	confusion	../syntropy_project/models/model1_0	../syntropy_project/models/model1_0	confusion	0.9710626006126404	0.014176111668348312	0.0011296740267425776	0.9710626006126404	0.00034335977397859097	0.0015515851555392146	0.00911655928939581	0.0005899555399082601	0.0003594118170440197	0.0001603533746674657	2.512996070436202e-05	0.00028080082847736776	0.0012044035829603672
335	confusion	../syntropy_project/models/model1_0	../syntropy_project/models/model1_0	anger	0.7777667045593262	0.09695031493902206	0.016378529369831085	0.08882161974906921	0.001441837870515883	0.000581701286137104	0.005426498595625162	0.010723941959440708	0.0003288371372036636	0.0002853258920367807	0.0002248950768262148	0.0010697859106585383	0.7777667045593262
336	fear	../syntropy_project/models/model1_0	../syntropy_project/models/model1_0	fear	0.8633865118026733	0.006440047174692154	0.05542265996336937	0.0019670736510306597	0.012543928809463978	0.0025088211987167597	0.007136410102248192	0.04533342644572258	0.8633865118026733	0.0007362553733401	0.0003534093266353011	0.00047385229845531285	0.0036976805422455072
337	neutral	../syntropy_project/models/model1_0	../syntropy_project/models/model1_0	neutral	0.859459638595581	0.859459638595581	0.007497374899685383	0.031176794320344925	0.00042302560177631676	0.013722916133701801	0.008517912589013577	0.026751505210995674	0.0022380712907761335	0.029761342331767082	0.009638763032853603	0.002642099279910326	0.008170549757778645
338	anger	../syntropy_project/models/model1_0	../syntropy_project/models/model1_0	anger	0.8173862099647522	0.03984512761235237	0.017353404313325882	0.0011068007443100214	0.002764185192063451	0.0010545275872573256	0.00291344802826643	0.09371575713157654	0.015689700841903687	0.0032956942450255156	0.0034049316309392452	0.0014701809268444777	0.8173862099647522
339	nervousness	../syntropy_project/models/model1_0	../syntropy_project/models/model1_0	embarrassment	0.39733123779296875	0.009426324628293514	0.16099070012569427	0.02615085430443287	0.30880141258239746	0.002771143103018403	0.39733123779296875	0.011906489729881287	0.03732195124030113	0.005640645511448383	0.00043093995191156864	0.01595400646328926	0.02327430620789528
340	disgust	../syntropy_project/models/model1_0	../syntropy_project/models/model1_0	neutral	0.2546699047088623	0.2546699047088623	0.23848864436149597	0.031968001276254654	0.011930791661143303	0.0043085492216050625	0.10651009529829025	0.22364771366119385	0.04115127772092819	0.07109756022691727	0.006469971500337124	0.004826363176107407	0.004931265953928232
341	disgust	../syntropy_project/models/model1_0	../syntropy_project/models/model1_0	disgust	0.9436996579170227	0.004949990659952164	0.0007666482706554234	0.028412729501724243	7.526233821408823e-05	0.0015361522091552615	0.015177913941442966	0.9436996579170227	0.002088926499709487	0.00014262614422477782	0.000203731469810009	0.00013698430848307908	0.0028094372246414423
342	embarrassment	../syntropy_project/models/model1_0	../syntropy_project/models/model1_0	embarrassment	0.9085212349891663	0.0030999653972685337	0.020213615149259567	0.0006633968441747129	0.00041034002788364887	0.00013256174861453474	0.9085212349891663	0.04726788401603699	0.0029034570325165987	0.0002905208966694772	1.3750097423326224e-05	0.003648374928161502	0.012834952212870121
343	confusion	../syntropy_project/models/model1_0	../syntropy_project/models/model1_0	neutral	0.7948780059814453	0.7948780059814453	0.009394542314112186	0.1503821164369583	0.0005017094663344324	0.0021166668739169836	0.01059915591031313	0.009606029838323593	0.0018345934804528952	0.006555955391377211	0.0012819390976801515	0.0042160614393651485	0.008633183315396309
344	fear	../syntropy_project/models/model1_0	../syntropy_project/models/model1_0	fear	0.6420741677284241	0.14569200575351715	0.039887577295303345	0.0055220103822648525	0.021997330710291862	0.004605317022651434	0.0060390904545784	0.07303043454885483	0.6420741677284241	0.008762924931943417	0.006741809658706188	0.004869540687650442	0.040777795016765594
345	confusion	../syntropy_project/models/model1_0	../syntropy_project/models/model1_0	confusion	0.9788835048675537	0.0024995182175189257	0.0010211390908807516	0.9788835048675537	9.621491335565224e-05	0.01459585316479206	0.001796838128939271	0.0003904819313902408	8.886637078830972e-05	0.00013517138722818345	2.5798208298510872e-05	8.23355294414796e-05	0.0003841118304990232
346	nervousness	../syntropy_project/models/model1_0	../syntropy_project/models/model1_0	fear	0.9417300224304199	0.004912277217954397	0.004154980648308992	0.0009468625648878515	0.03980403393507004	0.0025143844541162252	0.001370054786093533	0.0028328101616352797	0.9417300224304199	0.0006321725086309016	0.0004684382874984294	0.0003147880488540977	0.00031917309388518333
347	fear	../syntropy_project/models/model1_0	../syntropy_project/models/model1_0	fear	0.7298868298530579	0.12333166599273682	0.007672538980841637	0.00712764635682106	0.016373218968510628	0.004342975094914436	0.008329224772751331	0.057769350707530975	0.7298868298530579	0.0063470094464719296	0.004227499943226576	0.0022237198427319527	0.032368239015340805
348	surprise	../syntropy_project/models/model1_0	../syntropy_project/models/model1_0	surprise	0.9888633489608765	0.0026959911920130253	0.00015538529260084033	0.0006894588586874306	3.277108771726489e-05	0.9888633489608765	0.00037366306059993804	0.0001533295726403594	0.00017529450997244567	0.000604404543992132	0.005969942547380924	0.00027521891752257943	1.121418972616084e-05
349	excitement	../syntropy_project/models/model1_0	../syntropy_project/models/model1_0	confusion	0.46195241808891296	0.06662601977586746	0.0024183527566492558	0.46195241808891296	0.00044952041935175657	0.4087207317352295	0.001816842588596046	0.002586759626865387	0.0007741843583062291	0.004231462720781565	0.024853257462382317	0.0011460999958217144	0.02442445605993271
350	sadness	../syntropy_project/models/model1_0	../syntropy_project/models/model1_0	sadness	0.9679762721061707	0.004333158023655415	0.9679762721061707	0.0015753593761473894	0.0017747775418683887	0.00443286681547761	0.0035912657622247934	0.0027496812399476767	0.01069074496626854	0.0014689314411953092	0.00041444081580266356	0.000386682222597301	0.0006059195729903877
351	sadness	../syntropy_project/models/model1_0	../syntropy_project/models/model1_0	sadness	0.9955129027366638	0.0013458940666168928	0.9955129027366638	9.379895345773548e-05	0.0002487206947989762	0.00010925424430752173	0.0001646759919822216	0.0003083661140408367	0.0004481365904211998	0.0012493814574554563	0.0003530798712745309	4.833258208236657e-05	0.00011740915942937136
352	joy	../syntropy_project/models/model1_0	../syntropy_project/models/model1_0	anger	0.4825032949447632	0.10301871597766876	0.0906558483839035	0.03964861482381821	0.004345450550317764	0.10453474521636963	0.018752096220850945	0.04708869010210037	0.005859173834323883	0.044354747980833054	0.05292092263698578	0.006317686755210161	0.4825032949447632
353	joy	../syntropy_project/models/model1_0	../syntropy_project/models/model1_0	joy	0.9888680577278137	0.003395352978259325	0.0005608771461993456	0.0007338545401580632	1.8861668650060892e-05	0.0003438311396166682	0.0002550320641603321	7.32421176508069e-05	2.2135845938464627e-05	0.9888680577278137	0.004137635231018066	0.0015564135974273086	3.476368510746397e-05
354	surprise	../syntropy_project/models/model1_0	../syntropy_project/models/model1_0	confusion	0.3251551687717438	0.07295282185077667	0.10507680475711823	0.3251551687717438	0.02330002933740616	0.09539514034986496	0.16633431613445282	0.09223420172929764	0.03311717137694359	0.0074966708198189735	0.0019969427958130836	0.010400624945759773	0.06654012203216553
355	sadness	../syntropy_project/models/model1_0	../syntropy_project/models/model1_0	sadness	0.9825958013534546	0.004492652602493763	0.9825958013534546	0.003035430796444416	0.0008995618554763496	0.00026802250067703426	0.0010880454210564494	0.0012161644408479333	0.003160677384585142	0.00208399910479784	0.00016107497503980994	0.0001741610758472234	0.0008244308992289007
356	fear	../syntropy_project/models/model1_0	../syntropy_project/models/model1_0	fear	0.9104578495025635	0.004193986766040325	0.0064129033125936985	0.0017599185230210423	0.05159667879343033	0.0071829394437372684	0.003606532234698534	0.005758027546107769	0.9104578495025635	0.0012970335083082318	0.001087870099581778	0.0012911104131489992	0.005355123430490494
357	confusion	../syntropy_project/models/model1_0	../syntropy_project/models/model1_0	confusion	0.9894465804100037	0.0019117776537314057	0.0001186865774798207	0.9894465804100037	0.0001765592023730278	0.0058327061124145985	0.0017423799727112055	0.00018942164024338126	0.00012437012628652155	7.327404455281794e-05	2.8534586817841046e-05	0.00012209132546558976	0.00023368732945527881
358	anger	../syntropy_project/models/model1_0	../syntropy_project/models/model1_0	anger	0.8131365180015564	0.014728326350450516	0.02693253755569458	0.008018510416150093	0.0021737967617809772	0.0009998854948207736	0.009937060065567493	0.03576432913541794	0.001363245421089232	0.05495572090148926	0.02355104871094227	0.008439024910330772	0.8131365180015564
359	disgust	../syntropy_project/models/model1_0	../syntropy_project/models/model1_0	disgust	0.9543859362602234	0.011392314918339252	0.004421276971697807	0.0035932750906795263	0.0006601944915018976	0.0012734754709526896	0.006143735256046057	0.9543859362602234	0.006090354640036821	0.00041080854134634137	0.0014378454070538282	0.00042619791929610074	0.00976471696048975
360	joy	../syntropy_project/models/model1_0	../syntropy_project/models/model1_0	joy	0.988623857498169	0.0018025946337729692	0.00045099452836439013	0.0002563595771789551	2.4476061298628338e-05	5.388876888900995e-05	0.00013496169412974268	4.31873049819842e-05	4.505173637880944e-05	0.988623857498169	0.007350950036197901	0.0011690687388181686	4.468545375857502e-05
361	disgust	../syntropy_project/models/model1_0	../syntropy_project/models/model1_0	disgust	0.9856615662574768	0.0010103128151968122	0.0004040561616420746	0.0001841432967921719	7.128087599994615e-05	0.0005587789928540587	0.0032770447432994843	0.9856615662574768	0.0013038627803325653	0.00012903766764793545	0.0005315410671755672	7.413529965560883e-05	0.0067942263558506966
362	neutral	../syntropy_project/models/model1_0	../syntropy_project/models/model1_0	neutral	0.7121968269348145	0.7121968269348145	0.016474340111017227	0.014966549351811409	0.0025618996005505323	0.14029404520988464	0.00409039156511426	0.02693362906575203	0.01047832053154707	0.01749880239367485	0.04609174281358719	0.005252630449831486	0.003160936525091529
363	neutral	../syntropy_project/models/model1_0	../syntropy_project/models/model1_0	confusion	0.696337878704071	0.226847305893898	0.007248156238347292	0.696337878704071	0.00024177633167710155	0.0476166270673275	0.003651509527117014	0.0028723401483148336	0.001491918577812612	0.00437804963439703	0.005187916103750467	0.0008249551174230874	0.003301550168544054
364	sadness	../syntropy_project/models/model1_0	../syntropy_project/models/model1_0	sadness	0.9958950281143188	0.0017489793244749308	0.9958950281143188	0.00018416666716802865	0.000202283714315854	0.00012928662181366235	0.00016656868683639914	0.00018804131832439452	0.0006003176094964147	0.0005883314879611135	0.00015393996727652848	5.5431290093110874e-05	8.752242138143629e-05
365	anger	../syntropy_project/models/model1_0	../syntropy_project/models/model1_0	disgust	0.3736026883125305	0.14852148294448853	0.01896214671432972	0.05701623484492302	0.0012955444399267435	0.0024966225028038025	0.0676027238368988	0.3736026883125305	0.0030644647777080536	0.04706261679530144	0.005542151164263487	0.00885738804936409	0.2659758925437927
366	pride	../syntropy_project/models/model1_0	../syntropy_project/models/model1_0	neutral	0.35517534613609314	0.35517534613609314	0.1755475401878357	0.011504754424095154	0.026417365297675133	0.0038169228937476873	0.07927834987640381	0.1711418777704239	0.00942875724285841	0.03899427503347397	0.03916879743337631	0.03810906782746315	0.05141698196530342
367	sadness	../syntropy_project/models/model1_0	../syntropy_project/models/model1_0	sadness	0.9936615228652954	0.002181317424401641	0.9936615228652954	0.0001016365786199458	0.00041128971497528255	0.00014783551159780473	0.0003352106432430446	0.0007963115931488574	0.0006269349833019078	0.0010996684432029724	0.0002499807742424309	8.368932321900502e-05	0.0003045109042432159
368	anger	../syntropy_project/models/model1_0	../syntropy_project/models/model1_0	anger	0.9352771043777466	0.013250310905277729	0.0251266211271286	0.0005319031188264489	0.0036235149018466473	0.00027933233650401235	0.0006980408797971904	0.015126674436032772	0.0020234824623912573	0.001045300392434001	0.0022622437682002783	0.0007554686162620783	0.9352771043777466
369	neutral	../syntropy_project/models/model1_0	../syntropy_project/models/model1_0	neutral	0.8440428376197815	0.8440428376197815	0.008170714601874352	0.020451998338103294	0.0020605996251106262	0.005027140490710735	0.0076822987757623196	0.05259673297405243	0.008243314921855927	0.003140868153423071	0.0016993473982438445	0.0037230176385492086	0.043161164969205856
370	sadness	../syntropy_project/models/model1_0	../syntropy_project/models/model1_0	sadness	0.9923553466796875	0.0016907935496419668	0.9923553466796875	0.0009978783782571554	0.0014905930729582906	0.0002731229760684073	0.0002973788941744715	0.0003230540023650974	0.001269000582396984	0.0004931834992021322	0.00011528010509209707	3.0481787689495832e-05	0.0006638620398007333
371	anger	../syntropy_project/models/model1_0	../syntropy_project/models/model1_0	anger	0.9866498112678528	0.00039282796205952764	0.0002262276830151677	0.0003423757152631879	0.000476586923468858	0.0013434856664389372	0.00046370504423975945	0.009281693026423454	0.0002676896401681006	7.32477055862546e-05	0.0003848570922855288	9.756106010172516e-05	0.9866498112678528
372	anger	../syntropy_project/models/model1_0	../syntropy_project/models/model1_0	anger	0.9963589906692505	0.0002338924678042531	9.825388406170532e-05	2.2867805455462076e-05	9.030809451360255e-05	3.604444646043703e-05	0.000134664835059084	0.0028534738812595606	3.8256068364717066e-05	1.5033500858407933e-05	8.273103594547138e-05	3.5446395486360416e-05	0.9963589906692505
373	fear	../syntropy_project/models/model1_0	../syntropy_project/models/model1_0	disgust	0.6629154086112976	0.03692766651511192	0.012306434102356434	0.005972160957753658	0.009600273333489895	0.0135667584836483	0.041590601205825806	0.6629154086112976	0.17469610273838043	0.018394261598587036	0.011967902071774006	0.002821856178343296	0.009240574203431606
374	joy	../syntropy_project/models/model1_0	../syntropy_project/models/model1_0	joy	0.6382157802581787	0.004568352364003658	0.0014600675785914063	0.0002462585107423365	0.00037948437966406345	0.001989642158150673	0.0005760460626333952	0.00017227376520168036	5.398207576945424e-05	0.6382157802581787	0.31256982684135437	0.039537329226732254	0.0002309945411980152
375	anger	../syntropy_project/models/model1_0	../syntropy_project/models/model1_0	confusion	0.768589437007904	0.20473162829875946	0.0027765235863626003	0.768589437007904	0.00023466171114705503	0.0031045526266098022	0.003203983185812831	0.0056154062040150166	0.0020707729272544384	0.00040081521729007363	0.0003259163931943476	0.0006008479394949973	0.008345472626388073
376	joy	../syntropy_project/models/model1_0	../syntropy_project/models/model1_0	joy	0.9867523908615112	0.0017459187656641006	0.0006968018133193254	8.12318321550265e-05	1.8100156012224033e-05	0.00012104662164347246	6.246951670618728e-05	2.830302582879085e-05	1.3653675523528364e-05	0.9867523908615112	0.009134273044764996	0.0013300749706104398	1.5745887139928527e-05
377	neutral	../syntropy_project/models/model1_0	../syntropy_project/models/model1_0	anger	0.97283935546875	0.002720389747992158	0.0018539907177910209	0.0006803027936257422	0.0015958646545186639	0.006586226634681225	0.001184004475362599	0.008397763594985008	0.0006300070672295988	0.00037531930138356984	0.0026741588953882456	0.0004626043082680553	0.97283935546875
378	embarrassment	../syntropy_project/models/model1_0	../syntropy_project/models/model1_0	embarrassment	0.935252845287323	0.0002069336624117568	0.0011067031882703304	0.000287500093691051	0.00027980239246971905	5.179606159799732e-05	0.935252845287323	0.05298982188105583	0.0004958894569426775	3.159677726216614e-05	1.2960912499693222e-05	0.0011677003931254148	0.008116384968161583
379	surprise	../syntropy_project/models/model1_0	../syntropy_project/models/model1_0	surprise	0.5308992862701416	0.052528947591781616	0.0043420493602752686	0.06036845222115517	0.0007080567302182317	0.5308992862701416	0.011687560938298702	0.0042378720827400684	0.002810754580423236	0.1497659832239151	0.1732116937637329	0.007899964228272438	0.0015394643414765596
380	excitement	../syntropy_project/models/model1_0	../syntropy_project/models/model1_0	surprise	0.5727173686027527	0.028243986889719963	0.002833771985024214	0.0013871983392164111	0.00023830504505895078	0.5727173686027527	0.0010723037412390113	0.0026471507735550404	0.000902495055925101	0.03636973723769188	0.3501163721084595	0.003198326099663973	0.000273062294581905
381	neutral	../syntropy_project/models/model1_0	../syntropy_project/models/model1_0	disgust	0.7001773118972778	0.00992287416011095	0.0046684592962265015	0.01853753998875618	0.0115734888240695	0.003648265264928341	0.08124192804098129	0.7001773118972778	0.012096013873815536	0.0007009554537944496	0.0004242457216605544	0.0011371689615771174	0.15587179362773895
382	neutral	../syntropy_project/models/model1_0	../syntropy_project/models/model1_0	neutral	0.47507694363594055	0.47507694363594055	0.032777417451143265	0.08348848670721054	0.0012019046116620302	0.10724597424268723	0.03107459843158722	0.16926582157611847	0.017868245020508766	0.05044006556272507	0.0177430622279644	0.0030811463948339224	0.01073638629168272
383	neutral	../syntropy_project/models/model1_0	../syntropy_project/models/model1_0	neutral	0.8317084312438965	0.8317084312438965	0.0020233415998518467	0.08940189331769943	0.00022621646348852664	0.011041941121220589	0.002083247760310769	0.0011501972330734134	0.0013326905900612473	0.038164034485816956	0.016809731721878052	0.005409793462604284	0.0006484477780759335
384	joy	../syntropy_project/models/model1_0	../syntropy_project/models/model1_0	joy	0.9594727754592896	0.019588008522987366	0.004555845633149147	0.0005921524134464562	0.0002641907485667616	0.00013656637747772038	0.0002540772838983685	0.00014115418889559805	0.0001134524864028208	0.9594727754592896	0.01056265365332365	0.003997376188635826	0.000321733474265784
385	excitement	../syntropy_project/models/model1_0	../syntropy_project/models/model1_0	excitement	0.6025999784469604	0.004455658607184887	0.0007250464987009764	7.826671935617924e-05	0.00011024311243090779	0.0004742802120745182	5.786666588392109e-05	8.88080830918625e-05	2.5939421902876347e-05	0.3895614445209503	0.6025999784469604	0.00177049043122679	5.1940351113444194e-05
386	surprise	../syntropy_project/models/model1_0	../syntropy_project/models/model1_0	surprise	0.9482890963554382	0.004250256810337305	0.00044012797297909856	0.005361953284591436	0.0003007228078786284	0.9482890963554382	0.0011148046469315886	0.0016632471233606339	0.0013256174279376864	0.0022973460145294666	0.03318290412425995	0.00080320262350142	0.0009706817218102515
387	disgust	../syntropy_project/models/model1_0	../syntropy_project/models/model1_0	disgust	0.8286696672439575	0.006499290466308594	0.022316910326480865	0.011138742789626122	0.0017048957524821162	0.0007257729303091764	0.06996429711580276	0.8286696672439575	0.027128329500555992	0.00040715353679843247	0.0002284447109559551	0.0006451478111557662	0.030571267008781433
388	disgust	../syntropy_project/models/model1_0	../syntropy_project/models/model1_0	disgust	0.9129040241241455	0.018150797113776207	0.00765181565657258	0.0012240190990269184	0.0010562309762462974	0.0020915770437568426	0.005246180109679699	0.9129040241241455	0.02706735208630562	0.0007243923610076308	0.00246169394813478	0.0005684248171746731	0.020853621885180473
389	disgust	../syntropy_project/models/model1_0	../syntropy_project/models/model1_0	disgust	0.5596902966499329	0.03708672896027565	0.07414206117391586	0.005215866025537252	0.037630077451467514	0.045680537819862366	0.0583614744246006	0.5596902966499329	0.1141018196940422	0.007915660738945007	0.014890742488205433	0.002730582607910037	0.04255414009094238
390	neutral	../syntropy_project/models/model1_0	../syntropy_project/models/model1_0	neutral	0.7363097667694092	0.7363097667694092	0.02786323055624962	0.00371750071644783	0.0009651677100919187	0.006399443838745356	0.002660144818946719	0.011376669630408287	0.002144052181392908	0.12128253281116486	0.07937547564506531	0.004697743803262711	0.003208361566066742
391	anger	../syntropy_project/models/model1_0	../syntropy_project/models/model1_0	confusion	0.42136406898498535	0.3411237299442291	0.00430245790630579	0.42136406898498535	0.0008944505825638771	0.05102211609482765	0.005065412260591984	0.005375047214329243	0.0016932800645008683	0.014122124761343002	0.036972012370824814	0.0025297573301941156	0.115535669028759
392	neutral	../syntropy_project/models/model1_0	../syntropy_project/models/model1_0	neutral	0.5966252088546753	0.5966252088546753	0.07720866799354553	0.002542878268286586	0.0013211049372330308	0.008371319621801376	0.01161840371787548	0.0035529383458197117	0.0009062277968041599	0.13138632476329803	0.15825077891349792	0.0063482653349637985	0.001867979415692389
393	neutral	../syntropy_project/models/model1_0	../syntropy_project/models/model1_0	confusion	0.7113513946533203	0.1997368186712265	0.019294248893857002	0.7113513946533203	0.0029880644287914038	0.023995783179998398	0.008558609522879124	0.002246821066364646	0.0017597867408767343	0.001381989219225943	0.0007659222465008497	0.0018415744416415691	0.026079045608639717
394	joy	../syntropy_project/models/model1_0	../syntropy_project/models/model1_0	excitement	0.676179051399231	0.00885965209454298	0.0016960258362814784	0.0002212893305113539	0.0006919504958204925	0.0007294113165698946	0.0004887282266281545	0.00027061504079028964	9.855851385509595e-05	0.3009965717792511	0.676179051399231	0.00936873909085989	0.0003994734724983573
395	sadness	../syntropy_project/models/model1_0	../syntropy_project/models/model1_0	sadness	0.9935490489006042	0.0014472710900008678	0.9935490489006042	0.00014634216495323926	0.0002940127451438457	0.00018407905008643866	0.0002113389055011794	0.000207749311812222	0.001274498994462192	0.0020481159444898367	0.0004698765114881098	9.453319216845557e-05	7.320350414374843e-05
396	fear	../syntropy_project/models/model1_0	../syntropy_project/models/model1_0	fear	0.9601224660873413	0.0009717964567244053	0.001060144160874188	0.0009442187147215009	0.03340298309922218	0.0006232756422832608	0.0012543024495244026	0.0007169095333665609	0.9601224660873413	0.00029592448845505714	8.142658771248534e-05	0.0002708267420530319	0.0002557456900831312
397	nervousness	../syntropy_project/models/model1_0	../syntropy_project/models/model1_0	nervousness	0.9162191152572632	0.001978460466489196	0.0029732619877904654	0.003123146714642644	0.9162191152572632	0.0015614371513947845	0.0027860950212925673	0.0014131574425846338	0.0657336637377739	0.0010623250855132937	0.001644010073505342	0.0007248425390571356	0.000780438247602433
398	confusion	../syntropy_project/models/model1_0	../syntropy_project/models/model1_0	confusion	0.9909475445747375	0.002750601852312684	0.0009506691712886095	0.9909475445747375	0.0003676507330965251	0.0016923146322369576	0.0017924061976373196	0.0005097973626106977	0.00020789478730876	3.341135015944019e-05	1.5833616998861544e-05	5.332666478352621e-05	0.000678646785672754
399	neutral	../syntropy_project/models/model1_0	../syntropy_project/models/model1_0	neutral	0.6852911114692688	0.6852911114692688	0.08469085395336151	0.02204163186252117	0.002104360843077302	0.0025665019638836384	0.02204541303217411	0.0374625027179718	0.009983262047171593	0.005311455577611923	0.0026810341514647007	0.0032227837946265936	0.12259911000728607
400	surprise	../syntropy_project/models/model1_0	../syntropy_project/models/model1_0	neutral	0.7679099440574646	0.7679099440574646	0.01825280301272869	0.007174839731305838	0.0038844787050038576	0.07332105934619904	0.004758539143949747	0.017502449452877045	0.013623014092445374	0.028528448194265366	0.05508005991578102	0.007797720842063427	0.002166643040254712
401	surprise	../syntropy_project/models/model1_0	../syntropy_project/models/model1_0	surprise	0.9903703331947327	0.003504970809444785	0.0001933257153723389	0.00018942779570352286	1.0015780389949214e-05	0.9903703331947327	8.597115083830431e-05	0.00012112387048546225	4.745636761072092e-05	0.000508474069647491	0.004880980588495731	8.734348375583068e-05	5.927956294726755e-07
402	joy	../syntropy_project/models/model1_0	../syntropy_project/models/model1_0	joy	0.7811909914016724	0.011785795912146568	0.010283841751515865	0.000805259682238102	0.00012907090422231704	0.012424163520336151	0.000634478812571615	0.00023201188014354557	0.00033375254133716226	0.7811909914016724	0.17665442824363708	0.0054764337837696075	4.9752910854294896e-05
403	confusion	../syntropy_project/models/model1_0	../syntropy_project/models/model1_0	confusion	0.4372611343860626	0.27822238206863403	0.006023540161550045	0.4372611343860626	0.00047514852485619485	0.25286978483200073	0.002346101449802518	0.0029381851200014353	0.0019876337610185146	0.004387475084513426	0.011695053428411484	0.0012553860433399677	0.0005381268565542996
404	neutral	../syntropy_project/models/model1_0	../syntropy_project/models/model1_0	neutral	0.7464191317558289	0.7464191317558289	0.010009173303842545	0.03713902458548546	0.0010924232192337513	0.0006636917241849005	0.006499897688627243	0.0268718171864748	0.0018101487075909972	0.00203491747379303	0.0008551776991225779	0.002308740746229887	0.16429579257965088
405	excitement	../syntropy_project/models/model1_0	../syntropy_project/models/model1_0	excitement	0.9776967763900757	0.0025024437345564365	0.0002036240475717932	0.0001344257761957124	3.30121474689804e-05	0.0008837509085424244	2.048188071057666e-05	4.6140172344166785e-05	3.939166708732955e-05	0.018284756690263748	0.9776967763900757	9.743628470459953e-05	5.7686051150085405e-05
406	surprise	../syntropy_project/models/model1_0	../syntropy_project/models/model1_0	surprise	0.9701171517372131	0.0027660958003252745	0.003877675859257579	0.0007820278406143188	0.0003139180480502546	0.9701171517372131	0.004086452070623636	0.006718950346112251	0.0010304026072844863	0.0012498956639319658	0.00810361560434103	0.0003289842570666224	0.0006247570854611695
407	disgust	../syntropy_project/models/model1_0	../syntropy_project/models/model1_0	disgust	0.9894301891326904	0.0005305997910909355	0.00020583321747835726	8.199099102057517e-05	5.5257689382415265e-05	0.00013906907406635582	0.001965596806257963	0.9894301891326904	0.0008946945890784264	6.276954081840813e-05	0.00014204949548002332	4.949659705744125e-05	0.0064423782750964165
408	sadness	../syntropy_project/models/model1_0	../syntropy_project/models/model1_0	fear	0.2409786581993103	0.033285968005657196	0.22892867028713226	0.03191995993256569	0.04771772399544716	0.010188973508775234	0.2258777618408203	0.12262240797281265	0.2409786581993103	0.016561925411224365	0.0037511945702135563	0.01497227419167757	0.023194653913378716
409	joy	../syntropy_project/models/model1_0	../syntropy_project/models/model1_0	joy	0.8485965728759766	0.0035430039279162884	0.0005275243311189115	0.0003689543518703431	3.9937731344252825e-05	0.002975775394588709	0.00014990945055615157	0.00010317964188288897	3.327680678921752e-05	0.8485965728759766	0.14201292395591736	0.0016087371623143554	4.0149483538698405e-05
410	confusion	../syntropy_project/models/model1_0	../syntropy_project/models/model1_0	confusion	0.9691357016563416	0.014065880328416824	0.0005628452636301517	0.9691357016563416	0.00018907240882981569	0.012549730949103832	0.0024579805321991444	0.0002542554575484246	0.00028047990053892136	6.650225259363651e-05	7.854203431634232e-05	0.00024084729375317693	0.00011812739103334025
411	anger	../syntropy_project/models/model1_0	../syntropy_project/models/model1_0	anger	0.9042307138442993	0.015348246321082115	0.0037626561243087053	0.0009768708841875196	0.0021063012536615133	0.006461012177169323	0.003299192525446415	0.05192163586616516	0.0021096677519381046	0.0015971543034538627	0.006856371648609638	0.0013301707804203033	0.9042307138442993
412	anger	../syntropy_project/models/model1_0	../syntropy_project/models/model1_0	anger	0.7868891954421997	0.13932715356349945	0.012869307771325111	0.00677484180778265	0.0019006193615496159	0.0011621867306530476	0.0038124716375023127	0.0410994291305542	0.001247958280146122	0.0013214893406257033	0.0018181954510509968	0.0017771106213331223	0.7868891954421997
413	confusion	../syntropy_project/models/model1_0	../syntropy_project/models/model1_0	embarrassment	0.6478410363197327	0.008121417835354805	0.004661341197788715	0.30563870072364807	0.0006502889445982873	0.0020057721994817257	0.6478410363197327	0.02743963524699211	0.0006994035793468356	0.00012852001236751676	6.0439357184804976e-05	0.0016832181718200445	0.0010702827712520957
414	confusion	../syntropy_project/models/model1_0	../syntropy_project/models/model1_0	surprise	0.8071783781051636	0.023017488420009613	0.006742366589605808	0.12211118638515472	0.0005661841714754701	0.8071783781051636	0.01791650801897049	0.009852012619376183	0.007870201021432877	0.001478100661188364	0.0017002065433189273	0.0006458378629758954	0.0009215563768520951
415	anger	../syntropy_project/models/model1_0	../syntropy_project/models/model1_0	anger	0.45729780197143555	0.1352505385875702	0.03982524573802948	0.015042021870613098	0.0037972007412463427	0.00968106184154749	0.018759049475193024	0.05757119134068489	0.004719725344330072	0.18107959628105164	0.06493204087018967	0.012044570408761501	0.45729780197143555
416	anger	../syntropy_project/models/model1_0	../syntropy_project/models/model1_0	anger	0.49041280150413513	0.19676648080348969	0.016826845705509186	0.018140526488423347	0.0020517627708613873	0.003207852365449071	0.007513293996453285	0.25630810856819153	0.003975864499807358	0.0015724969562143087	0.002207911340519786	0.001016044057905674	0.49041280150413513
417	sadness	../syntropy_project/models/model1_0	../syntropy_project/models/model1_0	sadness	0.9973024129867554	0.0008989255293272436	0.9973024129867554	7.550857117166743e-05	0.00014809006825089455	7.936781184980646e-05	9.704206604510546e-05	0.00010770349763333797	0.0002955626114271581	0.0007389605161733925	0.00014251192624215037	4.548669312498532e-05	6.840444984845817e-05
418	confusion	../syntropy_project/models/model1_0	../syntropy_project/models/model1_0	confusion	0.836020827293396	0.13997860252857208	0.0006539220339618623	0.836020827293396	0.0001557272335048765	0.01790621690452099	0.002250012941658497	0.00023250958474818617	0.0003364574513398111	0.0002054594224318862	0.0006345596048049629	0.0004685225139837712	0.0011571364011615515
419	neutral	../syntropy_project/models/model1_0	../syntropy_project/models/model1_0	disgust	0.3058352768421173	0.1870507448911667	0.06467407941818237	0.024074265733361244	0.01151858177036047	0.018131714314222336	0.033182088285684586	0.3058352768421173	0.046769265085458755	0.039627425372600555	0.06967994570732117	0.004487691447138786	0.19496887922286987
420	confusion	../syntropy_project/models/model1_0	../syntropy_project/models/model1_0	confusion	0.9936284422874451	0.004150838125497103	7.419563189614564e-05	0.9936284422874451	1.474676355428528e-05	0.0010397005826234818	0.0007442038622684777	4.550652374746278e-05	3.138220927212387e-05	2.826345917128492e-05	9.955593668564688e-06	4.209504186292179e-05	0.00019061547936871648
421	confusion	../syntropy_project/models/model1_0	../syntropy_project/models/model1_0	confusion	0.9670170545578003	0.026238976046442986	0.0014886135468259454	0.9670170545578003	0.00028368219500407577	0.0011791842989623547	0.0014728008536621928	0.0005549219204112887	0.00042398160439915955	0.00013271289935801178	5.013246845919639e-05	0.0003056006971746683	0.0008523592841811478
422	disgust	../syntropy_project/models/model1_0	../syntropy_project/models/model1_0	disgust	0.6350955367088318	0.022795256227254868	0.009934217669069767	0.01609155349433422	0.00900832936167717	0.049648039042949677	0.22018638253211975	0.6350955367088318	0.022497372701764107	0.005652904510498047	0.0024574261624366045	0.0023169040214270353	0.004315998870879412
423	sadness	../syntropy_project/models/model1_0	../syntropy_project/models/model1_0	confusion	0.775149405002594	0.1210407167673111	0.027934009209275246	0.775149405002594	0.0014290233375504613	0.041473232209682465	0.01496545784175396	0.0051555694080889225	0.0040397848933935165	0.002868600655347109	0.00342704844661057	0.0013065867824479938	0.0012105487985536456
424	sadness	../syntropy_project/models/model1_0	../syntropy_project/models/model1_0	sadness	0.9154801964759827	0.009243104606866837	0.9154801964759827	0.005110009107738733	0.010260194540023804	0.0037875657435506582	0.0029247673228383064	0.0015700963558629155	0.046319667249917984	0.002025139983743429	0.0017114182701334357	0.000338869693223387	0.0012290658196434379
425	joy	../syntropy_project/models/model1_0	../syntropy_project/models/model1_0	neutral	0.3173486590385437	0.3173486590385437	0.19410891830921173	0.02160581387579441	0.03552677482366562	0.03574692830443382	0.008465892635285854	0.007084967568516731	0.005165690090507269	0.12311558425426483	0.2250206619501114	0.018208226189017296	0.00860186293721199
426	surprise	../syntropy_project/models/model1_0	../syntropy_project/models/model1_0	surprise	0.7938969731330872	0.03875025361776352	0.016444476321339607	0.0016242340207099915	0.004546354059129953	0.7938969731330872	0.010031606070697308	0.009227529168128967	0.0982259213924408	0.006815600208938122	0.01608491688966751	0.0033806324936449528	0.0009715323685668409
427	surprise	../syntropy_project/models/model1_0	../syntropy_project/models/model1_0	surprise	0.7462978959083557	0.029623525217175484	0.0018248443957418203	0.0043660434894263744	0.0004080413782503456	0.7462978959083557	0.0009674798347987235	0.0014610461657866836	0.0020066264551132917	0.0189850814640522	0.1906326860189438	0.003017389215528965	0.0004092139715794474
428	disgust	../syntropy_project/models/model1_0	../syntropy_project/models/model1_0	anger	0.5362240672111511	0.009397481568157673	0.0058695534244179726	0.009460557252168655	0.0007240097038447857	0.001064575044438243	0.051727548241615295	0.3810656666755676	0.0013725990429520607	0.0012287459103390574	0.0007036884780973196	0.0011614632094278932	0.5362240672111511
429	sadness	../syntropy_project/models/model1_0	../syntropy_project/models/model1_0	sadness	0.9553382992744446	0.006656599696725607	0.9553382992744446	0.0013358482392504811	0.000961392535828054	0.00019551563309505582	0.0022303685545921326	0.0021941708400845528	0.0005271626869216561	0.025221915915608406	0.0007041775388643146	0.0010788706131279469	0.003555595874786377
430	anger	../syntropy_project/models/model1_0	../syntropy_project/models/model1_0	sadness	0.5479099750518799	0.12503498792648315	0.5479099750518799	0.0035229132045060396	0.07377453148365021	0.0003673421451821923	0.01251113973557949	0.03225962817668915	0.01022668182849884	0.01033883634954691	0.004770744126290083	0.0015936419367790222	0.1776895523071289
431	confusion	../syntropy_project/models/model1_0	../syntropy_project/models/model1_0	confusion	0.9944867491722107	0.003734060563147068	6.894424586789683e-05	0.9944867491722107	1.7310403563897125e-05	0.0010594441555440426	0.0003285067796241492	7.210941839730367e-05	8.793707092991099e-05	3.239710713387467e-05	1.4975605154177174e-05	3.11377843900118e-05	6.627173570450395e-05
432	disgust	../syntropy_project/models/model1_0	../syntropy_project/models/model1_0	disgust	0.4693106710910797	0.19094935059547424	0.13600774109363556	0.013110955245792866	0.00585670443251729	0.002699060132727027	0.05434171482920647	0.4693106710910797	0.08839937299489975	0.005195573437958956	0.0024150994140654802	0.003990491386502981	0.027723271399736404
433	confusion	../syntropy_project/models/model1_0	../syntropy_project/models/model1_0	neutral	0.367969274520874	0.367969274520874	0.2684919238090515	0.2467842698097229	0.00243513030000031	0.03406345844268799	0.06343387812376022	0.0041913120076060295	0.0054330178536474705	0.0036250685807317495	0.0012649366399273276	0.0019323088927194476	0.00037554933805949986
434	confusion	../syntropy_project/models/model1_0	../syntropy_project/models/model1_0	confusion	0.9670720100402832	0.02306925132870674	0.0010869818506762385	0.9670720100402832	0.00019090108980890363	0.005708863493055105	0.0012212550500407815	0.000311207608319819	0.00018065760377794504	0.00016920306370593607	5.531974966288544e-05	0.00026221355074085295	0.0006721359677612782
435	neutral	../syntropy_project/models/model1_0	../syntropy_project/models/model1_0	surprise	0.648835301399231	0.25074028968811035	0.01673460192978382	0.005010651890188456	0.002462745876982808	0.648835301399231	0.004109606146812439	0.008450739085674286	0.02674751915037632	0.00878166500478983	0.022783759981393814	0.004328197333961725	0.0010149676818400621
436	excitement	../syntropy_project/models/model1_0	../syntropy_project/models/model1_0	joy	0.7076637148857117	0.003618611255660653	0.0008699172758497298	8.395897020818666e-05	0.00010536942136241123	0.0003352371568325907	9.51580295804888e-05	7.687494507990777e-05	2.1059175196569413e-05	0.7076637148857117	0.28452345728874207	0.0025185325648635626	8.821156370686367e-05
437	fear	../syntropy_project/models/model1_0	../syntropy_project/models/model1_0	fear	0.9513717889785767	0.003644897136837244	0.003670166712254286	0.020303422585129738	0.013765417039394379	0.0014325246447697282	0.003630643943324685	0.00108995265327394	0.9513717889785767	0.00039200036553665996	7.452005957020447e-05	0.0003974598366767168	0.00022703449940308928
438	neutral	../syntropy_project/models/model1_0	../syntropy_project/models/model1_0	neutral	0.9222884774208069	0.9222884774208069	0.003792082192376256	0.008694826625287533	0.007625405211001635	0.004870550706982613	0.002228478202596307	0.00797202531248331	0.002339049708098173	0.0023543136194348335	0.002709124004468322	0.0028622348327189684	0.032263435423374176
439	neutral	../syntropy_project/models/model1_0	../syntropy_project/models/model1_0	excitement	0.5505678057670593	0.03541760891675949	0.0012199670309200883	0.0010781603632494807	0.0003244792460463941	0.015130988322198391	0.0006383248837664723	0.0015405527083203197	0.0009281227830797434	0.36706966161727905	0.5505678057670593	0.024649541825056076	0.0014348276890814304
440	sadness	../syntropy_project/models/model1_0	../syntropy_project/models/model1_0	disgust	0.4217492640018463	0.32593607902526855	0.11681103706359863	0.022739922627806664	0.0016941716894507408	0.011498530395328999	0.03934396803379059	0.4217492640018463	0.00817548856139183	0.008321432396769524	0.010106713511049747	0.002017699647694826	0.03160577639937401
441	surprise	../syntropy_project/models/model1_0	../syntropy_project/models/model1_0	surprise	0.8556297421455383	0.03340446203947067	0.003264583181589842	0.08539226651191711	0.00033899364643730223	0.8556297421455383	0.008170900866389275	0.002507263096049428	0.003243304556235671	0.0015375629300251603	0.005348064936697483	0.0008078649407252669	0.0003548343083821237
442	disgust	../syntropy_project/models/model1_0	../syntropy_project/models/model1_0	disgust	0.9325346350669861	0.0013130387524142861	0.00044319513835944235	0.0004868054820690304	0.00013614205818157643	0.00031904526986181736	0.02129845879971981	0.9325346350669861	0.0012897419510409236	0.0001254223461728543	0.00010065817332360893	0.000279963860521093	0.04167284443974495
443	disgust	../syntropy_project/models/model1_0	../syntropy_project/models/model1_0	anger	0.7722761631011963	0.009629267267882824	0.002123702084645629	0.0018541800091043115	0.002151748165488243	0.004651513881981373	0.003728699404746294	0.19635814428329468	0.002454953733831644	0.0008034554775804281	0.0032333123963326216	0.0007348233484663069	0.7722761631011963
444	confusion	../syntropy_project/models/model1_0	../syntropy_project/models/model1_0	confusion	0.5105063319206238	0.4029829204082489	0.0033066642936319113	0.5105063319206238	0.00010550254955887794	0.07384876161813736	0.0008056717924773693	0.001201713690534234	0.0009818578837439418	0.0015790278557687998	0.0030204281210899353	0.0006364028668031096	0.0010246547171846032
445	excitement	../syntropy_project/models/model1_0	../syntropy_project/models/model1_0	excitement	0.5446537733078003	0.03618839010596275	0.004989327862858772	0.0033982540480792522	0.0007135865744203329	0.3205680251121521	0.0026665914338082075	0.004454515874385834	0.0009357974049635231	0.06918658316135406	0.5446537733078003	0.006072572432458401	0.00617265934124589
446	disgust	../syntropy_project/models/model1_0	../syntropy_project/models/model1_0	anger	0.9235572814941406	0.000999786308966577	0.0033526772167533636	0.0007455027080141008	0.0003761823754757643	0.00017905437562149018	0.005443014204502106	0.06282714754343033	0.0003577333118300885	0.0009537572041153908	0.000901170598808676	0.00030665285885334015	0.9235572814941406
447	disgust	../syntropy_project/models/model1_0	../syntropy_project/models/model1_0	disgust	0.7525345087051392	0.05962824821472168	0.009608732536435127	0.009197117760777473	0.004681357182562351	0.03315789997577667	0.10390511155128479	0.7525345087051392	0.009046372957527637	0.009129740297794342	0.005841197445988655	0.0022791472729295492	0.0009905778570100665
448	sadness	../syntropy_project/models/model1_0	../syntropy_project/models/model1_0	neutral	0.8183225393295288	0.8183225393295288	0.01804598607122898	0.01235990971326828	0.0038750749081373215	0.012973175384104252	0.004388920962810516	0.021213961765170097	0.029112601652741432	0.0025687708985060453	0.010621883906424046	0.0038288170471787453	0.06268833577632904
449	fear	../syntropy_project/models/model1_0	../syntropy_project/models/model1_0	disgust	0.769245982170105	0.01278703473508358	0.020821012556552887	0.0018448123009875417	0.0026714811101555824	0.0020842691883444786	0.008113943040370941	0.769245982170105	0.1436205953359604	0.0006860655848868191	0.0017040406819432974	0.0004970153095200658	0.03592369705438614
450	joy	../syntropy_project/models/model1_0	../syntropy_project/models/model1_0	joy	0.9866822957992554	0.003703030524775386	0.0005449934978969395	0.0007808838854543865	2.6252169845975004e-05	0.0005852120229974389	0.0008487034938298166	0.0002859101223293692	7.19313247827813e-05	0.9866822957992554	0.005482430104166269	0.0009279107907786965	6.043607208994217e-05
451	sadness	../syntropy_project/models/model1_0	../syntropy_project/models/model1_0	sadness	0.991165041923523	0.0013512783916667104	0.991165041923523	0.00012457073898985982	0.0002515786327421665	0.0003718330408446491	0.0004072698357049376	0.0004032323486171663	0.0013843318447470665	0.00342595879919827	0.0006529259844683111	0.00027805790887214243	0.00018388041644357145
452	neutral	../syntropy_project/models/model1_0	../syntropy_project/models/model1_0	anger	0.5467950105667114	0.07678450644016266	0.0016019197646528482	0.3108113706111908	0.0011378356721252203	0.01833474449813366	0.004135668743401766	0.03489230200648308	0.0013163379626348615	0.0006081549800001085	0.0017800466157495975	0.0018020463176071644	0.5467950105667114
453	confusion	../syntropy_project/models/model1_0	../syntropy_project/models/model1_0	confusion	0.6508299112319946	0.26734039187431335	0.006672320421785116	0.6508299112319946	0.00016279114061035216	0.06639137119054794	0.0005545471212826669	0.0006677005439996719	0.0008877852815203369	0.0017577462131157517	0.0031065770890563726	0.0005112514481879771	0.0011175237596035004
454	neutral	../syntropy_project/models/model1_0	../syntropy_project/models/model1_0	confusion	0.9178651571273804	0.05516202375292778	0.007729014847427607	0.9178651571273804	0.000341110018780455	0.009174966253340244	0.002836976433172822	0.0015768789453431964	0.0017746370285749435	0.0003524788189679384	9.740079258335754e-05	0.0002686507359612733	0.002820705994963646
455	sadness	../syntropy_project/models/model1_0	../syntropy_project/models/model1_0	sadness	0.9962326884269714	0.0010802681790664792	0.9962326884269714	0.00020194638636894524	5.6585031416034326e-05	3.333143831696361e-05	0.0014147331239655614	0.00024218272301368415	0.0002450003521516919	0.0002604396431706846	1.2960925232619047e-05	8.075178629951552e-05	0.00013912490976508707
456	surprise	../syntropy_project/models/model1_0	../syntropy_project/models/model1_0	surprise	0.9891953468322754	0.0029161041602492332	0.0002573396486695856	0.004045475274324417	8.075302321230993e-05	0.9891953468322754	0.0009465438779443502	0.00027367210714146495	0.0001638037065276876	0.0001791274844435975	0.0017716980073601007	0.00015712773893028498	1.3001443221583031e-05
457	disgust	../syntropy_project/models/model1_0	../syntropy_project/models/model1_0	confusion	0.6955781579017639	0.08105944097042084	0.004091870505362749	0.6955781579017639	0.0007449537515640259	0.0032241151202470064	0.031878434121608734	0.16158932447433472	0.002435931470245123	0.004384064115583897	0.0020512365736067295	0.002841757144778967	0.010120728053152561
458	sadness	../syntropy_project/models/model1_0	../syntropy_project/models/model1_0	neutral	0.6538508534431458	0.6538508534431458	0.11593044549226761	0.11028268188238144	0.010981897823512554	0.00642518000677228	0.016400489956140518	0.0212049949914217	0.02923412062227726	0.0029538804665207863	0.0016036279266700149	0.002423431957140565	0.02870846353471279
459	surprise	../syntropy_project/models/model1_0	../syntropy_project/models/model1_0	excitement	0.48701751232147217	0.06544122844934464	0.003066613571718335	0.0014416308840736747	0.005785265471786261	0.36044538021087646	0.002475966699421406	0.014462592080235481	0.012303043156862259	0.03624429181218147	0.48701751232147217	0.005468052811920643	0.00584832951426506
460	disgust	../syntropy_project/models/model1_0	../syntropy_project/models/model1_0	neutral	0.3380407989025116	0.3380407989025116	0.08819495141506195	0.014300302602350712	0.0397564098238945	0.026492232456803322	0.009056606329977512	0.07159070670604706	0.3166746199131012	0.020155709236860275	0.06751719117164612	0.0034267576411366463	0.004793690983206034
461	surprise	../syntropy_project/models/model1_0	../syntropy_project/models/model1_0	sadness	0.8292251825332642	0.012044932693243027	0.8292251825332642	0.07380910217761993	0.01589232310652733	0.022584768012166023	0.029351521283388138	0.0071963779628276825	0.006045824382454157	0.0019679057877510786	0.0008030927274376154	0.0005579828284680843	0.0005210220697335899
462	disgust	../syntropy_project/models/model1_0	../syntropy_project/models/model1_0	disgust	0.874967634677887	0.008125186897814274	0.0013818277511745691	0.038888443261384964	0.0002689363027457148	0.0012266506673768163	0.020424218848347664	0.874967634677887	0.0018377560190856457	0.00024202802160289139	0.00012747074651997536	0.00026052011526189744	0.052249372005462646
463	confusion	../syntropy_project/models/model1_0	../syntropy_project/models/model1_0	nervousness	0.6688635945320129	0.012279048562049866	0.02453107200562954	0.008615006692707539	0.6688635945320129	0.0014166253386065364	0.0014560872223228216	0.0007603808189742267	0.2746374309062958	0.0012235272442921996	0.00205732649192214	0.0008997227414511144	0.0032601759303361177
464	joy	../syntropy_project/models/model1_0	../syntropy_project/models/model1_0	joy	0.9864561557769775	0.0014322062488645315	0.0011026682332158089	0.0006870287470519543	2.180958654207643e-05	0.0003766089794225991	0.00042457476956769824	0.00011906817235285416	4.5039967517368495e-05	0.9864561557769775	0.00796944834291935	0.0013229261385276914	4.2438306991243735e-05
465	anger	../syntropy_project/models/model1_0	../syntropy_project/models/model1_0	neutral	0.48587512969970703	0.48587512969970703	0.06898278743028641	0.009851218201220036	0.0016701765125617385	0.005523793399333954	0.018404684960842133	0.19796347618103027	0.017122134566307068	0.013238273561000824	0.0166137907654047	0.007264948915690184	0.157489612698555
466	joy	../syntropy_project/models/model1_0	../syntropy_project/models/model1_0	joy	0.9415862560272217	0.013319854624569416	0.0015828922623768449	0.0009468395728617907	0.00022757687838748097	0.0005369316786527634	0.0004570652963593602	0.00023497926304116845	8.14836093923077e-05	0.9415862560272217	0.036686595529317856	0.004036817699670792	0.0003028032078873366
467	disgust	../syntropy_project/models/model1_0	../syntropy_project/models/model1_0	disgust	0.9870266914367676	0.001920308219268918	0.0005089007318019867	0.0001539185323053971	7.789181108819321e-05	0.0003823877777904272	0.002729675266891718	0.9870266914367676	0.0009767832234501839	0.00017587741604074836	0.0004764673940371722	0.00011964471923420206	0.00545137794688344
468	anger	../syntropy_project/models/model1_0	../syntropy_project/models/model1_0	disgust	0.784088671207428	0.07343664765357971	0.006089579313993454	0.008777432143688202	0.0017647824715822935	0.011848409660160542	0.013027839362621307	0.784088671207428	0.007480944506824017	0.0021253677550703287	0.006025435868650675	0.0015412154607474804	0.08379363268613815
469	fear	../syntropy_project/models/model1_0	../syntropy_project/models/model1_0	fear	0.9606955647468567	0.0011390852741897106	0.0045675961300730705	0.000750562350731343	0.026559408754110336	0.001535943360067904	0.0014016067143529654	0.0019424394704401493	0.9606955647468567	0.0004125233681406826	0.00025364369503222406	0.000235188432270661	0.0005064682336524129
470	confusion	../syntropy_project/models/model1_0	../syntropy_project/models/model1_0	confusion	0.9274280071258545	0.007641875650733709	0.0007896660827100277	0.9274280071258545	0.00013777446292806417	0.05589119717478752	0.004094595089554787	0.0005439843516796827	0.0003840816207230091	0.0011178574059158564	0.0011907118605449796	0.00024710706202313304	0.0005332091823220253
471	surprise	../syntropy_project/models/model1_0	../syntropy_project/models/model1_0	anger	0.7825336456298828	0.02650909125804901	0.00912247784435749	0.002134564332664013	0.00752056622877717	0.07614532113075256	0.0031224230770021677	0.0344352200627327	0.006202789954841137	0.006058709695935249	0.04346649721264839	0.002748690312728286	0.7825336456298828
472	surprise	../syntropy_project/models/model1_0	../syntropy_project/models/model1_0	excitement	0.8113225698471069	0.04991011321544647	0.0040038698352873325	0.00237787002697587	0.0009824808221310377	0.012255130335688591	0.0022706124000251293	0.0011750493431463838	0.0007573669427074492	0.10683835297822952	0.8113225698471069	0.0056250616908073425	0.0024814780335873365
473	joy	../syntropy_project/models/model1_0	../syntropy_project/models/model1_0	joy	0.9656002521514893	0.003956975881010294	0.0010225896257907152	0.0005406048730947077	0.00014688228839077055	0.00016640053945593536	0.0003225629625376314	9.498231520410627e-05	4.849931428907439e-05	0.9656002521514893	0.026174157857894897	0.0017385872779414058	0.00018744492263067514
474	embarrassment	../syntropy_project/models/model1_0	../syntropy_project/models/model1_0	neutral	0.3299250602722168	0.3299250602722168	0.06244761496782303	0.03255825489759445	0.0021605673246085644	0.2785569727420807	0.044878628104925156	0.009387162514030933	0.010686281137168407	0.12351702153682709	0.09273161739110947	0.012653945945203304	0.0004968783468939364
475	joy	../syntropy_project/models/model1_0	../syntropy_project/models/model1_0	neutral	0.6253016591072083	0.6253016591072083	0.007773667573928833	0.229022815823555	0.0002866341674234718	0.013411258347332478	0.0023118406534194946	0.0010541233932599425	0.0027579013258218765	0.069035604596138	0.04478884115815163	0.003876707050949335	0.0003789321635849774
476	anger	../syntropy_project/models/model1_0	../syntropy_project/models/model1_0	neutral	0.7465881705284119	0.7465881705284119	0.0025611401069909334	0.014042030088603497	0.0003538060700520873	0.05844663828611374	0.0037885538768023252	0.008695664815604687	0.0018644981319084764	0.008739485405385494	0.14176784455776215	0.0022060873452574015	0.010946069844067097
477	disgust	../syntropy_project/models/model1_0	../syntropy_project/models/model1_0	neutral	0.36791977286338806	0.36791977286338806	0.03766230121254921	0.008882561698555946	0.0054626972414553165	0.034318841993808746	0.07630635797977448	0.06463110446929932	0.036564264446496964	0.22321084141731262	0.03827720135450363	0.06584317982196808	0.04092087224125862
478	sadness	../syntropy_project/models/model1_0	../syntropy_project/models/model1_0	sadness	0.42033469676971436	0.31393760442733765	0.42033469676971436	0.004925423767417669	0.005461410153657198	0.0036620083265006542	0.003260011086240411	0.02778710424900055	0.0012913831742480397	0.01529897004365921	0.019121022894978523	0.0022634800989180803	0.18265685439109802
479	surprise	../syntropy_project/models/model1_0	../syntropy_project/models/model1_0	surprise	0.9359566569328308	0.00519388634711504	0.0012079598382115364	0.0045346450060606	0.00011505658767418936	0.9359566569328308	0.000543024914804846	0.0006725155399180949	0.0004621307598426938	0.004125542938709259	0.046448227018117905	0.000526373740285635	0.00021397860837168992
480	disgust	../syntropy_project/models/model1_0	../syntropy_project/models/model1_0	disgust	0.966981828212738	0.0033275571186095476	0.0025269759353250265	0.0006290755700320005	0.0005407201242633164	0.000767367659136653	0.004054178949445486	0.966981828212738	0.017085930332541466	0.00036452640779316425	0.0008991051581688225	0.00017734830908011645	0.0026453768368810415
481	surprise	../syntropy_project/models/model1_0	../syntropy_project/models/model1_0	surprise	0.5481336116790771	0.22596241533756256	0.0081099858507514	0.05038965493440628	0.004822838585823774	0.5481336116790771	0.01035168208181858	0.01483240071684122	0.020335664972662926	0.036658886820077896	0.07244601100683212	0.006968675646930933	0.0009881930891424417
482	disgust	../syntropy_project/models/model1_0	../syntropy_project/models/model1_0	disgust	0.8295040726661682	0.010165626183152199	0.008571204729378223	0.0012152130948379636	0.0017243847250938416	0.00467138085514307	0.019241487607359886	0.8295040726661682	0.01183888129889965	0.002642686478793621	0.004727991763502359	0.0008368422277271748	0.10486013442277908
483	neutral	../syntropy_project/models/model1_0	../syntropy_project/models/model1_0	neutral	0.9566590785980225	0.9566590785980225	0.0037051462568342686	0.005336985923349857	0.0004979967488907278	0.0018027485348284245	0.0004819266323465854	0.0017013484612107277	0.0014799745986238122	0.010540253482758999	0.012734510935842991	0.0020079694222658873	0.0030521114822477102
484	neutral	../syntropy_project/models/model1_0	../syntropy_project/models/model1_0	excitement	0.5363407135009766	0.1428159475326538	0.0033925077877938747	0.007290645968168974	0.006419658195227385	0.12576156854629517	0.002143911086022854	0.00873752310872078	0.002138379495590925	0.0330696739256382	0.5363407135009766	0.022505849599838257	0.10938359051942825
485	neutral	../syntropy_project/models/model1_0	../syntropy_project/models/model1_0	confusion	0.9317495822906494	0.058607470244169235	0.0005400318768806756	0.9317495822906494	3.698059663292952e-05	0.006499588023871183	0.0007786848582327366	0.0003728288575075567	0.0002791049482766539	0.0005773707525804639	0.0003167067770846188	0.00014887725410517305	9.270678128814325e-05
486	disgust	../syntropy_project/models/model1_0	../syntropy_project/models/model1_0	disgust	0.7324368357658386	0.02366468869149685	0.016987008973956108	0.0030873925425112247	0.004629618488252163	0.007719497196376324	0.08491141349077225	0.7324368357658386	0.11042918264865875	0.0027132038958370686	0.0018911634106189013	0.002621992025524378	0.00890803337097168
487	fear	../syntropy_project/models/model1_0	../syntropy_project/models/model1_0	fear	0.9712064862251282	0.008173628710210323	0.0060399859212338924	0.002395610325038433	0.0034013877157121897	0.002256302395835519	0.0010446241358295083	0.002428298117592931	0.9712064862251282	0.001785809057764709	0.0009702967363409698	0.00023051655443850905	6.691418093396351e-05
488	fear	../syntropy_project/models/model1_0	../syntropy_project/models/model1_0	fear	0.812653660774231	0.0068208579905331135	0.014293634332716465	0.0015244513051584363	0.00586662394925952	0.011029438115656376	0.007307934574782848	0.13503994047641754	0.812653660774231	0.0009211676078848541	0.0016595395281910896	0.00035441291402094066	0.0025282681453973055
489	neutral	../syntropy_project/models/model1_0	../syntropy_project/models/model1_0	neutral	0.5643161535263062	0.5643161535263062	0.24239185452461243	0.015341895632445812	0.0014085202710703015	0.023897450417280197	0.01738380827009678	0.0648590698838234	0.028187492862343788	0.01284914743155241	0.006401683669537306	0.007300059776753187	0.015662940219044685
490	neutral	../syntropy_project/models/model1_0	../syntropy_project/models/model1_0	neutral	0.329571396112442	0.329571396112442	0.07219482213258743	0.06426926702260971	0.0075849019922316074	0.019613178446888924	0.042651090770959854	0.3155510127544403	0.03692762181162834	0.021353375166654587	0.017509929835796356	0.004371780902147293	0.06840157508850098
491	neutral	../syntropy_project/models/model1_0	../syntropy_project/models/model1_0	joy	0.43724337220191956	0.2939355671405792	0.0050072576850652695	0.004388412926346064	0.0007911662105470896	0.020079003646969795	0.0038019041530787945	0.009140168316662312	0.0020233946852385998	0.43724337220191956	0.20106394588947296	0.02172868326306343	0.0007972469902597368
492	fear	../syntropy_project/models/model1_0	../syntropy_project/models/model1_0	surprise	0.6414037346839905	0.030293816700577736	0.0015807192539796233	0.0007059762720018625	0.0024774440098553896	0.6414037346839905	0.0025029031094163656	0.0019409589003771544	0.007593032903969288	0.02773304283618927	0.2711896598339081	0.012320373207330704	0.00025830199592746794
493	excitement	../syntropy_project/models/model1_0	../syntropy_project/models/model1_0	excitement	0.9959428310394287	0.000382220430765301	2.6333766072639264e-05	7.972211278683972e-06	2.3667038476560265e-05	0.0004096387710887939	2.8428858058759943e-06	6.413199116650503e-06	4.887953764409758e-06	0.0031378772109746933	0.9959428310394287	5.1294806326041e-05	4.06743720304803e-06
494	surprise	../syntropy_project/models/model1_0	../syntropy_project/models/model1_0	anger	0.48510193824768066	0.03291909024119377	0.03265690058469772	0.01450371090322733	0.021918807178735733	0.19118188321590424	0.018140248954296112	0.12796355783939362	0.052499085664749146	0.0030844288412481546	0.017519457265734673	0.002510873833671212	0.48510193824768066
495	nervousness	../syntropy_project/models/model1_0	../syntropy_project/models/model1_0	anger	0.6492036581039429	0.05363587662577629	0.01583663746714592	0.0741771012544632	0.005791613832116127	0.0069290827959775925	0.1182292252779007	0.06513133645057678	0.0016503328224644065	0.00038796287844888866	0.00047228249604813755	0.008554856292903423	0.6492036581039429
496	anger	../syntropy_project/models/model1_0	../syntropy_project/models/model1_0	anger	0.7482942342758179	0.14627568423748016	0.01251374650746584	0.00149536004755646	0.0024344674311578274	0.0011281779734417796	0.009097933769226074	0.056021805852651596	0.0008404456893913448	0.009200121276080608	0.0058544231578707695	0.006843571551144123	0.7482942342758179
497	joy	../syntropy_project/models/model1_0	../syntropy_project/models/model1_0	excitement	0.5109906792640686	0.007090216502547264	0.00029228863422758877	0.000630123948212713	0.00010315603140043095	0.0016475665615871549	0.0003786554734688252	0.0006078291335143149	0.00020934076746925712	0.4764719307422638	0.5109906792640686	0.001371836755424738	0.00020639914146158844
498	joy	../syntropy_project/models/model1_0	../syntropy_project/models/model1_0	joy	0.9489201903343201	0.010174354538321495	0.00027572200633585453	0.0005015066126361489	4.311726661399007e-05	0.0003055068664252758	0.0002436946815578267	6.782559648854658e-05	5.2284158300608397e-05	0.9489201903343201	0.036695096641778946	0.002643051790073514	7.767467468511313e-05
499	confusion	../syntropy_project/models/model1_0	../syntropy_project/models/model1_0	confusion	0.8805916905403137	0.07260427623987198	0.0015394871588796377	0.8805916905403137	7.813554111635312e-05	0.038408245891332626	0.001965921139344573	0.001142741646617651	0.0007508595008403063	0.000711675500497222	0.0005543178995139897	0.0003705086128320545	0.0012819960247725248
500	surprise	../syntropy_project/models/model1_0	../syntropy_project/models/model1_0	excitement	0.8647252917289734	0.003941585309803486	0.0003052922256756574	0.00020911330648232251	6.687073619104922e-05	0.09080584347248077	0.00014455089694820344	0.00016282607975881547	0.00012075882841600105	0.037994686514139175	0.8647252917289734	0.0014738849131390452	4.928632915834896e-05
501	disgust	../syntropy_project/models/model1_0	../syntropy_project/models/model1_0	neutral	0.4455550014972687	0.4455550014972687	0.1883765310049057	0.03233426436781883	0.02268115244805813	0.006402791943401098	0.017416689544916153	0.13637688755989075	0.019193872809410095	0.012115784920752048	0.008563907817006111	0.005618102848529816	0.10536500811576843
502	pride	../syntropy_project/models/model1_0	../syntropy_project/models/model1_0	pride	0.991327702999115	4.343633554526605e-05	3.043737160624005e-05	4.159434320172295e-05	0.0005016515497118235	0.00015484329196624458	0.0017994721420109272	3.9828413719078526e-05	2.6719013476395048e-05	0.0036695331800729036	0.002044611843302846	0.991327702999115	0.00032027106499299407
503	joy	../syntropy_project/models/model1_0	../syntropy_project/models/model1_0	joy	0.9657589197158813	0.007339006755501032	0.0008582161390222609	0.004031667951494455	4.039390114485286e-05	0.0019640594255179167	0.0011308359680697322	0.00030699610942974687	5.2328156016301364e-05	0.9657589197158813	0.014950514771044254	0.0034189673606306314	0.00014812580775469542
504	surprise	../syntropy_project/models/model1_0	../syntropy_project/models/model1_0	disgust	0.5330548882484436	0.07239335030317307	0.03600751981139183	0.005169164389371872	0.011238022707402706	0.007031803019344807	0.011196019127964973	0.5330548882484436	0.1875840127468109	0.010111943818628788	0.012565599754452705	0.0032616236712783575	0.11038614809513092
505	sadness	../syntropy_project/models/model1_0	../syntropy_project/models/model1_0	sadness	0.9943300485610962	0.001469993032515049	0.9943300485610962	0.0004296338011045009	0.00015996572619769722	0.00019240754772908986	0.0018557091243565083	0.00030729928403161466	0.0005375267355702817	0.0004864968650508672	3.450272561167367e-05	0.00011082985292887315	8.546358003513888e-05
506	confusion	../syntropy_project/models/model1_0	../syntropy_project/models/model1_0	confusion	0.8076617121696472	0.13732342422008514	0.007115567103028297	0.8076617121696472	0.0008906431612558663	0.024025097489356995	0.009135602042078972	0.0026246076449751854	0.006812689360231161	0.0012441769940778613	0.0007716600666753948	0.0012329858727753162	0.001161822583526373
507	confusion	../syntropy_project/models/model1_0	../syntropy_project/models/model1_0	confusion	0.9752702116966248	0.018551452085375786	0.0004231401835568249	0.9752702116966248	3.7460747989825904e-05	0.0038378944154828787	0.0008835916523821652	0.0003463355533313006	0.00011885942512890324	0.00013771967496722937	0.00012026738113490865	0.00014832497981842607	0.00012477691052481532
508	joy	../syntropy_project/models/model1_0	../syntropy_project/models/model1_0	joy	0.9540130496025085	0.00644695432856679	0.0011727737728506327	0.000325396511470899	7.835439464543015e-05	0.00020841488731093705	0.00033679293119348586	8.501453703502193e-05	5.157370833330788e-05	0.9540130496025085	0.030568212270736694	0.00662167789414525	9.17210491024889e-05
509	excitement	../syntropy_project/models/model1_0	../syntropy_project/models/model1_0	joy	0.7099961042404175	0.002377757802605629	0.0005191576783545315	0.00025536015164107084	0.0003072113904636353	0.0023206048645079136	0.00017245752678718418	0.00011633248504949734	7.308289059437811e-05	0.7099961042404175	0.27873045206069946	0.004958407487720251	0.00017314440628979355
510	excitement	../syntropy_project/models/model1_0	../syntropy_project/models/model1_0	excitement	0.9213800430297852	0.05349608510732651	0.0004605319700203836	0.008752101100981236	0.00025282593560405076	0.010881679132580757	9.530715033179149e-05	6.059604857000522e-05	0.0002710874832700938	0.004187765996903181	0.9213800430297852	0.0001474097662139684	1.4555206689692568e-05
511	excitement	../syntropy_project/models/model1_0	../syntropy_project/models/model1_0	excitement	0.9956082701683044	0.0010245541343465447	6.112136179581285e-05	9.026852239912841e-06	3.274237678851932e-05	0.000212521044886671	3.196016223228071e-06	1.4879881746310275e-05	7.479135092580691e-06	0.0029835542663931847	0.9956082701683044	3.7610305298585445e-05	5.089545538794482e-06
512	excitement	../syntropy_project/models/model1_0	../syntropy_project/models/model1_0	neutral	0.8658291697502136	0.8658291697502136	0.00228431960567832	0.0011878068326041102	0.00023960946418810636	0.005031697452068329	0.001112920232117176	0.0009315652423538268	0.00047788608935661614	0.010089538060128689	0.11155808717012405	0.0011558239348232746	0.00010170988389290869
513	surprise	../syntropy_project/models/model1_0	../syntropy_project/models/model1_0	surprise	0.8782282471656799	0.011719157919287682	0.0008659892482683063	0.0012744010891765356	0.00023321334447246045	0.8782282471656799	0.0014399525243788958	0.0008076789090409875	0.0004442956415005028	0.007009520661085844	0.09704437106847763	0.0007728793425485492	0.0001602824340807274
514	neutral	../syntropy_project/models/model1_0	../syntropy_project/models/model1_0	neutral	0.6230421662330627	0.6230421662330627	0.019382501021027565	0.0038051633164286613	0.01884373463690281	0.006325799040496349	0.0038596196100115776	0.011728924699127674	0.013862899504601955	0.007923138327896595	0.013273538090288639	0.011720030568540096	0.26623252034187317
515	confusion	../syntropy_project/models/model1_0	../syntropy_project/models/model1_0	confusion	0.9701488018035889	0.018003715202212334	0.0019460039911791682	0.9701488018035889	0.0005462155095301569	0.0052785724401474	0.0021921994630247355	0.00040056146099232137	0.0004964115796610713	0.00016322938608936965	8.140803402056918e-05	0.00012179419718449935	0.00062112434534356
516	confusion	../syntropy_project/models/model1_0	../syntropy_project/models/model1_0	surprise	0.9312063455581665	0.020999405533075333	0.0014414467150345445	0.02571936696767807	0.0007186317234300077	0.9312063455581665	0.0051132068037986755	0.0017307334346696734	0.002163987373933196	0.0016779500292614102	0.008291912265121937	0.0008146146428771317	0.00012233853340148926
517	neutral	../syntropy_project/models/model1_0	../syntropy_project/models/model1_0	neutral	0.948937714099884	0.948937714099884	0.0024848561733961105	0.002056183060631156	0.00028058316092938185	0.006949177477508783	0.00043131347047165036	0.006926245521754026	0.0010882819769904017	0.0050391242839396	0.014292619191110134	0.0013884550426155329	0.010125352069735527
518	confusion	../syntropy_project/models/model1_0	../syntropy_project/models/model1_0	confusion	0.9205459952354431	0.02217976376414299	0.0004834964347537607	0.9205459952354431	4.6663000830449164e-05	0.048594195395708084	0.001300986623391509	0.0008872804464772344	0.00016771859372965991	0.00029411230934783816	0.0006414575618691742	0.0002164883044315502	0.004641855601221323
519	anger	../syntropy_project/models/model1_0	../syntropy_project/models/model1_0	anger	0.5622003674507141	0.32576635479927063	0.029428215697407722	0.008138956502079964	0.0019492108840495348	0.002012138720601797	0.003959814552217722	0.05141713097691536	0.003970315679907799	0.004354267846792936	0.004941048100590706	0.0018620903138071299	0.5622003674507141
520	sadness	../syntropy_project/models/model1_0	../syntropy_project/models/model1_0	confusion	0.46421295404434204	0.39698728919029236	0.060383956879377365	0.46421295404434204	0.0029490534216165543	0.001919029513373971	0.015704849734902382	0.02018018811941147	0.012523816898465157	0.003399296198040247	0.001382608781568706	0.001002183766104281	0.019354751333594322
521	surprise	../syntropy_project/models/model1_0	../syntropy_project/models/model1_0	surprise	0.5696443915367126	0.08383707702159882	0.0010443138889968395	0.3215062618255615	0.00015246839029714465	0.5696443915367126	0.0008679748279973865	0.0012641804059967399	0.0010309736244380474	0.0029093220364302397	0.017013151198625565	0.0005378277273848653	0.00019206982688046992
522	anger	../syntropy_project/models/model1_0	../syntropy_project/models/model1_0	confusion	0.48010653257369995	0.012794720008969307	0.1062595471739769	0.48010653257369995	0.02200331538915634	0.0005441965186037123	0.0899241641163826	0.08589141815900803	0.004459254909306765	0.0009027593187056482	0.00014693426783196628	0.0015023041050881147	0.1954648643732071
523	anger	../syntropy_project/models/model1_0	../syntropy_project/models/model1_0	anger	0.9655289649963379	0.009624547325074673	0.00031020870665088296	0.003835011273622513	0.0010627121664583683	5.880731623619795e-05	0.0034439871087670326	0.015527026727795601	5.7135039241984487e-05	5.662962212227285e-05	0.00011445609561633319	0.0003806487948168069	0.9655289649963379
524	confusion	../syntropy_project/models/model1_0	../syntropy_project/models/model1_0	confusion	0.9738942980766296	0.002002871595323086	0.0001875159068731591	0.9738942980766296	0.00015716161578893661	0.0206837709993124	0.0020597295369952917	0.0002054333599517122	0.0001613538624951616	0.0001927467528730631	0.0001447737158741802	0.00011610671208472922	0.00019424865604378283
525	anger	../syntropy_project/models/model1_0	../syntropy_project/models/model1_0	confusion	0.5128752589225769	0.07372913509607315	0.005163370631635189	0.5128752589225769	0.0011979503324255347	0.02549176663160324	0.004149755463004112	0.011433260515332222	0.002237550215795636	0.0007031186250969768	0.0016236392548307776	0.0010389448143541813	0.36035627126693726
526	disgust	../syntropy_project/models/model1_0	../syntropy_project/models/model1_0	disgust	0.9893080592155457	0.001376555417664349	0.0006501639727503061	0.00019439060997683555	7.108895806595683e-05	0.0005631634267047048	0.0026884861290454865	0.9893080592155457	0.0019908028189092875	0.00012645282549783587	0.00039221407496370375	6.549558747792616e-05	0.0025731485802680254
527	excitement	../syntropy_project/models/model1_0	../syntropy_project/models/model1_0	surprise	0.879755973815918	0.015308595262467861	0.0010521734366193414	0.006069510243833065	0.00029902721871621907	0.879755973815918	0.002057458972558379	0.0022456173319369555	0.0014438722282648087	0.006230815313756466	0.08207850158214569	0.001447266316972673	0.0020112600177526474
528	excitement	../syntropy_project/models/model1_0	../syntropy_project/models/model1_0	excitement	0.9980551600456238	0.00045809627044945955	2.379352372372523e-05	1.4264197488955688e-05	7.540351361967623e-05	0.0003199767670594156	5.872097972314805e-06	1.0615396604407579e-05	1.3682507415069267e-05	0.0009516479331068695	0.9980551600456238	6.478960858657956e-05	6.637765181949362e-06
529	sadness	../syntropy_project/models/model1_0	../syntropy_project/models/model1_0	disgust	0.2429923713207245	0.07338828593492508	0.18120291829109192	0.04306534677743912	0.06446868181228638	0.02599850296974182	0.03575460612773895	0.2429923713207245	0.12765569984912872	0.012901472859084606	0.018677478656172752	0.005074218846857548	0.16882047057151794
530	neutral	../syntropy_project/models/model1_0	../syntropy_project/models/model1_0	confusion	0.7867598533630371	0.10735206305980682	0.0005560272256843746	0.7867598533630371	5.707361196982674e-05	0.09913519769906998	0.0006371036288328469	0.0009492029203101993	0.0001797354780137539	0.00024556618882343173	0.0010357988066971302	0.00038530625170096755	0.002707115840166807
531	confusion	../syntropy_project/models/model1_0	../syntropy_project/models/model1_0	confusion	0.9909193515777588	0.0013720265123993158	0.0002304374211234972	0.9909193515777588	0.00044766906648874283	0.004535847343504429	0.0016116631450131536	0.00031903915805742145	0.0002442186523694545	3.911058229277842e-05	1.0939859748759773e-05	0.00014929725148249418	0.00012050286022713408
532	neutral	../syntropy_project/models/model1_0	../syntropy_project/models/model1_0	confusion	0.8406697511672974	0.14806579053401947	0.0016337936976924539	0.8406697511672974	8.344314846908674e-05	0.003729511983692646	0.0006996017182245851	0.0015053588431328535	0.0006190501153469086	0.00042345424299128354	0.00033233597059734166	0.0003721026296261698	0.001865895465016365
533	sadness	../syntropy_project/models/model1_0	../syntropy_project/models/model1_0	sadness	0.5730295777320862	0.2575976252555847	0.5730295777320862	0.012180326506495476	0.04766274243593216	0.005563248414546251	0.00827248115092516	0.013267869129776955	0.033608291298151016	0.0303642675280571	0.003593348665162921	0.005350279156118631	0.009509910829365253
534	neutral	../syntropy_project/models/model1_0	../syntropy_project/models/model1_0	confusion	0.9099031090736389	0.06797455996274948	0.0010263859294354916	0.9099031090736389	5.155153485247865e-05	0.019253551959991455	0.00044737308053299785	0.0003625598910730332	0.00026886272826232016	0.00022661140246782452	0.00018136019934900105	0.0001688919001026079	0.00013516029866877943
535	neutral	../syntropy_project/models/model1_0	../syntropy_project/models/model1_0	embarrassment	0.38917824625968933	0.09533139318227768	0.15160833299160004	0.10037291049957275	0.008171266876161098	0.14698483049869537	0.38917824625968933	0.019423190504312515	0.006515667773783207	0.03707921504974365	0.026667248457670212	0.015147433616220951	0.00352025986649096
536	neutral	../syntropy_project/models/model1_0	../syntropy_project/models/model1_0	neutral	0.5274196863174438	0.5274196863174438	0.08252227306365967	0.012186728417873383	0.025692179799079895	0.001384603208862245	0.00928445067256689	0.029485374689102173	0.11926989257335663	0.0033345252741128206	0.0008898366359062493	0.005040720105171204	0.18348972499370575
537	disgust	../syntropy_project/models/model1_0	../syntropy_project/models/model1_0	disgust	0.5110329389572144	0.05537787079811096	0.019365433603525162	0.09939486533403397	0.001793310628272593	0.2274392992258072	0.0420408770442009	0.5110329389572144	0.009295995347201824	0.012143576517701149	0.018711375072598457	0.002168296603485942	0.0012361205881461501
538	joy	../syntropy_project/models/model1_0	../syntropy_project/models/model1_0	joy	0.2826921343803406	0.20414921641349792	0.10026036202907562	0.011746975593268871	0.012363900430500507	0.16089855134487152	0.02101278118789196	0.011519152671098709	0.0259149931371212	0.2826921343803406	0.14932651817798615	0.018400538712739944	0.0017148165497928858
539	anger	../syntropy_project/models/model1_0	../syntropy_project/models/model1_0	anger	0.8940942883491516	0.026425661519169807	0.005050285253673792	0.0006257382920011878	0.0031368390191346407	0.0030541177839040756	0.0016481135971844196	0.05433918535709381	0.002716554095968604	0.0009228324634023011	0.0075436243787407875	0.00044279167195782065	0.8940942883491516
540	disgust	../syntropy_project/models/model1_0	../syntropy_project/models/model1_0	disgust	0.9645915627479553	0.006885140668600798	0.003538820194080472	0.0007995179039426148	0.00038823659997433424	0.001555387512780726	0.005775408819317818	0.9645915627479553	0.008557593449950218	0.000993293826468289	0.0010366130154579878	0.00029793361318297684	0.005580576602369547
541	sadness	../syntropy_project/models/model1_0	../syntropy_project/models/model1_0	sadness	0.8125302791595459	0.02996145747601986	0.8125302791595459	0.003052852349355817	0.002280335407704115	0.006037337239831686	0.009991029277443886	0.11414742469787598	0.0028493786230683327	0.0037399407010525465	0.0025884388014674187	0.000684095430187881	0.012137498706579208
542	joy	../syntropy_project/models/model1_0	../syntropy_project/models/model1_0	surprise	0.47023579478263855	0.007627321872860193	0.0012107468210160732	0.0034184979740530252	0.0003973467100877315	0.47023579478263855	0.002428952604532242	0.0008443206897936761	0.000281182408798486	0.3845643103122711	0.12113884091377258	0.00770523538812995	0.00014755789015907794
543	joy	../syntropy_project/models/model1_0	../syntropy_project/models/model1_0	joy	0.7078182697296143	0.00733259879052639	0.0006726059946231544	0.0009151219273917377	8.144453022396192e-05	0.0012608729302883148	0.000479834241559729	0.00017048980225808918	0.0001510399888502434	0.7078182697296143	0.2753085196018219	0.005222847685217857	0.0005863226251676679
544	excitement	../syntropy_project/models/model1_0	../syntropy_project/models/model1_0	neutral	0.3656438887119293	0.3656438887119293	0.0030559648294001818	0.22648552060127258	0.00066684017656371	0.04905828461050987	0.0009521262836642563	0.00048664951464161277	0.0013126073172315955	0.006769891362637281	0.34445589780807495	0.0007356980931945145	0.0003765721630770713
545	sadness	../syntropy_project/models/model1_0	../syntropy_project/models/model1_0	sadness	0.6597992181777954	0.03345237672328949	0.6597992181777954	0.0051770335994660854	0.021991493180394173	0.0035575784277170897	0.04370047152042389	0.06757126748561859	0.1535574346780777	0.004774793051183224	0.0008704927749931812	0.001691944315098226	0.003855949966236949
546	neutral	../syntropy_project/models/model1_0	../syntropy_project/models/model1_0	neutral	0.8204062581062317	0.8204062581062317	0.0015990440733730793	0.005959564354270697	0.00037564997910521924	0.007088951766490936	0.0012326195137575269	0.0020904082339257	0.0027946317568421364	0.07786180824041367	0.07502981275320053	0.004944612272083759	0.0006166725070215762
547	sadness	../syntropy_project/models/model1_0	../syntropy_project/models/model1_0	sadness	0.8928492665290833	0.022182678803801537	0.8928492665290833	0.002180520910769701	0.006396539509296417	0.010727543383836746	0.004314887803047895	0.00410151481628418	0.03145551308989525	0.013884227722883224	0.00823991559445858	0.0018414049409329891	0.0018260133219882846
548	surprise	../syntropy_project/models/model1_0	../syntropy_project/models/model1_0	surprise	0.5650700926780701	0.003995973616838455	0.0001613972708582878	0.0002150130458176136	4.5486391172744334e-05	0.5650700926780701	0.00023833867453504354	0.00037152288132347167	0.0001631621562410146	0.004968214780092239	0.4241790175437927	0.0005514408694580197	4.038558108732104e-05
549	disgust	../syntropy_project/models/model1_0	../syntropy_project/models/model1_0	disgust	0.8455960750579834	0.003972415812313557	0.00495519582182169	0.001747727976180613	0.002476244233548641	0.0015469870995730162	0.008664154447615147	0.8455960750579834	0.12263723462820053	0.0005071901250630617	0.0008676425786688924	0.00040540244663134217	0.006623765453696251
550	joy	../syntropy_project/models/model1_0	../syntropy_project/models/model1_0	joy	0.9714347124099731	0.009266693145036697	0.0009485146729275584	0.0012272684834897518	3.930599268642254e-05	0.000386349915061146	0.00033300856011919677	0.0001987485884455964	6.319322710623965e-05	0.9714347124099731	0.015346389263868332	0.0007051522843539715	5.0677528633968905e-05
551	neutral	../syntropy_project/models/model1_0	../syntropy_project/models/model1_0	neutral	0.8345940709114075	0.8345940709114075	0.010413925163447857	0.08390668779611588	0.0019570020958781242	0.018234126269817352	0.00920028891414404	0.004121899139136076	0.0017496440559625626	0.004001447465270758	0.00699881324544549	0.002559777582064271	0.022262290120124817
552	confusion	../syntropy_project/models/model1_0	../syntropy_project/models/model1_0	confusion	0.9724856615066528	0.010854410007596016	0.0009773222263902426	0.9724856615066528	0.000436941598309204	0.01273037027567625	0.000928447232581675	0.0003168877447023988	0.00031430477974936366	0.00030416727531701326	0.00015310091839637607	0.00011161966540385038	0.00038676062831655145
553	embarrassment	../syntropy_project/models/model1_0	../syntropy_project/models/model1_0	anger	0.4235788583755493	0.08647076040506363	0.0608023963868618	0.010347467847168446	0.003891759319230914	0.0013720650458708405	0.04689805209636688	0.3430965840816498	0.0014409676659852266	0.005299009382724762	0.006519528105854988	0.010282659903168678	0.4235788583755493
554	neutral	../syntropy_project/models/model1_0	../syntropy_project/models/model1_0	disgust	0.49548661708831787	0.053386200219392776	0.06324105709791183	0.008836514316499233	0.01564796455204487	0.001993707846850157	0.22702327370643616	0.49548661708831787	0.010202017612755299	0.001401584013365209	0.0015463086310774088	0.002903088927268982	0.11833158880472183
555	neutral	../syntropy_project/models/model1_0	../syntropy_project/models/model1_0	neutral	0.945303201675415	0.945303201675415	0.006554467137902975	0.008583695627748966	0.0003251725574955344	0.009440080262720585	0.0006733607151545584	0.002976246178150177	0.002016801154240966	0.004281462170183659	0.014906294643878937	0.002496798988431692	0.0024425508454442024
556	disgust	../syntropy_project/models/model1_0	../syntropy_project/models/model1_0	disgust	0.9133830666542053	0.012904654256999493	0.003648327896371484	0.001467559253796935	0.0031514083966612816	0.003458830062299967	0.011957931332290173	0.9133830666542053	0.021883737295866013	0.000682053214404732	0.001206954475492239	0.0004463428631424904	0.02580909989774227
557	anger	../syntropy_project/models/model1_0	../syntropy_project/models/model1_0	anger	0.994714081287384	0.000672366819344461	9.433738887310028e-05	0.00015751467435620725	0.0006788682076148689	0.000270309392362833	0.0002338032645639032	0.002614459954202175	0.0003684436378534883	1.661353417148348e-05	0.00010432651470182464	7.489617564715445e-05	0.994714081287384
558	confusion	../syntropy_project/models/model1_0	../syntropy_project/models/model1_0	confusion	0.8998337984085083	0.08807098865509033	0.0015068835346028209	0.8998337984085083	0.00013772558304481208	0.005987412761896849	0.0008822839590720832	0.0017010141164064407	0.000384049752028659	0.0004106847336515784	0.00023058097576722503	0.00024582771584391594	0.0006087038782425225
559	disgust	../syntropy_project/models/model1_0	../syntropy_project/models/model1_0	anger	0.6381053924560547	0.03415338695049286	0.02105862647294998	0.0015370380133390427	0.0013612103648483753	0.00045634619891643524	0.018144721165299416	0.27709662914276123	0.0008200631709769368	0.0032087641302496195	0.002535095904022455	0.0015226947143673897	0.6381053924560547
560	joy	../syntropy_project/models/model1_0	../syntropy_project/models/model1_0	neutral	0.4923917055130005	0.4923917055130005	0.01259586401283741	0.017710670828819275	0.00046150933485478163	0.008151206187903881	0.0028588343411684036	0.0019889716058969498	0.0010863072238862514	0.2922525405883789	0.15509356558322906	0.008242498151957989	0.0071662068367004395
561	joy	../syntropy_project/models/model1_0	../syntropy_project/models/model1_0	excitement	0.5237618088722229	0.18593426048755646	0.012790389358997345	0.002043156884610653	0.004439318552613258	0.0028543516527861357	0.0007187081500887871	0.0009620477794669569	0.0012877797707915306	0.260320782661438	0.5237618088722229	0.0030627043452113867	0.0018247042316943407
562	anger	../syntropy_project/models/model1_0	../syntropy_project/models/model1_0	anger	0.6670292019844055	0.08589649200439453	0.00924812164157629	0.021552590653300285	0.010621847584843636	0.0021849412005394697	0.07357487082481384	0.1182587668299675	0.004088266286998987	0.0007147396099753678	0.00035209633642807603	0.006478010211139917	0.6670292019844055
563	excitement	../syntropy_project/models/model1_0	../syntropy_project/models/model1_0	surprise	0.7451563477516174	0.012685033492743969	0.0006240496877580881	0.0007295922259800136	0.00031067500822246075	0.7451563477516174	0.0004564695991575718	0.001473999465815723	0.000854048877954483	0.006323148030787706	0.22910137474536896	0.0010594296036288142	0.0012259121285751462
564	sadness	../syntropy_project/models/model1_0	../syntropy_project/models/model1_0	confusion	0.41574162244796753	0.2831588089466095	0.2324274182319641	0.41574162244796753	0.011657043360173702	0.016831843182444572	0.008314729668200016	0.008247840218245983	0.009316998533904552	0.0021094372496008873	0.0005672299885191023	0.0012353149941191077	0.01039180625230074
565	joy	../syntropy_project/models/model1_0	../syntropy_project/models/model1_0	joy	0.7660412192344666	0.03436329960823059	0.025964079424738884	0.0023052976466715336	0.0025275074876844883	0.004258113447576761	0.004084161017090082	0.0024113687686622143	0.001100835856050253	0.7660412192344666	0.06543378531932831	0.09034977108240128	0.0011604755418375134
566	anger	../syntropy_project/models/model1_0	../syntropy_project/models/model1_0	anger	0.6383606195449829	0.15232433378696442	0.01248497050255537	0.04074631258845329	0.0030659730546176434	0.0014774107839912176	0.05527859181165695	0.08814183622598648	0.0035475329495966434	0.0009671736625023186	0.0003532689588610083	0.0032520154491066933	0.6383606195449829
567	joy	../syntropy_project/models/model1_0	../syntropy_project/models/model1_0	excitement	0.6525853872299194	0.006456121802330017	0.00032439324422739446	0.0026988608296960592	3.534148709150031e-05	0.33500242233276367	0.000134206740767695	0.00017849073628894985	9.286083513870835e-05	0.002181125106289983	0.6525853872299194	9.522447362542152e-05	0.0002156354603357613
568	anger	../syntropy_project/models/model1_0	../syntropy_project/models/model1_0	disgust	0.958515465259552	0.0023636138066649437	0.0018618355970829725	0.001152417971752584	0.0005251936381682754	0.0009036309784278274	0.0077531845308840275	0.958515465259552	0.01848774217069149	0.00029686064226552844	0.0004658221441786736	0.00024353624030482024	0.007430734112858772
569	joy	../syntropy_project/models/model1_0	../syntropy_project/models/model1_0	joy	0.9804481863975525	0.00391148729249835	0.005013794172555208	0.0013620174722746015	0.00016829765809234232	0.00016120144573505968	0.0007366290665231645	0.00016596613568253815	0.00010561771341599524	0.9804481863975525	0.004228772129863501	0.003443213878199458	0.00025486430968157947
570	excitement	../syntropy_project/models/model1_0	../syntropy_project/models/model1_0	excitement	0.864131510257721	0.07145232707262039	0.000848105177283287	0.0005092342616990209	0.0011292329290881753	0.001686975359916687	0.00021514328545890749	0.0014274214627221227	0.0004009322146885097	0.03623129799962044	0.864131510257721	0.00229587871581316	0.019672026857733727
571	pride	../syntropy_project/models/model1_0	../syntropy_project/models/model1_0	joy	0.35603925585746765	0.2689734697341919	0.004496188834309578	0.026215938851237297	0.001218304387293756	0.04969930648803711	0.009047508239746094	0.0075981505215168	0.002362732542678714	0.35603925585746765	0.24655720591545105	0.023701710626482964	0.004090237896889448
572	surprise	../syntropy_project/models/model1_0	../syntropy_project/models/model1_0	disgust	0.3993217349052429	0.17277398705482483	0.019482018426060677	0.0634387657046318	0.0027730357833206654	0.16850978136062622	0.0813298225402832	0.3993217349052429	0.01718798279762268	0.008119787089526653	0.011074824258685112	0.0041738529689610004	0.051814381033182144
573	anger	../syntropy_project/models/model1_0	../syntropy_project/models/model1_0	anger	0.8888794183731079	0.018395232036709785	0.004644893575459719	0.006478980183601379	0.003921817056834698	0.0012995649594813585	0.004397052805870771	0.061299879103899	0.005605392623692751	0.0016032936982810497	0.0012231975561007857	0.0022513004951179028	0.8888794183731079
574	neutral	../syntropy_project/models/model1_0	../syntropy_project/models/model1_0	excitement	0.6751422882080078	0.2278023213148117	0.025155596435070038	0.0028580438811331987	0.0035318981390446424	0.00371157075278461	0.0009263922111131251	0.008164899423718452	0.0017718002200126648	0.020642410963773727	0.6751422882080078	0.0010726053733378649	0.029220156371593475
575	anger	../syntropy_project/models/model1_0	../syntropy_project/models/model1_0	anger	0.9229663014411926	0.014325402677059174	0.0009651271975599229	0.0007460795459337533	0.004202236421406269	0.01743364706635475	0.0012358954409137368	0.01182546466588974	0.001636082655750215	0.0012691107112914324	0.021331576630473137	0.002063155174255371	0.9229663014411926
576	surprise	../syntropy_project/models/model1_0	../syntropy_project/models/model1_0	surprise	0.6509547829627991	0.007947024889290333	0.00045930713531561196	0.000759644084610045	0.00010642649431247264	0.6509547829627991	0.0005689520039595664	0.001247856067493558	0.0002545354072935879	0.010735178366303444	0.3256366550922394	0.0011100047267973423	0.00021963364270050079
577	excitement	../syntropy_project/models/model1_0	../syntropy_project/models/model1_0	excitement	0.5466185212135315	0.2083134651184082	0.0070179784670472145	0.004276182036846876	0.000987335341051221	0.12277514487504959	0.0014857833739370108	0.007199384272098541	0.00334782712161541	0.07935880869626999	0.5466185212135315	0.006284225732088089	0.012335392646491528
578	embarrassment	../syntropy_project/models/model1_0	../syntropy_project/models/model1_0	embarrassment	0.9547532200813293	0.0005394280888140202	0.0008219325100071728	0.02660915069282055	0.0001826578372856602	0.0009017823031172156	0.9547532200813293	0.013218372128903866	0.00028884646599180996	0.00022908527171239257	1.0227495295112021e-05	0.0006705184350721538	0.0017748096724972129
579	confusion	../syntropy_project/models/model1_0	../syntropy_project/models/model1_0	confusion	0.6564575433731079	0.28916075825691223	0.0015882550505921245	0.6564575433731079	2.2580274162464775e-05	0.044515516608953476	0.0008672425174154341	0.0009143010247498751	0.0005092174396850169	0.0014932559570297599	0.0030820223037153482	0.0006539987516589463	0.0007352489046752453
580	neutral	../syntropy_project/models/model1_0	../syntropy_project/models/model1_0	disgust	0.9108824729919434	0.008115273900330067	0.004605561029165983	0.002040486317127943	0.0009157133754342794	0.0021903531160205603	0.008022143505513668	0.9108824729919434	0.03080301731824875	0.0006979094468988478	0.0010811607353389263	0.00031534209847450256	0.03033059649169445
581	excitement	../syntropy_project/models/model1_0	../syntropy_project/models/model1_0	neutral	0.49702444672584534	0.49702444672584534	0.09793717414140701	0.02706867642700672	0.004945677705109119	0.17599479854106903	0.007723705377429724	0.0076125189661979675	0.007998714223504066	0.07468797266483307	0.08427683264017105	0.01192599069327116	0.0028035317081958055
582	sadness	../syntropy_project/models/model1_0	../syntropy_project/models/model1_0	sadness	0.71625816822052	0.008664939552545547	0.71625816822052	0.003003732766956091	0.03795436769723892	0.0041689262725412846	0.003016881411895156	0.006041806656867266	0.2110322266817093	0.004414805211126804	0.002135803224518895	0.0008052519406192005	0.0025031333789229393
583	surprise	../syntropy_project/models/model1_0	../syntropy_project/models/model1_0	excitement	0.5633601546287537	0.00559636577963829	0.0016426113434135914	0.0002465014695189893	8.756642637308687e-05	0.0034684608690440655	0.0002792678715195507	0.0001670221972744912	8.859389345161617e-05	0.4203484058380127	0.5633601546287537	0.00454191816970706	0.00017313631542492658
584	surprise	../syntropy_project/models/model1_0	../syntropy_project/models/model1_0	confusion	0.6263670325279236	0.14657261967658997	0.002123285084962845	0.6263670325279236	0.00010004271462094039	0.21606974303722382	0.0008549016201868653	0.0008997471886686981	0.0005398737848736346	0.0011750190751627088	0.0036131918895989656	0.00043332279892638326	0.0012512648245319724
585	excitement	../syntropy_project/models/model1_0	../syntropy_project/models/model1_0	excitement	0.8042531609535217	0.04965067654848099	0.002263544825837016	0.0015999609604477882	0.00017808182747103274	0.060339342802762985	0.0004238538385834545	0.0006866910262033343	0.0005905414582230151	0.07683118432760239	0.8042531609535217	0.0027752304449677467	0.0004078019119333476
586	fear	../syntropy_project/models/model1_0	../syntropy_project/models/model1_0	fear	0.9882038831710815	0.000981616321951151	0.0013572133611887693	0.0002605342597234994	0.005593606736510992	0.0007566839340142906	0.0005329557461664081	0.0013599576195701957	0.9882038831710815	0.0004339174774941057	0.00013115836190991104	0.00012373682693578303	0.0002647519577294588
587	excitement	../syntropy_project/models/model1_0	../syntropy_project/models/model1_0	joy	0.900481104850769	0.01038904208689928	0.002451131120324135	0.003072940045967698	0.00034913013223558664	0.010558061301708221	0.0017304775537922978	0.00042023425339721143	0.00019850044918712229	0.900481104850769	0.06221359968185425	0.007294999901205301	0.0008408284629695117
588	confusion	../syntropy_project/models/model1_0	../syntropy_project/models/model1_0	confusion	0.8252750635147095	0.03908469155430794	0.00039634358836337924	0.8252750635147095	3.02484113490209e-05	0.12972694635391235	0.00116462423466146	0.0005843869294039905	0.00021006554015912116	0.0006132881972007453	0.0022747316397726536	0.00020381230569910258	0.00043577782344073057
589	fear	../syntropy_project/models/model1_0	../syntropy_project/models/model1_0	disgust	0.7856141924858093	0.016115186735987663	0.009222887456417084	0.0029962128028273582	0.003252677619457245	0.0033822674304246902	0.008577268570661545	0.7856141924858093	0.14733724296092987	0.0011076699011027813	0.0020469510927796364	0.0009332907502539456	0.01941419020295143
590	neutral	../syntropy_project/models/model1_0	../syntropy_project/models/model1_0	neutral	0.4727526307106018	0.4727526307106018	0.0043242862448096275	0.16987255215644836	0.00016635119391139597	0.15410853922367096	0.005485120695084333	0.0049303676933050156	0.0030134895350784063	0.10167575627565384	0.0788644477725029	0.0025542639195919037	0.002252189675346017
591	excitement	../syntropy_project/models/model1_0	../syntropy_project/models/model1_0	surprise	0.46171194314956665	0.08512524515390396	0.0024557404685765505	0.006266848649829626	0.0007204858702607453	0.46171194314956665	0.0015476880362257361	0.005769243463873863	0.004166640806943178	0.0409390889108181	0.38496989011764526	0.0038825268857181072	0.0024446097668260336
592	anger	../syntropy_project/models/model1_0	../syntropy_project/models/model1_0	anger	0.9734500646591187	0.007627484854310751	0.0017793660517781973	0.00043376334360800683	0.0028514105360955	0.0002538888365961611	0.00162667001131922	0.009184753522276878	0.0018627058016136289	0.00022372046078089625	0.00026988101308234036	0.0004362470644991845	0.9734500646591187
593	fear	../syntropy_project/models/model1_0	../syntropy_project/models/model1_0	fear	0.9883178472518921	0.0012701507657766342	0.0009820095729082823	0.002898543607443571	0.003453645622357726	0.0002195017150370404	0.002154257148504257	0.00030569604132324457	0.9883178472518921	0.00012152374983998016	1.3403323464444838e-05	0.00022077080211602151	4.2590716475388035e-05
594	confusion	../syntropy_project/models/model1_0	../syntropy_project/models/model1_0	confusion	0.9016158580780029	0.06960823386907578	0.0025830718223005533	0.9016158580780029	9.751548350322992e-05	0.01657409965991974	0.0009544113418087363	0.0008789331186562777	0.0006784960278309882	0.0009474185644648969	0.000401065859477967	0.0002521601563785225	0.0054087331518530846
595	sadness	../syntropy_project/models/model1_0	../syntropy_project/models/model1_0	disgust	0.4380308985710144	0.030345473438501358	0.16112534701824188	0.009116476401686668	0.02169760689139366	0.06473544985055923	0.04786783084273338	0.4380308985710144	0.05584714561700821	0.005988832097500563	0.020843325182795525	0.002297892700880766	0.14210371673107147
596	anger	../syntropy_project/models/model1_0	../syntropy_project/models/model1_0	neutral	0.29687562584877014	0.29687562584877014	0.12014035135507584	0.00272035482339561	0.0033047334291040897	0.08238057792186737	0.006382104475051165	0.007864944636821747	0.004333236254751682	0.193602055311203	0.24343876540660858	0.03102497197687626	0.007932248525321484
597	fear	../syntropy_project/models/model1_0	../syntropy_project/models/model1_0	fear	0.9727551937103271	0.006063119973987341	0.00285422638989985	0.001054881140589714	0.008397955447435379	0.0017988320905715227	0.0012901336885988712	0.0035514747723937035	0.9727551937103271	0.0011021351674571633	0.0004900488420389593	0.0003769710019696504	0.0002649737289175391
598	joy	../syntropy_project/models/model1_0	../syntropy_project/models/model1_0	joy	0.9771141409873962	0.005354985594749451	0.0003680819063447416	0.00014559546252712607	2.1019788619014435e-05	8.79572908161208e-05	7.426026422763243e-05	7.041993376333266e-05	1.9001643522642553e-05	0.9771141409873962	0.015026479959487915	0.0016643134877085686	5.369183418224566e-05
599	excitement	../syntropy_project/models/model1_0	../syntropy_project/models/model1_0	excitement	0.831976056098938	0.028606876730918884	0.001152760349214077	0.001294914516620338	0.00018496841948945075	0.0347900390625	0.0005590257351286709	0.0005659958114847541	0.0004516806802712381	0.09262771904468536	0.831976056098938	0.007466703653335571	0.00032337114680558443
600	surprise	../syntropy_project/models/model1_0	../syntropy_project/models/model1_0	surprise	0.6278323531150818	0.0789753869175911	0.1596052050590515	0.039910729974508286	0.015986401587724686	0.6278323531150818	0.009687702171504498	0.007052918430417776	0.036073941737413406	0.011714817024767399	0.01089162565767765	0.0017830071737989783	0.00048593556857667863
601	anger	../syntropy_project/models/model1_0	../syntropy_project/models/model1_0	anger	0.969002366065979	0.0035386530216783285	0.0004899172927252948	0.00038339177262969315	0.0007977223722264171	0.00016980212240014225	0.002025125315412879	0.022924378514289856	9.981342736864462e-05	6.948312511667609e-05	0.00015568314120173454	0.0003436481929384172	0.969002366065979
602	excitement	../syntropy_project/models/model1_0	../syntropy_project/models/model1_0	surprise	0.3734115958213806	0.04630821943283081	0.00838987436145544	0.00726850051432848	0.0014499028911814094	0.3734115958213806	0.006697378121316433	0.0051028672605752945	0.0036516243126243353	0.25584354996681213	0.2619788944721222	0.02771630696952343	0.002181276911869645
603	fear	../syntropy_project/models/model1_0	../syntropy_project/models/model1_0	fear	0.7943484783172607	0.008628557436168194	0.011209651827812195	0.002334107179194689	0.007103674579411745	0.00978968758136034	0.005709598772227764	0.15045346319675446	0.7943484783172607	0.0007248259498737752	0.0034127209801226854	0.0005456500803120434	0.005739680491387844
604	anger	../syntropy_project/models/model1_0	../syntropy_project/models/model1_0	neutral	0.7162396311759949	0.7162396311759949	0.004658939316868782	0.09710525721311569	0.0008064428111538291	0.14534220099449158	0.000978347146883607	0.002146140905097127	0.0015055733965709805	0.0019815631676465273	0.025541087612509727	0.0017730992985889316	0.001921739079989493
605	joy	../syntropy_project/models/model1_0	../syntropy_project/models/model1_0	excitement	0.5987352132797241	0.0061784046702086926	0.0003644346143119037	9.718265209812671e-05	1.4303238458523992e-05	0.0024605649523437023	8.430959860561416e-05	5.9595411585178226e-05	1.943504685186781e-05	0.38951677083969116	0.5987352132797241	0.002421186538413167	4.8591951781418175e-05
606	excitement	../syntropy_project/models/model1_0	../syntropy_project/models/model1_0	joy	0.6089084148406982	0.030001357197761536	0.004038571380078793	0.0009474808466620743	0.0003731908218469471	0.002339236903935671	0.0005368164274841547	0.0009414659580215812	0.0004803273477591574	0.6089084148406982	0.34068870544433594	0.008308407850563526	0.002436029026284814
607	neutral	../syntropy_project/models/model1_0	../syntropy_project/models/model1_0	confusion	0.7104546427726746	0.25008583068847656	0.00241115246899426	0.7104546427726746	0.00017598630802240223	0.027917828410863876	0.0012594914296641946	0.001593561377376318	0.0011726279044523835	0.0014071972109377384	0.0018982356414198875	0.0007592157344333827	0.0008642132743261755
608	neutral	../syntropy_project/models/model1_0	../syntropy_project/models/model1_0	neutral	0.9114735126495361	0.9114735126495361	0.004379022866487503	0.00113404612056911	0.0017843195237219334	0.0031229115556925535	0.0003836166870314628	0.003440897911787033	0.0010060069616883993	0.005837043281644583	0.05059821531176567	0.0015571691328659654	0.015283227898180485
609	disgust	../syntropy_project/models/model1_0	../syntropy_project/models/model1_0	disgust	0.9928689002990723	0.0007328728679567575	0.0006038995343260467	0.00022182772227097303	2.395225419604685e-05	0.0002894831995945424	0.0031530677806586027	0.9928689002990723	0.0007423131028190255	0.000264860806055367	0.00027231828426010907	5.330159910954535e-05	0.000773127016145736
610	disgust	../syntropy_project/models/model1_0	../syntropy_project/models/model1_0	disgust	0.7063454985618591	0.02955874428153038	0.00988524965941906	0.019901929423213005	0.004938273224979639	0.042187027633190155	0.16194431483745575	0.7063454985618591	0.013006393797695637	0.005966445431113243	0.0018390436889603734	0.0014535385416820645	0.0029735297430306673
611	joy	../syntropy_project/models/model1_0	../syntropy_project/models/model1_0	joy	0.9188807010650635	0.015914594754576683	0.00532897561788559	0.003490948583930731	0.00019484682707116008	0.00363069586455822	0.0014615694526582956	0.0007078163325786591	0.0004793441912624985	0.9188807010650635	0.04615822806954384	0.003629896091297269	0.0001223679428221658
612	joy	../syntropy_project/models/model1_0	../syntropy_project/models/model1_0	joy	0.8580706119537354	0.06795163452625275	0.005474494304507971	0.02102232724428177	9.410036000190303e-05	0.006419682875275612	0.007476526312530041	0.003048223676159978	0.0013075473252683878	0.8580706119537354	0.02408057264983654	0.00436006672680378	0.0006943398038856685
613	joy	../syntropy_project/models/model1_0	../syntropy_project/models/model1_0	joy	0.6547431349754333	0.007371125742793083	0.0007103952812030911	0.000984099693596363	0.00010858778841793537	0.01200934685766697	0.0009509053197689354	0.0009041982120834291	0.0002500082191545516	0.6547431349754333	0.3172850012779236	0.004287519957870245	0.00039570758235640824
614	anger	../syntropy_project/models/model1_0	../syntropy_project/models/model1_0	anger	0.8981321454048157	0.013333771377801895	0.010233262553811073	0.001975595485419035	0.003948724362999201	0.0014720679027959704	0.003902863245457411	0.05424512177705765	0.00251365196891129	0.0020977535750716925	0.007128292229026556	0.0010167211294174194	0.8981321454048157
615	neutral	../syntropy_project/models/model1_0	../syntropy_project/models/model1_0	neutral	0.9228964447975159	0.9228964447975159	0.0036309538409113884	0.03208709880709648	0.00010687830217648298	0.0037807882763445377	0.002229201141744852	0.005396503955125809	0.000650568981654942	0.019653335213661194	0.00356979644857347	0.003913295455276966	0.0020852612797170877
616	embarrassment	../syntropy_project/models/model1_0	../syntropy_project/models/model1_0	embarrassment	0.9706857204437256	0.00031327983015216887	0.015775980427861214	0.000603548891376704	0.0009296038770116866	6.43089588265866e-05	0.9706857204437256	0.009895162656903267	0.0005772162694483995	0.00021981993631925434	1.2805418009520508e-05	0.0006244673277251422	0.0002979614364448935
617	surprise	../syntropy_project/models/model1_0	../syntropy_project/models/model1_0	surprise	0.9892078638076782	0.0035025987308472395	0.0002193908003391698	0.0016205307329073548	4.2971289076376706e-05	0.9892078638076782	0.00019985248218290508	6.304370617726818e-05	0.0002517975226510316	0.0002517682150937617	0.004553947597742081	8.049445023061708e-05	5.800803137390176e-06
618	disgust	../syntropy_project/models/model1_0	../syntropy_project/models/model1_0	disgust	0.9912542104721069	0.0005287810345180333	0.00021957082208245993	9.222750668413937e-05	6.021102308295667e-05	0.00032290397211909294	0.0029601254500448704	0.9912542104721069	0.001789814094081521	5.514056101674214e-05	0.00014739614562131464	3.956111686420627e-05	0.0025300784036517143
619	joy	../syntropy_project/models/model1_0	../syntropy_project/models/model1_0	joy	0.5261678695678711	0.013336117379367352	0.022675924003124237	0.0015517664141952991	0.0022961380891501904	0.005133307538926601	0.010746455751359463	0.0008152243681252003	0.0006347057642415166	0.5261678695678711	0.04803481325507164	0.3664722144603729	0.002135537564754486
620	joy	../syntropy_project/models/model1_0	../syntropy_project/models/model1_0	joy	0.5382145047187805	0.14740076661109924	0.03943013399839401	0.016723250970244408	0.001642889459617436	0.05842486023902893	0.004709808621555567	0.003501112572848797	0.004883771762251854	0.5382145047187805	0.17155836522579193	0.012507792562246323	0.00100275210570544
621	embarrassment	../syntropy_project/models/model1_0	../syntropy_project/models/model1_0	embarrassment	0.9334831237792969	0.0002910660987254232	0.001181581523269415	0.0015565085923299193	0.0004596272192429751	0.05665796250104904	0.9334831237792969	0.0007546272245235741	0.001468456699512899	2.8550319257192314e-05	2.699596734601073e-05	0.004024728201329708	6.681693048449233e-05
622	excitement	../syntropy_project/models/model1_0	../syntropy_project/models/model1_0	surprise	0.8083254098892212	0.014994021505117416	0.0006293215556070209	0.02104911394417286	0.00017152899818029255	0.8083254098892212	0.0008727613021619618	0.0002685429062694311	0.000453976565040648	0.003448285860940814	0.1492738276720047	0.00044085452100262046	7.236086821649224e-05
623	neutral	../syntropy_project/models/model1_0	../syntropy_project/models/model1_0	neutral	0.8756027817726135	0.8756027817726135	0.015198178589344025	0.03243815898895264	0.002207493409514427	0.0007631268235854805	0.007129655219614506	0.025913245975971222	0.004344920162111521	0.0026340961921960115	0.0012888910714536905	0.00213317247107625	0.030346333980560303
624	neutral	../syntropy_project/models/model1_0	../syntropy_project/models/model1_0	sadness	0.3909462094306946	0.33124780654907227	0.3909462094306946	0.01615336164832115	0.026401307433843613	0.05188814923167229	0.038423970341682434	0.030854057520627975	0.06183070316910744	0.0194967370480299	0.019616326317191124	0.006563687697052956	0.006577726919203997
625	anger	../syntropy_project/models/model1_0	../syntropy_project/models/model1_0	excitement	0.3982013761997223	0.1796172708272934	0.005837566684931517	0.009743094444274902	0.0019741500727832317	0.15855051577091217	0.005376441869884729	0.027982348576188087	0.0026379311457276344	0.11845285445451736	0.3982013761997223	0.0036122461315244436	0.08801422268152237
626	neutral	../syntropy_project/models/model1_0	../syntropy_project/models/model1_0	neutral	0.9099208116531372	0.9099208116531372	0.007164256181567907	0.03491378203034401	0.0005657394649460912	0.018925918266177177	0.0024784000124782324	0.007805581204593182	0.005627387668937445	0.004527391865849495	0.002491779625415802	0.001552401459775865	0.0040265596471726894
627	surprise	../syntropy_project/models/model1_0	../syntropy_project/models/model1_0	surprise	0.4416658878326416	0.11206258088350296	0.009500687010586262	0.007433852646499872	0.002539759036153555	0.4416658878326416	0.019464457407593727	0.10656540840864182	0.011222835630178452	0.051722973585128784	0.17301858961582184	0.007021815050393343	0.05778104439377785
628	neutral	../syntropy_project/models/model1_0	../syntropy_project/models/model1_0	neutral	0.7918815016746521	0.7918815016746521	0.011730692349374294	0.04198901727795601	0.001419844920746982	0.043710265308618546	0.002315102843567729	0.007251218892633915	0.002782288705930114	0.009693773463368416	0.05710618942975998	0.00242345267906785	0.02769666723906994
629	anger	../syntropy_project/models/model1_0	../syntropy_project/models/model1_0	anger	0.23053273558616638	0.09468504041433334	0.05809091031551361	0.016055384650826454	0.1933000683784485	0.013153372332453728	0.0463203527033329	0.1253015100955963	0.18817871809005737	0.012963404878973961	0.015550612471997738	0.0058678132481873035	0.23053273558616638
630	joy	../syntropy_project/models/model1_0	../syntropy_project/models/model1_0	joy	0.9769002199172974	0.004059971310198307	0.000717442948371172	0.00036841866676695645	2.9405468012555502e-05	0.00019281551067251712	0.00018471931980457157	4.073680975125171e-05	2.2637908841716126e-05	0.9769002199172974	0.01570633426308632	0.0016813651891425252	9.606382081983611e-05
631	surprise	../syntropy_project/models/model1_0	../syntropy_project/models/model1_0	surprise	0.9905793070793152	0.0036631503608077765	0.0006522948970086873	0.0005442876135930419	5.9510563005460426e-05	0.9905793070793152	0.0009954621782526374	0.0004463009536266327	0.0005446471623145044	0.0003558809985406697	0.0019966342952102423	0.00015751046885270625	5.0781568461388815e-06
632	sadness	../syntropy_project/models/model1_0	../syntropy_project/models/model1_0	sadness	0.845328688621521	0.014597905799746513	0.845328688621521	0.006378082558512688	0.003316576359793544	0.09120877087116241	0.005297077354043722	0.0033724855165928602	0.014280866831541061	0.00618253368884325	0.007608621381223202	0.0013841280015185475	0.0010442073689773679
633	disgust	../syntropy_project/models/model1_0	../syntropy_project/models/model1_0	disgust	0.8700442314147949	0.012172372080385685	0.0038692092057317495	0.010355793870985508	0.001983148278668523	0.028395377099514008	0.04631202667951584	0.8700442314147949	0.011844088323414326	0.011295555159449577	0.0020017114002257586	0.001172649092040956	0.000553858932107687
634	excitement	../syntropy_project/models/model1_0	../syntropy_project/models/model1_0	excitement	0.9973178505897522	0.0005549272173084319	1.1006006388925016e-05	4.532065759121906e-06	8.18391617940506e-06	0.00033964167232625186	1.6779154066171031e-06	2.7256667181063676e-06	1.9970404991909163e-06	0.0017190934158861637	0.9973178505897522	3.6258756153983995e-05	2.0383697574288817e-06
635	anger	../syntropy_project/models/model1_0	../syntropy_project/models/model1_0	anger	0.8787006139755249	0.018615754321217537	0.005440375301986933	0.0009544068016111851	0.0017074723728001118	0.007202798034995794	0.003043233882635832	0.07063779979944229	0.002287228824570775	0.0023230682127177715	0.00723408255726099	0.001853238558396697	0.8787006139755249
636	anger	../syntropy_project/models/model1_0	../syntropy_project/models/model1_0	anger	0.9374573230743408	0.013205962255597115	0.0016333932289853692	0.001955762505531311	0.0016610699240118265	0.0017187540652230382	0.0026614542584866285	0.03311116248369217	0.0006803196156397462	0.0010538067435845733	0.0035521253012120724	0.0013089727144688368	0.9374573230743408
637	surprise	../syntropy_project/models/model1_0	../syntropy_project/models/model1_0	neutral	0.5337409973144531	0.5337409973144531	0.008017703890800476	0.013582422398030758	0.005860263481736183	0.28400155901908875	0.007349120453000069	0.0299484021961689	0.06260651350021362	0.01816125400364399	0.027498099952936172	0.004213983193039894	0.005019710399210453
638	sadness	../syntropy_project/models/model1_0	../syntropy_project/models/model1_0	sadness	0.9935033917427063	0.001565073966048658	0.9935033917427063	0.0002493001229595393	0.0006350896437652409	0.00017474654305260628	0.000395283626858145	0.000532854872290045	0.0009354891371913254	0.0014517043018713593	0.0003006835177075118	7.497493061237037e-05	0.00018145932699553668
639	surprise	../syntropy_project/models/model1_0	../syntropy_project/models/model1_0	surprise	0.9860458970069885	0.000900857790838927	0.0001690572389634326	0.006197418551892042	4.183594137430191e-05	0.9860458970069885	0.0005336830508895218	0.00029726861976087093	0.00012045276525896043	0.0004380593600217253	0.005082936491817236	0.00012691880692727864	4.555958730634302e-05
640	surprise	../syntropy_project/models/model1_0	../syntropy_project/models/model1_0	surprise	0.8803997039794922	0.012971753254532814	0.0009603308863006532	0.003231476526707411	0.00011582304432522506	0.8803997039794922	0.00033654473372735083	0.00024776163627393544	0.00026628468185663223	0.00279473839327693	0.09831254184246063	0.0003172496799379587	4.565758354146965e-05
641	anger	../syntropy_project/models/model1_0	../syntropy_project/models/model1_0	confusion	0.36872872710227966	0.08179029077291489	0.004425567574799061	0.36872872710227966	0.0019229757599532604	0.07585502415895462	0.04177035018801689	0.05991842970252037	0.0015250162687152624	0.0042809234000742435	0.016681136563420296	0.0024700977373868227	0.34063148498535156
642	anger	../syntropy_project/models/model1_0	../syntropy_project/models/model1_0	anger	0.9649214744567871	0.0022597499191761017	0.00030582258477807045	0.01551610417664051	0.0005462878616526723	0.0027656222227960825	0.0007835190044716001	0.011837775819003582	0.00042285819654352963	0.00011267312220297754	0.0003627243568189442	0.00016550096916034818	0.9649214744567871
643	surprise	../syntropy_project/models/model1_0	../syntropy_project/models/model1_0	surprise	0.6031097173690796	0.01858953759074211	0.027426520362496376	0.012352862395346165	0.10252274572849274	0.6031097173690796	0.023488512262701988	0.012884320691227913	0.17882974445819855	0.004132004454731941	0.01113125216215849	0.0019198559457436204	0.0036128354258835316
644	excitement	../syntropy_project/models/model1_0	../syntropy_project/models/model1_0	excitement	0.5939035415649414	0.0988437756896019	0.013788830488920212	0.005635349545627832	0.002901935949921608	0.05567852780222893	0.004159270320087671	0.00988742709159851	0.004428085871040821	0.14954553544521332	0.5939035415649414	0.015973340719938278	0.045254454016685486
645	joy	../syntropy_project/models/model1_0	../syntropy_project/models/model1_0	joy	0.9839125275611877	0.0010794098488986492	0.0003761984989978373	9.076354035641998e-05	3.505371932988055e-05	0.00012590062397066504	6.403741281246766e-05	3.830191781162284e-05	1.0850201761058997e-05	0.9839125275611877	0.012560897506773472	0.0016747287008911371	3.125735747744329e-05
646	anger	../syntropy_project/models/model1_0	../syntropy_project/models/model1_0	anger	0.5230107307434082	0.33784258365631104	0.0060211652889847755	0.014999291859567165	0.00414099870249629	0.0053542605601251125	0.0032643137965351343	0.09331141412258148	0.001064744545146823	0.0026110613252967596	0.0041810739785432816	0.004198302980512381	0.5230107307434082
647	excitement	../syntropy_project/models/model1_0	../syntropy_project/models/model1_0	excitement	0.4831315279006958	0.3066859543323517	0.0006190116982907057	0.001642546383664012	6.737451622029766e-05	0.018525348976254463	0.0005919135874137282	0.0011384652461856604	0.0004876950988546014	0.1850353479385376	0.4831315279006958	0.0017908094450831413	0.0002840343804564327
648	neutral	../syntropy_project/models/model1_0	../syntropy_project/models/model1_0	neutral	0.5177757740020752	0.5177757740020752	0.07646075636148453	0.11982068419456482	0.013481157831847668	0.06598711013793945	0.014387371018528938	0.032908711582422256	0.01921599544584751	0.03458612039685249	0.08199907094240189	0.006686258129775524	0.01669096201658249
649	disgust	../syntropy_project/models/model1_0	../syntropy_project/models/model1_0	anger	0.9689990282058716	0.0031962115317583084	0.0005917555536143482	0.0005176455597393215	0.0003922092146240175	0.000890078954398632	0.0005175090627744794	0.023482857272028923	0.00014561308489646763	0.0001151549513451755	0.0007498332997784019	0.0004021418862976134	0.9689990282058716
650	sadness	../syntropy_project/models/model1_0	../syntropy_project/models/model1_0	surprise	0.8173934817314148	0.030384698882699013	0.02965332381427288	0.04320861026644707	0.007653326727449894	0.8173934817314148	0.007360932882875204	0.00255768746137619	0.019175156950950623	0.004544585011899471	0.03543933480978012	0.0017254432896152139	0.0009033750975504518
651	surprise	../syntropy_project/models/model1_0	../syntropy_project/models/model1_0	surprise	0.61278235912323	0.025357622653245926	0.003633506828919053	0.0023348284885287285	0.001741879852488637	0.61278235912323	0.0036111490335315466	0.07809723168611526	0.010997110046446323	0.005978010129183531	0.16283154487609863	0.0027400010731071234	0.08989483118057251
652	sadness	../syntropy_project/models/model1_0	../syntropy_project/models/model1_0	sadness	0.9963971972465515	0.0006545578362420201	0.9963971972465515	0.00012525272904895246	0.00021018115512561053	0.00016527448315173388	0.00019423957564868033	0.0002442787226755172	0.0005918664392083883	0.0011086092563346028	0.0001696399413049221	5.444573980639689e-05	8.450650057056919e-05
653	anger	../syntropy_project/models/model1_0	../syntropy_project/models/model1_0	anger	0.874525785446167	0.04003529250621796	0.01262218039482832	0.0009299612138420343	0.001833016867749393	0.0015004720771685243	0.0037628035061061382	0.0436491034924984	0.010586992837488651	0.0024961011949926615	0.005286199506372213	0.002772135427221656	0.874525785446167
654	confusion	../syntropy_project/models/model1_0	../syntropy_project/models/model1_0	confusion	0.9476458430290222	0.03664527088403702	0.0016020091716200113	0.9476458430290222	0.0001300787553191185	0.012284957803785801	0.0005151160294190049	0.00010035328159574419	0.0005156956030987203	0.0002333101147087291	7.634715439053252e-05	8.911112672649324e-05	0.0001618215610506013
655	joy	../syntropy_project/models/model1_0	../syntropy_project/models/model1_0	anger	0.7715476155281067	0.04201706871390343	0.006489056162536144	0.0013158322544768453	0.0015750393504276872	0.0073102377355098724	0.0026046917773783207	0.044105250388383865	0.003484823042526841	0.055954478681087494	0.05296487361192703	0.010631020180881023	0.7715476155281067
656	sadness	../syntropy_project/models/model1_0	../syntropy_project/models/model1_0	sadness	0.9923096299171448	0.002580208471044898	0.9923096299171448	0.00029570498736575246	0.00016060605412349105	0.00043495467980392277	0.0003047456266358495	0.0005311481072567403	0.0006948839873075485	0.0016600453527644277	0.0005623130709864199	9.566164953866974e-05	0.0003701122186612338
657	anger	../syntropy_project/models/model1_0	../syntropy_project/models/model1_0	neutral	0.6967208981513977	0.6967208981513977	0.013830835931003094	0.01598621904850006	0.0007732457597739995	0.03411988168954849	0.0033967308700084686	0.01121885422617197	0.0029313291888684034	0.08810767531394958	0.11392203718423843	0.006943593267351389	0.012048718519508839
658	excitement	../syntropy_project/models/model1_0	../syntropy_project/models/model1_0	excitement	0.992154061794281	0.0010546502890065312	0.00017583734006620944	0.0002767066762316972	0.00038200776907615364	0.0009188411640934646	5.379172580433078e-05	6.79402583045885e-05	3.304014899185859e-05	0.004530363716185093	0.992154061794281	0.00016729781054891646	0.00018549695960246027
659	disgust	../syntropy_project/models/model1_0	../syntropy_project/models/model1_0	disgust	0.8884956240653992	0.004220931325107813	0.0024705182295292616	0.0005239340243861079	0.0021420831326395273	0.0016773812239989638	0.00602246867492795	0.8884956240653992	0.006876534316688776	0.0004047843103762716	0.0014994965167716146	0.0003590933920349926	0.08530712127685547
660	neutral	../syntropy_project/models/model1_0	../syntropy_project/models/model1_0	neutral	0.5790512561798096	0.5790512561798096	0.0031414402183145285	0.007563214283436537	0.0010707416804507375	0.012557418085634708	0.001804974628612399	0.007777775637805462	0.0009210287826135755	0.06445448100566864	0.2882884442806244	0.008847543969750404	0.024521758779883385
661	confusion	../syntropy_project/models/model1_0	../syntropy_project/models/model1_0	confusion	0.9198905825614929	0.06397844105958939	0.0005941135459579527	0.9198905825614929	9.166228846879676e-05	0.011010726913809776	0.0020894992630928755	0.0003404360031709075	0.00035154723445884883	0.0006005784380249679	0.00040844257455319166	0.0004416757437866181	0.00020222931925673038
662	neutral	../syntropy_project/models/model1_0	../syntropy_project/models/model1_0	neutral	0.3707180321216583	0.3707180321216583	0.06813737004995346	0.004363685380667448	0.004583394154906273	0.11983688920736313	0.004940647631883621	0.06367858499288559	0.02958713099360466	0.10691750049591064	0.14591743052005768	0.010746640153229237	0.07057275623083115
663	confusion	../syntropy_project/models/model1_0	../syntropy_project/models/model1_0	confusion	0.7353320121765137	0.23510156571865082	0.003172586439177394	0.7353320121765137	6.33794188615866e-05	0.02018476277589798	0.0018656010506674647	0.0010437483433634043	0.0013832590775564313	0.0005645505152642727	0.0004155003698542714	0.000323157204547897	0.0005498185055330396
664	joy	../syntropy_project/models/model1_0	../syntropy_project/models/model1_0	joy	0.9928128719329834	0.0023963632993400097	0.0003942797193303704	0.00019742583390325308	2.6288847948308103e-05	5.5740762036293745e-05	0.0001303341705352068	5.597488416242413e-05	2.4162362024071626e-05	0.9928128719329834	0.0027315334882587194	0.001133536919951439	4.149846063228324e-05
665	anger	../syntropy_project/models/model1_0	../syntropy_project/models/model1_0	sadness	0.29240694642066956	0.15234681963920593	0.29240694642066956	0.030607299879193306	0.005952475592494011	0.0124695198610425	0.05377918854355812	0.14363165199756622	0.006650853902101517	0.017385905608534813	0.007609034888446331	0.007021720986813307	0.27013859152793884
666	confusion	../syntropy_project/models/model1_0	../syntropy_project/models/model1_0	confusion	0.8802842497825623	0.11083242297172546	0.0005299403565004468	0.8802842497825623	1.6337287888745777e-05	0.006653565913438797	0.0004737336712423712	0.0002344691165490076	0.00019883920322172344	0.0001792477851267904	8.869534212863073e-05	0.00012130629329476506	0.0003871923836413771
667	joy	../syntropy_project/models/model1_0	../syntropy_project/models/model1_0	excitement	0.5272560715675354	0.01203630305826664	0.0006323335110209882	0.002861305605620146	4.845197327085771e-05	0.021778857335448265	0.0005305929807946086	0.0002569011994637549	0.00014796936011407524	0.43166375160217285	0.5272560715675354	0.002496869070455432	0.0002906481095124036
668	anger	../syntropy_project/models/model1_0	../syntropy_project/models/model1_0	disgust	0.5221960544586182	0.037805359810590744	0.014919733628630638	0.0014085740549489856	0.0004542262468021363	0.000767529068980366	0.006319488864392042	0.5221960544586182	0.007271523121744394	0.001247603096999228	0.0010831060353666544	0.0008701077313162386	0.405656635761261
669	disgust	../syntropy_project/models/model1_0	../syntropy_project/models/model1_0	anger	0.7195269465446472	0.009556842036545277	0.05735166743397713	0.0022328330669552088	0.0018820513505488634	0.00033927502227015793	0.013784951530396938	0.18434129655361176	0.0021770696621388197	0.005472132004797459	0.0017710392130538821	0.001563930418342352	0.7195269465446472
670	confusion	../syntropy_project/models/model1_0	../syntropy_project/models/model1_0	surprise	0.9643579125404358	0.006085715722292662	0.000636816315818578	0.011873996816575527	0.0026253110263496637	0.9643579125404358	0.006117851473391056	0.0012477614218369126	0.0049854158423841	0.00025669645401649177	0.0009068083600141108	0.0004337277787271887	0.00047190298209898174
671	neutral	../syntropy_project/models/model1_0	../syntropy_project/models/model1_0	sadness	0.35744914412498474	0.35131195187568665	0.35744914412498474	0.019177598878741264	0.004101225174963474	0.052556924521923065	0.06916938722133636	0.05595403537154198	0.006437768694013357	0.051752492785453796	0.008923985064029694	0.01684436947107315	0.00632114615291357
672	joy	../syntropy_project/models/model1_0	../syntropy_project/models/model1_0	joy	0.9633705615997314	0.002940232865512371	0.0012914965627714992	0.0008609286160208285	6.281935930019245e-05	0.0009129435056820512	0.000891636242158711	0.00012405515008140355	0.00013079875498078763	0.9633705615997314	0.02475978620350361	0.004540904425084591	0.00011387121776351705
673	anger	../syntropy_project/models/model1_0	../syntropy_project/models/model1_0	surprise	0.5190297961235046	0.041432492434978485	0.0036516590043902397	0.19636473059654236	0.0022260963451117277	0.5190297961235046	0.008512787520885468	0.06812794506549835	0.003913118038326502	0.005497855134308338	0.020540589466691017	0.0014689902309328318	0.1292339265346527
674	confusion	../syntropy_project/models/model1_0	../syntropy_project/models/model1_0	confusion	0.9298174381256104	0.032856285572052	0.004824021365493536	0.9298174381256104	0.0006506611243821681	0.008022461086511612	0.016281763091683388	0.0013950769789516926	0.003494687844067812	0.0002275627775816247	7.702759467065334e-05	0.0009588268585503101	0.0013942510122433305
675	neutral	../syntropy_project/models/model1_0	../syntropy_project/models/model1_0	neutral	0.6393686532974243	0.6393686532974243	0.09822025150060654	0.06785883754491806	0.01928301341831684	0.023533686995506287	0.008176049217581749	0.0013645943254232407	0.010208557359874249	0.0371476486325264	0.08721572905778885	0.0058847349137067795	0.0017382316291332245
676	anger	../syntropy_project/models/model1_0	../syntropy_project/models/model1_0	anger	0.9218214750289917	0.003951034974306822	0.002782638883218169	0.0006344183348119259	0.000640203186776489	6.801234121667221e-05	0.0018019397975876927	0.0667087659239769	0.00023650782532058656	0.00048031637561507523	0.0004016865277662873	0.000473006657557562	0.9218214750289917
677	anger	../syntropy_project/models/model1_0	../syntropy_project/models/model1_0	disgust	0.5168662667274475	0.030359499156475067	0.011849522590637207	0.007542235776782036	0.0049512372352182865	0.0014627065975219011	0.02038339525461197	0.5168662667274475	0.014425977133214474	0.0013153692707419395	0.0011914275819435716	0.0015381978591904044	0.38811418414115906
678	surprise	../syntropy_project/models/model1_0	../syntropy_project/models/model1_0	surprise	0.8834353089332581	0.006224903278052807	0.005412523169070482	0.061268437653779984	0.004493601154536009	0.8834353089332581	0.017562398687005043	0.004561930429190397	0.002723539946600795	0.0008160205325111747	0.0010807793587446213	0.0013063563965260983	0.011114200577139854
679	joy	../syntropy_project/models/model1_0	../syntropy_project/models/model1_0	joy	0.539248526096344	0.0727938786149025	0.0029448994901031256	0.0030916426330804825	0.0007050181739032269	0.0055342866107821465	0.0019424041965976357	0.001266766688786447	0.0006601415807381272	0.539248526096344	0.35620251297950745	0.01543007418513298	0.00017985481827054173
680	neutral	../syntropy_project/models/model1_0	../syntropy_project/models/model1_0	neutral	0.50466388463974	0.50466388463974	0.3094254732131958	0.016125619411468506	0.006258734967559576	0.036942336708307266	0.015603944659233093	0.018513280898332596	0.013431847095489502	0.01728692092001438	0.029103580862283707	0.00557318888604641	0.027071278542280197
681	fear	../syntropy_project/models/model1_0	../syntropy_project/models/model1_0	sadness	0.519869863986969	0.03059019334614277	0.519869863986969	0.008357666432857513	0.05540069192647934	0.00541025772690773	0.13437266647815704	0.07709892839193344	0.012253189459443092	0.006712231785058975	0.005682587157934904	0.006589870434254408	0.13766182959079742
682	sadness	../syntropy_project/models/model1_0	../syntropy_project/models/model1_0	sadness	0.9955792427062988	0.000808511977083981	0.9955792427062988	0.00020275825227145106	0.00017176718392875046	0.00010333187674405053	0.0011684646597132087	0.0003812913200818002	0.0009042439050972462	0.0004844670766033232	4.872341742157005e-05	6.568863318534568e-05	8.151974907377735e-05
683	embarrassment	../syntropy_project/models/model1_0	../syntropy_project/models/model1_0	neutral	0.632359504699707	0.632359504699707	0.10966173559427261	0.045247096568346024	0.0027982695028185844	0.08037033677101135	0.01602104678750038	0.005065368488430977	0.00838580634444952	0.027285518124699593	0.059723932296037674	0.01088709756731987	0.0021943163592368364
684	anger	../syntropy_project/models/model1_0	../syntropy_project/models/model1_0	anger	0.9445410966873169	0.018247930333018303	0.010063361376523972	0.0018119413871318102	0.0021831956692039967	0.0004086471162736416	0.0029687483329325914	0.017683077603578568	0.00021156638104002923	0.0004015923186670989	0.00045514057273976505	0.0010237224632874131	0.9445410966873169
685	joy	../syntropy_project/models/model1_0	../syntropy_project/models/model1_0	joy	0.7203847765922546	0.002958773635327816	0.0007530793664045632	0.0001523590908618644	8.873095794115216e-05	0.00042463489808142185	8.93366159289144e-05	7.386515062535182e-05	2.3892547687864862e-05	0.7203847765922546	0.27367764711380005	0.0012862087460234761	8.673413685755804e-05
686	sadness	../syntropy_project/models/model1_0	../syntropy_project/models/model1_0	sadness	0.9939097166061401	0.0014481244143098593	0.9939097166061401	0.0002804200048558414	0.0006521036266349256	0.0002598006103653461	0.0006577344611287117	0.0008729935507290065	0.0005268563982099295	0.0008080290863290429	0.00032008785638026893	7.2021248342935e-05	0.0001920905488077551
687	disgust	../syntropy_project/models/model1_0	../syntropy_project/models/model1_0	disgust	0.9905427098274231	0.0004920524661429226	0.00043280734098516405	9.991886327043176e-05	3.9968741475604475e-05	0.00028796656988561153	0.0028057903982698917	0.9905427098274231	0.0013663953868672252	5.168991629034281e-05	9.974862769013271e-05	2.6993237042916007e-05	0.0037539107725024223
688	fear	../syntropy_project/models/model1_0	../syntropy_project/models/model1_0	fear	0.9562597274780273	0.0012146065710112453	0.001087686512619257	0.0009115728898905218	0.03698930889368057	0.0003216561453882605	0.0009589256951585412	0.0009717904031276703	0.9562597274780273	0.0002075289230560884	6.444894097512588e-05	0.00030162412440404296	0.0007111181621439755
689	joy	../syntropy_project/models/model1_0	../syntropy_project/models/model1_0	joy	0.9851877689361572	0.002204261953011155	0.000338811514666304	0.00018399303371552378	2.6084442652063444e-05	5.834433250129223e-05	0.00018966080097015947	7.868027751101181e-05	2.2232194169191644e-05	0.9851877689361572	0.010675407946109772	0.000997747527435422	3.6978373827878386e-05
690	neutral	../syntropy_project/models/model1_0	../syntropy_project/models/model1_0	neutral	0.3194616138935089	0.3194616138935089	0.27497026324272156	0.012357829138636589	0.006570786703377962	0.01943587325513363	0.008810542523860931	0.007469487842172384	0.009917973540723324	0.2677251994609833	0.04162263870239258	0.018148744478821754	0.0135090546682477
691	excitement	../syntropy_project/models/model1_0	../syntropy_project/models/model1_0	excitement	0.817628800868988	0.013508526608347893	0.0004768426588270813	0.00026840795180760324	0.0002597475831862539	0.14474286139011383	0.0004593082412611693	0.0013220180990174413	0.00020586875325534493	0.01899901032447815	0.817628800868988	0.001584283891133964	0.0005443094414658844
692	anger	../syntropy_project/models/model1_0	../syntropy_project/models/model1_0	confusion	0.27920830249786377	0.11433566361665726	0.013410837389528751	0.27920830249786377	0.002508480567485094	0.200101837515831	0.015389367006719112	0.06700502336025238	0.009998627007007599	0.010270115919411182	0.029649080708622932	0.0030832774937152863	0.25503939390182495
693	neutral	../syntropy_project/models/model1_0	../syntropy_project/models/model1_0	neutral	0.7839373350143433	0.7839373350143433	0.025843434035778046	0.06079784408211708	0.001456187921576202	0.01901271753013134	0.005519012454897165	0.023305555805563927	0.0051055666990578175	0.009998445399105549	0.012266179546713829	0.0045920549891889095	0.048165611922740936
694	fear	../syntropy_project/models/model1_0	../syntropy_project/models/model1_0	fear	0.7153294086456299	0.01198983658105135	0.07864365726709366	0.004928289912641048	0.019494405016303062	0.00899561494588852	0.012609811499714851	0.13420464098453522	0.7153294086456299	0.0020089088939130306	0.0019397182622924447	0.0005398011999204755	0.00931589212268591
695	excitement	../syntropy_project/models/model1_0	../syntropy_project/models/model1_0	neutral	0.4677391052246094	0.4677391052246094	0.04608318582177162	0.015952805057168007	0.0018564251950010657	0.10559002310037613	0.005021256860345602	0.01996348239481449	0.010201516561210155	0.047006286680698395	0.22366192936897278	0.011675267480313778	0.04524870216846466
696	neutral	../syntropy_project/models/model1_0	../syntropy_project/models/model1_0	neutral	0.37455984950065613	0.37455984950065613	0.08588172495365143	0.064753457903862	0.0026453440077602863	0.11039656400680542	0.09021095931529999	0.013796794228255749	0.011883625760674477	0.14249368011951447	0.07088169455528259	0.020334897562861443	0.01216129120439291
697	sadness	../syntropy_project/models/model1_0	../syntropy_project/models/model1_0	sadness	0.9932032823562622	0.00372100155800581	0.9932032823562622	0.0003126113151665777	0.0001050575592671521	0.0001422712957719341	0.00015858876577112824	0.0004814601270481944	0.0002500916598364711	0.0008798341732472181	0.00018038663256447762	4.132169488002546e-05	0.0005241308826953173
698	anger	../syntropy_project/models/model1_0	../syntropy_project/models/model1_0	anger	0.5967297554016113	0.04495567828416824	0.18524602055549622	0.0030507321935147047	0.006801960989832878	0.004037102684378624	0.0282235499471426	0.07567817717790604	0.04733668640255928	0.00432349881157279	0.0010034749284386635	0.0026134366635233164	0.5967297554016113
699	surprise	../syntropy_project/models/model1_0	../syntropy_project/models/model1_0	surprise	0.9889070987701416	0.0025822713505476713	0.0002010263706324622	0.00013674570072907954	3.40545411745552e-05	0.9889070987701416	0.00017928659508470446	0.00018211184942629188	3.6007513699587435e-05	0.00040280111716128886	0.007195403333753347	0.00014117895625531673	2.0112377114855917e-06
700	confusion	../syntropy_project/models/model1_0	../syntropy_project/models/model1_0	neutral	0.7741554379463196	0.7741554379463196	0.006544926669448614	0.048384323716163635	0.001495166216045618	0.013922048732638359	0.008577624335885048	0.0533406026661396	0.011262253858149052	0.007442531641572714	0.008576912805438042	0.003200880251824856	0.06309729069471359
701	neutral	../syntropy_project/models/model1_0	../syntropy_project/models/model1_0	sadness	0.5701281428337097	0.09514700621366501	0.5701281428337097	0.0055818562395870686	0.0048547652550041676	0.013790709897875786	0.020868564024567604	0.07642652094364166	0.17053791880607605	0.011668488383293152	0.00480908527970314	0.0022311280481517315	0.023955734446644783
702	fear	../syntropy_project/models/model1_0	../syntropy_project/models/model1_0	fear	0.9168651103973389	0.007424992974847555	0.006891308818012476	0.007360704708844423	0.04907246306538582	0.0034541182685643435	0.003389716846868396	0.002269562566652894	0.9168651103973389	0.0008883654372766614	0.0005031147738918662	0.0006782870623283088	0.0012021956499665976
703	excitement	../syntropy_project/models/model1_0	../syntropy_project/models/model1_0	excitement	0.6079122424125671	0.008752284571528435	0.00017751871200744063	0.0006080975872464478	9.248301648767665e-05	0.0034517438616603613	0.0004105805419385433	0.00048738659825176	0.00014650050434283912	0.375739723443985	0.6079122424125671	0.002034861361607909	0.00018660110072232783
704	anger	../syntropy_project/models/model1_0	../syntropy_project/models/model1_0	anger	0.8272491693496704	0.1499658226966858	0.0021378789097070694	0.005427357740700245	0.002395417308434844	0.0007411271799355745	0.0018781102262437344	0.006801189389079809	0.00036975412513129413	0.000922356906812638	0.0010614875936880708	0.0010503192897886038	0.8272491693496704
705	confusion	../syntropy_project/models/model1_0	../syntropy_project/models/model1_0	confusion	0.9800615906715393	0.0034004778135567904	0.0006576798623427749	0.9800615906715393	7.688580080866814e-05	0.014392475597560406	0.0008990717469714582	0.00019470936967991292	8.191642700694501e-05	7.756437844363973e-05	1.692990008450579e-05	5.178539140615612e-05	8.898289524950087e-05
706	joy	../syntropy_project/models/model1_0	../syntropy_project/models/model1_0	neutral	0.4762789011001587	0.4762789011001587	0.005778808146715164	0.012960377149283886	0.00021525699412450194	0.007814198732376099	0.009175723418593407	0.011209117248654366	0.0008467207662761211	0.4386255145072937	0.024777019396424294	0.010309968143701553	0.002008418319746852
707	joy	../syntropy_project/models/model1_0	../syntropy_project/models/model1_0	joy	0.8890144228935242	0.003389304969459772	0.000592132390011102	0.00038524504634551704	8.814235479803756e-05	0.0010256353998556733	0.00022103371156845242	0.00015433730732183903	7.613564230268821e-05	0.8890144228935242	0.1007370725274086	0.004021750763058662	0.0002947679895441979
708	neutral	../syntropy_project/models/model1_0	../syntropy_project/models/model1_0	confusion	0.6398842334747314	0.23759587109088898	0.047770123928785324	0.6398842334747314	0.0011787103721871972	0.050873853266239166	0.006615167483687401	0.004703892394900322	0.002236903877928853	0.004079916048794985	0.0014069052413105965	0.0007725087343715131	0.002881943481042981
709	sadness	../syntropy_project/models/model1_0	../syntropy_project/models/model1_0	sadness	0.9753608107566833	0.0027523718308657408	0.9753608107566833	0.0006748815067112446	0.0033161684405058622	0.00047390381223522127	0.0032165751326829195	0.0063405996188521385	0.0022838569711893797	0.0005385552649386227	0.0002895997604355216	0.00019210665777791291	0.0045606340281665325
710	surprise	../syntropy_project/models/model1_0	../syntropy_project/models/model1_0	surprise	0.7828626036643982	0.11197420209646225	0.003979694098234177	0.0019525326788425446	0.0012368593597784638	0.7828626036643982	0.0019176903879269958	0.006648903712630272	0.010253415443003178	0.0053549292497336864	0.07071936875581741	0.0027015169616788626	0.0003982446505688131
711	surprise	../syntropy_project/models/model1_0	../syntropy_project/models/model1_0	surprise	0.908051609992981	0.011895786970853806	0.0028908289968967438	0.001972230849787593	0.0010413418058305979	0.908051609992981	0.006687606684863567	0.04331075772643089	0.0022114969324320555	0.0007549856672994792	0.012559639289975166	0.0005506195011548698	0.008073111064732075
712	excitement	../syntropy_project/models/model1_0	../syntropy_project/models/model1_0	joy	0.9864493012428284	0.004251094069331884	0.0009447659249417484	0.0012675629695877433	3.048728103749454e-05	0.00027373319608159363	0.0003194843011442572	9.98892355710268e-05	3.696582280099392e-05	0.9864493012428284	0.004082622937858105	0.002161554526537657	8.245724893640727e-05
713	joy	../syntropy_project/models/model1_0	../syntropy_project/models/model1_0	joy	0.9704870581626892	0.0006837546243332326	0.0003504915803205222	0.00010389115050202236	3.920169547200203e-05	0.00024113089602906257	7.503479719161987e-05	3.0055063689360395e-05	1.733115095703397e-05	0.9704870581626892	0.02631576545536518	0.0016223606653511524	3.384584124432877e-05
714	disgust	../syntropy_project/models/model1_0	../syntropy_project/models/model1_0	neutral	0.3623761832714081	0.3623761832714081	0.010473165661096573	0.02721421606838703	0.0031344916205853224	0.008272347040474415	0.014678546227514744	0.33965712785720825	0.0043327282182872295	0.003391818841919303	0.004292240832000971	0.001795992604456842	0.22038115561008453
715	surprise	../syntropy_project/models/model1_0	../syntropy_project/models/model1_0	surprise	0.880340039730072	0.016892461106181145	0.0009328569867648184	0.005970184691250324	0.00014931632904335856	0.880340039730072	0.0011068371823057532	0.0001947955461218953	0.0002137974661309272	0.013726194389164448	0.07829233258962631	0.002116552786901593	6.462102464865893e-05
716	sadness	../syntropy_project/models/model1_0	../syntropy_project/models/model1_0	neutral	0.5352617502212524	0.5352617502212524	0.1581563800573349	0.048479802906513214	0.028530774638056755	0.05800987780094147	0.0046013155952095985	0.02254752442240715	0.05601175129413605	0.007903208024799824	0.019774042069911957	0.004511866252869368	0.05621177703142166
717	joy	../syntropy_project/models/model1_0	../syntropy_project/models/model1_0	joy	0.9830896854400635	0.00808382872492075	0.00038424006197601557	0.00035288732033222914	2.903769927797839e-05	5.098992551211268e-05	9.064615733223036e-05	7.307794294320047e-05	4.448930485523306e-05	0.9830896854400635	0.006597690284252167	0.0011001043021678925	0.00010331936209695414
718	surprise	../syntropy_project/models/model1_0	../syntropy_project/models/model1_0	excitement	0.4716619849205017	0.10653705894947052	0.0007496131001971662	0.028915075585246086	0.00014151567302178591	0.38210150599479675	0.0005600807489827275	0.0011893488699570298	0.00026852908194996417	0.006166998762637377	0.4716619849205017	0.0005660211318172514	0.0011423183605074883
719	excitement	../syntropy_project/models/model1_0	../syntropy_project/models/model1_0	excitement	0.7416220307350159	0.010813913308084011	0.0007765631307847798	0.0009174786391668022	0.00012182184582343325	0.13637591898441315	0.0007645575096830726	0.0011449260637164116	0.0007087741978466511	0.10331836342811584	0.7416220307350159	0.0029383981600403786	0.0004972805618308485
720	neutral	../syntropy_project/models/model1_0	../syntropy_project/models/model1_0	neutral	0.7527536749839783	0.7527536749839783	0.00933025125414133	0.005394648760557175	0.0011366361286491156	0.00958605669438839	0.0016962750814855099	0.013734804466366768	0.0019588216673582792	0.10872410982847214	0.06222790107131004	0.0051350039429962635	0.0283218901604414
721	neutral	../syntropy_project/models/model1_0	../syntropy_project/models/model1_0	neutral	0.6609548330307007	0.6609548330307007	0.06381548196077347	0.05594188719987869	0.024026036262512207	0.002741779899224639	0.045244891196489334	0.07174183428287506	0.009861059486865997	0.005405646748840809	0.00044409657130017877	0.00812989566475153	0.05169256031513214
722	sadness	../syntropy_project/models/model1_0	../syntropy_project/models/model1_0	sadness	0.989698588848114	0.002449661260470748	0.989698588848114	0.0006723077967762947	0.0011014554183930159	0.00027043084264732897	0.0022072449792176485	0.0016233721980825067	0.0009345131693407893	0.0006249728612601757	0.00010373097029514611	0.00012832785432692617	0.0001854769652709365
723	joy	../syntropy_project/models/model1_0	../syntropy_project/models/model1_0	joy	0.9597219824790955	0.015444398857653141	0.0012373448116704822	0.0026598835829645395	0.00021812383783981204	8.481508120894432e-05	0.0003194904129486531	0.0001097138665500097	6.857656262582168e-05	0.9597219824790955	0.017563344910740852	0.0018543426413089037	0.0007180131506174803
724	anger	../syntropy_project/models/model1_0	../syntropy_project/models/model1_0	anger	0.7537682056427002	0.07161199301481247	0.05225664749741554	0.010921097360551357	0.0051109157502651215	0.001137971761636436	0.02496783435344696	0.03469304367899895	0.0025974782183766365	0.02137026935815811	0.002031031297519803	0.01953347586095333	0.7537682056427002
725	joy	../syntropy_project/models/model1_0	../syntropy_project/models/model1_0	joy	0.8808086514472961	0.0037082924973219633	0.0004697401018347591	0.0003241733356844634	7.903832738520578e-05	0.003909835126250982	0.0004385287465993315	0.0001023029035422951	7.606625877087936e-05	0.8808086514472961	0.10264863073825836	0.0073980242013931274	3.677443601191044e-05
726	disgust	../syntropy_project/models/model1_0	../syntropy_project/models/model1_0	disgust	0.8556361794471741	0.03830207139253616	0.009329833090305328	0.0032982127740979195	0.007507298607379198	0.00046777803800068796	0.01642797701060772	0.8556361794471741	0.03065096214413643	0.0010708582121878862	0.0004150247841607779	0.0014353204751387239	0.035458486527204514
727	fear	../syntropy_project/models/model1_0	../syntropy_project/models/model1_0	fear	0.9586326479911804	0.007821348495781422	0.006787685211747885	0.0013788244687020779	0.010209035128355026	0.0004671877541113645	0.0018801031401380897	0.009375866502523422	0.9586326479911804	0.0014940501423552632	0.0003330819308757782	0.00036021339474245906	0.001259937766008079
728	neutral	../syntropy_project/models/model1_0	../syntropy_project/models/model1_0	confusion	0.488482803106308	0.46860507130622864	0.00815312284976244	0.488482803106308	0.0002836370258592069	0.02468263916671276	0.0017907153815031052	0.0017786407843232155	0.0009163874201476574	0.0010494375601410866	0.0012652791338041425	0.0005807365523651242	0.002411529654636979
729	excitement	../syntropy_project/models/model1_0	../syntropy_project/models/model1_0	joy	0.9309536218643188	0.004383309744298458	0.0002218734152847901	0.0004623707791324705	2.7166810468770564e-05	0.0003606093523558229	0.0001655053929425776	6.619543273700401e-05	5.0209502660436556e-05	0.9309536218643188	0.06169159710407257	0.0014864580007269979	0.00013114235480315983
730	confusion	../syntropy_project/models/model1_0	../syntropy_project/models/model1_0	confusion	0.47713330388069153	0.1601373851299286	0.0017697678413242102	0.47713330388069153	0.0003343948337715119	0.1806422919034958	0.0009617069736123085	0.001398033695295453	0.0015391913475468755	0.007162168622016907	0.16674956679344177	0.0009465168113820255	0.0012256298214197159
731	sadness	../syntropy_project/models/model1_0	../syntropy_project/models/model1_0	sadness	0.7910308837890625	0.11362108588218689	0.7910308837890625	0.004373816307634115	0.002100985962897539	0.001255436916835606	0.005482838489115238	0.018807997927069664	0.006292744539678097	0.004922857508063316	0.0011962144635617733	0.0007796107092872262	0.05013558268547058
732	joy	../syntropy_project/models/model1_0	../syntropy_project/models/model1_0	joy	0.9219573736190796	0.02503310889005661	0.005983725655823946	0.000672468391712755	0.00027518480783328414	0.0007719225250184536	0.0006795169319957495	0.0003199550847057253	8.874737977748737e-05	0.9219573736190796	0.022958366200327873	0.020186245441436768	0.0010734092211350799
733	confusion	../syntropy_project/models/model1_0	../syntropy_project/models/model1_0	surprise	0.4622499644756317	0.11457128822803497	0.010450342670083046	0.363593727350235	0.0023101624101400375	0.4622499644756317	0.01581397093832493	0.006257034372538328	0.004668862093240023	0.005539542995393276	0.008452532812952995	0.0012728663859888911	0.00481967581436038
734	sadness	../syntropy_project/models/model1_0	../syntropy_project/models/model1_0	sadness	0.9943756461143494	0.0007170916651375592	0.9943756461143494	0.00011292301496723667	0.0003740004904102534	0.00018120701133739203	0.00043862996972166	0.0009922357276082039	0.0005177371203899384	0.0006690011359751225	0.00025761095457710326	4.3236468627583236e-05	0.0013205993454903364
735	joy	../syntropy_project/models/model1_0	../syntropy_project/models/model1_0	joy	0.7095234990119934	0.02005225047469139	0.001960849855095148	0.0013919121120125055	0.000538647233042866	0.005694861989468336	0.001005585421808064	0.0010334730613976717	0.0005055557121522725	0.7095234990119934	0.255409836769104	0.002746566431596875	0.0001368670491501689
736	disgust	../syntropy_project/models/model1_0	../syntropy_project/models/model1_0	disgust	0.6018107533454895	0.09774092584848404	0.029124639928340912	0.011219336651265621	0.008602015674114227	0.0031261087860912085	0.010280974209308624	0.6018107533454895	0.023474879562854767	0.0052454546093940735	0.005999070126563311	0.0033691294956952333	0.20000670850276947
737	embarrassment	../syntropy_project/models/model1_0	../syntropy_project/models/model1_0	embarrassment	0.9449072480201721	0.00012934161350131035	0.00181485281791538	0.0003916298446711153	0.00014678692969027907	0.00010715323878685012	0.9449072480201721	0.0490354485809803	0.00022428977536037564	2.9107124646543525e-05	9.847747605817858e-06	0.0008537097019143403	0.002350623020902276
738	fear	../syntropy_project/models/model1_0	../syntropy_project/models/model1_0	fear	0.9881953597068787	0.0011911424808204174	0.0012905127368867397	0.002156211994588375	0.003905985504388809	0.00032183228177018464	0.001969577744603157	0.0004862340574618429	0.9881953597068787	0.00022960887872613966	1.8226986867375672e-05	0.00017866631969809532	5.654257984133437e-05
739	sadness	../syntropy_project/models/model1_0	../syntropy_project/models/model1_0	neutral	0.7837929129600525	0.7837929129600525	0.01124813873320818	0.020193057134747505	0.003759539220482111	0.024766050279140472	0.009823448956012726	0.021721091121435165	0.00544896861538291	0.033839162439107895	0.060396481305360794	0.01183075550943613	0.013180496171116829
740	neutral	../syntropy_project/models/model1_0	../syntropy_project/models/model1_0	neutral	0.9333120584487915	0.9333120584487915	0.018679531291127205	0.021160434931516647	0.0003335240762680769	0.0018892291700467467	0.0017678439617156982	0.0036696537863463163	0.0034807873889803886	0.0016084694070741534	0.0007347099017351866	0.0016781692393124104	0.01168560516089201
741	confusion	../syntropy_project/models/model1_0	../syntropy_project/models/model1_0	confusion	0.8252341151237488	0.07600488513708115	0.005849246867001057	0.8252341151237488	0.00035364230279810727	0.0007084727403707802	0.045949168503284454	0.03510957211256027	0.0012990315444767475	0.000865454669110477	8.427647844655439e-05	0.000899027509149164	0.007643031422048807
742	neutral	../syntropy_project/models/model1_0	../syntropy_project/models/model1_0	anger	0.42119917273521423	0.3923092782497406	0.023927804082632065	0.01744103990495205	0.0038901527877897024	0.010085218586027622	0.0035029591526836157	0.032530028373003006	0.0033795975614339113	0.0540633387863636	0.029022542759776115	0.00864889845252037	0.42119917273521423
743	sadness	../syntropy_project/models/model1_0	../syntropy_project/models/model1_0	sadness	0.9536592364311218	0.00897469837218523	0.9536592364311218	0.0015666016843169928	0.0021141953766345978	0.0003687308053486049	0.0021678158082067966	0.004416173789650202	0.023128310218453407	0.0008914819336496294	0.0003088384692091495	0.0002836529747582972	0.002120255958288908
744	embarrassment	../syntropy_project/models/model1_0	../syntropy_project/models/model1_0	surprise	0.6952722668647766	0.04601043835282326	0.003529445268213749	0.007300414144992828	0.00023157242685556412	0.6952722668647766	0.0018535371636971831	0.003070804290473461	0.0011374261230230331	0.009293394163250923	0.23062114417552948	0.0011293605202808976	0.0005501962150447071
745	anger	../syntropy_project/models/model1_0	../syntropy_project/models/model1_0	disgust	0.49949997663497925	0.040986839681863785	0.07864014804363251	0.0008966890745796263	0.0006349464529193938	0.0017238692380487919	0.2294914871454239	0.49949997663497925	0.00576722202822566	0.0015166744124144316	0.0008502459386363626	0.004251227714121342	0.135740727186203
746	sadness	../syntropy_project/models/model1_0	../syntropy_project/models/model1_0	fear	0.34475812315940857	0.14771181344985962	0.2844145596027374	0.021885845810174942	0.14969712495803833	0.005480794236063957	0.004643451888114214	0.007340606302022934	0.34475812315940857	0.02430577203631401	0.0038271232042461634	0.001604436431080103	0.004330268129706383
747	sadness	../syntropy_project/models/model1_0	../syntropy_project/models/model1_0	sadness	0.9939469695091248	0.0015478954883292317	0.9939469695091248	0.0003324469143990427	0.00012249498104210943	7.67641031416133e-05	0.0018508665962144732	0.00025775498943403363	0.00035203908919356763	0.001133086159825325	5.396195047069341e-05	0.00015642009384464473	0.000169428953086026
748	disgust	../syntropy_project/models/model1_0	../syntropy_project/models/model1_0	disgust	0.9337040781974792	0.01610572449862957	0.005552486050873995	0.001102688256651163	0.002244423609226942	0.002719675190746784	0.0044821868650615215	0.9337040781974792	0.012206921353936195	0.0007850946276448667	0.003602749202400446	0.0003019167925231159	0.017192116007208824
749	neutral	../syntropy_project/models/model1_0	../syntropy_project/models/model1_0	neutral	0.6256026029586792	0.6256026029586792	0.008857565000653267	0.04519803822040558	0.0028644809499382973	0.014377247542142868	0.008281483314931393	0.0900033488869667	0.004990605637431145	0.005842429120093584	0.00660702446475625	0.003346889978274703	0.18402814865112305
750	joy	../syntropy_project/models/model1_0	../syntropy_project/models/model1_0	joy	0.9879221320152283	0.001764988643117249	0.000402720645070076	0.0003313393972348422	1.6351816157111898e-05	0.0001090644727810286	0.00015303827240131795	4.64753175037913e-05	2.416344614175614e-05	0.9879221320152283	0.007215141784399748	0.0019342642044648528	8.035531209316105e-05
751	neutral	../syntropy_project/models/model1_0	../syntropy_project/models/model1_0	neutral	0.634551465511322	0.634551465511322	0.009888210333883762	0.0023244109470397234	0.0004460794443730265	0.03828851133584976	0.0018233952578157187	0.005118864122778177	0.002460100222378969	0.1640876680612564	0.135848268866539	0.0030422734562307596	0.0021208797115832567
752	fear	../syntropy_project/models/model1_0	../syntropy_project/models/model1_0	fear	0.9804033041000366	0.0018474312964826822	0.003597439266741276	0.003036998910829425	0.006705804727971554	0.0006462561432272196	0.002398948185145855	0.0005059080431237817	0.9804033041000366	0.000405599654186517	3.977861342718825e-05	0.00032053966424427927	9.20231468626298e-05
753	fear	../syntropy_project/models/model1_0	../syntropy_project/models/model1_0	fear	0.9685713052749634	0.001899331109598279	0.004669875372201204	0.0013904970837756991	0.01872413419187069	0.0004839129978790879	0.0014506698353216052	0.0018621614435687661	0.9685713052749634	0.00031012410181574523	6.88200889271684e-05	0.00023852332378737628	0.0003306556900497526
754	confusion	../syntropy_project/models/model1_0	../syntropy_project/models/model1_0	confusion	0.9200012683868408	0.05856509134173393	0.0007734374958090484	0.9200012683868408	4.18461968365591e-05	0.017087379470467567	0.0006468712235800922	0.0009173933649435639	0.0004081246443092823	0.0007111940649338067	0.00028647729777731	0.0002715527079999447	0.00028943768120370805
755	confusion	../syntropy_project/models/model1_0	../syntropy_project/models/model1_0	confusion	0.9838768243789673	0.011286009103059769	0.0004394403367768973	0.9838768243789673	4.0979994082590565e-05	0.001933575258590281	0.0014287065714597702	0.0005187912029214203	5.824831532663666e-05	3.13763739541173e-05	2.81092434306629e-05	5.552488437388092e-05	0.0003024032339453697
756	fear	../syntropy_project/models/model1_0	../syntropy_project/models/model1_0	fear	0.9604766368865967	0.0036353105679154396	0.0025636618956923485	0.0005999905406497419	0.02177857793867588	0.0020407887641340494	0.0010586155112832785	0.005696102976799011	0.9604766368865967	0.0006084551569074392	0.000618224439676851	0.000253445643465966	0.0006702077225781977
757	joy	../syntropy_project/models/model1_0	../syntropy_project/models/model1_0	joy	0.9130545854568481	0.004793396219611168	0.0009594658040441573	0.00028496311279013753	7.123772229533643e-05	0.0006456906558014452	0.0002880937827285379	9.704835974844173e-05	2.6853918825509027e-05	0.9130545854568481	0.0749569907784462	0.004687061998993158	0.00013459280307870358
758	anger	../syntropy_project/models/model1_0	../syntropy_project/models/model1_0	joy	0.5242505669593811	0.023312071338295937	0.0021832934580743313	0.0014807292027398944	0.000387592677725479	0.019842592999339104	0.0009149338584393263	0.001358591951429844	0.0007294004899449646	0.5242505669593811	0.41728055477142334	0.0059872958809137344	0.0022723746951669455
759	disgust	../syntropy_project/models/model1_0	../syntropy_project/models/model1_0	disgust	0.994498610496521	0.0007014289149083197	0.0002298456965945661	7.439062028424814e-05	3.5071476304437965e-05	0.00020096771186217666	0.0020531918853521347	0.994498610496521	0.0008401094819419086	9.740869427332655e-05	0.00023610984499100596	5.15759275003802e-05	0.0009810940828174353
760	disgust	../syntropy_project/models/model1_0	../syntropy_project/models/model1_0	anger	0.9923449754714966	0.0005961013957858086	0.00015848550538066775	7.920425559859723e-05	0.00030217200401239097	0.00021682801889255643	0.00017762505740392953	0.005472855176776648	0.00015217771579045802	7.634766370756552e-05	0.0002977549156639725	0.00012539113231468946	0.9923449754714966
761	anger	../syntropy_project/models/model1_0	../syntropy_project/models/model1_0	anger	0.9163295030593872	0.012189831584692001	0.0013784450711682439	0.041234228760004044	0.0007719600107520819	0.005515471566468477	0.0017806340474635363	0.01702439785003662	0.0006369338370859623	0.0006150215631350875	0.0016851568361744285	0.0008383483509533107	0.9163295030593872
762	sadness	../syntropy_project/models/model1_0	../syntropy_project/models/model1_0	sadness	0.96038818359375	0.018079688772559166	0.96038818359375	0.0017665834166109562	0.0007897609611973166	0.0006829510675743222	0.0007901817443780601	0.0006088516674935818	0.002440788084641099	0.013242478482425213	0.0005170645890757442	0.0006049241055734456	8.853114559315145e-05
763	joy	../syntropy_project/models/model1_0	../syntropy_project/models/model1_0	joy	0.8734930157661438	0.013665452599525452	0.000759413349442184	0.00025930232368409634	6.253156607272103e-05	0.00036078650737181306	0.00018520547018852085	0.00014418040518648922	5.377397610573098e-05	0.8734930157661438	0.10954495519399643	0.0013502632500603795	0.00012112295371480286
764	neutral	../syntropy_project/models/model1_0	../syntropy_project/models/model1_0	neutral	0.7898029088973999	0.7898029088973999	0.02265019714832306	0.01996801048517227	0.0016327158082276583	0.032554738223552704	0.00552956759929657	0.005675622262060642	0.006940177176147699	0.04132775962352753	0.06328974664211273	0.007525685243308544	0.003102847607806325
765	confusion	../syntropy_project/models/model1_0	../syntropy_project/models/model1_0	confusion	0.9866977334022522	0.01023612730205059	0.00021988115622662008	0.9866977334022522	3.12984011543449e-05	0.00152124825399369	0.0005575200775638223	0.0003357439418323338	0.00011361499491613358	7.409204408759251e-05	5.042914563091472e-05	8.372037700610235e-05	7.856622687540948e-05
766	confusion	../syntropy_project/models/model1_0	../syntropy_project/models/model1_0	confusion	0.9584112167358398	0.035997338593006134	0.0011552338255569339	0.9584112167358398	1.4439898222917691e-05	0.002266291296109557	0.0009005910833366215	0.0004189779283478856	0.00016499259800184518	0.00017762742936611176	6.475699774455279e-05	0.00011230108793824911	0.00031630019657313824
767	sadness	../syntropy_project/models/model1_0	../syntropy_project/models/model1_0	anger	0.3999238908290863	0.3264721930027008	0.03120751678943634	0.02600233256816864	0.0049583627842366695	0.06626817584037781	0.007053224369883537	0.08035018295049667	0.029629189521074295	0.005191494710743427	0.019719887524843216	0.003223627572879195	0.3999238908290863
768	sadness	../syntropy_project/models/model1_0	../syntropy_project/models/model1_0	sadness	0.6883304119110107	0.11207345128059387	0.6883304119110107	0.012691846117377281	0.006914913188666105	0.01074154768139124	0.008466465398669243	0.05090830847620964	0.08621189743280411	0.012118217535316944	0.006477361544966698	0.0008836780325509608	0.004181975033134222
769	embarrassment	../syntropy_project/models/model1_0	../syntropy_project/models/model1_0	embarrassment	0.7247582077980042	0.0007502399384975433	0.003899250878021121	0.001691657118499279	0.00033824285492300987	0.0003840154968202114	0.7247582077980042	0.2507617771625519	0.0002786262193694711	0.00010500807547941804	6.688375287922099e-05	0.001520576886832714	0.015445615164935589
770	disgust	../syntropy_project/models/model1_0	../syntropy_project/models/model1_0	disgust	0.9243323802947998	0.005541870836168528	0.008136484771966934	0.0016984668327495456	0.0012346978764981031	0.00448246207088232	0.008260269649326801	0.9243323802947998	0.029903268441557884	0.0009462510352022946	0.002588501665741205	0.00045908792526461184	0.012416268698871136
771	excitement	../syntropy_project/models/model1_0	../syntropy_project/models/model1_0	excitement	0.9870122075080872	0.0014441070379689336	0.00019354339747224003	4.6861856390023604e-05	9.341465192846954e-05	0.0009709052974358201	1.4061974979995284e-05	1.7177462723338977e-05	1.6000867617549375e-05	0.009928075596690178	0.9870122075080872	0.00023970386246219277	2.3789914848748595e-05
772	anger	../syntropy_project/models/model1_0	../syntropy_project/models/model1_0	anger	0.9801779389381409	0.005226489622145891	0.004133129492402077	0.000358589953975752	0.0018648707773536444	0.00010174907220061868	0.00020388909615576267	0.006896643899381161	0.00029490096494555473	0.00018756867211777717	0.0003401718277018517	0.0002140171709470451	0.9801779389381409
773	nervousness	../syntropy_project/models/model1_0	../syntropy_project/models/model1_0	nervousness	0.5311464071273804	0.00440068356692791	0.01654263585805893	0.07602224498987198	0.5311464071273804	0.001581569667905569	0.08530045300722122	0.005499653983861208	0.26493003964424133	0.0025713760405778885	0.0003793848736677319	0.004592948593199253	0.007032628171145916
774	neutral	../syntropy_project/models/model1_0	../syntropy_project/models/model1_0	anger	0.8517004251480103	0.04996402561664581	0.004032977391034365	0.00980472657829523	0.003013672074303031	0.0025047441013157368	0.015321828424930573	0.05025011673569679	0.0011598847340792418	0.0022462650667876005	0.008219615556299686	0.00178176024928689	0.8517004251480103
775	confusion	../syntropy_project/models/model1_0	../syntropy_project/models/model1_0	confusion	0.8618043065071106	0.046312302350997925	0.02101188525557518	0.8618043065071106	0.016806749626994133	0.0036612784024327993	0.0355287566781044	0.002900613471865654	0.0037169388961046934	0.0019557885825634003	0.00018159124010708183	0.0017164109740406275	0.004403341095894575
776	confusion	../syntropy_project/models/model1_0	../syntropy_project/models/model1_0	confusion	0.8369452357292175	0.11290624737739563	0.0009646542021073401	0.8369452357292175	6.762782868463546e-05	0.044427309185266495	0.0006677979836240411	0.0005382467061281204	0.0006490628002211452	0.0005499173421412706	0.0016077777836471796	0.0002777732443064451	0.0003984678187407553
777	anger	../syntropy_project/models/model1_0	../syntropy_project/models/model1_0	anger	0.3358697295188904	0.12986379861831665	0.06609391421079636	0.01765410415828228	0.038583412766456604	0.05835290625691414	0.04203513264656067	0.11863192915916443	0.024843208491802216	0.10271923989057541	0.04720303788781166	0.018149541690945625	0.3358697295188904
778	surprise	../syntropy_project/models/model1_0	../syntropy_project/models/model1_0	surprise	0.9719724059104919	0.00283882487565279	0.00020852682064287364	0.0059590726159513	2.068351022899151e-05	0.9719724059104919	0.0003276107308920473	0.0001929832942551002	0.00016685757145751268	0.000925897154957056	0.017123334109783173	0.00019967512344010174	6.409759225789458e-05
779	sadness	../syntropy_project/models/model1_0	../syntropy_project/models/model1_0	sadness	0.9926425814628601	0.0015347281005233526	0.9926425814628601	0.0004103102837689221	0.0001290347136091441	0.0002171502128476277	0.0028809006325900555	0.0003110684338025749	0.00032457427005283535	0.0009243972599506378	8.106691529974341e-05	0.0003610677376855165	0.0001831121917348355
780	neutral	../syntropy_project/models/model1_0	../syntropy_project/models/model1_0	neutral	0.5282570123672485	0.5282570123672485	0.026450131088495255	0.03958381339907646	0.011777127161622047	0.007555748801678419	0.01252824254333973	0.028803011402487755	0.005387941841036081	0.006277950946241617	0.0030890756752341986	0.016307637095451355	0.3139822483062744
781	pride	../syntropy_project/models/model1_0	../syntropy_project/models/model1_0	neutral	0.8596305251121521	0.8596305251121521	0.017621295526623726	0.005118222441524267	0.0002599522704258561	0.003631874918937683	0.0007052148575894535	0.005076004657894373	0.002883265959098935	0.05921987444162369	0.038415033370256424	0.0021499828435480595	0.005288819316774607
782	disgust	../syntropy_project/models/model1_0	../syntropy_project/models/model1_0	disgust	0.8919038772583008	0.007352835964411497	0.004089837893843651	0.0015654300805181265	0.002482680371031165	0.005241613835096359	0.01432124339044094	0.8919038772583008	0.06955357640981674	0.000494541774969548	0.0010139932855963707	0.0005087772151455283	0.0014716797741129994
783	joy	../syntropy_project/models/model1_0	../syntropy_project/models/model1_0	joy	0.9913424253463745	0.0013243407011032104	0.0005569408531300724	0.0009063461911864579	5.852862886968069e-05	0.0014763952931389213	0.00039752235170453787	0.00016125048568937927	6.111675611464307e-05	0.9913424253463745	0.0031547837425023317	0.0005065474542789161	5.381953451433219e-05
784	joy	../syntropy_project/models/model1_0	../syntropy_project/models/model1_0	joy	0.9885081052780151	0.0007993055041879416	0.00042665033834055066	7.891398126957938e-05	5.30180950590875e-05	8.390669245272875e-05	6.663214298896492e-05	2.6765252187033184e-05	1.535091723781079e-05	0.9885081052780151	0.008437640964984894	0.0014738849131390452	2.976349787786603e-05
785	joy	../syntropy_project/models/model1_0	../syntropy_project/models/model1_0	joy	0.9553998708724976	0.005756696220487356	0.002111149951815605	0.002076738514006138	0.00010033768194261938	0.0005291659035719931	0.00046576105523854494	0.00010325307812308893	7.359036681009457e-05	0.9553998708724976	0.028192177414894104	0.004957651253789663	0.000233610684517771
786	joy	../syntropy_project/models/model1_0	../syntropy_project/models/model1_0	joy	0.965888261795044	0.011434061452746391	0.005018618889153004	0.001833238871768117	0.0003897737478837371	0.0005107619217596948	0.001182050327770412	0.0006072268588468432	0.0002455451467540115	0.965888261795044	0.009154191240668297	0.00339273433201015	0.00034352598595432937
787	anger	../syntropy_project/models/model1_0	../syntropy_project/models/model1_0	neutral	0.8747973442077637	0.8747973442077637	0.006551664788275957	0.006483547855168581	0.0008143726736307144	0.00310865743085742	0.0024775518104434013	0.009882458485662937	0.0017404344398528337	0.02424767054617405	0.022408749908208847	0.003178331069648266	0.044309213757514954
788	neutral	../syntropy_project/models/model1_0	../syntropy_project/models/model1_0	neutral	0.8873838782310486	0.8873838782310486	0.0025369387585669756	0.07006135582923889	0.0002532786747906357	0.01850946433842182	0.0012483911123126745	0.0030020533595234156	0.0014074837090447545	0.006560580339282751	0.005056191701442003	0.002511270111426711	0.0014690737007185817
789	joy	../syntropy_project/models/model1_0	../syntropy_project/models/model1_0	joy	0.9900649189949036	0.0019208843586966395	0.0006948342779651284	0.0002982212754432112	2.5939543775166385e-05	0.00021812593331560493	0.00024402538838330656	5.465064896270633e-05	1.9265202354290523e-05	0.9900649189949036	0.005132017657160759	0.0012636590981855989	6.350447802105919e-05
790	fear	../syntropy_project/models/model1_0	../syntropy_project/models/model1_0	fear	0.9323330521583557	0.019324660301208496	0.006680855993181467	0.0013782150344923139	0.019759513437747955	0.0018443268490955234	0.001714846701361239	0.007616131566464901	0.9323330521583557	0.004053705371916294	0.0019757868722081184	0.0006825346499681473	0.0026364990044385195
791	confusion	../syntropy_project/models/model1_0	../syntropy_project/models/model1_0	confusion	0.7785908579826355	0.01603587344288826	0.0066029708832502365	0.7785908579826355	0.000500593741890043	0.012582345865666866	0.01961863972246647	0.010863067582249641	0.00048466186854057014	0.14543122053146362	0.005108315963298082	0.0013641357654705644	0.0028172540478408337
792	excitement	../syntropy_project/models/model1_0	../syntropy_project/models/model1_0	fear	0.5312268137931824	0.011044968850910664	0.011869462206959724	0.008697186596691608	0.005727956537157297	0.010665043257176876	0.019861605018377304	0.3833686411380768	0.5312268137931824	0.002466485369950533	0.008159684017300606	0.0011993860825896263	0.005712774116545916
793	confusion	../syntropy_project/models/model1_0	../syntropy_project/models/model1_0	confusion	0.9919590353965759	0.0008702591294422746	5.665890421369113e-05	0.9919590353965759	1.9338796846568584e-05	0.0064338743686676025	0.00046416695113293827	5.528383553610183e-05	3.0917221010895446e-05	4.6905362978577614e-05	1.4627426935476251e-05	1.3863134881830774e-05	3.504382766550407e-05
794	confusion	../syntropy_project/models/model1_0	../syntropy_project/models/model1_0	confusion	0.9819651246070862	0.0022104878444224596	0.0013817223953083158	0.9819651246070862	0.000157334070536308	0.001369289355352521	0.01094804797321558	0.0004587437433656305	0.00010295680840499699	0.0005509538459591568	4.087024353793822e-05	0.00027712128940038383	0.0005373063613660634
795	joy	../syntropy_project/models/model1_0	../syntropy_project/models/model1_0	neutral	0.5718834400177002	0.5718834400177002	0.15088438987731934	0.0038200654089450836	0.0034920857287943363	0.004499146249145269	0.001690529752522707	0.0041060661897063255	0.006144268438220024	0.18539196252822876	0.029702045023441315	0.029491547495126724	0.008894378319382668
796	confusion	../syntropy_project/models/model1_0	../syntropy_project/models/model1_0	confusion	0.8806003332138062	0.10354588180780411	0.0010989026632159948	0.8806003332138062	3.4843975299736485e-05	0.012534397654235363	0.0004399219178594649	0.0003170748532284051	0.0002479136164765805	0.0004520816437434405	0.0003818251134362072	0.00017414895410183817	0.00017268661758862436
797	surprise	../syntropy_project/models/model1_0	../syntropy_project/models/model1_0	excitement	0.7578281760215759	0.025594821199774742	0.002093007555231452	0.0033230555709451437	0.0003735637874342501	0.1982204020023346	0.0003427041810937226	0.0004490041465032846	0.002221124479547143	0.008482079021632671	0.7578281760215759	0.0008128659101203084	0.0002590917283669114
798	neutral	../syntropy_project/models/model1_0	../syntropy_project/models/model1_0	neutral	0.6526305079460144	0.6526305079460144	0.05133921280503273	0.011164730414748192	0.0214052964001894	0.0037467931397259235	0.02464883029460907	0.06714031100273132	0.047448527067899704	0.0036192547995597124	0.007508580107241869	0.004782168660312891	0.10456579178571701
799	confusion	../syntropy_project/models/model1_0	../syntropy_project/models/model1_0	confusion	0.9960882663726807	0.0012789320899173617	8.376278128707781e-05	0.9960882663726807	2.2049820472602732e-05	0.001765969442203641	0.00048440933460369706	9.251636220142245e-05	3.298819501651451e-05	2.469966966600623e-05	1.0217141607427038e-05	4.0546543459640816e-05	7.575959170935676e-05
800	anger	../syntropy_project/models/model1_0	../syntropy_project/models/model1_0	anger	0.8003713488578796	0.03045213595032692	0.010351943783462048	0.0015256002079695463	0.007595513481646776	0.008318024687469006	0.005443267989903688	0.11034209281206131	0.010234360583126545	0.002771950326859951	0.010254926979541779	0.0023387775290757418	0.8003713488578796
801	sadness	../syntropy_project/models/model1_0	../syntropy_project/models/model1_0	sadness	0.9952569603919983	0.0014807813568040729	0.9952569603919983	0.00018124176131095737	0.0002824132388923317	0.00020425146794877946	0.00019481412891764194	0.0002886146248783916	0.00047781632747501135	0.0011669989908114076	0.0003657235356513411	4.9862115702126175e-05	5.046041405876167e-05
802	sadness	../syntropy_project/models/model1_0	../syntropy_project/models/model1_0	sadness	0.991820752620697	0.0034898335579782724	0.991820752620697	0.0002991085348185152	0.00018050140351988375	0.0005540301208384335	0.0003491734096314758	0.0001766013156156987	0.0006556224543601274	0.001719677122309804	0.0005793400923721492	0.0001355374843114987	3.96741961594671e-05
803	fear	../syntropy_project/models/model1_0	../syntropy_project/models/model1_0	fear	0.7632887959480286	0.005910059902817011	0.019717024639248848	0.009459997527301311	0.015643801540136337	0.007070762105286121	0.011778879910707474	0.1593320071697235	0.7632887959480286	0.0006839496199972928	0.001328638638369739	0.0007432576967403293	0.005042791832238436
804	embarrassment	../syntropy_project/models/model1_0	../syntropy_project/models/model1_0	sadness	0.9801828861236572	0.006680021062493324	0.9801828861236572	0.0005594193353317678	0.0009094541310332716	0.0002653487608768046	0.002613890217617154	0.002313659293577075	0.0009237900376319885	0.0047594537027180195	0.0002496341476216912	0.0003485205234028399	0.00019392067042645067
805	disgust	../syntropy_project/models/model1_0	../syntropy_project/models/model1_0	fear	0.7186737060546875	0.007364510092884302	0.02797411009669304	0.0023246747441589832	0.008779721334576607	0.0036920392885804176	0.0061788056045770645	0.2166428565979004	0.7186737060546875	0.0015677189221605659	0.0014492352493107319	0.000339901220286265	0.0050126733258366585
806	anger	../syntropy_project/models/model1_0	../syntropy_project/models/model1_0	anger	0.6255025267601013	0.17529310286045074	0.04508897662162781	0.005944910459220409	0.00757111981511116	0.003045769641175866	0.016410909593105316	0.0875978097319603	0.017061302438378334	0.006066570524126291	0.004203238524496555	0.006213734392076731	0.6255025267601013
807	anger	../syntropy_project/models/model1_0	../syntropy_project/models/model1_0	anger	0.9897234439849854	0.0005673335399478674	0.00011146723409183323	2.760349707386922e-05	4.741759767057374e-05	0.00010443004430271685	0.00015648336557205766	0.008983654901385307	5.79903025936801e-05	3.372691207914613e-05	0.00015314047050196677	3.334672874188982e-05	0.9897234439849854
808	fear	../syntropy_project/models/model1_0	../syntropy_project/models/model1_0	fear	0.61994868516922	0.012725253589451313	0.02054133266210556	0.0028849118389189243	0.007263722363859415	0.007402706891298294	0.00992597360163927	0.3094351291656494	0.61994868516922	0.002300600754097104	0.002403286285698414	0.0006194227607920766	0.0045489780604839325
809	sadness	../syntropy_project/models/model1_0	../syntropy_project/models/model1_0	sadness	0.9918015599250793	0.0018754855263978243	0.9918015599250793	0.00034008375951088965	0.00029655761318281293	0.00012078198051312938	0.0014360564528033137	0.0019051054259762168	0.0007996372296474874	0.0005211371462792158	9.532460535410792e-05	8.328120748046786e-05	0.0007249494083225727
810	surprise	../syntropy_project/models/model1_0	../syntropy_project/models/model1_0	surprise	0.9807091355323792	0.008787252008914948	0.0002728798135649413	0.0005292913410812616	2.621916792122647e-05	0.9807091355323792	0.0001631475315662101	0.00018567926599644125	0.00010942359222099185	0.0005762072978541255	0.008391531184315681	0.0002469501632731408	2.156165237465757e-06
811	disgust	../syntropy_project/models/model1_0	../syntropy_project/models/model1_0	disgust	0.6098474264144897	0.10257197916507721	0.07884519547224045	0.008852045983076096	0.009266908280551434	0.00673886900767684	0.019609475508332253	0.6098474264144897	0.02407841570675373	0.004106177948415279	0.009598283097147942	0.002962192753329873	0.12352297455072403
812	excitement	../syntropy_project/models/model1_0	../syntropy_project/models/model1_0	neutral	0.8414611220359802	0.8414611220359802	0.02774154208600521	0.03880799561738968	0.0012627671239897609	0.041598133742809296	0.0030876738019287586	0.004916551522910595	0.008899961598217487	0.007421169895678759	0.014743221923708916	0.00399746373295784	0.006062391679733992
813	disgust	../syntropy_project/models/model1_0	../syntropy_project/models/model1_0	fear	0.6213793754577637	0.025505322962999344	0.00828556064516306	0.005667303688824177	0.041433706879615784	0.015455427579581738	0.04554542899131775	0.22401009500026703	0.6213793754577637	0.004602290224283934	0.003973158076405525	0.0018455232493579388	0.0022968959528952837
814	nervousness	../syntropy_project/models/model1_0	../syntropy_project/models/model1_0	nervousness	0.8749682307243347	0.0026526600122451782	0.014640373177826405	0.0019569899886846542	0.8749682307243347	0.0009203601512126625	0.0036117674317210913	0.002316025784239173	0.09038975834846497	0.0018990051466971636	0.002615872770547867	0.0013570237206295133	0.002671930706128478
815	sadness	../syntropy_project/models/model1_0	../syntropy_project/models/model1_0	surprise	0.43602147698402405	0.05619662255048752	0.12409023940563202	0.2251414954662323	0.009898753836750984	0.43602147698402405	0.012734680436551571	0.022930927574634552	0.019462017342448235	0.0042372229509055614	0.020295515656471252	0.0017662262544035912	0.067224882543087
816	neutral	../syntropy_project/models/model1_0	../syntropy_project/models/model1_0	neutral	0.9365004897117615	0.9365004897117615	0.006360051687806845	0.011393586173653603	0.0026299357414245605	0.0014887114521116018	0.0010313837556168437	0.0016529065323993564	0.0017918447265401483	0.017203735187649727	0.009619249030947685	0.0038847399409860373	0.006443416699767113
817	neutral	../syntropy_project/models/model1_0	../syntropy_project/models/model1_0	neutral	0.965502142906189	0.965502142906189	0.005909978412091732	0.005916316993534565	0.0005124009330756962	0.002520714420825243	0.0007455667364411056	0.0028028911910951138	0.0009346518199890852	0.0015930766239762306	0.0055846706964075565	0.0017979727126657963	0.006179512478411198
818	neutral	../syntropy_project/models/model1_0	../syntropy_project/models/model1_0	neutral	0.40841010212898254	0.40841010212898254	0.04944853484630585	0.00473429961130023	0.005948605015873909	0.043481286615133286	0.005340420175343752	0.010888935066759586	0.012159714475274086	0.38869184255599976	0.04919266328215599	0.014609012752771378	0.00709456205368042
819	joy	../syntropy_project/models/model1_0	../syntropy_project/models/model1_0	joy	0.8181408047676086	0.08420934528112411	0.0008318531909026206	0.005613796878606081	3.6984580219723284e-05	0.0011089451145380735	0.0006113675772212446	0.0003021561715286225	0.00016960047651082277	0.8181408047676086	0.08622076362371445	0.002616985933855176	0.0001374257990391925
820	sadness	../syntropy_project/models/model1_0	../syntropy_project/models/model1_0	sadness	0.9836319088935852	0.0035699016880244017	0.9836319088935852	0.0006573215359821916	0.0005364991375245154	0.00038398930337280035	0.0033477535471320152	0.0007184583810158074	0.0022606272250413895	0.004003842826932669	0.00011870343587361276	0.0003990000404883176	0.00037188746500760317
821	fear	../syntropy_project/models/model1_0	../syntropy_project/models/model1_0	fear	0.8665686249732971	0.0028749601915478706	0.008332443423569202	0.003882628632709384	0.04964538663625717	0.010425611399114132	0.011637666262686253	0.025100156664848328	0.8665686249732971	0.0012994596036151052	0.0022611154709011316	0.0007348216604441404	0.017237139865756035
822	surprise	../syntropy_project/models/model1_0	../syntropy_project/models/model1_0	surprise	0.9796825051307678	0.003377143992111087	0.0022749281488358974	0.005890543106943369	0.00014851265586912632	0.9796825051307678	0.003313155844807625	0.002267443574965	0.0009280709782615304	0.00033891075872816145	0.001341352122835815	0.00016053348372224718	0.00027678400510922074
823	neutral	../syntropy_project/models/model1_0	../syntropy_project/models/model1_0	sadness	0.9042383432388306	0.03047064132988453	0.9042383432388306	0.0041144550777971745	0.002418976742774248	0.0018098939908668399	0.005349337588995695	0.005001342389732599	0.041109878569841385	0.0029264509212225676	0.00046174266026355326	0.0008554974338039756	0.0012435180833563209
824	embarrassment	../syntropy_project/models/model1_0	../syntropy_project/models/model1_0	disgust	0.3911992013454437	0.3351527452468872	0.04995281621813774	0.050933029502630234	0.0018910046201199293	0.015750957652926445	0.0793594941496849	0.3911992013454437	0.0409277118742466	0.012318592518568039	0.00801045075058937	0.003180855419486761	0.011323155835270882
825	neutral	../syntropy_project/models/model1_0	../syntropy_project/models/model1_0	anger	0.4489451050758362	0.2952634394168854	0.017577514052391052	0.012155209667980671	0.004337418358772993	0.019360831007361412	0.008942476473748684	0.09162648767232895	0.005565262399613857	0.02990942820906639	0.05887272581458092	0.007444174960255623	0.4489451050758362
826	anger	../syntropy_project/models/model1_0	../syntropy_project/models/model1_0	sadness	0.9918823838233948	0.0016596908681094646	0.9918823838233948	0.0002522075083106756	0.00031155950273387134	0.00018382238340564072	0.0004914808087050915	0.0010753498645499349	0.0003399297420401126	0.0013783209724351764	0.0004566008865367621	8.763902587816119e-05	0.0018810420297086239
827	excitement	../syntropy_project/models/model1_0	../syntropy_project/models/model1_0	excitement	0.7575922608375549	0.0805477499961853	0.006182197481393814	0.0006453132955357432	0.0006880660075694323	0.024785082787275314	0.0005630272789858282	0.0015586311928927898	0.0010104270186275244	0.11513809859752655	0.7575922608375549	0.008165128529071808	0.0031240328680723906
828	neutral	../syntropy_project/models/model1_0	../syntropy_project/models/model1_0	neutral	0.6838817596435547	0.6838817596435547	0.18498145043849945	0.005661494098603725	0.004797022324055433	0.010387104004621506	0.003907378762960434	0.02589237131178379	0.0035890131257474422	0.027905039489269257	0.0169473085552454	0.006210094317793846	0.02583995833992958
829	sadness	../syntropy_project/models/model1_0	../syntropy_project/models/model1_0	embarrassment	0.46208375692367554	0.04149838536977768	0.10151482373476028	0.04873225837945938	0.03467709943652153	0.0035874389577656984	0.46208375692367554	0.1788654774427414	0.014517175033688545	0.007498243357986212	0.0017318181926384568	0.03657443821430206	0.06871896237134933
830	confusion	../syntropy_project/models/model1_0	../syntropy_project/models/model1_0	confusion	0.8018980026245117	0.1698703020811081	0.0019809487275779247	0.8018980026245117	2.6717078071669675e-05	0.02105756849050522	0.0006173895671963692	0.0011621966259554029	0.0004845907096751034	0.0008226971258409321	0.0011292528361082077	0.0002896759833674878	0.0006608086405321956
831	anger	../syntropy_project/models/model1_0	../syntropy_project/models/model1_0	anger	0.938014805316925	0.020200630649924278	0.002386483596637845	0.003174724755808711	0.0015992270782589912	0.0009301474783569574	0.0027282023802399635	0.027738003060221672	0.0005054098437540233	0.000523657479789108	0.000967329484410584	0.0012314668856561184	0.938014805316925
832	neutral	../syntropy_project/models/model1_0	../syntropy_project/models/model1_0	confusion	0.9246599078178406	0.05050342157483101	0.0002653656993061304	0.9246599078178406	0.00010212782945018262	0.02122616022825241	0.0007063655066303909	0.0004267219337634742	0.0004608682938851416	0.00012144681386416778	0.0003041263553313911	0.000333531410433352	0.000889904098585248
833	anger	../syntropy_project/models/model1_0	../syntropy_project/models/model1_0	anger	0.9347316026687622	0.020572613924741745	0.0008656663703732193	0.000915194395929575	0.0008148365304805338	0.0002954837109427899	0.0036622476764023304	0.035949017852544785	0.0004618406528607011	0.0003806593012996018	0.00047498656203970313	0.0008759185438975692	0.9347316026687622
834	sadness	../syntropy_project/models/model1_0	../syntropy_project/models/model1_0	sadness	0.990022599697113	0.0022512427531182766	0.990022599697113	0.00083877460565418	0.001751941628754139	0.00036489576450549066	0.0008216574206016958	0.0003998519678134471	0.002077332930639386	0.0008909145835787058	0.00019294279627501965	0.00010835689317900687	0.00027943545137532055
835	anger	../syntropy_project/models/model1_0	../syntropy_project/models/model1_0	anger	0.908502459526062	0.007277725264430046	0.0196973979473114	0.007248408161103725	0.0021073040552437305	0.0009665010147728026	0.020485689863562584	0.031090525910258293	0.0006941970787011087	0.0005447085131891072	0.0002607291389722377	0.0011244491906836629	0.908502459526062
836	surprise	../syntropy_project/models/model1_0	../syntropy_project/models/model1_0	confusion	0.955909788608551	0.006560567766427994	0.0022453677374869585	0.955909788608551	0.000967680593021214	0.02845693565905094	0.0035074036568403244	0.0005800966755487025	0.001019829767756164	0.00015342436381615698	5.932322528678924e-05	0.00020998562104068696	0.00032955355709418654
837	embarrassment	../syntropy_project/models/model1_0	../syntropy_project/models/model1_0	confusion	0.3579714298248291	0.15912890434265137	0.0820743516087532	0.3579714298248291	0.005388972349464893	0.04849886894226074	0.28948426246643066	0.013134106993675232	0.019435390830039978	0.006561012472957373	0.0009704730473458767	0.008830533362925053	0.00852164626121521
838	fear	../syntropy_project/models/model1_0	../syntropy_project/models/model1_0	fear	0.9086635708808899	0.004761310759931803	0.005629738327115774	0.0009480363223701715	0.022812187671661377	0.007435969077050686	0.007114088162779808	0.03746394068002701	0.9086635708808899	0.0019263181602582335	0.0019331909716129303	0.0004248451441526413	0.0008868913282640278
839	sadness	../syntropy_project/models/model1_0	../syntropy_project/models/model1_0	joy	0.5599460005760193	0.25646474957466125	0.03898107632994652	0.003838792908936739	0.001171506242826581	0.003293821355327964	0.00438842736184597	0.008249524049460888	0.0012180134654045105	0.5599460005760193	0.1024322509765625	0.016777092590928078	0.003238758072257042
840	anger	../syntropy_project/models/model1_0	../syntropy_project/models/model1_0	anger	0.8718863129615784	0.026061488315463066	0.005871073808521032	0.002150750020518899	0.003677927888929844	0.002194453263655305	0.0034953374415636063	0.07546209543943405	0.0016665831208229065	0.001617513713426888	0.004167960025370121	0.0017485865391790867	0.8718863129615784
841	confusion	../syntropy_project/models/model1_0	../syntropy_project/models/model1_0	confusion	0.989277720451355	0.0033464417792856693	8.555067324778065e-05	0.989277720451355	3.94138005503919e-05	0.006767306476831436	0.0002918827813118696	3.631845538620837e-05	5.757245162385516e-05	5.306301682139747e-05	1.0441326594445854e-05	2.0229690562700853e-05	1.40621368700522e-05
842	neutral	../syntropy_project/models/model1_0	../syntropy_project/models/model1_0	anger	0.7363885641098022	0.22452442348003387	0.003344104625284672	0.0009737822692841291	0.01373973023146391	0.0007392371771857142	0.0008481516852043569	0.01279477495700121	0.003644367214292288	0.0005515129305422306	0.0015492106322199106	0.0009022227022796869	0.7363885641098022
843	sadness	../syntropy_project/models/model1_0	../syntropy_project/models/model1_0	sadness	0.9940652251243591	0.001019105315208435	0.9940652251243591	0.0002151221560779959	0.00027345295529812574	0.0001421560300514102	0.00027214043075218797	0.00022222961706575006	0.0004382747574709356	0.0027496747206896544	0.0004142436373513192	9.686296834843233e-05	9.149756806436926e-05
844	joy	../syntropy_project/models/model1_0	../syntropy_project/models/model1_0	joy	0.9583107233047485	0.002012445591390133	0.00041555092320777476	0.000494719366542995	5.4985492170089856e-05	0.0005135182291269302	0.0002951648784801364	9.147592936642468e-05	6.210348510649055e-05	0.9583107233047485	0.035116929560899734	0.002584032714366913	4.840435940423049e-05
845	confusion	../syntropy_project/models/model1_0	../syntropy_project/models/model1_0	confusion	0.8660392165184021	0.10416512191295624	0.0012385236332193017	0.8660392165184021	0.0006313883350230753	0.01982732303440571	0.0020164994057267904	0.001320851151831448	0.000790884776506573	0.0009068247163668275	0.0006796721136197448	0.0006519086309708655	0.0017316810553893447
846	anger	../syntropy_project/models/model1_0	../syntropy_project/models/model1_0	anger	0.44109416007995605	0.10505736619234085	0.01715841330587864	0.012065787799656391	0.006995346862822771	0.16724133491516113	0.005762716289609671	0.0283602774143219	0.005768985021859407	0.014563989825546741	0.1928434818983078	0.0030881185084581375	0.44109416007995605
847	disgust	../syntropy_project/models/model1_0	../syntropy_project/models/model1_0	disgust	0.9845761656761169	0.0018520556623116136	0.0005744978552684188	0.00023232806415762752	7.40556642995216e-05	0.0002840902016032487	0.00292420806363225	0.9845761656761169	0.0008126774919219315	0.0001334719272563234	0.00038759640301577747	9.79728065431118e-05	0.008050838485360146
848	excitement	../syntropy_project/models/model1_0	../syntropy_project/models/model1_0	excitement	0.5969957113265991	0.0181915033608675	0.0013602416729554534	0.0011038266820833087	0.0002023064880631864	0.28432050347328186	0.0010972335003316402	0.0022382771130651236	0.0004545692354440689	0.08909180760383606	0.5969957113265991	0.0047637769021093845	0.00018028670456260443
849	confusion	../syntropy_project/models/model1_0	../syntropy_project/models/model1_0	sadness	0.8544358015060425	0.014347710646688938	0.8544358015060425	0.11232796311378479	0.0025919750332832336	0.001308570266701281	0.0033250972628593445	0.0011949494946748018	0.001988123869523406	0.006622685119509697	0.0007889784756116569	0.0003375909000169486	0.0007304931059479713
850	neutral	../syntropy_project/models/model1_0	../syntropy_project/models/model1_0	neutral	0.6336607336997986	0.6336607336997986	0.010752847418189049	0.06742990016937256	0.0015140282921493053	0.09563854336738586	0.021634792909026146	0.10943638533353806	0.008835085667669773	0.024998050183057785	0.011009261943399906	0.00391086470335722	0.011179540306329727
851	confusion	../syntropy_project/models/model1_0	../syntropy_project/models/model1_0	confusion	0.9772091507911682	0.006952183786779642	0.0006407083128578961	0.9772091507911682	0.00021695852046832442	0.010714164935052395	0.002653794828802347	0.0005414934130385518	0.00020673837570939213	0.00021883622684981674	0.0001771295937942341	0.00018165081564802676	0.0002871345786843449
852	sadness	../syntropy_project/models/model1_0	../syntropy_project/models/model1_0	sadness	0.996414065361023	0.001201355131343007	0.996414065361023	0.00012283293472137302	0.0002979026467073709	0.0001965854607988149	0.00018422708672005683	0.00018905474280472845	0.0004103147948626429	0.0007546134875155985	0.0001372385013382882	6.118149030953646e-05	3.0492659789160825e-05
853	sadness	../syntropy_project/models/model1_0	../syntropy_project/models/model1_0	anger	0.42165103554725647	0.041189346462488174	0.03683577477931976	0.003310452215373516	0.05881337821483612	0.01674310304224491	0.00655904458835721	0.048038214445114136	0.34303802251815796	0.006403921637684107	0.013624546118080616	0.0037931723054498434	0.42165103554725647
854	sadness	../syntropy_project/models/model1_0	../syntropy_project/models/model1_0	sadness	0.9845378398895264	0.0033931906800717115	0.9845378398895264	0.0011479223612695932	0.001628135796636343	0.00033735387842170894	0.0025905664078891277	0.0007307275081984699	0.002424613106995821	0.0014255361165851355	8.584866009186953e-05	0.0002763804222922772	0.0014219589065760374
855	neutral	../syntropy_project/models/model1_0	../syntropy_project/models/model1_0	joy	0.5050214529037476	0.08079451322555542	0.005518525838851929	0.0010525351390242577	0.000422960874857381	0.009573430754244328	0.0006715753115713596	0.000721394142601639	0.0006042870227247477	0.5050214529037476	0.388925701379776	0.005722452886402607	0.0009711891761980951
856	sadness	../syntropy_project/models/model1_0	../syntropy_project/models/model1_0	sadness	0.6662757992744446	0.07730141282081604	0.6662757992744446	0.013880010694265366	0.003632264444604516	0.0004092436283826828	0.1625872105360031	0.008810008876025677	0.0066985790617764	0.0062661077827215195	0.00020540886907838285	0.007199538871645927	0.04673441872000694
857	confusion	../syntropy_project/models/model1_0	../syntropy_project/models/model1_0	confusion	0.6533523797988892	0.058195825666189194	0.007718801964074373	0.6533523797988892	0.0007835454889573157	0.2648855149745941	0.005586931947618723	0.002918002661317587	0.0011463655391708016	0.00079184933565557	0.002203940413892269	0.00033417329541407526	0.002082622144371271
858	neutral	../syntropy_project/models/model1_0	../syntropy_project/models/model1_0	sadness	0.4540340006351471	0.24548959732055664	0.4540340006351471	0.007761914283037186	0.015016782097518444	0.02473406307399273	0.00888929981738329	0.054879847913980484	0.10928521305322647	0.018513891845941544	0.024633357301354408	0.0019363230094313622	0.03482576459646225
859	disgust	../syntropy_project/models/model1_0	../syntropy_project/models/model1_0	anger	0.47565150260925293	0.04759518802165985	0.004184390883892775	0.011876102536916733	0.0007010704139247537	0.001240477547980845	0.010214113630354404	0.44372987747192383	0.000945820240303874	0.0011196285486221313	0.001603956799954176	0.001137946848757565	0.47565150260925293
860	excitement	../syntropy_project/models/model1_0	../syntropy_project/models/model1_0	excitement	0.9956388473510742	0.0004743537283502519	3.765502697206102e-05	1.2098504157620482e-05	1.6280473573715426e-05	0.0004762037133332342	5.4132219702296425e-06	1.1058359632443171e-05	6.109557489253348e-06	0.0032837581820786	0.9956388473510742	3.174268931616098e-05	6.46970829620841e-06
861	excitement	../syntropy_project/models/model1_0	../syntropy_project/models/model1_0	excitement	0.9943603873252869	0.0016243726713582873	7.357850699918345e-05	6.162460340419784e-05	4.531808735919185e-05	0.0010082569206133485	9.505683919996955e-06	1.0400302016932983e-05	8.079080544121098e-06	0.0026939401868730783	0.9943603873252869	9.122563642449677e-05	1.3329860848898534e-05
862	disgust	../syntropy_project/models/model1_0	../syntropy_project/models/model1_0	disgust	0.5419121384620667	0.039631642401218414	0.018367890268564224	0.18150246143341064	0.0011821449734270573	0.07150880247354507	0.12116166204214096	0.5419121384620667	0.0022812196984887123	0.009317060932517052	0.003943656571209431	0.0020144705194979906	0.007176780141890049
863	sadness	../syntropy_project/models/model1_0	../syntropy_project/models/model1_0	nervousness	0.3599053621292114	0.20143695175647736	0.08146549016237259	0.11021825671195984	0.3599053621292114	0.0025625729467719793	0.03744417056441307	0.02955196052789688	0.045285310596227646	0.007962611503899097	0.0008913088822737336	0.014343188144266605	0.10893283039331436
864	excitement	../syntropy_project/models/model1_0	../syntropy_project/models/model1_0	excitement	0.8168348670005798	0.02854687161743641	0.0010800380259752274	0.0005041084950789809	0.0020636608824133873	0.00850848201662302	0.002549615455791354	0.0023750460240989923	0.0007343708421103656	0.10965164005756378	0.8168348670005798	0.022696683183312416	0.004454521927982569
865	disgust	../syntropy_project/models/model1_0	../syntropy_project/models/model1_0	anger	0.907102644443512	0.008251936174929142	0.002508193487301469	0.0016545040998607874	0.0019652126356959343	0.003501271130517125	0.004794838838279247	0.0658363476395607	0.0009249448194168508	0.0006794177461415529	0.0019502223003655672	0.0008304763468913734	0.907102644443512
866	excitement	../syntropy_project/models/model1_0	../syntropy_project/models/model1_0	excitement	0.7391781210899353	0.016785742715001106	0.006274112034589052	0.0020492286421358585	0.0007689141784794629	0.009800761938095093	0.0013228637399151921	0.0007335105910897255	0.0007619938696734607	0.22076088190078735	0.7391781210899353	0.0011656798887997866	0.0003981964255217463
867	fear	../syntropy_project/models/model1_0	../syntropy_project/models/model1_0	fear	0.8467903733253479	0.01355197187513113	0.007642601616680622	0.0026443148963153362	0.1013529822230339	0.0034578093327581882	0.006013813894242048	0.013379378244280815	0.8467903733253479	0.0017585728783160448	0.0014497902011498809	0.0008698567398823798	0.001088432502001524
868	anger	../syntropy_project/models/model1_0	../syntropy_project/models/model1_0	anger	0.9647125005722046	0.015816133469343185	0.0012983824126422405	0.0006470995722338557	0.0010156837524846196	0.00017092643247451633	0.0005678283050656319	0.013409960083663464	0.000301214779028669	0.0005022896802984178	0.0006848693010397255	0.0008732450078241527	0.9647125005722046
869	nervousness	../syntropy_project/models/model1_0	../syntropy_project/models/model1_0	fear	0.46459823846817017	0.10043011605739594	0.029649915173649788	0.07295501232147217	0.025666482746601105	0.13934826850891113	0.04479074105620384	0.0931043028831482	0.46459823846817017	0.010112647898495197	0.01268836110830307	0.005154866259545088	0.0015009085182100534
870	anger	../syntropy_project/models/model1_0	../syntropy_project/models/model1_0	joy	0.3394739329814911	0.09280142188072205	0.0461791530251503	0.030818268656730652	0.006481687072664499	0.005652160849422216	0.06395290791988373	0.034643493592739105	0.003940105903893709	0.3394739329814911	0.03465356305241585	0.03114183247089386	0.31026142835617065
871	neutral	../syntropy_project/models/model1_0	../syntropy_project/models/model1_0	neutral	0.28437042236328125	0.28437042236328125	0.14757157862186432	0.04494420439004898	0.009742528200149536	0.048500530421733856	0.1594288945198059	0.26799285411834717	0.008732300251722336	0.006757551804184914	0.007396510802209377	0.008688738569617271	0.005873896647244692
872	confusion	../syntropy_project/models/model1_0	../syntropy_project/models/model1_0	confusion	0.7498674392700195	0.16928096115589142	0.0032759117893874645	0.7498674392700195	0.0009197696344926953	0.001627943362109363	0.012682263739407063	0.006217385642230511	0.000878770078998059	0.0006554560968652368	0.0008676648722030222	0.00165277486667037	0.05207352340221405
873	disgust	../syntropy_project/models/model1_0	../syntropy_project/models/model1_0	disgust	0.9591501355171204	0.002930126152932644	0.0017751296982169151	0.00042758884956128895	0.0006654057651758194	0.0015664896927773952	0.005139778833836317	0.9591501355171204	0.011496540158987045	0.00028288038447499275	0.0009572887211106718	0.00022181100212037563	0.015386829152703285
874	sadness	../syntropy_project/models/model1_0	../syntropy_project/models/model1_0	sadness	0.9718422293663025	0.008353806100785732	0.9718422293663025	0.0007637260132469237	0.0009274361655116081	0.00042213217238895595	0.0010116847697645426	0.0023732008412480354	0.009745417162775993	0.0011332127032801509	0.00039567664498463273	0.00025968614500015974	0.002771877683699131
875	sadness	../syntropy_project/models/model1_0	../syntropy_project/models/model1_0	neutral	0.3653999865055084	0.3653999865055084	0.08497745543718338	0.31521525979042053	0.0016825937200337648	0.13619820773601532	0.045458175241947174	0.011026367545127869	0.00878943968564272	0.018675150349736214	0.004123670514672995	0.006557409185916185	0.0018963429611176252
876	fear	../syntropy_project/models/model1_0	../syntropy_project/models/model1_0	fear	0.9551883339881897	0.005122241098433733	0.005550426431000233	0.0017379489727318287	0.024442827329039574	0.0005880874814465642	0.0017576472600921988	0.0036385552957654	0.9551883339881897	0.0009967332007363439	0.00021167170780245215	0.00037724379217252135	0.0003883125027641654
877	neutral	../syntropy_project/models/model1_0	../syntropy_project/models/model1_0	neutral	0.6077374815940857	0.6077374815940857	0.009744107723236084	0.0017854251200333238	0.007003036327660084	0.005514987278729677	0.004407886881381273	0.017252696678042412	0.33392831683158875	0.004446192644536495	0.002484243828803301	0.0019193781772628427	0.003776203142479062
878	sadness	../syntropy_project/models/model1_0	../syntropy_project/models/model1_0	sadness	0.9977148175239563	0.0005686015938408673	0.9977148175239563	7.989293953869492e-05	0.00011040914250770584	7.531511801062152e-05	0.00018618692411109805	0.00010800179006764665	0.0003332315827719867	0.0005632737884297967	0.0001813506823964417	3.916645800927654e-05	3.979147368227132e-05
879	sadness	../syntropy_project/models/model1_0	../syntropy_project/models/model1_0	sadness	0.8066208958625793	0.02112547867000103	0.8066208958625793	0.005504423286765814	0.00697977002710104	0.00026009982684627175	0.07389310747385025	0.01631716638803482	0.0030858323443681	0.0035311169922351837	0.00016892282292246819	0.00119858852121979	0.061314601451158524
880	nervousness	../syntropy_project/models/model1_0	../syntropy_project/models/model1_0	fear	0.4056871831417084	0.08421763777732849	0.11559614539146423	0.06669950485229492	0.08973495662212372	0.06093872711062431	0.06764209270477295	0.07982730120420456	0.4056871831417084	0.009604078717529774	0.008641911670565605	0.004153419751673937	0.007256940472871065
881	confusion	../syntropy_project/models/model1_0	../syntropy_project/models/model1_0	confusion	0.9285779595375061	0.03291286155581474	0.01627407968044281	0.9285779595375061	0.004628914408385754	0.01271394919604063	0.0018927754135802388	0.00048254290595650673	0.0012076487764716148	0.0006148351239971817	0.00016398675506934524	0.0002271854755235836	0.00030331560992635787
882	disgust	../syntropy_project/models/model1_0	../syntropy_project/models/model1_0	disgust	0.9859547019004822	0.000692334957420826	0.000455189379863441	0.00010621741239447147	9.197375038638711e-05	0.00046014125109650195	0.002294243546202779	0.9859547019004822	0.0021987571381032467	9.490535740042105e-05	0.0004280827415641397	4.980309313395992e-05	0.007173649501055479
883	anger	../syntropy_project/models/model1_0	../syntropy_project/models/model1_0	anger	0.7743111252784729	0.010073899291455746	0.14075258374214172	0.0015676658367738128	0.0033111185766756535	0.00010967233538394794	0.009173339232802391	0.055012721568346024	0.0035763983614742756	0.0009703683899715543	0.00018097592692356557	0.0009600594057701528	0.7743111252784729
884	confusion	../syntropy_project/models/model1_0	../syntropy_project/models/model1_0	confusion	0.9269917607307434	0.005792312324047089	0.0013989072758704424	0.9269917607307434	0.00035025450051762164	0.05785268172621727	0.003490649163722992	0.0011826243717223406	0.0006792052881792188	0.0002218035951955244	0.0002975196111947298	0.000214456653338857	0.001527754357084632
885	anger	../syntropy_project/models/model1_0	../syntropy_project/models/model1_0	anger	0.9585094451904297	0.004762000869959593	0.0009130484540946782	0.0027444364968687296	0.0006173215806484222	0.0002952389186248183	0.0011347829131409526	0.030200421810150146	0.00017842947272583842	0.00013950595166534185	0.00023021646484266967	0.00027516012778505683	0.9585094451904297
886	disgust	../syntropy_project/models/model1_0	../syntropy_project/models/model1_0	disgust	0.9001249670982361	0.01823454350233078	0.01070884708315134	0.002182495081797242	0.0029000781942158937	0.0033833449706435204	0.007939082570374012	0.9001249670982361	0.03680549934506416	0.0012594248401001096	0.002535337582230568	0.0007893976289778948	0.013136881403625011
887	neutral	../syntropy_project/models/model1_0	../syntropy_project/models/model1_0	fear	0.419558048248291	0.08330951631069183	0.07732139527797699	0.01665542460978031	0.36753562092781067	0.002125700004398823	0.012396533042192459	0.0036461574491113424	0.419558048248291	0.009673438966274261	0.0025714030489325523	0.002394839422777295	0.0028119301423430443
888	confusion	../syntropy_project/models/model1_0	../syntropy_project/models/model1_0	confusion	0.9524441361427307	0.011131447739899158	0.0011157235130667686	0.9524441361427307	2.3206599507830106e-05	0.000245227332925424	0.009357144124805927	0.009587615728378296	0.00013316361582838	6.423558807000518e-05	1.325265384366503e-05	0.00017146144818980247	0.015713322907686234
889	sadness	../syntropy_project/models/model1_0	../syntropy_project/models/model1_0	sadness	0.9164535999298096	0.01185583509504795	0.9164535999298096	0.04130399972200394	0.004422567784786224	0.009678546339273453	0.002159825759008527	0.0015863559674471617	0.008035225793719292	0.0015929657965898514	0.0005058416863903403	0.00019836817227769643	0.0022068871185183525
890	confusion	../syntropy_project/models/model1_0	../syntropy_project/models/model1_0	surprise	0.9903239607810974	0.005146809853613377	0.00014776474563404918	0.0009083329350687563	3.2034113246481866e-05	0.9903239607810974	0.0001719500869512558	0.00011730529513442889	6.68609791318886e-05	0.0003033555403817445	0.002700995421037078	7.471867866115645e-05	6.0369220591383055e-06
891	neutral	../syntropy_project/models/model1_0	../syntropy_project/models/model1_0	neutral	0.6369515657424927	0.6369515657424927	0.008762319572269917	0.0064048441126942635	0.0006283290567807853	0.0146412942558527	0.0014703695196658373	0.009021534584462643	0.0012847835896536708	0.17689327895641327	0.12389973551034927	0.011584990657866001	0.008456842042505741
892	disgust	../syntropy_project/models/model1_0	../syntropy_project/models/model1_0	disgust	0.36870455741882324	0.03369132801890373	0.07401637732982635	0.3606392443180084	0.005208265967667103	0.009626952931284904	0.09410423040390015	0.36870455741882324	0.03074106015264988	0.003153348807245493	0.0009109910461120307	0.001498739467933774	0.01770494505763054
893	confusion	../syntropy_project/models/model1_0	../syntropy_project/models/model1_0	surprise	0.70877605676651	0.03461871296167374	0.004633167292922735	0.22689375281333923	0.0035657964181154966	0.70877605676651	0.007005107123404741	0.0014583524316549301	0.0009140734910033643	0.002512783044949174	0.006927206180989742	0.0008353053126484156	0.0018597050802782178
894	confusion	../syntropy_project/models/model1_0	../syntropy_project/models/model1_0	neutral	0.5332357287406921	0.5332357287406921	0.019668737426400185	0.12561313807964325	0.0037212891038507223	0.0389958955347538	0.013641961850225925	0.1362154483795166	0.027965648099780083	0.014380017295479774	0.01320610661059618	0.00370969669893384	0.06964629888534546
895	confusion	../syntropy_project/models/model1_0	../syntropy_project/models/model1_0	confusion	0.7667205333709717	0.20837390422821045	0.001180903404019773	0.7667205333709717	3.726527211256325e-05	0.019790980964899063	0.0005833896575495601	0.00041053927270695567	0.0008617168059572577	0.0005244251224212348	0.0007392191328108311	0.00043739122338593006	0.0003397527907509357
896	sadness	../syntropy_project/models/model1_0	../syntropy_project/models/model1_0	sadness	0.9965308904647827	0.0004772409738507122	0.9965308904647827	6.695905904052779e-05	0.0007844386273063719	7.986490527400747e-05	0.00022083437943365425	0.00024356759968213737	0.0005726910312660038	0.0005325500969775021	0.00017843865498434752	5.966274329693988e-05	0.00025284619187004864
897	fear	../syntropy_project/models/model1_0	../syntropy_project/models/model1_0	fear	0.9788427352905273	0.003848207648843527	0.0033735823817551136	0.0013959633652120829	0.007484805304557085	0.0004374049894977361	0.001009250059723854	0.0013090077554807067	0.9788427352905273	0.0005572543013840914	7.756586273899302e-05	0.000384629238396883	0.0012794598005712032
898	confusion	../syntropy_project/models/model1_0	../syntropy_project/models/model1_0	confusion	0.9293040633201599	0.06517782807350159	0.0007092028390616179	0.9293040633201599	2.2019308744347654e-05	0.0030774169135838747	0.0005739480257034302	0.0002579561260063201	0.00015437573892995715	0.00010634725185809657	2.096801472362131e-05	0.00010190678585786372	0.0004938487545587122
899	pride	../syntropy_project/models/model1_0	../syntropy_project/models/model1_0	pride	0.9596238732337952	0.0001841875637182966	8.108979818644002e-05	0.00018301878299098462	0.0007951240404509008	0.011072042398154736	0.005819021724164486	0.00023897095525171608	9.997538290917873e-05	0.004170413129031658	0.016982676461338997	0.9596238732337952	0.0007495284080505371
900	confusion	../syntropy_project/models/model1_0	../syntropy_project/models/model1_0	confusion	0.9903774857521057	0.004315381869673729	0.0002368158893659711	0.9903774857521057	8.435973541054409e-06	0.003950970713049173	0.000763708958402276	7.256791286636144e-05	4.9586367822485045e-05	5.131300349603407e-05	1.670673373155296e-05	1.558950862090569e-05	0.0001415048900526017
901	joy	../syntropy_project/models/model1_0	../syntropy_project/models/model1_0	joy	0.9868723154067993	0.0029640041757375	0.00046958622988313437	0.00012418061669450253	3.6969944630982354e-05	5.535130912903696e-05	8.732957940082997e-05	4.498956695897505e-05	1.5353216440416873e-05	0.9868723154067993	0.007637348026037216	0.001606878824532032	8.565190364606678e-05
902	fear	../syntropy_project/models/model1_0	../syntropy_project/models/model1_0	fear	0.9563246369361877	0.0038335886783897877	0.007207274436950684	0.006983751431107521	0.02065056748688221	0.0004916073521599174	0.0015464582247659564	0.0015242652734741569	0.9563246369361877	0.00026826211251318455	4.891028947895393e-05	0.00038084539119154215	0.0007399378810077906
903	anger	../syntropy_project/models/model1_0	../syntropy_project/models/model1_0	anger	0.9603618383407593	0.011288140900433064	0.0007784235058352351	0.0004410113615449518	0.0014829570427536964	0.0010082972003147006	0.0009824184235185385	0.01587459072470665	0.0002756139438133687	0.0016093931626528502	0.004726930055767298	0.0011704257922247052	0.9603618383407593
904	joy	../syntropy_project/models/model1_0	../syntropy_project/models/model1_0	joy	0.7942080497741699	0.05665340647101402	0.01741945557296276	0.007605936843901873	0.0014555680099874735	0.008670159615576267	0.01010842528194189	0.008396601304411888	0.002088356064632535	0.7942080497741699	0.07657494395971298	0.012525799684226513	0.004293395206332207
905	excitement	../syntropy_project/models/model1_0	../syntropy_project/models/model1_0	joy	0.754466712474823	0.027501003816723824	0.0016248637111857533	0.0011922079138457775	0.00020226500055287033	0.0031408516224473715	0.0006339075625874102	0.0008890986209735274	0.00044798257295042276	0.754466712474823	0.20265628397464752	0.006842706352472305	0.00040207861457020044
906	surprise	../syntropy_project/models/model1_0	../syntropy_project/models/model1_0	surprise	0.9241160750389099	0.028588373214006424	0.0014090745244175196	0.028695913031697273	0.00037880553281866014	0.9241160750389099	0.003925164230167866	0.0008912120247259736	0.0030379185918718576	0.0023390718270093203	0.006063730455935001	0.0004392675182316452	0.00011543004802661017
907	anger	../syntropy_project/models/model1_0	../syntropy_project/models/model1_0	anger	0.5194019675254822	0.05742513760924339	0.003950147423893213	0.004659709986299276	0.012177766300737858	0.14039452373981476	0.005911258049309254	0.05781672149896622	0.008593164384365082	0.015175375156104565	0.1685398817062378	0.005954269785434008	0.5194019675254822
908	joy	../syntropy_project/models/model1_0	../syntropy_project/models/model1_0	joy	0.9736860990524292	0.004381353966891766	0.0006921164458617568	0.0008006360731087625	4.1735442209756e-05	0.0006166598759591579	0.0002769411075860262	0.00011826896661659703	3.076104985666461e-05	0.9736860990524292	0.01737462729215622	0.0019523334922268987	2.8408410798874684e-05
909	anger	../syntropy_project/models/model1_0	../syntropy_project/models/model1_0	anger	0.9340647459030151	0.018752332776784897	0.0022340738214552402	0.00592606607824564	0.0009588173124939203	0.0054826680570840836	0.002158028306439519	0.02514166384935379	0.0005993677186779678	0.0006714978371746838	0.0027611434925347567	0.0012496965937316418	0.9340647459030151
910	fear	../syntropy_project/models/model1_0	../syntropy_project/models/model1_0	anger	0.6345440745353699	0.07134011387825012	0.15733429789543152	0.005563609302043915	0.011590460315346718	0.0021274308674037457	0.015332783572375774	0.08441103994846344	0.006689730565994978	0.0037918216548860073	0.0031399682629853487	0.004134702496230602	0.6345440745353699
911	anger	../syntropy_project/models/model1_0	../syntropy_project/models/model1_0	anger	0.6287364959716797	0.023928552865982056	0.025554358959197998	0.0013491903664544225	0.0027070760261267424	0.0013967676786705852	0.003915759269148111	0.300184428691864	0.007823582738637924	0.0013990806182846427	0.0020388890989124775	0.000965799787081778	0.6287364959716797
912	neutral	../syntropy_project/models/model1_0	../syntropy_project/models/model1_0	neutral	0.6172362565994263	0.6172362565994263	0.09093821793794632	0.06230444461107254	0.011503010056912899	0.005468008574098349	0.039340514689683914	0.1051432266831398	0.041883595287799835	0.008518712595105171	0.0022394952829927206	0.004227140918374062	0.011197423562407494
913	anger	../syntropy_project/models/model1_0	../syntropy_project/models/model1_0	surprise	0.5831239223480225	0.11085925251245499	0.00392787903547287	0.019776716828346252	0.0016598997171968222	0.5831239223480225	0.0049824900925159454	0.0169033482670784	0.0019552113953977823	0.025589795783162117	0.2194804549217224	0.0068877278827130795	0.004853285849094391
914	confusion	../syntropy_project/models/model1_0	../syntropy_project/models/model1_0	neutral	0.7770127654075623	0.7770127654075623	0.12866608798503876	0.021594444289803505	0.02135566808283329	0.014445967972278595	0.0034686592407524586	0.006038039457052946	0.004286832641810179	0.003170589916408062	0.014036566950380802	0.0029001266229897738	0.003024235600605607
915	surprise	../syntropy_project/models/model1_0	../syntropy_project/models/model1_0	surprise	0.9644836783409119	0.007537389174103737	0.0007370113162323833	0.007616410963237286	0.00033922697184607387	0.9644836783409119	0.005228815600275993	0.006162695586681366	0.0006332743214443326	0.0006346519221551716	0.005306605715304613	0.0009992111008614302	0.0003210808790754527
916	neutral	../syntropy_project/models/model1_0	../syntropy_project/models/model1_0	neutral	0.9299660921096802	0.9299660921096802	0.021706867963075638	0.008025544695556164	0.0006787817692384124	0.0072422935627400875	0.00194957060739398	0.0064265127293765545	0.008874712511897087	0.0036703294608742	0.004903209395706654	0.0018202131614089012	0.004735983908176422
917	anger	../syntropy_project/models/model1_0	../syntropy_project/models/model1_0	disgust	0.9599320292472839	0.002457686234265566	0.0012455174000933766	0.0006707615102641284	0.00043117059976793826	0.0005004393169656396	0.003072956344112754	0.9599320292472839	0.0033672102726995945	0.00026755387079901993	0.0006622886867262423	0.0002250293764518574	0.027167456224560738
918	neutral	../syntropy_project/models/model1_0	../syntropy_project/models/model1_0	neutral	0.856390118598938	0.856390118598938	0.029198916628956795	0.07640537619590759	0.0009078895091079175	0.015692198649048805	0.003048853250220418	0.0045484574511647224	0.003030726220458746	0.006553861312568188	0.002062074141576886	0.0016095925820991397	0.0005520009435713291
919	joy	../syntropy_project/models/model1_0	../syntropy_project/models/model1_0	joy	0.542194128036499	0.03585590422153473	0.268719881772995	0.0017221093876287341	0.008369535207748413	0.006109531503170729	0.004381850827485323	0.0014405883848667145	0.004850100725889206	0.542194128036499	0.10180260986089706	0.02305830828845501	0.0014954585349187255
920	confusion	../syntropy_project/models/model1_0	../syntropy_project/models/model1_0	confusion	0.6795477271080017	0.2560652196407318	0.0045621502213180065	0.6795477271080017	0.0001362315524602309	0.04652306064963341	0.0010261285351589322	0.002640586579218507	0.0013521781656891108	0.0026327751111239195	0.0030652466230094433	0.000993548659607768	0.0014551155036315322
921	neutral	../syntropy_project/models/model1_0	../syntropy_project/models/model1_0	neutral	0.4280758500099182	0.4280758500099182	0.01740414649248123	0.008875914849340916	0.015600611455738544	0.007077319547533989	0.004451249726116657	0.18366342782974243	0.053417038172483444	0.004084768705070019	0.011241704225540161	0.0038732518441975117	0.26223480701446533
922	anger	../syntropy_project/models/model1_0	../syntropy_project/models/model1_0	confusion	0.47243380546569824	0.43347683548927307	0.007269106339663267	0.47243380546569824	0.0010043825022876263	0.046041328459978104	0.005107134580612183	0.005245272070169449	0.0009716555941849947	0.002868137089535594	0.003152598859742284	0.001168487942777574	0.021261395886540413
923	anger	../syntropy_project/models/model1_0	../syntropy_project/models/model1_0	surprise	0.27964115142822266	0.05105866119265556	0.03762602433562279	0.004167232662439346	0.006694539915770292	0.27964115142822266	0.02553003653883934	0.07988400012254715	0.02590976655483246	0.04794340580701828	0.16723252832889557	0.027856262400746346	0.24645638465881348
924	nervousness	../syntropy_project/models/model1_0	../syntropy_project/models/model1_0	nervousness	0.6063637137413025	0.02187173068523407	0.022048277780413628	0.03503654524683952	0.6063637137413025	0.01157593447715044	0.00786997564136982	0.0026676328852772713	0.2788698375225067	0.004783103708177805	0.0033031657803803682	0.002421138109639287	0.0031889164820313454
925	neutral	../syntropy_project/models/model1_0	../syntropy_project/models/model1_0	neutral	0.9241490364074707	0.9241490364074707	0.004068442154675722	0.004109163302928209	0.0005601653829216957	0.015582798048853874	0.00047650194028392434	0.003134198719635606	0.0030521289445459843	0.005215080454945564	0.03717530891299248	0.0011982610449194908	0.0012789503671228886
926	surprise	../syntropy_project/models/model1_0	../syntropy_project/models/model1_0	surprise	0.9896243214607239	0.004062432795763016	0.00043566623935475945	0.0007499195053242147	5.042972043156624e-05	0.9896243214607239	0.0006769454921595752	0.0006992645212449133	7.974930485943332e-05	0.00022150979202706367	0.003193012671545148	0.00019947451073676348	7.262796771101421e-06
927	sadness	../syntropy_project/models/model1_0	../syntropy_project/models/model1_0	sadness	0.8916605114936829	0.012344148010015488	0.8916605114936829	0.0013375079724937677	0.0009352162014693022	0.0002734954468905926	0.07325445115566254	0.004307228606194258	0.0027775298804044724	0.0024291102308779955	0.0001308275677729398	0.0075048222206532955	0.0030451903585344553
928	anger	../syntropy_project/models/model1_0	../syntropy_project/models/model1_0	anger	0.9903895854949951	0.002007979666814208	0.0009161732741631567	0.0008377892663702369	0.0013087892439216375	2.8642007237067446e-05	0.0003262441896367818	0.003945338074117899	1.4348543118103407e-05	2.8467995434766635e-05	0.000108290470961947	8.825717668514699e-05	0.9903895854949951
929	disgust	../syntropy_project/models/model1_0	../syntropy_project/models/model1_0	disgust	0.5272486209869385	0.0185351874679327	0.340210884809494	0.003932984545826912	0.016746176406741142	0.0022138655185699463	0.038784608244895935	0.5272486209869385	0.018456565216183662	0.0028674532659351826	0.001461252337321639	0.0011939732357859612	0.028348412364721298
930	anger	../syntropy_project/models/model1_0	../syntropy_project/models/model1_0	anger	0.925871729850769	0.026160065084695816	0.0017826195107772946	0.001396956155076623	0.0016052712453529239	0.001739060739055276	0.0006871433579362929	0.0368480458855629	0.0003924248740077019	0.0004844841896556318	0.0019212407059967518	0.0011110050836578012	0.925871729850769
931	neutral	../syntropy_project/models/model1_0	../syntropy_project/models/model1_0	neutral	0.870902955532074	0.870902955532074	0.017106644809246063	0.0393238328397274	0.0007820789469406009	0.020052790641784668	0.00271434523165226	0.006403021048754454	0.004296043422073126	0.010254250839352608	0.019477413967251778	0.0030858442187309265	0.005600786302238703
932	confusion	../syntropy_project/models/model1_0	../syntropy_project/models/model1_0	confusion	0.7747559547424316	0.16329224407672882	0.005929070990532637	0.7747559547424316	0.0006605566013604403	0.01710527390241623	0.0037199228536337614	0.006472955457866192	0.0022075565066188574	0.0019849599339067936	0.0014577989932149649	0.0012955573620274663	0.021118151023983955
933	confusion	../syntropy_project/models/model1_0	../syntropy_project/models/model1_0	confusion	0.9248162508010864	0.05141275376081467	0.0030220041517168283	0.9248162508010864	0.0011477959342300892	0.005282755009829998	0.004337656311690807	0.0015741640236228704	0.0016040217597037554	0.00043593597365543246	0.00023006786068435758	0.0008419619407504797	0.005294597242027521
934	pride	../syntropy_project/models/model1_0	../syntropy_project/models/model1_0	joy	0.7978855967521667	0.012873598374426365	0.007249206770211458	0.0021256087347865105	0.0007009597611613572	0.00916255358606577	0.0016653056954964995	0.0010104977991431952	0.0009451547521166503	0.7978855967521667	0.15463095903396606	0.010148756206035614	0.0016017570160329342
935	surprise	../syntropy_project/models/model1_0	../syntropy_project/models/model1_0	surprise	0.9164363741874695	0.014337273314595222	0.0009620739729143679	0.0066321599297225475	0.0001422896166332066	0.9164363741874695	0.0005330889252945781	0.0003754186036530882	0.0006129134562797844	0.002497485838830471	0.05684846639633179	0.0005416969070211053	8.075802907114848e-05
936	embarrassment	../syntropy_project/models/model1_0	../syntropy_project/models/model1_0	embarrassment	0.9287365078926086	0.01671631447970867	0.006946772802621126	0.006067420355975628	0.0019458425231277943	0.00029407136025838554	0.9287365078926086	0.0294532161206007	0.004351136274635792	0.0016485945088788867	0.00011655314301606268	0.0025795712135732174	0.0011440655216574669
937	anger	../syntropy_project/models/model1_0	../syntropy_project/models/model1_0	anger	0.3494737148284912	0.07083440572023392	0.007756427396088839	0.34521955251693726	0.002213903469964862	0.08247368782758713	0.05803221836686134	0.06275832653045654	0.003986476920545101	0.004086249507963657	0.006121324375271797	0.007043635938316584	0.3494737148284912
938	confusion	../syntropy_project/models/model1_0	../syntropy_project/models/model1_0	confusion	0.723361611366272	0.07744371145963669	0.0022125167306512594	0.723361611366272	0.00020236551063135266	0.19205135107040405	0.0018051716033369303	0.00029925318085588515	0.0006677056662738323	0.0004498478374443948	0.001041372655890882	0.0002541041758377105	0.00021104102779645473
939	joy	../syntropy_project/models/model1_0	../syntropy_project/models/model1_0	excitement	0.5175238251686096	0.005559702403843403	0.000986748025752604	0.00023778788454364985	9.842053259490058e-05	0.002876690588891506	0.0002674092538654804	0.00018528514192439616	8.659363084007055e-05	0.4691039025783539	0.5175238251686096	0.002986944979056716	8.66762493387796e-05
940	disgust	../syntropy_project/models/model1_0	../syntropy_project/models/model1_0	disgust	0.4985336661338806	0.0793246477842331	0.01298243273049593	0.0023080967366695404	0.015246055088937283	0.0017599815037101507	0.03067638911306858	0.4985336661338806	0.003994999919086695	0.004845724906772375	0.008882049471139908	0.0038353786803781986	0.3376105725765228
941	confusion	../syntropy_project/models/model1_0	../syntropy_project/models/model1_0	confusion	0.993192195892334	0.0015830651391297579	0.0005098073743283749	0.993192195892334	0.00019894182332791388	0.0024900976568460464	0.0015210553538054228	9.441957081435248e-05	0.0001119409644161351	4.8215417336905375e-05	2.8667067454080097e-05	4.6923749323468655e-05	0.00017471970932092518
942	nervousness	../syntropy_project/models/model1_0	../syntropy_project/models/model1_0	neutral	0.4626007080078125	0.4626007080078125	0.32013264298439026	0.007631188724189997	0.0068941484205424786	0.05174749344587326	0.001908744452521205	0.006136263720691204	0.012187408283352852	0.023184148594737053	0.10010753571987152	0.002128383843228221	0.00534137012436986
943	surprise	../syntropy_project/models/model1_0	../syntropy_project/models/model1_0	surprise	0.920495867729187	0.0047172545455396175	0.00020138711261097342	0.00028717235545627773	3.0353799957083538e-05	0.920495867729187	0.0003361349808983505	0.0002882042608689517	0.0002755104214884341	0.004448737949132919	0.0684327557682991	0.00046122638741508126	2.536655665608123e-05
944	joy	../syntropy_project/models/model1_0	../syntropy_project/models/model1_0	joy	0.9605053663253784	0.0016655352665111423	0.00039750474388711154	0.00022622552933171391	2.0053301341249608e-05	0.00011058828386012465	8.408789290115237e-05	2.4820472390274517e-05	1.1662813449220266e-05	0.9605053663253784	0.03493775427341461	0.0019003547495231032	0.00011608965724008158
945	disgust	../syntropy_project/models/model1_0	../syntropy_project/models/model1_0	disgust	0.9772545099258423	0.0025799009017646313	0.00214200746268034	0.00034241913817822933	0.000521795591339469	0.00041492286254651845	0.003829510882496834	0.9772545099258423	0.003407657379284501	0.0003223357198294252	0.0007270240457728505	0.00015735207125544548	0.008300594985485077
946	excitement	../syntropy_project/models/model1_0	../syntropy_project/models/model1_0	fear	0.9519830346107483	0.0032161965500563383	0.0031106132082641125	0.0012157927267253399	0.03225059062242508	0.002294795121997595	0.0015500610461458564	0.0012510817032307386	0.9519830346107483	0.0010227822931483388	0.0006534192943945527	0.0008545201853848994	0.0005970585625618696
947	neutral	../syntropy_project/models/model1_0	../syntropy_project/models/model1_0	anger	0.47842487692832947	0.24620169401168823	0.02615271881222725	0.003893045475706458	0.006707042455673218	0.007444629445672035	0.009936392307281494	0.17020627856254578	0.009254875592887402	0.0062780920416116714	0.031498659402132034	0.004001676570624113	0.47842487692832947
948	confusion	../syntropy_project/models/model1_0	../syntropy_project/models/model1_0	confusion	0.8597058653831482	0.10601510107517242	0.0013409946113824844	0.8597058653831482	5.9449299442349e-05	0.026206614449620247	0.0017629842041060328	0.0008526311721652746	0.0004923627711832523	0.0011381764197722077	0.001673450693488121	0.0003771166375372559	0.0003752591728698462
949	neutral	../syntropy_project/models/model1_0	../syntropy_project/models/model1_0	neutral	0.9491831660270691	0.9491831660270691	0.0012306557036936283	0.011347922496497631	0.00013122618838679045	0.006860620342195034	0.0005169423529878259	0.0025766713079065084	0.0005708926473744214	0.005745219998061657	0.017587164416909218	0.0008337481995113194	0.0034156807232648134
950	disgust	../syntropy_project/models/model1_0	../syntropy_project/models/model1_0	confusion	0.7657275795936584	0.06184585765004158	0.02017885446548462	0.7657275795936584	0.004106912296265364	0.0016142335953190923	0.03715548291802406	0.05801977962255478	0.005678668152540922	0.000667540414724499	8.525103476131335e-05	0.001468132482841611	0.04345167055726051
951	joy	../syntropy_project/models/model1_0	../syntropy_project/models/model1_0	joy	0.9061325192451477	0.004189253784716129	0.0024187862873077393	0.0009662964148446918	0.0002901000843849033	0.00039885847945697606	0.0003067008510697633	0.0001106025229091756	0.00014050480967853218	0.9061325192451477	0.08046010881662369	0.004151894710958004	0.00043438159627839923
952	confusion	../syntropy_project/models/model1_0	../syntropy_project/models/model1_0	confusion	0.9617097973823547	0.0051744244992733	0.0033312912564724684	0.9617097973823547	0.003818785073235631	0.017416739836335182	0.0035555532667785883	0.0004374608979560435	0.0006125517538748682	0.00014110801566857845	9.539153688820079e-05	0.00012693261669483036	0.003579892683774233
953	anger	../syntropy_project/models/model1_0	../syntropy_project/models/model1_0	disgust	0.27954259514808655	0.039252523332834244	0.24930742383003235	0.08308205753564835	0.0038419903721660376	0.02870587445795536	0.10559283941984177	0.27954259514808655	0.011357228271663189	0.02637435682117939	0.005591161549091339	0.0030864709988236427	0.1642654836177826
954	sadness	../syntropy_project/models/model1_0	../syntropy_project/models/model1_0	nervousness	0.4557120203971863	0.17664280533790588	0.21160189807415009	0.0181528739631176	0.4557120203971863	0.003531889757141471	0.020977048203349113	0.014024806208908558	0.05105092003941536	0.019335780292749405	0.011227996088564396	0.006281424779444933	0.01146061159670353
955	surprise	../syntropy_project/models/model1_0	../syntropy_project/models/model1_0	surprise	0.9385765194892883	0.009710373356938362	0.0002874480269383639	0.025751126930117607	3.370665217516944e-05	0.9385765194892883	0.0009279731893911958	0.0007139357621781528	0.00042452983325347304	0.001826804131269455	0.021390216425061226	0.0003019905125256628	5.5409036576747894e-05
956	surprise	../syntropy_project/models/model1_0	../syntropy_project/models/model1_0	surprise	0.9947813153266907	0.0014407106209546328	4.348466609371826e-05	8.29256750876084e-05	1.26080667541828e-05	0.9947813153266907	5.939495167694986e-05	6.268782453844324e-05	1.7291346011916175e-05	0.00011913064372492954	0.0033229761756956577	5.684058487531729e-05	6.619681585107173e-07
957	neutral	../syntropy_project/models/model1_0	../syntropy_project/models/model1_0	neutral	0.46901455521583557	0.46901455521583557	0.06088034808635712	0.005911401938647032	0.022197512909770012	0.012175890617072582	0.008024366572499275	0.1189441978931427	0.01828932575881481	0.009694412350654602	0.017403822392225266	0.00554145872592926	0.2519226670265198
958	surprise	../syntropy_project/models/model1_0	../syntropy_project/models/model1_0	surprise	0.8455915451049805	0.0036971429362893105	0.00026586599415168166	0.14515550434589386	8.355574391316622e-05	0.8455915451049805	0.003885506885126233	0.0004086972039658576	0.0002311739226570353	0.00016330443031620234	0.0002876635699067265	0.00018164076027460396	4.836670632357709e-05
959	joy	../syntropy_project/models/model1_0	../syntropy_project/models/model1_0	joy	0.9376574754714966	0.0077370163053274155	0.002738752169534564	0.003426561364904046	5.140994107932784e-05	0.010813902132213116	0.0010434582363814116	0.00022888433886691928	8.869281009538099e-05	0.9376574754714966	0.0337691567838192	0.002365048974752426	7.959786307765171e-05
960	neutral	../syntropy_project/models/model1_0	../syntropy_project/models/model1_0	excitement	0.5492745637893677	0.37701258063316345	0.0030118676368147135	0.003733570920303464	0.0004534329054877162	0.03451846167445183	0.0004883455112576485	0.002447320381179452	0.0018219291232526302	0.022368773818016052	0.5492745637893677	0.002965922700241208	0.0019032340496778488
961	surprise	../syntropy_project/models/model1_0	../syntropy_project/models/model1_0	surprise	0.7055407166481018	0.007309913635253906	0.0005518232937902212	0.00038230535574257374	0.0001259367709280923	0.7055407166481018	0.0002051146439043805	0.0004190490290056914	0.0003280152741353959	0.006193061359226704	0.2783892750740051	0.00037563423393294215	0.0001791377435438335
962	neutral	../syntropy_project/models/model1_0	../syntropy_project/models/model1_0	neutral	0.849338948726654	0.849338948726654	0.006559707690030336	0.0066613401286304	0.0022054899018257856	0.00271593383513391	0.0019844602793455124	0.006162401754409075	0.003484823042526841	0.031822193413972855	0.051285382360219955	0.004257595632225275	0.033521607518196106
963	excitement	../syntropy_project/models/model1_0	../syntropy_project/models/model1_0	excitement	0.9978452920913696	0.0005723467911593616	1.555968265165575e-05	2.3845825580792734e-06	8.878160770109389e-06	0.0006388361216522753	9.87519342743326e-07	3.879121322825085e-06	4.512150098889833e-06	0.0008940058178268373	0.9978452920913696	1.1992864529020153e-05	1.3321744063432561e-06
964	confusion	../syntropy_project/models/model1_0	../syntropy_project/models/model1_0	confusion	0.9099810719490051	0.0444367378950119	0.0025966004468500614	0.9099810719490051	7.750286749796942e-05	0.010261926800012589	0.004593042656779289	0.0016335233813151717	0.00028276952798478305	0.021899063140153885	0.001668358570896089	0.0007615289068780839	0.0018078747671097517
965	sadness	../syntropy_project/models/model1_0	../syntropy_project/models/model1_0	surprise	0.5238804221153259	0.029924727976322174	0.24761687219142914	0.015552940778434277	0.009904948994517326	0.5238804221153259	0.017686685547232628	0.0321500301361084	0.05396294593811035	0.02253461815416813	0.029581665992736816	0.0021241132635623217	0.015080013312399387
966	joy	../syntropy_project/models/model1_0	../syntropy_project/models/model1_0	joy	0.9493546485900879	0.0328943245112896	0.0028095203451812267	0.0005387448472902179	1.2838641850976273e-05	0.0004963105311617255	0.0002812424791045487	0.00012175668234704062	7.532782183261588e-05	0.9493546485900879	0.010550918988883495	0.002779807662591338	8.44987589516677e-05
967	neutral	../syntropy_project/models/model1_0	../syntropy_project/models/model1_0	neutral	0.574913501739502	0.574913501739502	0.01567746512591839	0.006717653013765812	0.0005733451689593494	0.021181469783186913	0.0011801293585449457	0.00465190876275301	0.0020450809970498085	0.06366738677024841	0.30666396021842957	0.0017677260329946876	0.0009604471852071583
968	joy	../syntropy_project/models/model1_0	../syntropy_project/models/model1_0	joy	0.7592939734458923	0.004684521816670895	0.001213298412039876	0.00016084348317235708	0.00010577203647699207	0.0005318711628206074	0.0001242650905624032	7.416245352942497e-05	4.738825373351574e-05	0.7592939734458923	0.2301989197731018	0.0033882674761116505	0.00017678817675914615
969	anger	../syntropy_project/models/model1_0	../syntropy_project/models/model1_0	anger	0.554542064666748	0.029245052486658096	0.08034765720367432	0.0031255825888365507	0.0009146485826931894	0.0005059760296717286	0.012291437946259975	0.30504071712493896	0.002172821667045355	0.007484737318009138	0.0025855142157524824	0.0017438295762985945	0.554542064666748
970	sadness	../syntropy_project/models/model1_0	../syntropy_project/models/model1_0	sadness	0.8659743666648865	0.01973995380103588	0.8659743666648865	0.001985618844628334	0.0005213973927311599	0.002946155145764351	0.007526730187237263	0.0899762287735939	0.002477237256243825	0.001409427379257977	0.0012404733570292592	0.0003382354334462434	0.005864216014742851
971	neutral	../syntropy_project/models/model1_0	../syntropy_project/models/model1_0	neutral	0.6985016465187073	0.6985016465187073	0.00852311309427023	0.0040046353824436665	0.00029574561631307006	0.007613124791532755	0.0008505314472131431	0.0032185958698391914	0.001008781953714788	0.10064314305782318	0.1646716445684433	0.005363098811358213	0.00530589185655117
972	neutral	../syntropy_project/models/model1_0	../syntropy_project/models/model1_0	excitement	0.3751116693019867	0.12819220125675201	0.0017369788838550448	0.01620887778699398	0.0008288768585771322	0.2505258321762085	0.007291310001164675	0.002769161481410265	0.0014560511335730553	0.20448052883148193	0.3751116693019867	0.0064790816977620125	0.0049195061437785625
973	fear	../syntropy_project/models/model1_0	../syntropy_project/models/model1_0	fear	0.47733041644096375	0.0144260935485363	0.11545708030462265	0.005016070790588856	0.04383563622832298	0.02396218292415142	0.032717570662498474	0.25262200832366943	0.47733041644096375	0.005553513299673796	0.006820067297667265	0.001973703969269991	0.020285632461309433
974	surprise	../syntropy_project/models/model1_0	../syntropy_project/models/model1_0	confusion	0.7442066669464111	0.014342245645821095	0.002776338253170252	0.7442066669464111	0.0008602007292211056	0.20354385673999786	0.02724650129675865	0.0020137943793088198	0.0018783736741170287	0.0005176354898139834	0.00014701612235512584	0.001175052602775395	0.001292328699491918
975	embarrassment	../syntropy_project/models/model1_0	../syntropy_project/models/model1_0	fear	0.2694084048271179	0.04537570849061012	0.1586626172065735	0.04404120147228241	0.2305932193994522	0.16428452730178833	0.045657411217689514	0.018691644072532654	0.2694084048271179	0.010355528444051743	0.0056853871792554855	0.004011750686913729	0.0032325170468539
976	confusion	../syntropy_project/models/model1_0	../syntropy_project/models/model1_0	confusion	0.6262369751930237	0.17066249251365662	0.011415425688028336	0.6262369751930237	0.0072964890860021114	0.09182306379079819	0.0252236295491457	0.016648951917886734	0.018133703619241714	0.0011242598993703723	0.0012351919431239367	0.0018538200529292226	0.02834603190422058
977	anger	../syntropy_project/models/model1_0	../syntropy_project/models/model1_0	sadness	0.7669626474380493	0.1455351859331131	0.7669626474380493	0.004513189662247896	0.0032342516351491213	0.00306529039517045	0.003430583281442523	0.011888658627867699	0.018484054133296013	0.009085772559046745	0.0030611276160925627	0.0016832470428198576	0.029056066647171974
978	confusion	../syntropy_project/models/model1_0	../syntropy_project/models/model1_0	confusion	0.9464121460914612	0.04633285477757454	0.00043844658648595214	0.9464121460914612	9.071633030544035e-06	0.0052217538468539715	0.00020274549024179578	0.00023605760361533612	0.00022810966765973717	0.0005980068817734718	0.0001901352807180956	7.664830627618358e-05	5.4079202527645975e-05
979	neutral	../syntropy_project/models/model1_0	../syntropy_project/models/model1_0	confusion	0.8548343181610107	0.06759542226791382	0.004114205949008465	0.8548343181610107	0.0018669660203158855	0.062393978238105774	0.0024595456197857857	0.0011428702855482697	0.0019274014048278332	0.0012331281322985888	0.001177717698737979	0.0007632108754478395	0.0004912036238238215
980	sadness	../syntropy_project/models/model1_0	../syntropy_project/models/model1_0	sadness	0.748282253742218	0.17588768899440765	0.748282253742218	0.0061754207126796246	0.0030742681119590998	0.004223335068672895	0.004828416742384434	0.008202611468732357	0.02459103800356388	0.014342115260660648	0.004703060258179903	0.0016934762243181467	0.003996424842625856
981	joy	../syntropy_project/models/model1_0	../syntropy_project/models/model1_0	joy	0.9698008894920349	0.003378590801730752	0.0019627935253083706	0.001901224022731185	0.00017687317449599504	0.0007900144555605948	0.0007279283599928021	0.00013789776130579412	9.045073966262862e-05	0.9698008894920349	0.016367575153708458	0.004092598333954811	0.0005730838165618479
982	nervousness	../syntropy_project/models/model1_0	../syntropy_project/models/model1_0	sadness	0.37093019485473633	0.23835055530071259	0.37093019485473633	0.07892923057079315	0.07774071395397186	0.006687073968350887	0.0889943391084671	0.04747207835316658	0.0054585593752563	0.02448068931698799	0.008011505007743835	0.0028242121916264296	0.05012094974517822
983	neutral	../syntropy_project/models/model1_0	../syntropy_project/models/model1_0	neutral	0.8584234118461609	0.8584234118461609	0.032425910234451294	0.0035274431575089693	0.005044954363256693	0.008877604268491268	0.003984944894909859	0.011468851007521152	0.002324690343812108	0.016134610399603844	0.04033173248171806	0.01322601456195116	0.004229816608130932
984	surprise	../syntropy_project/models/model1_0	../syntropy_project/models/model1_0	surprise	0.7311235666275024	0.01592613384127617	0.004365075845271349	0.22403423488140106	0.0007298016571439803	0.7311235666275024	0.004122807644307613	0.0007580548408441246	0.0008544496376998723	0.002079315949231386	0.015379088930785656	0.00033676193561404943	0.00029074790654703975
985	anger	../syntropy_project/models/model1_0	../syntropy_project/models/model1_0	anger	0.6738502383232117	0.05010245740413666	0.0017538397805765271	0.2310589700937271	0.0025379734579473734	0.003069901140406728	0.01227267924696207	0.020836109295487404	0.0008128906483761966	0.0005634341505356133	0.0006271203747019172	0.002514348365366459	0.6738502383232117
986	surprise	../syntropy_project/models/model1_0	../syntropy_project/models/model1_0	surprise	0.8073922395706177	0.006277996115386486	0.0007786547648720443	0.005991094280034304	0.00045645239879377186	0.8073922395706177	0.0022113986779004335	0.003476176643744111	0.0007423459901474416	0.013312475755810738	0.1562122404575348	0.0014789424603804946	0.0016699264524504542
987	neutral	../syntropy_project/models/model1_0	../syntropy_project/models/model1_0	neutral	0.7446969151496887	0.7446969151496887	0.039049435406923294	0.04535670205950737	0.012434665113687515	0.028938502073287964	0.0077464403584599495	0.03711977228522301	0.03318578749895096	0.01669779233634472	0.0087202787399292	0.00641139829531312	0.019642401486635208
988	confusion	../syntropy_project/models/model1_0	../syntropy_project/models/model1_0	confusion	0.9930030703544617	0.0008564014569856226	0.0007098734495230019	0.9930030703544617	5.289724140311591e-05	0.0017855544574558735	0.002436489099636674	0.0005787955597043037	4.460592390387319e-05	4.4247361074667424e-05	3.1441147712030215e-06	3.586422826629132e-05	0.00044908528798259795
989	sadness	../syntropy_project/models/model1_0	../syntropy_project/models/model1_0	sadness	0.9915357828140259	0.0029958372469991446	0.9915357828140259	0.0004754610708914697	0.0003651775768958032	0.0002479209506418556	0.00032978496165014803	0.000593684206251055	0.0009643672965466976	0.0015502539463341236	0.00037292877095751464	8.08088734629564e-05	0.0004880082269664854
990	excitement	../syntropy_project/models/model1_0	../syntropy_project/models/model1_0	excitement	0.9958714842796326	0.0009171082638204098	4.504885873757303e-05	2.1478197595570236e-05	1.604130920895841e-05	0.00034496854641474783	7.06953778717434e-06	1.2092679753550328e-05	1.1339368938934058e-05	0.0027032694779336452	0.9958714842796326	3.818983168457635e-05	1.1904699931619689e-05
991	embarrassment	../syntropy_project/models/model1_0	../syntropy_project/models/model1_0	neutral	0.9101715087890625	0.9101715087890625	0.007163179572671652	0.021559473127126694	0.0001823777856770903	0.024943135678768158	0.0028694160282611847	0.008361426182091236	0.0014757653698325157	0.010281792841851711	0.010084766894578934	0.00155267387162894	0.0013545806286856532
992	sadness	../syntropy_project/models/model1_0	../syntropy_project/models/model1_0	neutral	0.6113476157188416	0.6113476157188416	0.09015531837940216	0.161574125289917	0.006836278364062309	0.003879708470776677	0.012825763784348965	0.03423333540558815	0.009738333523273468	0.0015599830076098442	0.0004162003460805863	0.002915832679718733	0.06451744586229324
993	neutral	../syntropy_project/models/model1_0	../syntropy_project/models/model1_0	neutral	0.94748854637146	0.94748854637146	0.005848354659974575	0.0020853178575634956	0.00035863614175468683	0.0007222986896522343	0.0002649277448654175	0.0009357996750622988	0.00027511344524100423	0.012804540805518627	0.021765422075986862	0.003235128941014409	0.004215791821479797
994	sadness	../syntropy_project/models/model1_0	../syntropy_project/models/model1_0	sadness	0.9332292079925537	0.025760512799024582	0.9332292079925537	0.0008980973507277668	0.00291412603110075	0.005253169219940901	0.0016667039599269629	0.003382799681276083	0.0068348245695233345	0.011432028375566006	0.0076024411246180534	0.0005958998808637261	0.0004302016459405422
995	neutral	../syntropy_project/models/model1_0	../syntropy_project/models/model1_0	confusion	0.9205321073532104	0.07039225846529007	0.0014620288275182247	0.9205321073532104	0.00011464398994576186	0.0008190596709027886	0.0010204528225585818	0.0017228559590876102	0.0006447218474932015	0.00010252833453705534	6.456705887103453e-05	0.00013457227032631636	0.0029902367386966944
996	anger	../syntropy_project/models/model1_0	../syntropy_project/models/model1_0	anger	0.9352781772613525	0.003917572554200888	0.0010563685791566968	0.0002857261570170522	0.0005589710781350732	0.0004999997327104211	0.0012147757224738598	0.05440341681241989	0.00018682297377381474	0.00021974761330056936	0.0018261839868500829	0.0005522918654605746	0.9352781772613525
997	sadness	../syntropy_project/models/model1_0	../syntropy_project/models/model1_0	sadness	0.4770621359348297	0.35103124380111694	0.4770621359348297	0.015741368755698204	0.0037585191894322634	0.00864016730338335	0.0123025206848979	0.014323442243039608	0.004054770804941654	0.07796718925237656	0.015793180093169212	0.01590239629149437	0.0034230798482894897
998	joy	../syntropy_project/models/model1_0	../syntropy_project/models/model1_0	joy	0.9794797897338867	0.002109520835801959	0.0005914305802434683	0.0007435232400894165	3.9380131056532264e-05	0.0006085875211283565	0.0003157890459988266	7.685948366997764e-05	2.352464071009308e-05	0.9794797897338867	0.012998097576200962	0.0029571757186204195	5.631112799164839e-05
999	sadness	../syntropy_project/models/model1_0	../syntropy_project/models/model1_0	sadness	0.988821268081665	0.004348061978816986	0.988821268081665	0.000409013795433566	0.000821013527456671	0.00017093050701078027	0.00023611748474650085	0.0004052837612107396	0.0012582045746967196	0.0027170879766345024	0.0005226008361205459	9.704651165520772e-05	0.00019346110639162362
1000	anger	../syntropy_project/models/model1_0	../syntropy_project/models/model1_0	sadness	0.9807649850845337	0.0029881044756621122	0.9807649850845337	0.00018069948418997228	0.0009790727635845542	0.00010192728950642049	0.0009578412282280624	0.002961736638098955	0.00033493421506136656	0.0008439479279331863	0.0003809471381828189	0.0001349253871012479	0.009370789863169193
1001	joy	../syntropy_project/models/model1_0	../syntropy_project/models/model1_0	joy	0.7609586119651794	0.037817325443029404	0.0389225035905838	0.0036690416745841503	0.0035928913857787848	0.011814570985734463	0.002034861361607909	0.002487582853063941	0.0018359384266659617	0.7609586119651794	0.11107039451599121	0.02381109446287155	0.001985180424526334
1002	neutral	../syntropy_project/models/model1_0	../syntropy_project/models/model1_0	anger	0.7089743614196777	0.09666402637958527	0.038481730967760086	0.013648664578795433	0.017701484262943268	0.0029562562704086304	0.017750222235918045	0.07762712985277176	0.013935218565165997	0.006028344389051199	0.003084352472797036	0.003148270770907402	0.7089743614196777
1003	confusion	../syntropy_project/models/model1_0	../syntropy_project/models/model1_0	confusion	0.9777581095695496	0.010922127403318882	0.003178773680701852	0.9777581095695496	0.0012237285263836384	0.0023688841611146927	0.0020651717204600573	0.0006550055695697665	0.00046841660514473915	0.00019253988284617662	0.00012364894791971892	0.00018117883882950991	0.0008624670444987714
1004	fear	../syntropy_project/models/model1_0	../syntropy_project/models/model1_0	fear	0.37986016273498535	0.10005255788564682	0.02414793148636818	0.05925052613019943	0.008114499971270561	0.0879564955830574	0.08488192409276962	0.17757031321525574	0.37986016273498535	0.048958756029605865	0.01626422628760338	0.00963582657277584	0.003306771395727992
1005	disgust	../syntropy_project/models/model1_0	../syntropy_project/models/model1_0	neutral	0.6013948321342468	0.6013948321342468	0.06467031687498093	0.21851709485054016	0.004877821076661348	0.0018229491543024778	0.0390806645154953	0.01335974968969822	0.006594352889806032	0.005683793220669031	0.0008975481032393873	0.005569063127040863	0.03753175213932991
1006	nervousness	../syntropy_project/models/model1_0	../syntropy_project/models/model1_0	nervousness	0.8522606492042542	0.003545686136931181	0.00652875192463398	0.0012676004553213716	0.8522606492042542	0.00024131355166900903	0.0016510868445038795	0.0006107920198701322	0.1304142326116562	0.0008753256988711655	0.0006192394066601992	0.0006192343425936997	0.0013660350814461708
1007	surprise	../syntropy_project/models/model1_0	../syntropy_project/models/model1_0	excitement	0.46470341086387634	0.017059244215488434	0.0037833729293197393	0.0033432659693062305	0.0005499472608789802	0.4101047217845917	0.0011946121230721474	0.0008271171827800572	0.0011625707847997546	0.09258046746253967	0.46470341086387634	0.003568169428035617	0.0011230730451643467
1008	joy	../syntropy_project/models/model1_0	../syntropy_project/models/model1_0	fear	0.9537668228149414	0.006598114967346191	0.0036123013123869896	0.001129042822867632	0.024226531386375427	0.002505282871425152	0.0015177350724115968	0.001643050112761557	0.9537668228149414	0.002708595711737871	0.0008487978484481573	0.0008137496770359576	0.0006300103268586099
1009	excitement	../syntropy_project/models/model1_0	../syntropy_project/models/model1_0	joy	0.977229118347168	0.003582932520657778	0.0006212104926817119	0.0021842829883098602	6.282248068600893e-05	0.0001587372098583728	0.00128969457000494	0.0005204906919971108	0.00010804186604218557	0.977229118347168	0.012754279188811779	0.001197410048916936	0.00029105861904099584
1010	sadness	../syntropy_project/models/model1_0	../syntropy_project/models/model1_0	sadness	0.983316957950592	0.0033306973055005074	0.983316957950592	0.00026192489895038307	0.001186114503070712	0.001984603935852647	0.0004172830085735768	0.000316054152790457	0.007448368705809116	0.0008549676858820021	0.0005191910895518959	0.00016064404917415231	0.0002032180200330913
1011	disgust	../syntropy_project/models/model1_0	../syntropy_project/models/model1_0	disgust	0.9487078785896301	0.0024465525057166815	0.0006835871026851237	0.0022497905883938074	0.00022301834542304277	0.004668839741498232	0.01277304906398058	0.9487078785896301	0.0012042755261063576	0.0002723234938457608	0.0009127420489676297	0.00022809923393651843	0.025629816576838493
1012	anger	../syntropy_project/models/model1_0	../syntropy_project/models/model1_0	anger	0.9442062973976135	0.006407669745385647	0.0010464978404343128	0.01993665285408497	0.0009831255301833153	0.005121293477714062	0.0014036305947229266	0.017615951597690582	0.0005826237029395998	0.0005062902928330004	0.0016412450931966305	0.0005487469607032835	0.9442062973976135
1013	embarrassment	../syntropy_project/models/model1_0	../syntropy_project/models/model1_0	neutral	0.9653562307357788	0.9653562307357788	0.00526103051379323	0.009436546824872494	0.00033920694841071963	0.0013635562499985099	0.0006076694116927683	0.004487068857997656	0.0014102878049015999	0.002657021163031459	0.0032459422945976257	0.0011649563675746322	0.004670547787100077
1014	excitement	../syntropy_project/models/model1_0	../syntropy_project/models/model1_0	joy	0.8686444759368896	0.0032918525394052267	0.0004862584173679352	0.00032128303428180516	5.654263077303767e-05	0.0016428629169240594	0.0001939304784173146	0.0001943989482242614	6.42574013909325e-05	0.8686444759368896	0.12306398898363113	0.0019871466793119907	5.296483504935168e-05
1015	surprise	../syntropy_project/models/model1_0	../syntropy_project/models/model1_0	surprise	0.9927244782447815	0.0017019422957673669	0.0001198445534100756	0.00015328834706451744	1.5549847375950776e-05	0.9927244782447815	0.00015945897030178457	0.00021743369870819151	4.210054248687811e-05	0.00028040583129040897	0.004541965667158365	4.255977546563372e-05	1.082556650544575e-06
1016	surprise	../syntropy_project/models/model1_0	../syntropy_project/models/model1_0	neutral	0.672459602355957	0.672459602355957	0.05971326678991318	0.03843845799565315	0.0015746211865916848	0.16456738114356995	0.005931842140853405	0.007596332114189863	0.023678593337535858	0.006311047822237015	0.014320602640509605	0.0026838353369385004	0.002724451944231987
1017	surprise	../syntropy_project/models/model1_0	../syntropy_project/models/model1_0	surprise	0.7287106513977051	0.038684871047735214	0.0005051103653386235	0.036360036581754684	7.821896724635735e-05	0.7287106513977051	0.002266159513965249	0.0008734369766898453	0.0002898923703469336	0.039531316608190536	0.15095844864845276	0.001614337437786162	0.00012757666991092265
1018	nervousness	../syntropy_project/models/model1_0	../syntropy_project/models/model1_0	nervousness	0.7043685913085938	0.03018758073449135	0.03806564584374428	0.06023580953478813	0.7043685913085938	0.003885944141075015	0.007952905260026455	0.004092436283826828	0.13627468049526215	0.004214471206068993	0.0021104132756590843	0.0016923090443015099	0.006919227074831724
1019	anger	../syntropy_project/models/model1_0	../syntropy_project/models/model1_0	anger	0.5769849419593811	0.04209442436695099	0.0336669385433197	0.002533035585656762	0.001276114140637219	0.0005248671513982117	0.017443867400288582	0.314203679561615	0.004208031110465527	0.003017088631168008	0.0008178790449164808	0.003229232272133231	0.5769849419593811
1020	confusion	../syntropy_project/models/model1_0	../syntropy_project/models/model1_0	neutral	0.6027083396911621	0.6027083396911621	0.012426094152033329	0.04308881238102913	0.0011960244737565517	0.006890690885484219	0.01358733233064413	0.1164957582950592	0.007039240561425686	0.005693183746188879	0.007617141120135784	0.011378014460206032	0.17187932133674622
1021	disgust	../syntropy_project/models/model1_0	../syntropy_project/models/model1_0	anger	0.6378647089004517	0.054580483585596085	0.012113780714571476	0.007426242809742689	0.005904786754399538	0.010521604679524899	0.06491722166538239	0.19256284832954407	0.005695646163076162	0.0013413451379165053	0.0016709953779354692	0.005400481168180704	0.6378647089004517
1022	sadness	../syntropy_project/models/model1_0	../syntropy_project/models/model1_0	sadness	0.9210330247879028	0.04120847210288048	0.9210330247879028	0.004229128826409578	0.0008210468804463744	0.001249985070899129	0.0009967621881514788	0.0032010022550821304	0.0015698717907071114	0.017216086387634277	0.003579015377908945	0.00041722666355781257	0.004478356335312128
1023	neutral	../syntropy_project/models/model1_0	../syntropy_project/models/model1_0	excitement	0.5799286365509033	0.23930159211158752	0.007286041509360075	0.0009314826456829906	0.0004901757347397506	0.01622712053358555	0.0007751917000859976	0.0022441775072366	0.0007058063056319952	0.12246046215295792	0.5799286365509033	0.025002814829349518	0.004646499641239643
1024	surprise	../syntropy_project/models/model1_0	../syntropy_project/models/model1_0	disgust	0.5846297740936279	0.05094309523701668	0.0171671062707901	0.054442472755908966	0.011963069438934326	0.12672294676303864	0.05936106666922569	0.5846297740936279	0.06711428612470627	0.012672011740505695	0.004377263132482767	0.0019306244794279337	0.008676313795149326
1025	joy	../syntropy_project/models/model1_0	../syntropy_project/models/model1_0	joy	0.7904134392738342	0.0128523213788867	0.005318745039403439	0.00018761267710942775	0.00017066564760170877	0.0025210774037986994	0.0002086590975522995	0.00042724012746475637	4.228640318615362e-05	0.7904134392738342	0.17031316459178925	0.017233984544873238	0.0003107520751655102
1026	surprise	../syntropy_project/models/model1_0	../syntropy_project/models/model1_0	confusion	0.9157602190971375	0.03008415363729	0.00668736407533288	0.9157602190971375	0.00015293133037630469	0.0417633093893528	0.0015778988599777222	0.0012331957696005702	0.0009982328629121184	0.0007883372600190341	0.00019320241699460894	0.0001430712000001222	0.0006180251948535442
1027	fear	../syntropy_project/models/model1_0	../syntropy_project/models/model1_0	disgust	0.7096689343452454	0.010569112375378609	0.015188520774245262	0.0012299463851377368	0.005973115097731352	0.009545793756842613	0.01429428905248642	0.7096689343452454	0.22043569386005402	0.0008933512726798654	0.0018356749787926674	0.0005687201046384871	0.009796874597668648
1028	joy	../syntropy_project/models/model1_0	../syntropy_project/models/model1_0	joy	0.9369412660598755	0.029978513717651367	0.009843268431723118	0.0011151497019454837	0.00032595370430499315	0.0009986390359699726	0.0009486214257776737	0.0007987329154275358	0.0005636770511046052	0.9369412660598755	0.014007087796926498	0.0035356138832867146	0.0009433906525373459
1029	disgust	../syntropy_project/models/model1_0	../syntropy_project/models/model1_0	disgust	0.6453760266304016	0.004040414933115244	0.007508398033678532	0.000687573105096817	0.0038881462533026934	0.00366006325930357	0.004934241529554129	0.6453760266304016	0.3139863908290863	0.0003935186250600964	0.0013086264953017235	0.0003070798411499709	0.01390951406210661
1030	excitement	../syntropy_project/models/model1_0	../syntropy_project/models/model1_0	joy	0.4683116376399994	0.04091564565896988	0.04395889863371849	0.003232666291296482	0.003244672203436494	0.010296761989593506	0.006488149520009756	0.0016742376610636711	0.001928136684000492	0.4683116376399994	0.3559519052505493	0.06151348352432251	0.002483896678313613
1031	neutral	../syntropy_project/models/model1_0	../syntropy_project/models/model1_0	neutral	0.6301435828208923	0.6301435828208923	0.05635365471243858	0.008032639510929585	0.0072679282166063786	0.021510690450668335	0.024227086454629898	0.13451531529426575	0.022712018340826035	0.01169613003730774	0.012659944593906403	0.005494364071637392	0.06538669019937515
1032	anger	../syntropy_project/models/model1_0	../syntropy_project/models/model1_0	anger	0.9683089256286621	0.005044542718678713	0.0015329757006838918	0.0003107170923613012	0.0018983605550602078	0.00040009550866670907	0.0009118793532252312	0.018521228805184364	0.0005696423468180001	0.0005595444818027318	0.0013262983411550522	0.00061575579456985	0.9683089256286621
1033	anger	../syntropy_project/models/model1_0	../syntropy_project/models/model1_0	anger	0.966614842414856	0.005836453754454851	0.0006071243551559746	0.002088607056066394	0.0014552397187799215	0.0014348516706377268	0.0012082955799996853	0.01749751903116703	0.0002684077189769596	0.0004980430821888149	0.0014749696711078286	0.0010157806100323796	0.966614842414856
1034	joy	../syntropy_project/models/model1_0	../syntropy_project/models/model1_0	joy	0.8742161989212036	0.009133963845670223	0.003165245521813631	0.0013655556831508875	9.08565561985597e-05	0.0012450667563825846	0.00022711657220497727	9.609378321329132e-05	6.319877138594165e-05	0.8742161989212036	0.10734633356332779	0.002903401618823409	0.00014700826432090253
1035	neutral	../syntropy_project/models/model1_0	../syntropy_project/models/model1_0	neutral	0.549547016620636	0.549547016620636	0.22248487174510956	0.017626581713557243	0.0057897139340639114	0.028754564002156258	0.006166637409478426	0.005688161123543978	0.02154170349240303	0.016289599239826202	0.12027858197689056	0.0016286522150039673	0.004203940276056528
1036	surprise	../syntropy_project/models/model1_0	../syntropy_project/models/model1_0	excitement	0.37464889883995056	0.1586408168077469	0.0031123000662773848	0.015982026234269142	0.0016417773440480232	0.33807164430618286	0.0023944624699652195	0.012761573307216167	0.005753208417445421	0.05698314309120178	0.37464889883995056	0.007293226197361946	0.02271684817969799
1037	anger	../syntropy_project/models/model1_0	../syntropy_project/models/model1_0	anger	0.9784260392189026	0.003338754177093506	0.0007876466261222959	0.0002658540615811944	0.0019514808664098382	0.000365968095138669	0.0007504646782763302	0.012426384724676609	0.0002757740730885416	0.00026294152485206723	0.0006888548959977925	0.0004598299856297672	0.9784260392189026
1038	embarrassment	../syntropy_project/models/model1_0	../syntropy_project/models/model1_0	embarrassment	0.7635253071784973	0.0028729059267789125	0.004369865637272596	0.0005737551255151629	0.0014446882996708155	0.0002472133783157915	0.7635253071784973	0.19055140018463135	0.008559380657970905	0.00018584400822874159	3.137466774205677e-05	0.00374805461615324	0.023890284821391106
1039	anger	../syntropy_project/models/model1_0	../syntropy_project/models/model1_0	anger	0.9368878602981567	0.0034174497704952955	0.009512714110314846	0.000448887498350814	0.0006195039604790509	5.164950925973244e-05	0.004093592055141926	0.043195199221372604	0.0006434163078665733	0.00042246864177286625	0.00022884768259245902	0.00047842893400229514	0.9368878602981567
1040	surprise	../syntropy_project/models/model1_0	../syntropy_project/models/model1_0	joy	0.9739368557929993	0.0024994718842208385	0.0005279674660414457	0.0010473659494891763	3.733645280590281e-05	0.003117232583463192	0.0004574422782752663	0.00010455121810082346	5.824181789648719e-05	0.9739368557929993	0.015115562826395035	0.003032783279195428	6.512288382509723e-05
1041	joy	../syntropy_project/models/model1_0	../syntropy_project/models/model1_0	excitement	0.9257173538208008	0.001758140278980136	0.0003234553732909262	0.00028333126101642847	0.00023965495347511023	0.02194056287407875	0.00037789030466228724	0.0002009217132581398	0.0001542662357678637	0.042696937918663025	0.9257173538208008	0.006192388013005257	0.00011516999802552164
1042	embarrassment	../syntropy_project/models/model1_0	../syntropy_project/models/model1_0	sadness	0.5764853954315186	0.08578029274940491	0.5764853954315186	0.10425233095884323	0.007446131203323603	0.005067289341241121	0.11188769340515137	0.01642811857163906	0.03574325516819954	0.005075511056929827	0.0006212046137079597	0.003058577189221978	0.04815422371029854
1043	surprise	../syntropy_project/models/model1_0	../syntropy_project/models/model1_0	surprise	0.9908841252326965	0.002295651938766241	0.00021505488257389516	0.0004233248473610729	0.00011264572822256014	0.9908841252326965	0.00047807773808017373	0.0003573837748263031	0.000252471276326105	0.0001083800452761352	0.004664765205234289	0.00018064898904412985	2.7482432415126823e-05
1044	excitement	../syntropy_project/models/model1_0	../syntropy_project/models/model1_0	excitement	0.7889456152915955	0.006360980216413736	0.0007509851711802185	0.0003424880560487509	9.528279770165682e-05	0.1144818663597107	0.00037949776742607355	0.00032881455263122916	0.0001343388867098838	0.08548998832702637	0.7889456152915955	0.0025459222961217165	0.00014425866538658738
1045	surprise	../syntropy_project/models/model1_0	../syntropy_project/models/model1_0	surprise	0.6099308729171753	0.019370540976524353	0.0020764553919434547	0.0064486111514270306	0.0025088631082326174	0.6099308729171753	0.0061616054736077785	0.037408486008644104	0.004913853947073221	0.012483464553952217	0.2670195996761322	0.004692936781793833	0.02698472887277603
1046	confusion	../syntropy_project/models/model1_0	../syntropy_project/models/model1_0	confusion	0.9763737320899963	0.01085640862584114	0.0005893897614441812	0.9763737320899963	4.3089312384836376e-05	0.009755642153322697	0.0008305147639475763	0.00038494079490192235	0.00011889944289578125	0.00012738154327962548	0.00012752984184771776	9.404141746927053e-05	0.0006983944913372397
1047	joy	../syntropy_project/models/model1_0	../syntropy_project/models/model1_0	joy	0.9795719981193542	0.004242904484272003	0.0009884174214676023	0.0018284529214724898	4.501420335145667e-05	0.0007593464106321335	0.001076171058230102	0.00016867912199813873	4.499222995946184e-05	0.9795719981193542	0.006757686845958233	0.004339141305536032	0.00017711709369905293
1048	anger	../syntropy_project/models/model1_0	../syntropy_project/models/model1_0	anger	0.5704620480537415	0.018599966540932655	0.0022311238572001457	0.0030027420725673437	0.000863339751958847	0.0013733742525801063	0.005362400785088539	0.39217808842658997	0.0024489862844347954	0.0009109897073358297	0.0014894293854013085	0.0010775092523545027	0.5704620480537415
1049	sadness	../syntropy_project/models/model1_0	../syntropy_project/models/model1_0	confusion	0.8494566082954407	0.0450432151556015	0.048513054847717285	0.8494566082954407	0.013740168884396553	0.013308743946254253	0.011665139347314835	0.002735207788646221	0.012342841364443302	0.0010495687602087855	0.0003644573735073209	0.0005629612132906914	0.00121807970572263
1050	joy	../syntropy_project/models/model1_0	../syntropy_project/models/model1_0	joy	0.6638844609260559	0.07225867360830307	0.0183847825974226	0.002530338941141963	0.0011124162701889873	0.007265773136168718	0.0021081140730530024	0.002040641847997904	0.003201791550964117	0.6638844609260559	0.21852335333824158	0.00778971565887332	0.0008999913115985692
1051	anger	../syntropy_project/models/model1_0	../syntropy_project/models/model1_0	neutral	0.4531370997428894	0.4531370997428894	0.2672465443611145	0.026180269196629524	0.019921232014894485	0.032138802111148834	0.016917435452342033	0.07937188446521759	0.04687162861227989	0.020394910126924515	0.026296036317944527	0.003094517393037677	0.008429634384810925
1052	joy	../syntropy_project/models/model1_0	../syntropy_project/models/model1_0	joy	0.9774696230888367	0.005792547482997179	0.0007511423900723457	0.0023383470252156258	6.176651368150488e-05	0.001217458862811327	0.0009943685727193952	0.00018088171782437712	3.752321208594367e-05	0.9774696230888367	0.006992225535213947	0.004050366580486298	0.00011363223165972158
1053	confusion	../syntropy_project/models/model1_0	../syntropy_project/models/model1_0	confusion	0.9932117462158203	0.003896973794326186	9.212404256686568e-05	0.9932117462158203	2.081436468870379e-05	0.0015271236188709736	0.0009375304216518998	6.173135625431314e-05	7.033972360659391e-05	4.1869949200190604e-05	8.907819392334204e-06	4.663377330871299e-05	8.418177458224818e-05
1054	joy	../syntropy_project/models/model1_0	../syntropy_project/models/model1_0	confusion	0.982692301273346	0.006938754580914974	0.0007812335970811546	0.982692301273346	0.0001459112681914121	0.005710266064852476	0.0015262209344655275	0.0003992693091277033	0.00013272087380755693	0.0006912305834703147	0.00023238323046825826	0.0002740740601439029	0.00047552294563502073
1055	fear	../syntropy_project/models/model1_0	../syntropy_project/models/model1_0	fear	0.9402012825012207	0.002585812471807003	0.005430588498711586	0.0035658630076795816	0.0417531318962574	0.0008580058347433805	0.0018969227094203234	0.001279931515455246	0.9402012825012207	0.0007160123786889017	0.00022870258544571698	0.0005319125484675169	0.0009518644073978066
1056	neutral	../syntropy_project/models/model1_0	../syntropy_project/models/model1_0	neutral	0.6845694780349731	0.6845694780349731	0.03329048678278923	0.05391906574368477	0.004616510588675737	0.09660946577787399	0.00492635415866971	0.002208470366895199	0.010580790229141712	0.04110943526029587	0.06368055939674377	0.003717119572684169	0.0007722501759417355
1057	joy	../syntropy_project/models/model1_0	../syntropy_project/models/model1_0	joy	0.9813101291656494	0.0007572665344923735	0.0002974044473376125	9.807656897464767e-05	3.997613748651929e-05	0.00014414424367714673	9.808891627471894e-05	2.3942046027514152e-05	1.6945909010246396e-05	0.9813101291656494	0.014883261173963547	0.0022898619063198566	4.0958741010399535e-05
1058	sadness	../syntropy_project/models/model1_0	../syntropy_project/models/model1_0	sadness	0.9955706000328064	0.0009420645073987544	0.9955706000328064	0.00011346935934852809	0.0007967917481437325	0.00011133017687825486	0.0002477349480614066	0.0002754828310571611	0.000585440662689507	0.0008891041507013142	0.00019836059072986245	8.023715781746432e-05	0.00018939907022286206
1059	disgust	../syntropy_project/models/model1_0	../syntropy_project/models/model1_0	anger	0.3334621787071228	0.03396400064229965	0.3165811002254486	0.0036511786747723818	0.005041188560426235	0.0016588219441473484	0.012445473112165928	0.25880372524261475	0.0268997885286808	0.004611641634255648	0.001322770374827087	0.0015580857871100307	0.3334621787071228
1060	anger	../syntropy_project/models/model1_0	../syntropy_project/models/model1_0	neutral	0.4832361042499542	0.4832361042499542	0.03578360378742218	0.0021047743503004313	0.002125961473211646	0.047937072813510895	0.0012963941553607583	0.008611253462731838	0.009048305451869965	0.07726671546697617	0.30804821848869324	0.00964605063199997	0.014895586296916008
1061	disgust	../syntropy_project/models/model1_0	../syntropy_project/models/model1_0	anger	0.5191004872322083	0.3185977339744568	0.08652989566326141	0.010873722843825817	0.0027801310643553734	0.0004994271439500153	0.0072731454856693745	0.0441010445356369	0.0029386025853455067	0.003723827423527837	0.0014578837435692549	0.0021241377107799053	0.5191004872322083
1062	surprise	../syntropy_project/models/model1_0	../syntropy_project/models/model1_0	neutral	0.7493299841880798	0.7493299841880798	0.0931243747472763	0.037889428436756134	0.00036488534533418715	0.024253372102975845	0.004148971755057573	0.020271262153983116	0.0347084179520607	0.006972399074584246	0.008177414536476135	0.0018248739652335644	0.01893453486263752
1063	anger	../syntropy_project/models/model1_0	../syntropy_project/models/model1_0	anger	0.7784203290939331	0.1503145396709442	0.00936033483594656	0.00045864356798119843	0.0021056164987385273	0.000983090023510158	0.0017492194892838597	0.048255302011966705	0.0030612489208579063	0.001194968237541616	0.0030613860581070185	0.0010353780817240477	0.7784203290939331
1064	sadness	../syntropy_project/models/model1_0	../syntropy_project/models/model1_0	sadness	0.9247612357139587	0.009205423295497894	0.9247612357139587	0.0009450249490328133	0.04296988621354103	0.0009193570003844798	0.0016545751132071018	0.0019327264744788408	0.006162918638437986	0.008111122995615005	0.0015958829317241907	0.0009585160296410322	0.0007832489209249616
1065	embarrassment	../syntropy_project/models/model1_0	../syntropy_project/models/model1_0	anger	0.44892677664756775	0.06836330890655518	0.044562824070453644	0.004560899455100298	0.00403906824067235	0.0026867189444601536	0.033645160496234894	0.38328954577445984	0.0030454997904598713	0.0020385361276566982	0.0021119697485119104	0.0027296922635287046	0.44892677664756775
1066	anger	../syntropy_project/models/model1_0	../syntropy_project/models/model1_0	anger	0.4805068075656891	0.37386780977249146	0.07588139921426773	0.009974473156034946	0.004274257458746433	0.007706888951361179	0.0044835759326815605	0.02245328202843666	0.00506193982437253	0.006343281827867031	0.008214881643652916	0.0012314151972532272	0.4805068075656891
1067	anger	../syntropy_project/models/model1_0	../syntropy_project/models/model1_0	anger	0.661482572555542	0.07292943447828293	0.0057637388817965984	0.0017929754685610533	0.002466964302584529	0.014488468877971172	0.004549046978354454	0.2062380611896515	0.004393416922539473	0.0035590934567153454	0.019373320043087006	0.002963044447824359	0.661482572555542
1068	fear	../syntropy_project/models/model1_0	../syntropy_project/models/model1_0	nervousness	0.5813624262809753	0.004828395787626505	0.06970357149839401	0.007023180834949017	0.5813624262809753	0.00515997176989913	0.014328813180327415	0.0039952779188752174	0.30444589257240295	0.004120325203984976	0.0018000290729105473	0.0009272774332202971	0.002304835943505168
1069	fear	../syntropy_project/models/model1_0	../syntropy_project/models/model1_0	fear	0.9581329822540283	0.0014535606605932117	0.010343101806938648	0.0022208767477422953	0.021818403154611588	0.0007108448771759868	0.0018940664594992995	0.0013773130485787988	0.9581329822540283	0.00041129757300950587	9.823955042520538e-05	0.0003051126259379089	0.0012342699337750673
1070	neutral	../syntropy_project/models/model1_0	../syntropy_project/models/model1_0	neutral	0.8596104979515076	0.8596104979515076	0.09379862993955612	0.0032700609881430864	0.004769929684698582	0.0013978204224258661	0.002222543116658926	0.004437447525560856	0.010125221684575081	0.005239290185272694	0.005707990378141403	0.0013455718290060759	0.008075040765106678
1071	excitement	../syntropy_project/models/model1_0	../syntropy_project/models/model1_0	joy	0.9828999638557434	0.008662419393658638	0.0008769792621023953	0.0005365835968405008	2.008179944823496e-05	0.00018235847528558224	9.272950410377234e-05	7.680862472625449e-05	4.175156573182903e-05	0.9828999638557434	0.005598417948931456	0.0009549667011015117	5.69497024116572e-05
1072	sadness	../syntropy_project/models/model1_0	../syntropy_project/models/model1_0	sadness	0.9339393973350525	0.006928237155079842	0.9339393973350525	0.026674047112464905	0.0009555734577588737	0.0004227729223202914	0.01211750041693449	0.005665574222803116	0.0016106237890198827	0.0023180090356618166	0.0002110991918016225	0.00032238519634120166	0.00883479043841362
1073	confusion	../syntropy_project/models/model1_0	../syntropy_project/models/model1_0	confusion	0.9663822054862976	0.02163940668106079	0.00036455976078286767	0.9663822054862976	2.1059417122160085e-05	0.008848277851939201	0.0004121234524063766	0.00032062374521046877	0.00010996464698109776	0.00017691365792416036	0.00019169670122209936	0.00013272746582515538	0.0014004724798724055
1074	anger	../syntropy_project/models/model1_0	../syntropy_project/models/model1_0	anger	0.6198830008506775	0.08910320699214935	0.01029970869421959	0.10703472793102264	0.0029368684627115726	0.034847281873226166	0.012961291708052158	0.096653513610363	0.010153230279684067	0.00447615934535861	0.009224475361406803	0.0024265307001769543	0.6198830008506775
1075	neutral	../syntropy_project/models/model1_0	../syntropy_project/models/model1_0	disgust	0.24367694556713104	0.14488756656646729	0.13926778733730316	0.03971661254763603	0.06285161525011063	0.014538013376295567	0.09156719595193863	0.24367694556713104	0.10484085977077484	0.04680049419403076	0.01375800184905529	0.010282939299941063	0.08781187236309052
1076	fear	../syntropy_project/models/model1_0	../syntropy_project/models/model1_0	neutral	0.5869789719581604	0.5869789719581604	0.015665583312511444	0.023861287161707878	0.010026570409536362	0.004525485914200544	0.010692397132515907	0.06406890600919724	0.015762845054268837	0.005065617151558399	0.01051432266831398	0.00565123138949275	0.2471867799758911
1077	disgust	../syntropy_project/models/model1_0	../syntropy_project/models/model1_0	disgust	0.926362156867981	0.006538899149745703	0.0032093471381813288	0.0010092828888446093	0.0009982528863474727	0.001415443024598062	0.005938679911196232	0.926362156867981	0.005478298757225275	0.00041336851427331567	0.0009758907253853977	0.00030073715606704354	0.04735957086086273
1078	neutral	../syntropy_project/models/model1_0	../syntropy_project/models/model1_0	excitement	0.5569016933441162	0.17889012396335602	0.017306361347436905	0.01540333777666092	0.005961860530078411	0.07347829639911652	0.009557981975376606	0.007176636718213558	0.011639519594609737	0.09419538825750351	0.5569016933441162	0.010510517284274101	0.01897827535867691
1079	disgust	../syntropy_project/models/model1_0	../syntropy_project/models/model1_0	disgust	0.8818192481994629	0.01696186140179634	0.004969032481312752	0.002758835209533572	0.005254206247627735	0.0014571172650903463	0.013573029078543186	0.8818192481994629	0.013676704838871956	0.0014797148760408163	0.0013645709259435534	0.0010280297137796879	0.05565763637423515
1080	disgust	../syntropy_project/models/model1_0	../syntropy_project/models/model1_0	neutral	0.45761212706565857	0.45761212706565857	0.010982127860188484	0.04965362325310707	0.002301726723089814	0.022791339084506035	0.02538377232849598	0.01584516651928425	0.003484490793198347	0.3638829290866852	0.029192322865128517	0.008631652221083641	0.0102387685328722
1081	confusion	../syntropy_project/models/model1_0	../syntropy_project/models/model1_0	confusion	0.918944776058197	0.0744435116648674	0.0011820170329883695	0.918944776058197	2.535538442316465e-05	0.0034628782887011766	0.0003030346124432981	0.0003539849421940744	0.0003020760777872056	0.0002678188611753285	0.00015386306040454656	0.00014911298057995737	0.00041144134593196213
1082	joy	../syntropy_project/models/model1_0	../syntropy_project/models/model1_0	neutral	0.7263092398643494	0.7263092398643494	0.01043131947517395	0.0051725576631724834	0.004567448049783707	0.007942922413349152	0.005980285350233316	0.011353605426847935	0.004470732528716326	0.032078586518764496	0.09970548003911972	0.02191651239991188	0.07007141411304474
1083	neutral	../syntropy_project/models/model1_0	../syntropy_project/models/model1_0	neutral	0.6753241419792175	0.6753241419792175	0.011226234026253223	0.005706961266696453	0.0007015375886112452	0.03532624989748001	0.0049921665340662	0.010497874580323696	0.0032405622769147158	0.07950735837221146	0.1636754870414734	0.006303712259978056	0.0034978166222572327
1084	neutral	../syntropy_project/models/model1_0	../syntropy_project/models/model1_0	neutral	0.6931526064872742	0.6931526064872742	0.02291017770767212	0.03567465767264366	0.004388743545860052	0.03136001527309418	0.007699649315327406	0.024885743856430054	0.0035419431515038013	0.0755557268857956	0.043932441622018814	0.01372748427093029	0.04317079856991768
1085	neutral	../syntropy_project/models/model1_0	../syntropy_project/models/model1_0	excitement	0.4855373799800873	0.040734853595495224	0.009067383594810963	0.0015901243314146996	0.004375580698251724	0.2495158612728119	0.0038444495294243097	0.02545572817325592	0.003708421718329191	0.12362325191497803	0.4855373799800873	0.013792183250188828	0.03875477984547615
1086	joy	../syntropy_project/models/model1_0	../syntropy_project/models/model1_0	excitement	0.7648444771766663	0.16724787652492523	0.009383725933730602	0.003964762669056654	0.0017371427966281772	0.015469599515199661	0.0014932566555216908	0.0038076334167271852	0.0020914992783218622	0.023302961140871048	0.7648444771766663	0.0027225841768085957	0.0039343517273664474
1087	joy	../syntropy_project/models/model1_0	../syntropy_project/models/model1_0	joy	0.9671808481216431	0.0021942041348665953	0.0008078484097495675	0.00016153830802068114	3.553778515197337e-05	0.0008161932928487659	0.00015004175656940788	8.017940126592293e-05	4.107730637770146e-05	0.9671808481216431	0.027226975187659264	0.0012772384798154235	2.8259792088647373e-05
1088	fear	../syntropy_project/models/model1_0	../syntropy_project/models/model1_0	fear	0.6913962960243225	0.002783115254715085	0.006115343421697617	0.008260919712483883	0.284638375043869	0.000788024568464607	0.003157830098643899	0.0008694267016835511	0.6913962960243225	0.0005724480142816901	0.0002422614925308153	0.0003846987383440137	0.0007912740693427622
1089	anger	../syntropy_project/models/model1_0	../syntropy_project/models/model1_0	anger	0.8448335528373718	0.01875345967710018	0.005426798481494188	0.03605644032359123	0.0030731260776519775	0.014614510349929333	0.0063659255392849445	0.06169147789478302	0.0016844531055539846	0.001862128498032689	0.0042005316354334354	0.0014376959297806025	0.8448335528373718
1090	fear	../syntropy_project/models/model1_0	../syntropy_project/models/model1_0	fear	0.9600185751914978	0.011139608919620514	0.006142944563180208	0.008398503996431828	0.007020097225904465	0.000543000060133636	0.002357149962335825	0.0028090060222893953	0.9600185751914978	0.0005027315346524119	8.750448614591733e-05	0.0004165249993093312	0.0005643736803904176
1091	excitement	../syntropy_project/models/model1_0	../syntropy_project/models/model1_0	excitement	0.521861732006073	0.33270832896232605	0.005907637067139149	0.061247460544109344	0.001074280240572989	0.023404888808727264	0.002391362562775612	0.0007690964266657829	0.0020055321510881186	0.044214650988578796	0.521861732006073	0.003875887952744961	0.0005391282611526549
1092	surprise	../syntropy_project/models/model1_0	../syntropy_project/models/model1_0	surprise	0.9891266822814941	0.0021234347950667143	0.0002032168413279578	0.00020780896011274308	6.899140134919435e-05	0.9891266822814941	0.0003050203958991915	0.00029334364808164537	0.000294942845357582	0.00022223152336664498	0.006932486779987812	0.00021383845887612551	8.121258360915817e-06
1093	embarrassment	../syntropy_project/models/model1_0	../syntropy_project/models/model1_0	disgust	0.5360210537910461	0.09531707316637039	0.03039776161313057	0.015988824889063835	0.021213581785559654	0.04660620912909508	0.1110459640622139	0.5360210537910461	0.037227995693683624	0.05612440034747124	0.032252974808216095	0.010339897125959396	0.007464172784239054
1094	sadness	../syntropy_project/models/model1_0	../syntropy_project/models/model1_0	sadness	0.9638828635215759	0.005810149013996124	0.9638828635215759	0.0026226998306810856	0.009599385783076286	0.0011443584226071835	0.0034974198788404465	0.0025383171159774065	0.007713231258094311	0.001257110619917512	0.00025298778200522065	0.00030914938542991877	0.0013722790172323585
1095	fear	../syntropy_project/models/model1_0	../syntropy_project/models/model1_0	fear	0.923690915107727	0.003546376246958971	0.01692459173500538	0.004439686890691519	0.04172709956765175	0.0010811082320287824	0.0027475974056869745	0.003065636847168207	0.923690915107727	0.0009623350342735648	0.00027886574389413	0.0005795821198262274	0.0009562617633491755
1096	neutral	../syntropy_project/models/model1_0	../syntropy_project/models/model1_0	anger	0.6830767393112183	0.20882859826087952	0.03947371244430542	0.007115689571946859	0.015986179932951927	0.0008633195539005101	0.007541469763964415	0.021465903148055077	0.008119032718241215	0.002956246491521597	0.001162074157036841	0.003411024110391736	0.6830767393112183
1097	confusion	../syntropy_project/models/model1_0	../syntropy_project/models/model1_0	confusion	0.7811523079872131	0.09896042197942734	0.007376357913017273	0.7811523079872131	0.001078608795069158	0.06663797795772552	0.02109694480895996	0.0019644752610474825	0.01799067296087742	0.0005024528363719583	0.0002361316728638485	0.002509079873561859	0.0004945998080074787
1098	neutral	../syntropy_project/models/model1_0	../syntropy_project/models/model1_0	confusion	0.6370812654495239	0.3319965898990631	0.0028441348113119602	0.6370812654495239	0.0001128568037529476	0.021192939952015877	0.0006891184020787477	0.001173479831777513	0.0010984353721141815	0.00121563789434731	0.001074132276698947	0.0005939838010817766	0.0009273986215703189
1099	fear	../syntropy_project/models/model1_0	../syntropy_project/models/model1_0	nervousness	0.4136320650577545	0.01951681636273861	0.052640728652477264	0.009374834597110748	0.4136320650577545	0.0588710643351078	0.09137748181819916	0.08138595521450043	0.16862282156944275	0.01574579067528248	0.024944361299276352	0.0037906011566519737	0.06009752303361893
1100	anger	../syntropy_project/models/model1_0	../syntropy_project/models/model1_0	anger	0.9146437048912048	0.008353120647370815	0.009042914025485516	0.001506151515059173	0.0005489980103448033	0.00013240924454294145	0.0035415193997323513	0.06043285131454468	0.0004163438861723989	0.0006136726005934179	0.00023359977058134973	0.0005347623373381793	0.9146437048912048
1101	anger	../syntropy_project/models/model1_0	../syntropy_project/models/model1_0	anger	0.5126585364341736	0.2670656740665436	0.011143726296722889	0.03480648249387741	0.005738411098718643	0.0029161458369344473	0.007385363802313805	0.14622758328914642	0.0053240456618368626	0.002067236928269267	0.0017140922136604786	0.002952599199488759	0.5126585364341736
1102	confusion	../syntropy_project/models/model1_0	../syntropy_project/models/model1_0	neutral	0.7658044099807739	0.7658044099807739	0.0019785077311098576	0.21301469206809998	0.00016019257600419223	0.00838391948491335	0.002533561084419489	0.0012457496486604214	0.0007827862864360213	0.0012811514316126704	0.0009027334745042026	0.0015211895806714892	0.0023910831660032272
1103	excitement	../syntropy_project/models/model1_0	../syntropy_project/models/model1_0	excitement	0.9847704768180847	0.002610306954011321	0.00010748648492153734	0.00021890009520575404	0.00017949120956473053	0.009321095421910286	3.604805897339247e-05	4.3681138777174056e-05	8.947201422415674e-05	0.002454394241794944	0.9847704768180847	0.0001334667031187564	3.510540773277171e-05
1104	neutral	../syntropy_project/models/model1_0	../syntropy_project/models/model1_0	neutral	0.8505660891532898	0.8505660891532898	0.0023956960067152977	0.011918463744223118	0.00032771070254966617	0.017023522406816483	0.0008635076810605824	0.005228628404438496	0.001480564591474831	0.0486888512969017	0.056674566119909286	0.002738160779699683	0.002094251336529851
1105	anger	../syntropy_project/models/model1_0	../syntropy_project/models/model1_0	anger	0.793877363204956	0.10604745894670486	0.005414990708231926	0.0023224609903991222	0.019221222028136253	0.00723223714157939	0.0011786407558247447	0.007674866355955601	0.008764763362705708	0.005038667470216751	0.03712506219744682	0.00610231701284647	0.793877363204956
1106	surprise	../syntropy_project/models/model1_0	../syntropy_project/models/model1_0	disgust	0.8854517936706543	0.030121395364403725	0.005590169690549374	0.005051036830991507	0.0012949954252690077	0.02278921566903591	0.0319100059568882	0.8854517936706543	0.005865083076059818	0.004797919653356075	0.00432311138138175	0.0008847159915603697	0.001920533599331975
1107	excitement	../syntropy_project/models/model1_0	../syntropy_project/models/model1_0	excitement	0.5586683750152588	0.11095962673425674	0.00476338854059577	0.0064973970875144005	0.00404756935313344	0.2259007692337036	0.0014788620173931122	0.00828944519162178	0.008881143294274807	0.01691417582333088	0.5586683750152588	0.005090732593089342	0.048508547246456146
1108	anger	../syntropy_project/models/model1_0	../syntropy_project/models/model1_0	anger	0.9620896577835083	0.0037973711732774973	0.011110618710517883	0.00021383825514931232	0.0039398581720888615	4.8453315685037524e-05	0.0008414883050136268	0.015600969083607197	0.0006540249451063573	0.0005823263199999928	0.0008043501293286681	0.0003169895790051669	0.9620896577835083
1109	anger	../syntropy_project/models/model1_0	../syntropy_project/models/model1_0	anger	0.3288654685020447	0.04869949445128441	0.23141929507255554	0.015535951592028141	0.04551774635910988	0.006903537083417177	0.1033656969666481	0.18788109719753265	0.023520683869719505	0.0037097446620464325	0.002130926586687565	0.0024503576569259167	0.3288654685020447
1110	neutral	../syntropy_project/models/model1_0	../syntropy_project/models/model1_0	neutral	0.8492788672447205	0.8492788672447205	0.010570503771305084	0.03204962611198425	0.001076376880519092	0.006876337807625532	0.0023930359166115522	0.011092851869761944	0.001194134820252657	0.0025094866286963224	0.0019469833932816982	0.002495670458301902	0.07851602882146835
1111	neutral	../syntropy_project/models/model1_0	../syntropy_project/models/model1_0	excitement	0.7669529914855957	0.17552471160888672	0.0013460468035191298	0.0008552600629627705	0.0002501830458641052	0.012421338818967342	0.0002000235253944993	0.0014560322742909193	0.0004834807477891445	0.028818858787417412	0.7669529914855957	0.0026326070073992014	0.009058458730578423
1112	surprise	../syntropy_project/models/model1_0	../syntropy_project/models/model1_0	fear	0.4062616527080536	0.07463008910417557	0.01917860470712185	0.0061493744142353535	0.027691761031746864	0.2960953414440155	0.1044062077999115	0.04625554010272026	0.4062616527080536	0.008486071601510048	0.007018822245299816	0.002450007013976574	0.0013766526244580746
1113	neutral	../syntropy_project/models/model1_0	../syntropy_project/models/model1_0	neutral	0.6826993227005005	0.6826993227005005	0.03161204606294632	0.010288242250680923	0.000771521357819438	0.021789634600281715	0.017583809792995453	0.004354869946837425	0.004061803221702576	0.15055422484874725	0.054273851215839386	0.019910011440515518	0.002100676530972123
1114	confusion	../syntropy_project/models/model1_0	../syntropy_project/models/model1_0	confusion	0.9577212333679199	0.01424465887248516	0.0006115404539741576	0.9577212333679199	0.00037418384454213083	0.017101122066378593	0.005255135707557201	0.0002744713856372982	0.0036000923719257116	0.00014179084973875433	4.6310069592436776e-05	0.00040216854540631175	0.00022732072102371603
1115	neutral	../syntropy_project/models/model1_0	../syntropy_project/models/model1_0	neutral	0.6207723021507263	0.6207723021507263	0.2631773352622986	0.013715039007365704	0.0039617521688342094	0.01648830436170101	0.009869466535747051	0.008196991868317127	0.017669135704636574	0.028245925903320312	0.010714235715568066	0.005442180670797825	0.0017474896740168333
1116	neutral	../syntropy_project/models/model1_0	../syntropy_project/models/model1_0	neutral	0.8560095429420471	0.8560095429420471	0.022038407623767853	0.01989496685564518	0.001773959374986589	0.008661672472953796	0.010859622620046139	0.03199511393904686	0.013171304017305374	0.014507895335555077	0.005519256927073002	0.006577708758413792	0.008990507572889328
1117	neutral	../syntropy_project/models/model1_0	../syntropy_project/models/model1_0	disgust	0.434495210647583	0.25558456778526306	0.03782361000776291	0.04760802164673805	0.002847095485776663	0.0031656003557145596	0.10567481815814972	0.434495210647583	0.005500301718711853	0.005593921523541212	0.0026090736500918865	0.007211355026811361	0.09188644587993622
1118	joy	../syntropy_project/models/model1_0	../syntropy_project/models/model1_0	joy	0.9690139889717102	0.004168548155575991	0.0010617229854688048	0.0002446671715006232	7.391010876744986e-05	0.00015994787099771202	0.00023175292881205678	0.00018524150073062629	5.417005377239548e-05	0.9690139889717102	0.02177421562373638	0.0023199531715363264	0.0007118278299458325
1119	sadness	../syntropy_project/models/model1_0	../syntropy_project/models/model1_0	sadness	0.8114399909973145	0.06216387078166008	0.8114399909973145	0.0011465700808912516	0.004191981628537178	0.006496511399745941	0.0021576671861112118	0.004404067527502775	0.0027601614128798246	0.07423628866672516	0.020410463213920593	0.007043256424367428	0.0035492489114403725
1120	fear	../syntropy_project/models/model1_0	../syntropy_project/models/model1_0	fear	0.8096249103546143	0.008889824151992798	0.029193665832281113	0.0017412895103916526	0.017207304015755653	0.003036570269614458	0.0062334188260138035	0.11892973631620407	0.8096249103546143	0.0008027393487282097	0.0013370182132348418	0.0003944023046642542	0.0026091893669217825
1121	surprise	../syntropy_project/models/model1_0	../syntropy_project/models/model1_0	surprise	0.9528457522392273	0.01016806997358799	0.0007313539390452206	0.002154477871954441	0.0009071663953363895	0.9528457522392273	0.0092647485435009	0.008602379821240902	0.005593385547399521	0.0006142282509244978	0.0055135018192231655	0.0018741508247330785	0.0017309084068983793
1122	neutral	../syntropy_project/models/model1_0	../syntropy_project/models/model1_0	neutral	0.8938046097755432	0.8938046097755432	0.003989117685705423	0.01312671136111021	0.00040728403837420046	0.011878039687871933	0.0016196337528526783	0.0024293288588523865	0.0012366841547191143	0.011508870869874954	0.056668661534786224	0.001703260000795126	0.0016278447583317757
1123	excitement	../syntropy_project/models/model1_0	../syntropy_project/models/model1_0	neutral	0.6475425958633423	0.6475425958633423	0.00781412422657013	0.0029359932523220778	0.009372415952384472	0.0034909185487776995	0.00341618899255991	0.018260881304740906	0.0052718836814165115	0.008155754767358303	0.010811994783580303	0.005694334860891104	0.27723294496536255
1124	joy	../syntropy_project/models/model1_0	../syntropy_project/models/model1_0	joy	0.954656183719635	0.004125522915273905	0.0015323046827688813	0.0002862438268493861	0.0002799206122290343	0.00018760838429443538	0.00041408976539969444	0.0001425895607098937	6.418397242669016e-05	0.954656183719635	0.030335145071148872	0.006353498436510563	0.0016227096784859896
1125	joy	../syntropy_project/models/model1_0	../syntropy_project/models/model1_0	joy	0.9579009413719177	0.00607101246714592	0.0015270916046574712	0.0006015921826474369	0.0001208513422170654	0.0004146489663980901	0.0004081376828253269	0.00011467689910205081	5.3363648476079106e-05	0.9579009413719177	0.030270295217633247	0.0023313486017286777	0.00018602168711367995
1126	neutral	../syntropy_project/models/model1_0	../syntropy_project/models/model1_0	neutral	0.849711000919342	0.849711000919342	0.009728600271046162	0.029727330431342125	0.0010338437277823687	0.0029455821495503187	0.0035291423555463552	0.022479180246591568	0.0022239815443754196	0.0015874751843512058	0.0030614982824772596	0.0023347537498921156	0.07163768261671066
1127	surprise	../syntropy_project/models/model1_0	../syntropy_project/models/model1_0	surprise	0.9927726984024048	0.0018608405953273177	0.0003543794737197459	0.0004816084692720324	0.0001191038463730365	0.9927726984024048	0.001217082142829895	0.0004756481503136456	0.0010532973101362586	0.00010423969069961458	0.001365103293210268	0.0001686800824245438	2.7283624149276875e-05
1128	neutral	../syntropy_project/models/model1_0	../syntropy_project/models/model1_0	neutral	0.8583561778068542	0.8583561778068542	0.013677656650543213	0.0015327541623264551	0.004795259330421686	0.02265721932053566	0.003123535541817546	0.010241239331662655	0.0056930044665932655	0.013817810453474522	0.05847596377134323	0.0028606452979147434	0.004768704064190388
1129	surprise	../syntropy_project/models/model1_0	../syntropy_project/models/model1_0	surprise	0.7522797584533691	0.004929900169372559	0.00022271696070674807	0.00040973664727061987	4.696471296483651e-05	0.7522797584533691	0.0003003565070684999	0.00037051181425340474	0.00019131226872559637	0.006466020364314318	0.23404087126255035	0.00064737448701635	9.448586934013292e-05
1130	surprise	../syntropy_project/models/model1_0	../syntropy_project/models/model1_0	surprise	0.9777281284332275	0.00490355072543025	0.002376641146838665	0.0023901963140815496	0.00026972946943715215	0.9777281284332275	0.002822094364091754	0.0034630433656275272	0.0016623780829831958	0.00043314078357070684	0.0031758800614625216	0.0002152997039956972	0.0005599007708951831
1131	neutral	../syntropy_project/models/model1_0	../syntropy_project/models/model1_0	neutral	0.5434008836746216	0.5434008836746216	0.005813197698444128	0.3615507483482361	0.00040482135955244303	0.02245982550084591	0.008614855818450451	0.0031032413244247437	0.002061448059976101	0.029933353886008263	0.006795529276132584	0.0040368447080254555	0.011825352907180786
1132	confusion	../syntropy_project/models/model1_0	../syntropy_project/models/model1_0	confusion	0.8179395198822021	0.03838161379098892	0.1085403561592102	0.8179395198822021	0.0020161522552371025	0.010058713145554066	0.006899937056005001	0.0017210248624905944	0.012028133496642113	0.0009360335534438491	0.0005682993796654046	0.0003075367712881416	0.0006027254858054221
1133	surprise	../syntropy_project/models/model1_0	../syntropy_project/models/model1_0	surprise	0.9911876916885376	0.0022922446951270103	9.239098289981484e-05	0.001332919462583959	1.1427421668486204e-05	0.9911876916885376	0.00017913534247782081	9.907985077006742e-05	6.997501623118296e-05	0.00023681792663410306	0.004422388039529324	7.005019870121032e-05	5.747427621827228e-06
1134	excitement	../syntropy_project/models/model1_0	../syntropy_project/models/model1_0	neutral	0.5368632078170776	0.5368632078170776	0.002823277609422803	0.0035195632372051477	0.0006089936359785497	0.004469364415854216	0.00029364763759076595	0.0015179254114627838	0.0011491453042253852	0.011450342833995819	0.4348430037498474	0.0010562532115727663	0.0014053155900910497
1135	anger	../syntropy_project/models/model1_0	../syntropy_project/models/model1_0	anger	0.9165180921554565	0.009021121077239513	0.008950854651629925	0.0016130732838064432	0.0006667584530077875	0.00015499367145821452	0.0031256929505616426	0.05461035668849945	0.001408781623467803	0.0016184633132070303	0.000503533345181495	0.0018082205206155777	0.9165180921554565
1136	neutral	../syntropy_project/models/model1_0	../syntropy_project/models/model1_0	confusion	0.7652674913406372	0.18094421923160553	0.0019093443406745791	0.7652674913406372	0.0001194986398331821	0.0406733863055706	0.001039759605191648	0.0016032586572691798	0.0007043471559882164	0.0022555922623723745	0.003228953806683421	0.0006030563963577151	0.0016509552951902151
1137	joy	../syntropy_project/models/model1_0	../syntropy_project/models/model1_0	joy	0.8370022177696228	0.008225732482969761	0.0011441014939919114	0.0008987056207843125	4.2998959543183446e-05	0.0012803898425772786	0.00028230794123373926	0.000273499870672822	8.157294359989464e-05	0.8370022177696228	0.14776848256587982	0.0026348838582634926	0.00036506561446003616
1138	sadness	../syntropy_project/models/model1_0	../syntropy_project/models/model1_0	sadness	0.9947179555892944	0.0014494742499664426	0.9947179555892944	0.00013805065827909857	5.891964610782452e-05	6.30748545518145e-05	0.002018759958446026	0.00034747758763842285	0.00016588764265179634	0.0007275886600837111	7.175742939580232e-05	0.00011400247603887692	0.0001269949716515839
1139	disgust	../syntropy_project/models/model1_0	../syntropy_project/models/model1_0	disgust	0.9931975603103638	0.001360326656140387	0.00023326606606133282	0.00018942687893286347	2.4058685085037723e-05	0.0002906744193751365	0.0014720642939209938	0.9931975603103638	0.0003944468917325139	8.149581117322668e-05	0.00026000337675213814	4.451120548765175e-05	0.0024521704763174057
1140	nervousness	../syntropy_project/models/model1_0	../syntropy_project/models/model1_0	nervousness	0.9983893036842346	2.2175823687575758e-05	0.0001338137371931225	6.750957982148975e-05	0.9983893036842346	5.4297233873512596e-05	0.000360077217919752	4.862356945523061e-05	0.00046305765863507986	7.091737643349916e-05	0.0001231153291882947	0.0001260848221136257	0.00014099058171268553
1141	embarrassment	../syntropy_project/models/model1_0	../syntropy_project/models/model1_0	embarrassment	0.9595175981521606	0.00030215588049031794	0.0011839508078992367	0.0019104225793853402	0.00017121095152106136	0.007097471971064806	0.9595175981521606	0.027295995503664017	0.0006973435520194471	0.0005304943188093603	0.00011251903197262436	0.0009780616965144873	0.00020268111256882548
1142	confusion	../syntropy_project/models/model1_0	../syntropy_project/models/model1_0	confusion	0.7343485355377197	0.2435779869556427	0.0018833467038348317	0.7343485355377197	6.688750727334991e-05	0.013304593972861767	0.0007085656397975981	0.0008540728595107794	0.0006504043121822178	0.0015240617794916034	0.0020458123181015253	0.0005973889492452145	0.0004383194609545171
1143	disgust	../syntropy_project/models/model1_0	../syntropy_project/models/model1_0	disgust	0.9501234292984009	0.005420465022325516	0.0017340551130473614	0.0011375801404938102	0.0011291198898106813	0.001180298742838204	0.007540679071098566	0.9501234292984009	0.005078830290585756	0.00028353589004836977	0.000738215574529022	0.0002580104919616133	0.025375820696353912
1144	neutral	../syntropy_project/models/model1_0	../syntropy_project/models/model1_0	anger	0.3303503692150116	0.08883252739906311	0.23795507848262787	0.017883459106087685	0.035771626979112625	0.001112568425014615	0.081898994743824	0.1493997424840927	0.021953074261546135	0.027636883780360222	0.0020043044351041317	0.005201470572501421	0.3303503692150116
1145	joy	../syntropy_project/models/model1_0	../syntropy_project/models/model1_0	joy	0.3239401578903198	0.05585150048136711	0.29682907462120056	0.004382360726594925	0.04207548126578331	0.04489842802286148	0.02519823983311653	0.009274335578083992	0.044891878962516785	0.3239401578903198	0.11329827457666397	0.03428034111857414	0.00507994182407856
1146	neutral	../syntropy_project/models/model1_0	../syntropy_project/models/model1_0	neutral	0.34129080176353455	0.34129080176353455	0.198216050863266	0.001083045732229948	0.0004586789873428643	0.016861720010638237	0.0008784235687926412	0.0023277916479855776	0.0012883743038401008	0.12468229234218597	0.30589696764945984	0.005086997989565134	0.001928745536133647
1147	anger	../syntropy_project/models/model1_0	../syntropy_project/models/model1_0	anger	0.9280351996421814	0.01811649464070797	0.0034686806611716747	0.0020312617998570204	0.0005565049359574914	0.00012397070531733334	0.0012842267751693726	0.04460500553250313	0.00040702580008655787	0.000522760848980397	0.00039461147389374673	0.00045433067134581506	0.9280351996421814
1148	surprise	../syntropy_project/models/model1_0	../syntropy_project/models/model1_0	surprise	0.6772938370704651	0.005463012028485537	0.00027247623074799776	0.00020409531134646386	4.00283643102739e-05	0.6772938370704651	0.00018659859779290855	0.00033668504329398274	0.0002090975467581302	0.007753247395157814	0.3076893985271454	0.0005285871447995305	2.2926917154109105e-05
1149	neutral	../syntropy_project/models/model1_0	../syntropy_project/models/model1_0	disgust	0.6214804649353027	0.17267826199531555	0.06198470667004585	0.03284261003136635	0.0008047061273828149	0.00128213653806597	0.05426625534892082	0.6214804649353027	0.004342416301369667	0.0031993999145925045	0.0010704216547310352	0.0013883101055398583	0.04466036707162857
1150	surprise	../syntropy_project/models/model1_0	../syntropy_project/models/model1_0	neutral	0.7266003489494324	0.7266003489494324	0.0023502488620579243	0.11521992832422256	0.00013458740431815386	0.08078767359256744	0.003951503895223141	0.003558017546311021	0.0013484340161085129	0.015598335303366184	0.04657919704914093	0.002804654883220792	0.001067170174792409
1151	anger	../syntropy_project/models/model1_0	../syntropy_project/models/model1_0	disgust	0.8416263461112976	0.004584718961268663	0.003083327552303672	0.0007728712516836822	0.0007429650286212564	0.00376263284124434	0.006702301558107138	0.8416263461112976	0.0037674785126000643	0.000503284391015768	0.0029534087516367435	0.0004530849400907755	0.13104766607284546
1152	surprise	../syntropy_project/models/model1_0	../syntropy_project/models/model1_0	joy	0.9005334973335266	0.047558512538671494	0.0035384944640100002	0.0073683178052306175	0.00012664870882872492	0.00305852759629488	0.0027841548435389996	0.0013053091242909431	0.00037291934131644666	0.9005334973335266	0.02869981899857521	0.004041347652673721	0.0006123826024122536
1153	anger	../syntropy_project/models/model1_0	../syntropy_project/models/model1_0	disgust	0.33045846223831177	0.033113185316324234	0.010980588383972645	0.2991402745246887	0.002654850482940674	0.04011031985282898	0.023019174113869667	0.33045846223831177	0.007256500888615847	0.0013885431690141559	0.00484824413433671	0.0010010452242568135	0.24602864682674408
1154	neutral	../syntropy_project/models/model1_0	../syntropy_project/models/model1_0	confusion	0.7566335797309875	0.14737460017204285	0.005374117288738489	0.7566335797309875	0.0004019607149530202	0.0659811869263649	0.0025431171525269747	0.00316558382473886	0.0005048929597251117	0.0017905711429193616	0.0016981663648039103	0.0005131938960403204	0.014019002206623554
1155	neutral	../syntropy_project/models/model1_0	../syntropy_project/models/model1_0	neutral	0.8563865423202515	0.8563865423202515	0.008206210099160671	0.03378244489431381	0.00019759649876505136	0.05012398585677147	0.0017157612601295114	0.007467255461961031	0.001097065513022244	0.015522949397563934	0.01574399694800377	0.0012246029218658805	0.008531521074473858
1156	surprise	../syntropy_project/models/model1_0	../syntropy_project/models/model1_0	anger	0.888324499130249	0.01989414542913437	0.0032168652396649122	0.0011671120300889015	0.0030756595078855753	0.017953908070921898	0.00228973850607872	0.04287699982523918	0.0037598370108753443	0.0008143910090439022	0.01475091464817524	0.0018759184749796987	0.888324499130249
1157	sadness	../syntropy_project/models/model1_0	../syntropy_project/models/model1_0	sadness	0.9694815278053284	0.005708327516913414	0.9694815278053284	0.0015358979580923915	0.0011480198008939624	0.0035951912868767977	0.002944138366729021	0.0021479949355125427	0.00815359316766262	0.0029684794135391712	0.0008186640916392207	0.00018158431339543313	0.0013166166609153152
1158	anger	../syntropy_project/models/model1_0	../syntropy_project/models/model1_0	anger	0.7692214846611023	0.0699346736073494	0.018149757757782936	0.0021417622920125723	0.0007015001610852778	0.00010702904546633363	0.008762716315686703	0.12575367093086243	0.0011350740678608418	0.0014620559522882104	0.0009170107077807188	0.001713352627120912	0.7692214846611023
1159	neutral	../syntropy_project/models/model1_0	../syntropy_project/models/model1_0	surprise	0.6318166851997375	0.111048124730587	0.021165722981095314	0.18765930831432343	0.00842336192727089	0.6318166851997375	0.00916810892522335	0.007404942065477371	0.008619563654065132	0.003169948933646083	0.005618400406092405	0.002164361998438835	0.0037414890248328447
1160	sadness	../syntropy_project/models/model1_0	../syntropy_project/models/model1_0	nervousness	0.6685766577720642	0.005667560268193483	0.012830804102122784	0.004352937452495098	0.6685766577720642	0.0005392555613070726	0.00253785471431911	0.0012145747896283865	0.29879623651504517	0.0018799550598487258	0.0007524318061769009	0.0008963740547187626	0.0019552961457520723
1161	sadness	../syntropy_project/models/model1_0	../syntropy_project/models/model1_0	sadness	0.9248018264770508	0.0466068871319294	0.9248018264770508	0.0017077898373827338	0.0018469344358891249	0.0038234624080359936	0.0024359107483178377	0.001039876020513475	0.0036082109436392784	0.007690619211643934	0.003948456607758999	0.0011324137449264526	0.0013577331556007266
1162	anger	../syntropy_project/models/model1_0	../syntropy_project/models/model1_0	anger	0.9928777813911438	0.0005214786506257951	0.002083021216094494	0.00010405505599919707	0.0006586952367797494	2.53315047302749e-05	0.00019998938660137355	0.0029777665622532368	7.064668898237869e-05	0.0001222375431098044	0.0002098564727930352	0.0001490964787080884	0.9928777813911438
1163	neutral	../syntropy_project/models/model1_0	../syntropy_project/models/model1_0	excitement	0.7046850919723511	0.24965888261795044	0.0031593015883117914	0.0036930975038558245	0.0001760707382345572	0.01074395515024662	0.0004947019042447209	0.0005701249465346336	0.0008571862708777189	0.024894947186112404	0.7046850919723511	0.0006142751080915332	0.0004523768729995936
1164	joy	../syntropy_project/models/model1_0	../syntropy_project/models/model1_0	joy	0.9884209632873535	0.0013116387417539954	0.0004268235061317682	0.000344728643540293	3.889977961080149e-05	9.154967847280204e-05	0.00018580147298052907	8.050988253671676e-05	2.5068851755349897e-05	0.9884209632873535	0.007931197062134743	0.0010452390415593982	9.758619125932455e-05
1165	confusion	../syntropy_project/models/model1_0	../syntropy_project/models/model1_0	confusion	0.9955180883407593	0.0009203360532410443	0.000296297250315547	0.9955180883407593	2.4829967514961027e-05	0.00147212331648916	0.0012735057389363647	0.00023065948334988207	3.604042649385519e-05	1.80038514372427e-05	2.6299817363906186e-06	2.5269517209380865e-05	0.00018217334582004696
1166	disgust	../syntropy_project/models/model1_0	../syntropy_project/models/model1_0	disgust	0.9942140579223633	0.00053305336041376	0.0002540811547078192	7.313455716939643e-05	2.6138803150388412e-05	0.00027163431514054537	0.00283796526491642	0.9942140579223633	0.0010308974888175726	8.393422467634082e-05	0.0001964458351721987	3.85959938284941e-05	0.0004400591424200684
1167	neutral	../syntropy_project/models/model1_0	../syntropy_project/models/model1_0	joy	0.5061627626419067	0.10615519434213638	0.009884156286716461	0.00507945753633976	0.0020147482864558697	0.02742312103509903	0.0016628974117338657	0.004693346563726664	0.005660575814545155	0.5061627626419067	0.3147355318069458	0.010562296025454998	0.005965870339423418
1168	anger	../syntropy_project/models/model1_0	../syntropy_project/models/model1_0	anger	0.9808796048164368	0.0022425514180213213	0.0003723394183907658	0.0022308535408228636	0.001317257876507938	0.005759823601692915	0.0003859949065372348	0.003496742807328701	0.0005699680768884718	0.00027643024805001915	0.002230818383395672	0.0002375840995227918	0.9808796048164368
1169	fear	../syntropy_project/models/model1_0	../syntropy_project/models/model1_0	fear	0.8944025635719299	0.030367953702807426	0.01921219192445278	0.015342225320637226	0.01105684693902731	0.0008781999349594116	0.006529181730002165	0.008617735467851162	0.8944025635719299	0.0014580076094716787	0.00019766717741731554	0.0017764386720955372	0.010160992853343487
1170	fear	../syntropy_project/models/model1_0	../syntropy_project/models/model1_0	fear	0.30872491002082825	0.05189703032374382	0.18499581515789032	0.007849127054214478	0.025196285918354988	0.012840302661061287	0.0737973153591156	0.1598125547170639	0.30872491002082825	0.0749998539686203	0.014841299504041672	0.01882224902510643	0.06622324138879776
1171	sadness	../syntropy_project/models/model1_0	../syntropy_project/models/model1_0	sadness	0.8067464828491211	0.015820108354091644	0.8067464828491211	0.08247479051351547	0.008995567448437214	0.0030928149353712797	0.03099564090371132	0.013029889203608036	0.03353675454854965	0.002237761626020074	0.00018307255231775343	0.0008515581721439958	0.0020355251617729664
1172	confusion	../syntropy_project/models/model1_0	../syntropy_project/models/model1_0	confusion	0.9669424295425415	0.028774643316864967	0.0008220214513130486	0.9669424295425415	6.109618698246777e-05	0.0007022367790341377	0.0007840931066311896	0.0009483930771239102	0.00018937377899419516	9.932563989423215e-05	3.584610385587439e-05	9.729625890031457e-05	0.0005432227626442909
1173	embarrassment	../syntropy_project/models/model1_0	../syntropy_project/models/model1_0	disgust	0.6007929444313049	0.0003513337578624487	0.0011485547292977571	0.00047648351755924523	8.813420572550967e-05	0.0002075665252050385	0.3923870921134949	0.6007929444313049	0.001625838689506054	0.00010112946620211005	1.6893756765057333e-05	0.0005915279034525156	0.0022124440874904394
1174	sadness	../syntropy_project/models/model1_0	../syntropy_project/models/model1_0	sadness	0.9445492029190063	0.019287293776869774	0.9445492029190063	0.011288797482848167	0.0025990642607212067	0.0011378356721252203	0.004658141639083624	0.0009990171529352665	0.0019327900372445583	0.010584520176053047	0.001394457183778286	0.0009068757644854486	0.0006620395579375327
1175	joy	../syntropy_project/models/model1_0	../syntropy_project/models/model1_0	excitement	0.6658398509025574	0.01846960000693798	0.0013511101715266705	0.000554150843527168	0.00020564309670589864	0.002835232997313142	0.0009215502068400383	0.00034350570058450103	6.297375512076542e-05	0.2689119279384613	0.6658398509025574	0.039115313440561295	0.0013892198912799358
1176	neutral	../syntropy_project/models/model1_0	../syntropy_project/models/model1_0	neutral	0.671699047088623	0.671699047088623	0.019976528361439705	0.0028888476081192493	0.0068567609414458275	0.07752734422683716	0.0016219824319705367	0.020585374906659126	0.010989665985107422	0.029893914237618446	0.11963991075754166	0.0046488200314342976	0.033671971410512924
1177	surprise	../syntropy_project/models/model1_0	../syntropy_project/models/model1_0	surprise	0.5209494233131409	0.13674026727676392	0.0024535025004297495	0.00926942378282547	0.0005363356904126704	0.5209494233131409	0.0008518790127709508	0.0032027107663452625	0.001317630405537784	0.01957710273563862	0.2991919219493866	0.001998546998947859	0.00391129357740283
1178	disgust	../syntropy_project/models/model1_0	../syntropy_project/models/model1_0	neutral	0.5477739572525024	0.5477739572525024	0.032502755522727966	0.0144667848944664	0.014444438740611076	0.006953550036996603	0.013519693166017532	0.06789308786392212	0.011699476279318333	0.012648353353142738	0.015932826325297356	0.003983113449066877	0.25818195939064026
1179	anger	../syntropy_project/models/model1_0	../syntropy_project/models/model1_0	anger	0.7031867504119873	0.1282908171415329	0.010794037021696568	0.008013040758669376	0.002863956382498145	0.018424689769744873	0.011793733574450016	0.08257278800010681	0.002361239166930318	0.006152723915874958	0.02258172072470188	0.002964432118460536	0.7031867504119873
1180	sadness	../syntropy_project/models/model1_0	../syntropy_project/models/model1_0	sadness	0.9773982167243958	0.012572684325277805	0.9773982167243958	0.001187909860163927	0.0003738490922842175	0.000596370839048177	0.0008718358003534377	0.0010598170338198543	0.0013469289988279343	0.0028413247782737017	0.0008921754779294133	0.0002478424576111138	0.000611122406553477
1181	excitement	../syntropy_project/models/model1_0	../syntropy_project/models/model1_0	surprise	0.8441445827484131	0.004309354815632105	0.00046281967661343515	0.0004618128587026149	8.053890633163974e-05	0.8441445827484131	0.00037537189200520515	0.0006026418996043503	0.0003830693894997239	0.0024039752315729856	0.14608138799667358	0.00045829947339370847	0.0002362422674195841
1182	neutral	../syntropy_project/models/model1_0	../syntropy_project/models/model1_0	neutral	0.6911391019821167	0.6911391019821167	0.00839976966381073	0.0034896021243184805	0.0002493676729500294	0.004068736918270588	0.0005248396191745996	0.0016002485062927008	0.0003487203211989254	0.09357965737581253	0.19103865325450897	0.00504450686275959	0.0005167912459000945
1183	neutral	../syntropy_project/models/model1_0	../syntropy_project/models/model1_0	anger	0.18731385469436646	0.16221122443675995	0.16077445447444916	0.011154704727232456	0.09971018880605698	0.031064465641975403	0.021457046270370483	0.18356339633464813	0.07090060412883759	0.012083902023732662	0.05289434641599655	0.006871761288493872	0.18731385469436646
1184	neutral	../syntropy_project/models/model1_0	../syntropy_project/models/model1_0	neutral	0.834731936454773	0.834731936454773	0.06452751904726028	0.00422343984246254	0.0016961860237643123	0.007032480556517839	0.00785253755748272	0.013621136546134949	0.00564970588311553	0.009101305156946182	0.033619385212659836	0.003837830387055874	0.014106557704508305
1185	disgust	../syntropy_project/models/model1_0	../syntropy_project/models/model1_0	disgust	0.47704145312309265	0.009724561125040054	0.02393721416592598	0.0036566583439707756	0.0056125628761947155	0.006089898757636547	0.013104722835123539	0.47704145312309265	0.42272862792015076	0.001310819759964943	0.0017156745307147503	0.0007323705358430743	0.03434547409415245
1186	excitement	../syntropy_project/models/model1_0	../syntropy_project/models/model1_0	excitement	0.5812990069389343	0.01038120687007904	0.00033528159838169813	0.0004383464402053505	4.8480957048013806e-05	0.37333786487579346	0.00021977110009174794	0.0002915411605499685	0.0002477703965269029	0.03269101679325104	0.5812990069389343	0.0006616539321839809	4.816128421225585e-05
1187	anger	../syntropy_project/models/model1_0	../syntropy_project/models/model1_0	neutral	0.5750754475593567	0.5750754475593567	0.0013285137247294188	0.17157669365406036	0.001117823412641883	0.20828986167907715	0.0025507693644613028	0.00793389044702053	0.0019026834052056074	0.0017251347890123725	0.015372997149825096	0.0017977756215259433	0.011328399181365967
1188	anger	../syntropy_project/models/model1_0	../syntropy_project/models/model1_0	anger	0.916598379611969	0.04985310882329941	0.0028112302534282207	0.005345431622117758	0.010748612694442272	0.00021377750090323389	0.002379752928391099	0.008572164922952652	0.0005052848136983812	0.00046097839367575943	0.0005656334687955678	0.001945588388480246	0.916598379611969
1189	excitement	../syntropy_project/models/model1_0	../syntropy_project/models/model1_0	excitement	0.8223309516906738	0.012236619368195534	0.0006331722834147513	0.0011125816963613033	0.00031243040575645864	0.0004583038098644465	0.0001595048961462453	9.847582987276837e-05	0.00026050471933558583	0.16008007526397705	0.8223309516906738	0.0020074292551726103	0.0003099836758337915
1190	confusion	../syntropy_project/models/model1_0	../syntropy_project/models/model1_0	confusion	0.8577718138694763	0.08798728883266449	0.0009345403523184359	0.8577718138694763	0.00014506587467622012	0.030497506260871887	0.0021836424712091684	0.00045552721712738276	0.00044667627662420273	0.007392431143671274	0.009398812428116798	0.0006112363771535456	0.002175392583012581
1191	anger	../syntropy_project/models/model1_0	../syntropy_project/models/model1_0	anger	0.9632768630981445	0.0064727081917226315	0.0015156571753323078	0.0007279668934643269	0.0018200691556558013	0.000550971191842109	0.001518541481345892	0.020887499675154686	0.0004293155507184565	0.0006117440643720329	0.0013463471550494432	0.0008422249229624867	0.9632768630981445
1192	neutral	../syntropy_project/models/model1_0	../syntropy_project/models/model1_0	neutral	0.888436496257782	0.888436496257782	0.03037896938621998	0.035803452134132385	0.00018552207620814443	0.02418324537575245	0.002326402347534895	0.00206895568408072	0.0015755794011056423	0.007676146924495697	0.005412796512246132	0.001638929476030171	0.0003134803846478462
1193	anger	../syntropy_project/models/model1_0	../syntropy_project/models/model1_0	neutral	0.5208311676979065	0.5208311676979065	0.01774769090116024	0.03174930438399315	0.0021667061373591423	0.004107974004000425	0.008329574950039387	0.03800874575972557	0.007564609870314598	0.0022161437664180994	0.0034115007147192955	0.004601940978318453	0.35926464200019836
1194	neutral	../syntropy_project/models/model1_0	../syntropy_project/models/model1_0	neutral	0.9270259141921997	0.9270259141921997	0.014027407392859459	0.012498862110078335	0.001506860600784421	0.0012581043411046267	0.001822266960516572	0.008130372501909733	0.0026022091042250395	0.001009492203593254	0.001311967265792191	0.0010538067435845733	0.02775288000702858
1195	neutral	../syntropy_project/models/model1_0	../syntropy_project/models/model1_0	neutral	0.7617431879043579	0.7617431879043579	0.08007775992155075	0.0326615609228611	0.0013515412574633956	0.03151669353246689	0.007297518663108349	0.010293443687260151	0.021625835448503494	0.023943645879626274	0.021170224994421005	0.005920920055359602	0.0023975542280822992
1196	embarrassment	../syntropy_project/models/model1_0	../syntropy_project/models/model1_0	excitement	0.3576292395591736	0.31874343752861023	0.010416368022561073	0.002866067225113511	0.014727799221873283	0.09753888100385666	0.00486103817820549	0.03812693804502487	0.02209826186299324	0.09174100309610367	0.3576292395591736	0.009691777639091015	0.03155912458896637
1197	neutral	../syntropy_project/models/model1_0	../syntropy_project/models/model1_0	neutral	0.6655450463294983	0.6655450463294983	0.015871351584792137	0.005142671521753073	0.0011253911070525646	0.1599591225385666	0.0009385694283992052	0.002577033592388034	0.0027065505273640156	0.06012455374002457	0.08454073965549469	0.0010343126486986876	0.0004345908237155527
1198	joy	../syntropy_project/models/model1_0	../syntropy_project/models/model1_0	joy	0.6665636897087097	0.08118091523647308	0.005894538480788469	0.011527297087013721	0.00015331701433751732	0.02824566327035427	0.0049666776321828365	0.0023891637101769447	0.003123172093182802	0.6665636897087097	0.16010460257530212	0.035370826721191406	0.00048016110667958856
1199	neutral	../syntropy_project/models/model1_0	../syntropy_project/models/model1_0	neutral	0.38734111189842224	0.38734111189842224	0.02374177612364292	0.0018280928488820791	0.007791015785187483	0.15656886994838715	0.005524470470845699	0.031752604991197586	0.00802820548415184	0.11821552366018295	0.23890432715415955	0.013126874342560768	0.007177094928920269
1200	fear	../syntropy_project/models/model1_0	../syntropy_project/models/model1_0	fear	0.9638442397117615	0.001715512597002089	0.0021097250282764435	0.0015683984383940697	0.024915575981140137	0.0007420752663165331	0.0014173488598316908	0.0019413800910115242	0.9638442397117615	0.0005094219231978059	0.00014419112994801253	0.0005159156862646341	0.0005763496737927198
1201	anger	../syntropy_project/models/model1_0	../syntropy_project/models/model1_0	anger	0.7576814889907837	0.0931805819272995	0.00367554510012269	0.0033555447589606047	0.003204979235306382	0.013949173502624035	0.003938642796128988	0.09139008820056915	0.002276429906487465	0.006386798340827227	0.016131047159433365	0.004829722456634045	0.7576814889907837
1202	confusion	../syntropy_project/models/model1_0	../syntropy_project/models/model1_0	confusion	0.9645459055900574	0.010240759700536728	0.0009006846812553704	0.9645459055900574	0.0005351347499527037	0.015344170853495598	0.005565208848565817	0.0012283727992326021	0.0005063009448349476	0.00014039846428204328	5.514860822586343e-05	0.0003763700369745493	0.0005616514245048165
1203	excitement	../syntropy_project/models/model1_0	../syntropy_project/models/model1_0	excitement	0.9966275691986084	0.0005648824735544622	2.5243720301659778e-05	1.9128097846987657e-05	3.473438846413046e-05	0.0007251813658513129	8.422444807365537e-06	1.4262089280236978e-05	4.721905952465022e-06	0.0018987696385011077	0.9966275691986084	6.133039278211072e-05	1.5809413525857963e-05
1204	disgust	../syntropy_project/models/model1_0	../syntropy_project/models/model1_0	disgust	0.5511209964752197	0.22761863470077515	0.08033934235572815	0.03086988627910614	0.0014947092859074473	0.0020501199178397655	0.07030549645423889	0.5511209964752197	0.005036851391196251	0.0025526713579893112	0.0021599256433546543	0.0018657147884368896	0.024585602805018425
1205	joy	../syntropy_project/models/model1_0	../syntropy_project/models/model1_0	joy	0.9054979681968689	0.004509378224611282	0.0004864819929935038	0.0003160185879096389	4.4110260205343366e-05	0.0008086214656941593	0.0002712442073971033	0.00012464215978980064	7.346779602812603e-05	0.9054979681968689	0.08522125333547592	0.0024832452181726694	0.00016354303807020187
1206	neutral	../syntropy_project/models/model1_0	../syntropy_project/models/model1_0	neutral	0.9540315866470337	0.9540315866470337	0.0019438283052295446	0.01118268072605133	0.00024116653366945684	0.004531835205852985	0.001121915876865387	0.0018119086744263768	0.0007154307677410543	0.0062557123601436615	0.01596354879438877	0.0009502625907771289	0.0012500977609306574
1207	neutral	../syntropy_project/models/model1_0	../syntropy_project/models/model1_0	neutral	0.6052752733230591	0.6052752733230591	0.011732845567166805	0.10620874166488647	0.0009342146804556251	0.007460873574018478	0.012033525854349136	0.12546731531620026	0.002417099429294467	0.004917011130601168	0.004036981146782637	0.001672987942583859	0.11784312129020691
1208	confusion	../syntropy_project/models/model1_0	../syntropy_project/models/model1_0	confusion	0.9896001815795898	0.006481631193310022	0.00014616292901337147	0.9896001815795898	2.1432935682241805e-05	0.0025610311422497034	0.000660510326270014	0.00013978696370031685	0.00012189540575491264	9.045220213010907e-05	8.54314785101451e-05	6.058605504222214e-05	3.095061401836574e-05
1209	surprise	../syntropy_project/models/model1_0	../syntropy_project/models/model1_0	surprise	0.9726322293281555	0.002791485982015729	0.00022896994778420776	0.00042415104690007865	2.1506666598725133e-05	0.9726322293281555	0.0003290692693553865	0.0002270041877636686	0.00023924822744447738	0.0037730264011770487	0.01894853450357914	0.0003811822389252484	3.602051492634928e-06
1210	confusion	../syntropy_project/models/model1_0	../syntropy_project/models/model1_0	confusion	0.8211379051208496	0.00616068858653307	0.0004610727191902697	0.8211379051208496	6.790307816118002e-05	0.17011143267154694	0.0012269204016774893	0.00018883508164435625	0.00012038581189699471	0.00010549027501838282	9.943434997694567e-05	0.00010632687190081924	0.0002136688563041389
1211	confusion	../syntropy_project/models/model1_0	../syntropy_project/models/model1_0	neutral	0.38302549719810486	0.38302549719810486	0.03937065601348877	0.2945522367954254	0.016576478257775307	0.0052507370710372925	0.0335911326110363	0.022082019597291946	0.005416576284915209	0.011763511225581169	0.01503139641135931	0.004747890867292881	0.16859199106693268
1212	sadness	../syntropy_project/models/model1_0	../syntropy_project/models/model1_0	sadness	0.9861695766448975	0.0046422649174928665	0.9861695766448975	0.00015178114699665457	0.0015661490615457296	0.00020130588382016867	0.0006306899595074356	0.0002548234770074487	0.0020627290941774845	0.0016792473616078496	0.0008269373211078346	0.0007177632069215178	0.0010966893751174212
1213	excitement	../syntropy_project/models/model1_0	../syntropy_project/models/model1_0	excitement	0.9925646185874939	0.0015570549294352531	0.00010270390339428559	0.00011819996871054173	0.00017756069428287446	0.000853039906360209	2.0632700397982262e-05	3.9072183426469564e-05	5.747567774960771e-05	0.004333806689828634	0.9925646185874939	0.00014455888594966382	3.127656236756593e-05
1214	joy	../syntropy_project/models/model1_0	../syntropy_project/models/model1_0	joy	0.9736096262931824	0.004149329848587513	0.0015133324777707458	0.0006546383956447244	0.00018989101226907223	0.0002766649704426527	0.0004103515821043402	0.000134278045152314	3.917698995792307e-05	0.9736096262931824	0.014319864101707935	0.004090914502739906	0.0006118167075328529
1215	neutral	../syntropy_project/models/model1_0	../syntropy_project/models/model1_0	neutral	0.774710476398468	0.774710476398468	0.040728259831666946	0.01258543599396944	0.002276339801028371	0.017598463222384453	0.006501252297312021	0.008164389058947563	0.0023857031483203173	0.0709720253944397	0.050117045640945435	0.010493460111320019	0.003467150963842869
1216	joy	../syntropy_project/models/model1_0	../syntropy_project/models/model1_0	joy	0.8954729437828064	0.00281149847432971	0.0007531881565228105	0.0002408135187579319	7.28770173736848e-05	0.0010587300639599562	0.00026259469450451434	7.942338561406359e-05	5.7109598856186494e-05	0.8954729437828064	0.09723135828971863	0.0019171637250110507	4.2223702621413395e-05
1217	fear	../syntropy_project/models/model1_0	../syntropy_project/models/model1_0	fear	0.9822506308555603	0.0030246509704738855	0.0015633838484063745	0.0012727316934615374	0.007608432788401842	0.0010797223076224327	0.000995153677649796	0.0010183242848142982	0.9822506308555603	0.0005991865182295442	0.00012069009972037748	0.0003366503515280783	0.00013048913388047367
1218	surprise	../syntropy_project/models/model1_0	../syntropy_project/models/model1_0	surprise	0.8202484846115112	0.006242633797228336	0.0006655901088379323	0.0007255853852257133	0.00019912328571081161	0.8202484846115112	0.0006966997752897441	0.0010992108145728707	0.001160189975053072	0.0057344334200024605	0.16197006404399872	0.0009453797247260809	0.00031265662983059883
1219	neutral	../syntropy_project/models/model1_0	../syntropy_project/models/model1_0	neutral	0.27108827233314514	0.27108827233314514	0.17540161311626434	0.2470988631248474	0.1639949083328247	0.00211165240034461	0.01948423869907856	0.010885327123105526	0.07071247696876526	0.003670584876090288	0.0005633551627397537	0.005242086481302977	0.02974657155573368
1220	sadness	../syntropy_project/models/model1_0	../syntropy_project/models/model1_0	sadness	0.9866188168525696	0.0056826332584023476	0.9866188168525696	0.0007677366374991834	0.00027491647051647305	0.00149625597987324	0.0006830390193499625	0.0002784856769721955	0.0014078615931794047	0.0018181781051680446	0.0007428750395774841	0.00018399690452497452	4.51578562206123e-05
1221	neutral	../syntropy_project/models/model1_0	../syntropy_project/models/model1_0	confusion	0.9963881969451904	0.001390489749610424	0.00014603738964069635	0.9963881969451904	1.7469246813561767e-05	0.0005704955547116697	0.0011947066523134708	0.00011062974226661026	4.4473861635196954e-05	1.5474724932573736e-05	1.205641729029594e-05	2.5800371076911688e-05	8.435737254330888e-05
1222	anger	../syntropy_project/models/model1_0	../syntropy_project/models/model1_0	anger	0.7360780239105225	0.02488892897963524	0.00517518725246191	0.0049301255494356155	0.011337240226566792	0.07707872986793518	0.005363612901419401	0.062106095254421234	0.018410218879580498	0.008590918965637684	0.04123833030462265	0.004802618641406298	0.7360780239105225
1223	joy	../syntropy_project/models/model1_0	../syntropy_project/models/model1_0	neutral	0.5163848400115967	0.5163848400115967	0.24535630643367767	0.0939430519938469	0.003043641336262226	0.04486764967441559	0.01248959731310606	0.006297180894762278	0.004793702624738216	0.029949888586997986	0.034585755318403244	0.006783767137676477	0.0015046081971377134
1224	confusion	../syntropy_project/models/model1_0	../syntropy_project/models/model1_0	confusion	0.8382315039634705	0.011424513533711433	0.0003805861924774945	0.8382315039634705	0.0004194166976958513	0.1382339894771576	0.0031843639444559813	0.0004964302643202245	0.0003399281413294375	0.0024561563041061163	0.0038148993626236916	0.0005955277010798454	0.00042260022019036114
1225	anger	../syntropy_project/models/model1_0	../syntropy_project/models/model1_0	surprise	0.688486635684967	0.021022643893957138	0.0031520514748990536	0.006101027596741915	0.0025913063436746597	0.688486635684967	0.004987781401723623	0.028423886746168137	0.003047399688512087	0.02158891037106514	0.1631726324558258	0.005431603640317917	0.05199405178427696
1226	surprise	../syntropy_project/models/model1_0	../syntropy_project/models/model1_0	surprise	0.9930627942085266	0.0027830544859170914	0.00011326016101520509	0.00030239371699281037	1.8121712855645455e-05	0.9930627942085266	0.0001667301548877731	0.00015026587061583996	7.138978980947286e-05	0.0001821636251406744	0.003064909018576145	8.279813482658938e-05	2.132832378265448e-06
1227	fear	../syntropy_project/models/model1_0	../syntropy_project/models/model1_0	fear	0.9408220648765564	0.001296331756748259	0.0027543031610548496	0.0007256611716002226	0.05111831799149513	0.0006099437014199793	0.0009638404008001089	0.0006449628854170442	0.9408220648765564	0.0003248179564252496	0.0001303682365687564	0.0003017317212652415	0.00030773095204494894
1228	nervousness	../syntropy_project/models/model1_0	../syntropy_project/models/model1_0	sadness	0.896331250667572	0.04377847909927368	0.896331250667572	0.007042588200420141	0.005834939889609814	0.011300770565867424	0.0012272837338969111	0.0017324971267953515	0.009678536094725132	0.008443078026175499	0.010425248183310032	0.0004901236388832331	0.0037152571603655815
1229	sadness	../syntropy_project/models/model1_0	../syntropy_project/models/model1_0	sadness	0.9863448739051819	0.003952585626393557	0.9863448739051819	0.0002155908296117559	0.001045163837261498	0.0008663655025884509	0.0005506575689651072	0.000878715596627444	0.003366686636582017	0.0015198352048173547	0.0005824367981404066	0.00021150242537260056	0.0004655450175050646
1230	joy	../syntropy_project/models/model1_0	../syntropy_project/models/model1_0	joy	0.9627588391304016	0.005195427220314741	0.0017723790369927883	0.0002510709746275097	0.00014087956515140831	0.0005139837157912552	0.0001296114205615595	0.00012373564823064953	2.358410165470559e-05	0.9627588391304016	0.026050733402371407	0.0028983375523239374	0.00014145577733870596
1231	joy	../syntropy_project/models/model1_0	../syntropy_project/models/model1_0	joy	0.9783349633216858	0.00916518084704876	0.0021141450852155685	0.000906931993085891	3.508776717353612e-05	0.00021844881121069193	0.000563153182156384	0.000180810660822317	3.892416134476662e-05	0.9783349633216858	0.006798974238336086	0.0015390863409265876	0.00010429389658384025
1232	disgust	../syntropy_project/models/model1_0	../syntropy_project/models/model1_0	disgust	0.8995791673660278	0.00883380975574255	0.02327045053243637	0.001493956777267158	0.0008956840028986335	0.0008829994476400316	0.012046500109136105	0.8995791673660278	0.0363173671066761	0.0006384183070622385	0.0007015757728368044	0.00035117179504595697	0.014988946728408337
1233	sadness	../syntropy_project/models/model1_0	../syntropy_project/models/model1_0	sadness	0.997414767742157	0.0007117962813936174	0.997414767742157	5.9133668401045725e-05	0.00035339483292773366	4.300166619941592e-05	0.00013865402434021235	0.00011153869127156213	0.0006606088718399405	0.0003746753791347146	4.424364669830538e-05	3.8585356378462166e-05	4.9681650125421584e-05
1234	sadness	../syntropy_project/models/model1_0	../syntropy_project/models/model1_0	sadness	0.9383336305618286	0.00861453078687191	0.9383336305618286	0.002579574938863516	0.0030594305135309696	0.000866195245180279	0.0032951394096016884	0.002895686775445938	0.0372009351849556	0.001882011885754764	0.0004775100387632847	0.0003769228351302445	0.0004184165154583752
1235	fear	../syntropy_project/models/model1_0	../syntropy_project/models/model1_0	fear	0.695011556148529	0.010170508176088333	0.03522464632987976	0.01121542602777481	0.009937994182109833	0.0074230278842151165	0.012514564208686352	0.19906093180179596	0.695011556148529	0.0009163301438093185	0.0011503404239192605	0.0004084949323441833	0.016966212540864944
1236	neutral	../syntropy_project/models/model1_0	../syntropy_project/models/model1_0	confusion	0.7151661515235901	0.22072406113147736	0.0028389885555952787	0.7151661515235901	0.0006493203691206872	0.008490483276546001	0.001661353511735797	0.002593265613541007	0.0007132133468985558	0.0007344051264226437	0.000812690646853298	0.0008859258960001171	0.04473010078072548
1237	anger	../syntropy_project/models/model1_0	../syntropy_project/models/model1_0	anger	0.9775640368461609	0.006890878081321716	0.00345831410959363	0.0003792004135902971	0.005007978994399309	8.009823795873672e-05	0.0011632771929726005	0.0035121282562613487	0.0013839219463989139	0.00015989936946425587	0.00021334041957743466	0.0001869040570454672	0.9775640368461609
1238	surprise	../syntropy_project/models/model1_0	../syntropy_project/models/model1_0	neutral	0.7706832885742188	0.7706832885742188	0.00503162806853652	0.20470166206359863	0.00012890039943158627	0.004410372115671635	0.004793460480868816	0.0021976763382554054	0.000817552674561739	0.0030031544156372547	0.0009326804429292679	0.0011461458634585142	0.0021533954422920942
1239	sadness	../syntropy_project/models/model1_0	../syntropy_project/models/model1_0	sadness	0.9387118816375732	0.013784872367978096	0.9387118816375732	0.004190658684819937	0.00013522837252821773	0.021523689851164818	0.012898237444460392	0.0027765713166445494	0.0004153267072979361	0.003762473352253437	0.0014056748477742076	0.000314946606522426	8.038436499191448e-05
1240	excitement	../syntropy_project/models/model1_0	../syntropy_project/models/model1_0	surprise	0.9106799364089966	0.009835452772676945	0.001196291414089501	0.007052323780953884	0.0004173623747192323	0.9106799364089966	0.001977859763428569	0.0064657339826226234	0.0010740235447883606	0.0070108575746417046	0.04995031654834747	0.0012184502556920052	0.0031214419286698103
1241	anger	../syntropy_project/models/model1_0	../syntropy_project/models/model1_0	anger	0.9683208465576172	0.002595658181235194	0.0022492886055260897	8.901642286218703e-05	0.000371903064660728	0.00029929683660157025	0.00045795037294737995	0.024285636842250824	0.0004135895287618041	0.00013551872689276934	0.0006542070768773556	0.0001272465306101367	0.9683208465576172
1242	anger	../syntropy_project/models/model1_0	../syntropy_project/models/model1_0	anger	0.30731162428855896	0.12582184374332428	0.012242414988577366	0.04275744780898094	0.014536252245306969	0.004751356318593025	0.24382123351097107	0.21806855499744415	0.004166531376540661	0.002063110703602433	0.0009629850392229855	0.023496706038713455	0.30731162428855896
1243	excitement	../syntropy_project/models/model1_0	../syntropy_project/models/model1_0	excitement	0.37030330300331116	0.09187593311071396	0.0029765001963824034	0.01455079484730959	0.0001342692121397704	0.1420738697052002	0.007695116568356752	0.01429728139191866	0.006770013831555843	0.34153398871421814	0.37030330300331116	0.006095819640904665	0.0016931259306147695
1244	anger	../syntropy_project/models/model1_0	../syntropy_project/models/model1_0	anger	0.7665780782699585	0.06143168359994888	0.0338018573820591	0.0023591886274516582	0.003581934841349721	0.002630877774208784	0.003106603631749749	0.1138915941119194	0.005976422689855099	0.0016618383815512061	0.004153912886977196	0.0008260254398919642	0.7665780782699585
1245	disgust	../syntropy_project/models/model1_0	../syntropy_project/models/model1_0	anger	0.9210305213928223	0.02314387634396553	0.001676431274972856	0.0031145329121500254	0.0014221019810065627	0.0023738674353808165	0.0020194235257804394	0.04148223251104355	0.0016830182867124677	0.00024721265072003007	0.0012952183606103063	0.000511581136379391	0.9210305213928223
1246	anger	../syntropy_project/models/model1_0	../syntropy_project/models/model1_0	joy	0.6000035405158997	0.18709243834018707	0.008369695395231247	0.010372364893555641	0.0012956025311723351	0.011591305956244469	0.007996151223778725	0.011720817536115646	0.001580377109348774	0.6000035405158997	0.1358679234981537	0.013002580031752586	0.011107307858765125
1247	excitement	../syntropy_project/models/model1_0	../syntropy_project/models/model1_0	excitement	0.994146466255188	0.001237076474353671	0.0001530825102236122	2.706815030251164e-05	6.678132194792852e-05	0.0005006059072911739	2.566654802649282e-05	7.154662307584658e-05	3.703731272253208e-05	0.0036447495222091675	0.994146466255188	7.595396891701967e-05	1.3913638213125523e-05
1248	sadness	../syntropy_project/models/model1_0	../syntropy_project/models/model1_0	sadness	0.980883777141571	0.002742171986028552	0.980883777141571	0.0016252426430583	0.001822564285248518	0.00040027734939940274	0.002089493442326784	0.0015745731070637703	0.007533914875239134	0.0009144113282673061	0.00011380857176845893	0.00010396895959274843	0.00019565477850846946
1249	confusion	../syntropy_project/models/model1_0	../syntropy_project/models/model1_0	confusion	0.9811089038848877	0.0036824150010943413	0.0013692853972315788	0.9811089038848877	0.0006325620925053954	0.008313373662531376	0.0029422298539429903	0.0003654582251328975	0.0005171060329303145	8.93087635631673e-05	0.00014062828267924488	0.00010802578617585823	0.0007306829793378711
1250	confusion	../syntropy_project/models/model1_0	../syntropy_project/models/model1_0	confusion	0.7554583549499512	0.14397144317626953	0.004252798855304718	0.7554583549499512	0.0006632633740082383	0.02476448006927967	0.0026152916252613068	0.004367147572338581	0.0006520109600387514	0.0004392147238831967	0.0009310030145570636	0.0009203886729665101	0.06096462160348892
1251	surprise	../syntropy_project/models/model1_0	../syntropy_project/models/model1_0	surprise	0.8264342546463013	0.007884236983954906	0.00043913430999964476	0.0014668217627331614	5.986518954159692e-05	0.8264342546463013	0.0003860781143885106	0.0006188833503983915	0.00017439707880839705	0.015098116360604763	0.14621107280254364	0.001120943226851523	0.00010623737034620717
1252	confusion	../syntropy_project/models/model1_0	../syntropy_project/models/model1_0	confusion	0.9163438081741333	0.051652297377586365	0.001465977868065238	0.9163438081741333	0.0002955572563223541	0.0028528126422315836	0.007327069528400898	0.008100590668618679	0.0018238830380141735	0.0002997049887198955	0.00016114611935336143	0.0005013352492824197	0.00917578861117363
1253	excitement	../syntropy_project/models/model1_0	../syntropy_project/models/model1_0	excitement	0.881875216960907	0.031886037439107895	0.0016140496591106057	0.0020833928138017654	0.00030420729308389127	0.04996098577976227	0.0005558494012802839	0.0006574068102054298	0.0003787782625295222	0.02894405834376812	0.881875216960907	0.0007395145948976278	0.0010005583753809333
1254	surprise	../syntropy_project/models/model1_0	../syntropy_project/models/model1_0	surprise	0.9844020009040833	0.0020040045492351055	0.003035946050658822	0.000996139831840992	0.00021662606741301715	0.9844020009040833	0.0028345410246402025	0.0015742870746180415	0.0009259170037694275	0.00047753870603628457	0.0031771098729223013	0.0002299174084328115	0.00012601570051629096
1255	joy	../syntropy_project/models/model1_0	../syntropy_project/models/model1_0	joy	0.96110600233078	0.006915091071277857	0.010673188604414463	0.0031756118405610323	0.00028880845638923347	0.0007284005987457931	0.0014399525243788958	0.00040949758840724826	5.514976510312408e-05	0.96110600233078	0.0075089819729328156	0.0066942935809493065	0.0010049319826066494
1256	joy	../syntropy_project/models/model1_0	../syntropy_project/models/model1_0	joy	0.9230234622955322	0.0014157373225316405	0.0003153806319460273	0.00027786544524133205	2.3352369680651464e-05	0.00046137309982441366	8.408244320889935e-05	3.546448715496808e-05	4.6696299250470474e-05	0.9230234622955322	0.07323925942182541	0.0010400381870567799	3.7239125958876684e-05
1257	anger	../syntropy_project/models/model1_0	../syntropy_project/models/model1_0	anger	0.8929671049118042	0.019218051806092262	0.0028722744900733232	0.0009115493739955127	0.0015343490522354841	0.0022102571092545986	0.0029818445909768343	0.07265540957450867	0.0015323003754019737	0.000730007013771683	0.0017547615570947528	0.0006321089458651841	0.8929671049118042
1258	sadness	../syntropy_project/models/model1_0	../syntropy_project/models/model1_0	sadness	0.31583017110824585	0.31531649827957153	0.31583017110824585	0.06363728642463684	0.013472502119839191	0.15252919495105743	0.0050876750610768795	0.0043799420818686485	0.11048469692468643	0.010567111894488335	0.006949098315089941	0.001521829515695572	0.00022407554206438363
1259	anger	../syntropy_project/models/model1_0	../syntropy_project/models/model1_0	anger	0.9557031393051147	0.005994643084704876	0.0007869618711993098	0.010005160234868526	0.0006737089133821428	0.002167436759918928	0.003426061477512121	0.019813297316432	0.00023934706405270845	0.00015592949057463557	0.0004844204231631011	0.0005497642559930682	0.9557031393051147
1260	sadness	../syntropy_project/models/model1_0	../syntropy_project/models/model1_0	sadness	0.9156496524810791	0.007999449968338013	0.9156496524810791	0.03568887710571289	0.0028863195329904556	0.0072463382966816425	0.013576447032392025	0.004466554149985313	0.00907091610133648	0.0018072533421218395	0.00015553251432720572	0.0004898951156064868	0.000962797726970166
1261	excitement	../syntropy_project/models/model1_0	../syntropy_project/models/model1_0	excitement	0.9046481847763062	0.009034802205860615	0.0004415700095705688	0.004810255020856857	0.00015682083903811872	0.06755904108285904	0.00038827897515147924	0.0004264060698915273	0.0002634907723404467	0.011652592569589615	0.9046481847763062	0.0005760617204941809	4.236192398821004e-05
1262	neutral	../syntropy_project/models/model1_0	../syntropy_project/models/model1_0	anger	0.9656131863594055	0.011244187131524086	0.0068310028873384	0.00036225022631697357	0.002198226749897003	0.00012573492131195962	0.0002631284005474299	0.010468501597642899	0.00042659579776227474	0.0004140457313042134	0.001786464941687882	0.00026656646514311433	0.9656131863594055
1263	excitement	../syntropy_project/models/model1_0	../syntropy_project/models/model1_0	neutral	0.44872549176216125	0.44872549176216125	0.003081650473177433	0.003085630713030696	6.599681364605203e-05	0.026762381196022034	0.0004332201206125319	0.003623024094849825	0.0012255404144525528	0.12923608720302582	0.3812098205089569	0.0021420298144221306	0.00040911114774644375
1264	sadness	../syntropy_project/models/model1_0	../syntropy_project/models/model1_0	sadness	0.8815562725067139	0.005595503840595484	0.8815562725067139	0.0019173877080902457	0.018364783376455307	0.0025053415447473526	0.00959834735840559	0.010617483407258987	0.019176797941327095	0.004231377970427275	0.00100721325725317	0.002054214011877775	0.04337533190846443
1265	neutral	../syntropy_project/models/model1_0	../syntropy_project/models/model1_0	neutral	0.851665735244751	0.851665735244751	0.0620705708861351	0.016426481306552887	0.0010685418965294957	0.011918776668608189	0.005436545237898827	0.010377055034041405	0.005630490370094776	0.01671069674193859	0.013795590959489346	0.002249660901725292	0.002649808069691062
1266	joy	../syntropy_project/models/model1_0	../syntropy_project/models/model1_0	confusion	0.9933985471725464	0.0022826548665761948	0.00034664367558434606	0.9933985471725464	6.692968599963933e-05	0.001119229244068265	0.0018568625673651695	0.00011296092998236418	0.00017079721146728843	0.0003888134961016476	4.024651207146235e-05	8.833000902086496e-05	0.00012800614058505744
1267	surprise	../syntropy_project/models/model1_0	../syntropy_project/models/model1_0	embarrassment	0.36292755603790283	0.07196120917797089	0.011466259136795998	0.16796255111694336	0.0044942572712898254	0.21506349742412567	0.36292755603790283	0.09797155112028122	0.01962006650865078	0.018624553456902504	0.014842813834547997	0.010412916541099548	0.004652782808989286
1268	joy	../syntropy_project/models/model1_0	../syntropy_project/models/model1_0	joy	0.6770864725112915	0.017989041283726692	0.006368767470121384	0.004636840429157019	0.00028611443121917546	0.0031911905389279127	0.0006645080866292119	0.00031788964406587183	0.00015280363732017577	0.6770864725112915	0.28282827138900757	0.005380050279200077	0.0010980803053826094
1269	neutral	../syntropy_project/models/model1_0	../syntropy_project/models/model1_0	neutral	0.7631542682647705	0.7631542682647705	0.03745485097169876	0.028463510796427727	0.0067562018521130085	0.026311775669455528	0.004058802034705877	0.002750885207206011	0.004081311170011759	0.006132636219263077	0.10326410830020905	0.0038181862328201532	0.013753487728536129
1270	embarrassment	../syntropy_project/models/model1_0	../syntropy_project/models/model1_0	disgust	0.6447526812553406	0.13324517011642456	0.012075169943273067	0.0686994343996048	0.003930042963474989	0.03050912730395794	0.0666588768362999	0.6447526812553406	0.021319109946489334	0.0076687936671078205	0.006471504922956228	0.0020928909070789814	0.0025773001834750175
1271	anger	../syntropy_project/models/model1_0	../syntropy_project/models/model1_0	disgust	0.8737164735794067	0.025196323171257973	0.008014336228370667	0.00862071942538023	0.0031140546780079603	0.0021712318994104862	0.06043921783566475	0.8737164735794067	0.006131840869784355	0.0045452178455889225	0.0016527827829122543	0.0012927756179124117	0.005104921758174896
1272	surprise	../syntropy_project/models/model1_0	../syntropy_project/models/model1_0	surprise	0.8400698304176331	0.04101485759019852	0.0022924754302948713	0.09157898277044296	0.0006447667255997658	0.8400698304176331	0.002104748273268342	0.0005036834045313299	0.0006543159834109247	0.00232782494276762	0.017868543043732643	0.0006160494522191584	0.0003240605292376131
1273	disgust	../syntropy_project/models/model1_0	../syntropy_project/models/model1_0	disgust	0.8263809680938721	0.004771752282977104	0.04483611509203911	0.0018718009814620018	0.00156911660451442	0.0011683107586577535	0.018339667469263077	0.8263809680938721	0.07222333550453186	0.0009954763809219003	0.0008549574995413423	0.000496669381391257	0.026491839438676834
1274	anger	../syntropy_project/models/model1_0	../syntropy_project/models/model1_0	anger	0.9837276935577393	0.002178141148760915	0.0008458281517960131	0.0005191952805034816	0.0005713909631595016	0.0022040223702788353	0.0007244793814606965	0.006508072838187218	0.0006526575889438391	0.00031796240364201367	0.0014672542456537485	0.00028321347781457007	0.9837276935577393
1275	excitement	../syntropy_project/models/model1_0	../syntropy_project/models/model1_0	excitement	0.7394104599952698	0.040494680404663086	0.10768195241689682	0.002448790008202195	0.004968430381268263	0.015297693200409412	0.0025394114200025797	0.002561521017923951	0.006647410802543163	0.07481058686971664	0.7394104599952698	0.0016365210758522153	0.0015025405446067452
1276	confusion	../syntropy_project/models/model1_0	../syntropy_project/models/model1_0	neutral	0.48870548605918884	0.48870548605918884	0.06973189860582352	0.2058006078004837	0.004460407420992851	0.1712869107723236	0.00307234819047153	0.0060049137100577354	0.005440505221486092	0.023259012028574944	0.015334340743720531	0.0015543110202997923	0.005349225364625454
1277	confusion	../syntropy_project/models/model1_0	../syntropy_project/models/model1_0	confusion	0.8074926137924194	0.16997015476226807	0.0015425756573677063	0.8074926137924194	0.000167193342349492	0.012622632086277008	0.0025949219707399607	0.0007898460607975721	0.00042316378676332533	0.0009027179912663996	0.001963050104677677	0.0004488560080062598	0.0010822718031704426
1278	disgust	../syntropy_project/models/model1_0	../syntropy_project/models/model1_0	disgust	0.8708372116088867	0.01904189959168434	0.0069604297168552876	0.0009655083413235843	0.0013646958395838737	0.0012091336539015174	0.003834552364423871	0.8708372116088867	0.01358769554644823	0.0014643444446846843	0.002006727736443281	0.0005743214278481901	0.0781535804271698
1279	joy	../syntropy_project/models/model1_0	../syntropy_project/models/model1_0	joy	0.9679482579231262	0.001058859401382506	0.0005142426234669983	0.00014712537813466042	5.9893853176617995e-05	7.203031418612227e-05	0.00010932460281765088	3.5366439988138154e-05	1.5099251868377905e-05	0.9679482579231262	0.02877797745168209	0.0011886305874213576	7.311294029932469e-05
1280	surprise	../syntropy_project/models/model1_0	../syntropy_project/models/model1_0	surprise	0.6144866347312927	0.1186266615986824	0.0017778767505660653	0.22620761394500732	0.0004792155232280493	0.6144866347312927	0.002474804176017642	0.0028880280442535877	0.001113524311222136	0.0013665399746969342	0.025494063273072243	0.001256764866411686	0.0038282384630292654
1281	disgust	../syntropy_project/models/model1_0	../syntropy_project/models/model1_0	confusion	0.7683441638946533	0.006684877444058657	0.046249162405729294	0.7683441638946533	0.014667498879134655	0.012660766020417213	0.09565217792987823	0.03268676623702049	0.01570112071931362	0.0011574745876714587	0.0003191657888237387	0.0012660541106015444	0.004610929172486067
1282	sadness	../syntropy_project/models/model1_0	../syntropy_project/models/model1_0	disgust	0.3266878128051758	0.04274928569793701	0.18882469832897186	0.011178708635270596	0.011219277046620846	0.020264295861124992	0.024243531748652458	0.3266878128051758	0.01886051893234253	0.01190495677292347	0.02346205525100231	0.001315568690188229	0.31928926706314087
1283	neutral	../syntropy_project/models/model1_0	../syntropy_project/models/model1_0	neutral	0.6573607921600342	0.6573607921600342	0.012661580927670002	0.03356117010116577	0.012743210420012474	0.023243196308612823	0.0017151829088106751	0.017056453973054886	0.008498107083141804	0.028039652854204178	0.050735779106616974	0.00705330865457654	0.14733164012432098
1284	fear	../syntropy_project/models/model1_0	../syntropy_project/models/model1_0	neutral	0.8101589679718018	0.8101589679718018	0.02233702689409256	0.024635540321469307	0.001759635633789003	0.005525713786482811	0.014879968017339706	0.09169737994670868	0.0053279162384569645	0.0034924836363643408	0.004108881112188101	0.005006928462535143	0.011069491505622864
1285	disgust	../syntropy_project/models/model1_0	../syntropy_project/models/model1_0	disgust	0.8260062336921692	0.01080033928155899	0.0043885172344744205	0.02685050293803215	0.0017490610480308533	0.01862805336713791	0.09104844927787781	0.8260062336921692	0.00814213976264	0.008618812076747417	0.0017117953393608332	0.001199794001877308	0.0008563582086935639
1286	anger	../syntropy_project/models/model1_0	../syntropy_project/models/model1_0	neutral	0.8600415587425232	0.8600415587425232	0.012359107844531536	0.003913586493581533	0.0016505334060639143	0.006507458630949259	0.0009849597699940205	0.007343421224504709	0.0028506056405603886	0.019563350826501846	0.02594059333205223	0.005338332615792751	0.0535065159201622
1287	pride	../syntropy_project/models/model1_0	../syntropy_project/models/model1_0	neutral	0.513526976108551	0.513526976108551	0.1430639773607254	0.0074860225431621075	0.0067522889003157616	0.01720382645726204	0.006820216774940491	0.014524023048579693	0.006830618716776371	0.11910180747509003	0.040886759757995605	0.03684099391102791	0.08696248382329941
1288	sadness	../syntropy_project/models/model1_0	../syntropy_project/models/model1_0	sadness	0.994860827922821	0.0022631208412349224	0.994860827922821	0.00040541074122302234	2.2299653210211545e-05	4.409675966599025e-05	0.0013602228136733174	0.00026162905851379037	0.0002613076358102262	0.00037606165278702974	1.0142331120732706e-05	4.45377008873038e-05	9.031687659444287e-05
1289	joy	../syntropy_project/models/model1_0	../syntropy_project/models/model1_0	joy	0.5318295955657959	0.2692331373691559	0.0537305623292923	0.003246450098231435	0.001241679536178708	0.010559934191405773	0.0009929145453497767	0.0023154891096055508	0.0011301060440018773	0.5318295955657959	0.1165916696190834	0.007782275788486004	0.0013461642665788531
1290	surprise	../syntropy_project/models/model1_0	../syntropy_project/models/model1_0	surprise	0.8523905873298645	0.010136347264051437	0.000637575052678585	0.0035460242070257664	0.00017848376592155546	0.8523905873298645	0.0008344001253135502	0.0014154092641547322	0.0008087449241429567	0.007975869812071323	0.12052042782306671	0.0009466892224736512	0.0006092997500672936
1291	disgust	../syntropy_project/models/model1_0	../syntropy_project/models/model1_0	disgust	0.9931758046150208	0.0016189967282116413	0.0003004739701282233	0.00024094583932310343	7.200901745818555e-05	7.602042751386762e-05	0.0022571105509996414	0.9931758046150208	0.0006311424076557159	5.75082449358888e-05	0.00011584900494199246	3.5575965739553794e-05	0.0014185619074851274
1292	excitement	../syntropy_project/models/model1_0	../syntropy_project/models/model1_0	surprise	0.37319067120552063	0.2500912845134735	0.008163128048181534	0.05955604091286659	0.0009474167600274086	0.37319067120552063	0.0052238088101148605	0.007178505416959524	0.014559997245669365	0.06059961020946503	0.21281315386295319	0.00437106192111969	0.0033053369261324406
1293	confusion	../syntropy_project/models/model1_0	../syntropy_project/models/model1_0	anger	0.5309507846832275	0.05201732739806175	0.027261389419436455	0.13981322944164276	0.008645270019769669	0.02839345484972	0.11584702879190445	0.0824408158659935	0.009555899538099766	0.001880716416053474	0.001140739768743515	0.002053393516689539	0.5309507846832275
1294	excitement	../syntropy_project/models/model1_0	../syntropy_project/models/model1_0	excitement	0.9778231382369995	0.0029885987751185894	0.0002146356855519116	0.002867128001525998	0.0004970119916833937	0.012194802053272724	0.0001589124440215528	0.0001059917631209828	0.0001607284793863073	0.0024811371695250273	0.9778231382369995	0.00023399776546284556	0.000273882265901193
1295	fear	../syntropy_project/models/model1_0	../syntropy_project/models/model1_0	fear	0.9718085527420044	0.0019071368733420968	0.0037897571455687284	0.00108976976480335	0.01721303164958954	0.000838272855617106	0.0008774757734499872	0.001165802706964314	0.9718085527420044	0.0004810686223208904	0.00015787455777172	0.00029825486126355827	0.0003730979224201292
1296	disgust	../syntropy_project/models/model1_0	../syntropy_project/models/model1_0	anger	0.4405856430530548	0.03854645788669586	0.044374432414770126	0.0011281113838776946	0.0033293282613158226	0.0021747383289039135	0.007375956512987614	0.42369940876960754	0.03191645070910454	0.002653622766956687	0.0025446880608797073	0.0016711866483092308	0.4405856430530548
1297	surprise	../syntropy_project/models/model1_0	../syntropy_project/models/model1_0	surprise	0.9917247295379639	0.002196960849687457	0.00012204010272398591	0.00021541265596169978	4.291186633054167e-05	0.9917247295379639	0.00024606625083833933	0.00023519516980741173	0.00010978106001857668	0.00021536705025937408	0.00474214181303978	0.00014294504944700748	6.436659987230087e-06
1298	nervousness	../syntropy_project/models/model1_0	../syntropy_project/models/model1_0	nervousness	0.7634909749031067	0.0062264795415103436	0.00793781504034996	0.002006888622418046	0.7634909749031067	0.0009065204067155719	0.0028594452887773514	0.0013948275009170175	0.20786625146865845	0.0033648537937551737	0.0017145784804597497	0.0011696380097419024	0.001061751856468618
1299	sadness	../syntropy_project/models/model1_0	../syntropy_project/models/model1_0	sadness	0.9914752840995789	0.0035032867453992367	0.9914752840995789	0.0008856209460645914	0.0003202673979103565	0.00025703475694172084	0.00047397453454323113	0.0005243746563792229	0.0010667804162949324	0.0010808396618813276	0.0001887320977402851	6.804081931477413e-05	0.00015564053319394588
1300	anger	../syntropy_project/models/model1_0	../syntropy_project/models/model1_0	anger	0.6235421299934387	0.07262313365936279	0.004600050393491983	0.027179447934031487	0.0053001767955720425	0.001819394063204527	0.07749777287244797	0.18041245639324188	0.0012499981094151735	0.0008212735992856324	0.00040219788206741214	0.004551906604319811	0.6235421299934387
1301	anger	../syntropy_project/models/model1_0	../syntropy_project/models/model1_0	anger	0.8116106986999512	0.10790015757083893	0.010445783846080303	0.005189311690628529	0.004542353563010693	0.0010954162571579218	0.003471395932137966	0.04894942045211792	0.0015067534986883402	0.0014046597061678767	0.0012668591225519776	0.002617234131321311	0.8116106986999512
1302	neutral	../syntropy_project/models/model1_0	../syntropy_project/models/model1_0	disgust	0.7918626070022583	0.029081253334879875	0.00979405827820301	0.0024902543518692255	0.0018957317806780338	0.004900766536593437	0.020289473235607147	0.7918626070022583	0.005519862286746502	0.0005375854671001434	0.0019814136903733015	0.0010589881567284465	0.13058799505233765
1303	excitement	../syntropy_project/models/model1_0	../syntropy_project/models/model1_0	surprise	0.7401333451271057	0.008038973435759544	0.000292307318886742	0.00024410919286310673	8.873079059412703e-05	0.7401333451271057	0.00018838630057871342	0.00048283199430443347	0.000515335937961936	0.0038923013489693403	0.24536672234535217	0.0006522684125229716	0.0001047750047291629
1304	sadness	../syntropy_project/models/model1_0	../syntropy_project/models/model1_0	sadness	0.7998296022415161	0.030004054307937622	0.7998296022415161	0.00593528850004077	0.0011986296158283949	0.004527730867266655	0.008661932311952114	0.12609578669071198	0.004757021553814411	0.0018014819361269474	0.0011286827502772212	0.0003189171839039773	0.01574082113802433
1305	confusion	../syntropy_project/models/model1_0	../syntropy_project/models/model1_0	confusion	0.9808112978935242	0.0012388437753543258	0.0015183205250650644	0.9808112978935242	7.063712109811604e-05	0.01305185817182064	0.0021523903124034405	0.0005401698872447014	0.0001231833448400721	0.00015736048226244748	3.757882586796768e-05	3.8883536035427824e-05	0.00025938666658475995
1306	surprise	../syntropy_project/models/model1_0	../syntropy_project/models/model1_0	surprise	0.6178246736526489	0.019244484603405	0.0002856370701920241	0.0004974741023033857	2.8848540750914253e-05	0.6178246736526489	0.0003231337759643793	0.00033949268981814384	0.00015311142487917095	0.015401259995996952	0.3455769419670105	0.0002954870869871229	2.9519485906348564e-05
1307	anger	../syntropy_project/models/model1_0	../syntropy_project/models/model1_0	nervousness	0.9011285305023193	0.0005595732945948839	0.01002130750566721	0.0011738043976947665	0.9011285305023193	0.0005849592853337526	0.00641443207859993	0.006093846168369055	0.05269073322415352	0.0008201715536415577	0.0009893665555864573	0.0008630400989204645	0.018660297617316246
1308	confusion	../syntropy_project/models/model1_0	../syntropy_project/models/model1_0	confusion	0.9055290818214417	0.020796405151486397	0.0012664073146879673	0.9055290818214417	0.0006368843605741858	0.05198292061686516	0.0022339203860610723	0.0004548398428596556	0.0005461741238832474	0.0012532148975878954	0.01464528776705265	0.0005160940927453339	0.00013871051487512887
1309	anger	../syntropy_project/models/model1_0	../syntropy_project/models/model1_0	anger	0.9540231227874756	0.010862518101930618	0.0009120085160247982	0.0012369832256808877	0.0006986159714870155	0.0021720314398407936	0.0009822610300034285	0.025598520413041115	0.00017831346485763788	0.0005111843929626048	0.002170071704313159	0.0006543032359331846	0.9540231227874756
1310	anger	../syntropy_project/models/model1_0	../syntropy_project/models/model1_0	embarrassment	0.35911858081817627	0.12963572144508362	0.09586217254400253	0.07718364149332047	0.004293682053685188	0.0006176398601382971	0.35911858081817627	0.12677812576293945	0.003256961004808545	0.005142394453287125	0.00129937962628901	0.005468540359288454	0.19134311378002167
1311	disgust	../syntropy_project/models/model1_0	../syntropy_project/models/model1_0	disgust	0.9325838685035706	0.006588717456907034	0.0021985170897096395	0.0006313937483355403	0.0002995984104927629	0.0004921542713418603	0.005568444728851318	0.9325838685035706	0.0038872023578733206	0.0006628036499023438	0.0007083977689035237	0.000515030580572784	0.045863766223192215
1312	neutral	../syntropy_project/models/model1_0	../syntropy_project/models/model1_0	neutral	0.9580050706863403	0.9580050706863403	0.0018644430674612522	0.01797485165297985	0.00013490390847437084	0.004599857144057751	0.0006488155340775847	0.002759866649284959	0.0008805464603938162	0.0026916852220892906	0.005561444908380508	0.001718390267342329	0.0031602701637893915
1313	nervousness	../syntropy_project/models/model1_0	../syntropy_project/models/model1_0	sadness	0.9716026186943054	0.008965334855020046	0.9716026186943054	0.0013670679181814194	0.0001035781460814178	0.00017632699746172875	0.011065724305808544	0.0029703753534704447	0.0019208384910598397	0.0011905410792678595	5.1864572014892474e-05	0.00030981964664533734	0.00027584482450038195
1314	anger	../syntropy_project/models/model1_0	../syntropy_project/models/model1_0	anger	0.5891250371932983	0.07966835051774979	0.011789246462285519	0.00615518307313323	0.005001700017601252	0.0005785085959360003	0.027517203241586685	0.270358145236969	0.004282879177480936	0.001536017400212586	0.002634212840348482	0.0013535373145714402	0.5891250371932983
1315	anger	../syntropy_project/models/model1_0	../syntropy_project/models/model1_0	anger	0.4636242985725403	0.2545277178287506	0.010414192453026772	0.012815493158996105	0.0046982234343886375	0.012293935753405094	0.011255795136094093	0.19847863912582397	0.004973735194653273	0.007217333652079105	0.014923264272511005	0.004777414258569479	0.4636242985725403
1316	fear	../syntropy_project/models/model1_0	../syntropy_project/models/model1_0	fear	0.9516565799713135	0.0015053903916850686	0.001990704098716378	0.0005426118150353432	0.018349621444940567	0.012691453099250793	0.0018838084070011973	0.006322599481791258	0.9516565799713135	0.0007601988618262112	0.0022189330775290728	0.00035468459827825427	0.001723546884022653
1317	neutral	../syntropy_project/models/model1_0	../syntropy_project/models/model1_0	neutral	0.9142605662345886	0.9142605662345886	0.015444464981555939	0.003984462469816208	0.0003752137126866728	0.015036063268780708	0.001489141839556396	0.0029539468232542276	0.005436791107058525	0.009696575812995434	0.027128878980875015	0.0034560339991003275	0.0007379699381999671
1318	anger	../syntropy_project/models/model1_0	../syntropy_project/models/model1_0	anger	0.8689015507698059	0.008729406632483006	0.002128732856363058	0.0008542602299712598	0.0020981107372790575	0.0018427874892950058	0.003890087828040123	0.10547295212745667	0.0010132824536412954	0.000893855351023376	0.003087947377935052	0.0010870228288695216	0.8689015507698059
1319	neutral	../syntropy_project/models/model1_0	../syntropy_project/models/model1_0	excitement	0.7135663032531738	0.024751581251621246	0.0005312127177603543	0.007871322333812714	0.00035348464734852314	0.24259735643863678	0.0007189871394075453	0.0004661416751332581	0.0003405667084734887	0.007377834524959326	0.7135663032531738	0.0012844123411923647	0.00014085994916968048
1320	confusion	../syntropy_project/models/model1_0	../syntropy_project/models/model1_0	confusion	0.974220871925354	0.012369224801659584	0.0012182352365925908	0.974220871925354	0.000299901410471648	0.0021418756805360317	0.007051331456750631	0.0005156532861292362	0.0007218018872663379	0.00010133151954505593	1.990166856558062e-05	0.0003863099555019289	0.000953618495259434
1321	neutral	../syntropy_project/models/model1_0	../syntropy_project/models/model1_0	neutral	0.8053998947143555	0.8053998947143555	0.03011365234851837	0.030732201412320137	0.0014270301908254623	0.0070098815485835075	0.0019625485874712467	0.004820495843887329	0.001536741852760315	0.039575930684804916	0.05193191021680832	0.006657456513494253	0.018832175061106682
1322	excitement	../syntropy_project/models/model1_0	../syntropy_project/models/model1_0	excitement	0.5995644927024841	0.008251892402768135	0.0004415664589032531	0.0005814057076349854	0.00014731856936123222	0.013531799428164959	0.0006242642994038761	0.0009710247395560145	0.0003410644712857902	0.37080955505371094	0.5995644927024841	0.004062084015458822	0.0006735168281011283
1323	surprise	../syntropy_project/models/model1_0	../syntropy_project/models/model1_0	surprise	0.9292761087417603	0.004158399533480406	0.0014707508962601423	0.001185780856758356	0.0003533005074132234	0.9292761087417603	0.0020554291550070047	0.0034925569780170918	0.0006983898347243667	0.0013194518396630883	0.055283404886722565	0.0005049658939242363	0.0002014956553466618
1324	joy	../syntropy_project/models/model1_0	../syntropy_project/models/model1_0	joy	0.44355109333992004	0.06270434707403183	0.030569633468985558	0.005154136102646589	0.004408107604831457	0.13526377081871033	0.012501097284257412	0.009012097492814064	0.00434355903416872	0.44355109333992004	0.2671278119087219	0.024660442024469376	0.0007038237527012825
1325	joy	../syntropy_project/models/model1_0	../syntropy_project/models/model1_0	joy	0.9793380498886108	0.0035367535892874002	0.0008413968025706708	0.00074869574746117	6.246832344913855e-05	0.0004014043079223484	0.00038098980439826846	0.00019123948004562408	5.272957423585467e-05	0.9793380498886108	0.012226231396198273	0.0019444708013907075	0.00027563891489990056
1326	anger	../syntropy_project/models/model1_0	../syntropy_project/models/model1_0	anger	0.8283876180648804	0.044554706662893295	0.003675077110528946	0.008826836943626404	0.002735727932304144	0.0025636262726038694	0.008511010557413101	0.09593993425369263	0.0019351581577211618	0.0008038647356443107	0.0014318880857899785	0.000634602562058717	0.8283876180648804
1327	fear	../syntropy_project/models/model1_0	../syntropy_project/models/model1_0	nervousness	0.5247175097465515	0.011924108490347862	0.030951017513871193	0.003466975875198841	0.5247175097465515	0.0027087945491075516	0.00271492637693882	0.0021927242632955313	0.41217005252838135	0.005842342507094145	0.0014550203923135996	0.0010066801914945245	0.0008498762617819011
1328	excitement	../syntropy_project/models/model1_0	../syntropy_project/models/model1_0	joy	0.7771596908569336	0.007884575985372066	0.001041541458107531	0.00023701992176938802	8.43273737700656e-05	0.0006332960911095142	0.00018768676090985537	0.00012378192332107574	5.371728548198007e-05	0.7771596908569336	0.20948830246925354	0.002998475218191743	0.00010768737411126494
1329	sadness	../syntropy_project/models/model1_0	../syntropy_project/models/model1_0	sadness	0.9435307383537292	0.027375657111406326	0.9435307383537292	0.0010241687996312976	0.002142690820619464	0.001288504572585225	0.0007414427818730474	0.0020692902617156506	0.005732011515647173	0.007166401483118534	0.004604829475283623	0.0005397294298745692	0.0037845855113118887
1330	excitement	../syntropy_project/models/model1_0	../syntropy_project/models/model1_0	excitement	0.6584256887435913	0.004263448994606733	0.0008540537673979998	0.00022129651915747672	2.5776591428439133e-05	0.008287879638373852	0.00016400738968513906	0.00012477727432269603	0.00010759806900750846	0.3260318636894226	0.6584256887435913	0.0014534484362229705	4.014278601971455e-05
1331	fear	../syntropy_project/models/model1_0	../syntropy_project/models/model1_0	fear	0.9495915174484253	0.006709230598062277	0.00323108839802444	0.0036058425903320312	0.022932611405849457	0.001658273977227509	0.0030536442063748837	0.005677211098372936	0.9495915174484253	0.0019945474341511726	0.0004822509945370257	0.0005327631370164454	0.0005310797714628279
1332	joy	../syntropy_project/models/model1_0	../syntropy_project/models/model1_0	joy	0.8750124573707581	0.023262018337845802	0.027117399498820305	0.0017433947650715709	0.0017898379592224956	0.0006307915900833905	0.0016603422118350863	0.0005726555245928466	0.0006742777186445892	0.8750124573707581	0.05489012226462364	0.011382916010916233	0.0012637717882171273
1333	joy	../syntropy_project/models/model1_0	../syntropy_project/models/model1_0	joy	0.7626972198486328	0.039656877517700195	0.0025612609460949898	0.0027870051562786102	0.0001467551483074203	0.001949288067407906	0.0005194458644837141	0.00060268584638834	0.0002389957953710109	0.7626972198486328	0.18447640538215637	0.0037664149422198534	0.0005976844113320112
1334	surprise	../syntropy_project/models/model1_0	../syntropy_project/models/model1_0	surprise	0.5286751389503479	0.010155868716537952	0.0004377083678264171	0.0002475868386682123	5.9511126892175525e-05	0.5286751389503479	0.00031873659463599324	0.0007287987391464412	0.00037902037729509175	0.0074394806288182735	0.4509677290916443	0.000514655199367553	7.578806253150105e-05
1335	neutral	../syntropy_project/models/model1_0	../syntropy_project/models/model1_0	neutral	0.8562310338020325	0.8562310338020325	0.005629091989248991	0.004885390866547823	0.0004915597382932901	0.014598991721868515	0.00302139762789011	0.013388760387897491	0.0019175924826413393	0.04620050638914108	0.04445471242070198	0.004310869611799717	0.0048700072802603245
1336	nervousness	../syntropy_project/models/model1_0	../syntropy_project/models/model1_0	nervousness	0.5389125943183899	0.018848992884159088	0.09704448282718658	0.012653897516429424	0.5389125943183899	0.004842142108827829	0.010731594637036324	0.005486991722136736	0.2892238199710846	0.010653307661414146	0.0060608601197600365	0.0023102934937924147	0.0032310637179762125
1337	confusion	../syntropy_project/models/model1_0	../syntropy_project/models/model1_0	confusion	0.9689413905143738	0.018344128504395485	0.0007183651905506849	0.9689413905143738	5.276116280583665e-05	0.008683470077812672	0.001483679166994989	0.00028707023011520505	0.00014511277549900115	0.0005918825627304614	0.0003511238901410252	0.00012609756959136575	0.0002749057312030345
1338	neutral	../syntropy_project/models/model1_0	../syntropy_project/models/model1_0	confusion	0.5726407766342163	0.18193192780017853	0.0018614920554682612	0.5726407766342163	0.0014865153934806585	0.20605196058750153	0.0015931291272863746	0.0004902143264189363	0.0015255101025104523	0.0022607154678553343	0.028354467824101448	0.0014782508369535208	0.0003249598667025566
1339	surprise	../syntropy_project/models/model1_0	../syntropy_project/models/model1_0	surprise	0.7459115386009216	0.03240232542157173	0.0010747193591669202	0.0011429362930357456	0.00011389728751964867	0.7459115386009216	0.0005644592456519604	0.0023140343837440014	0.0009587340755388141	0.006616586819291115	0.20686835050582886	0.0012257766211405396	0.000806601601652801
1340	confusion	../syntropy_project/models/model1_0	../syntropy_project/models/model1_0	confusion	0.9674093723297119	0.0046394458040595055	0.0027259462513029575	0.9674093723297119	0.0002459569077473134	0.01607757806777954	0.007041214499622583	0.0005897257360629737	0.00037133143632672727	0.00023683329345658422	1.3270828276290558e-05	0.00020386246615089476	0.00044532117317430675
1341	sadness	../syntropy_project/models/model1_0	../syntropy_project/models/model1_0	sadness	0.9804115891456604	0.004193905275315046	0.9804115891456604	0.0006584684597328305	0.00011947687016800046	0.0005888265441171825	0.002057695295661688	0.0003442189481575042	0.0006835678359493613	0.008867868222296238	0.0011947163147851825	0.0007764453766867518	0.00010323968308512121
1342	anger	../syntropy_project/models/model1_0	../syntropy_project/models/model1_0	neutral	0.6429396271705627	0.6429396271705627	0.03104434348642826	0.04122770205140114	0.0009527625516057014	0.0075254919938743114	0.008871379308402538	0.0769462138414383	0.01051483303308487	0.004203037824481726	0.0042967949993908405	0.002822309732437134	0.16865549981594086
1343	neutral	../syntropy_project/models/model1_0	../syntropy_project/models/model1_0	neutral	0.9531353712081909	0.9531353712081909	0.0030680103227496147	0.011154668405652046	7.761640154058114e-05	0.012919917702674866	0.0003498834266792983	0.0010485482634976506	0.0011545520974323153	0.0077787660993635654	0.008520991541445255	0.0006796646630391479	0.00011196776176802814
1344	joy	../syntropy_project/models/model1_0	../syntropy_project/models/model1_0	joy	0.9685017466545105	0.008011291734874249	0.0012261484516784549	0.0004434139118529856	4.1986029827967286e-05	0.00036672886926680803	0.0002058076934190467	0.000128352694446221	8.14842278487049e-05	0.9685017466545105	0.0198882557451725	0.0010711774230003357	3.364342046552338e-05
1345	excitement	../syntropy_project/models/model1_0	../syntropy_project/models/model1_0	excitement	0.9975852966308594	0.0004987662541680038	3.2353942515328526e-05	2.8004276828141883e-05	4.0204235119745135e-05	0.0005718991160392761	4.672572231356753e-06	6.9496741161856335e-06	6.318891792034265e-06	0.0011786918621510267	0.9975852966308594	3.666224074549973e-05	1.0203295460087247e-05
1346	excitement	../syntropy_project/models/model1_0	../syntropy_project/models/model1_0	excitement	0.7238273024559021	0.19961100816726685	0.002717620460316539	0.02682916820049286	0.0006984854117035866	0.03644801676273346	0.0002505971060600132	0.0003582829958759248	0.0004941118531860411	0.007292864378541708	0.7238273024559021	0.0010200821561738849	0.00045249293907545507
1347	confusion	../syntropy_project/models/model1_0	../syntropy_project/models/model1_0	confusion	0.7342259883880615	0.0870317667722702	0.0026570262853056192	0.7342259883880615	9.744687122292817e-05	0.15903569757938385	0.0017027702415362	0.0013295727549120784	0.0007651436608284712	0.004394307266920805	0.007231378462165594	0.00038159399991855025	0.0011473175836727023
1348	excitement	../syntropy_project/models/model1_0	../syntropy_project/models/model1_0	sadness	0.5647205710411072	0.1165287047624588	0.5647205710411072	0.020420925691723824	0.02668622136116028	0.015107529237866402	0.03018857352435589	0.04905970022082329	0.04638693854212761	0.005477144382894039	0.003055446082726121	0.002139340154826641	0.12022889405488968
1349	neutral	../syntropy_project/models/model1_0	../syntropy_project/models/model1_0	neutral	0.9109708666801453	0.9109708666801453	0.0049593341536819935	0.004722007550299168	0.0009863292798399925	0.002117000985890627	0.0004244798328727484	0.004586321767419577	0.0010678115068003535	0.01212886068969965	0.041868798434734344	0.0018641523784026504	0.01430402509868145
1350	disgust	../syntropy_project/models/model1_0	../syntropy_project/models/model1_0	disgust	0.8264115452766418	0.03766725957393646	0.003959169145673513	0.010446402244269848	0.005146405193954706	0.03477530926465988	0.057033080607652664	0.8264115452766418	0.005988683085888624	0.002784130861982703	0.0036088975612074137	0.0016061379574239254	0.010572988539934158
1351	sadness	../syntropy_project/models/model1_0	../syntropy_project/models/model1_0	surprise	0.933229923248291	0.007031913846731186	0.0006388151086866856	0.00862882100045681	3.173496952513233e-05	0.933229923248291	0.0009753576596267521	0.001464443514123559	0.0003073238767683506	0.004347871523350477	0.04270555078983307	0.0005503811407834291	8.793254528427497e-05
1352	disgust	../syntropy_project/models/model1_0	../syntropy_project/models/model1_0	disgust	0.4521622359752655	0.00942131970077753	0.018210414797067642	0.0018520423909649253	0.009055962786078453	0.010352171026170254	0.012017235159873962	0.4521622359752655	0.43297845125198364	0.001142277498729527	0.003920945804566145	0.0008480311371386051	0.04803884029388428
1353	confusion	../syntropy_project/models/model1_0	../syntropy_project/models/model1_0	confusion	0.6569936275482178	0.056214187294244766	0.008007636293768883	0.6569936275482178	0.003493213327601552	0.12218419462442398	0.01206455659121275	0.01237520668655634	0.0019614987540990114	0.001985760871320963	0.004205591976642609	0.0022127532865852118	0.11830168962478638
1354	surprise	../syntropy_project/models/model1_0	../syntropy_project/models/model1_0	surprise	0.9613866806030273	0.004269132856279612	0.004151421599090099	0.0045778509229421616	0.0004543882969301194	0.9613866806030273	0.01281739305704832	0.006399794481694698	0.003000094322487712	0.0006416016258299351	0.001367761637084186	0.0003081165486946702	0.0006257875356823206
1355	neutral	../syntropy_project/models/model1_0	../syntropy_project/models/model1_0	neutral	0.9066134095191956	0.9066134095191956	0.002286081900820136	0.02183336764574051	0.00019185802375432104	0.004499242175370455	0.001073724590241909	0.0022222232073545456	0.0005547065520659089	0.03292367607355118	0.023808499798178673	0.0034362985752522945	0.0005569028435274959
1356	joy	../syntropy_project/models/model1_0	../syntropy_project/models/model1_0	joy	0.991439938545227	0.0024907200131565332	0.0007538844947703183	0.00041788193630054593	2.5113669835263863e-05	0.00010012547863880172	0.000203553558094427	7.081971125444397e-05	2.466231308062561e-05	0.991439938545227	0.0023284556809812784	0.0021053224336355925	3.9401995309162885e-05
1357	anger	../syntropy_project/models/model1_0	../syntropy_project/models/model1_0	anger	0.6519039273262024	0.023489559069275856	0.021615155041217804	0.0034621041268110275	0.003573837922886014	0.008566325530409813	0.009874912910163403	0.26813194155693054	0.0027526356279850006	0.0013899389887228608	0.00406760023906827	0.001172112999483943	0.6519039273262024
