textid	target	model	tokenizer	predicted	prob	neutral	pride	joy	excitement	nervousness	sadness	surprise	fear	anger	confusion	embarrassment	disgust
0	excitement	../syntropy_project/models/model_35	../syntropy_project/models/model_35	neutral	0.2820231318473816	0.2820231318473816	0.2568623125553131	0.18162141740322113	0.11547981947660446	0.05877230688929558	0.03826763853430748	0.029575951397418976	0.01153633650392294	0.007802462670952082	0.006533517036587	0.006343251559883356	0.0051818592473864555
1	pride	../syntropy_project/models/model_35	../syntropy_project/models/model_35	neutral	0.38356342911720276	0.38356342911720276	0.19598056375980377	0.18236936628818512	0.17943213880062103	0.020169369876384735	0.007076017092913389	0.018996689468622208	0.0032392938155680895	0.001591670443303883	0.0040120817720890045	0.0021087152417749166	0.0014607228804379702
2	neutral	../syntropy_project/models/model_35	../syntropy_project/models/model_35	neutral	0.45136794447898865	0.45136794447898865	0.03494206815958023	0.40269964933395386	0.0923563539981842	0.0014056426007300615	0.0029598360415548086	0.010344063863158226	0.0005715114530175924	0.00013325430336408317	0.001639705616980791	0.0008545254822820425	0.0007253798539750278
3	neutral	../syntropy_project/models/model_35	../syntropy_project/models/model_35	neutral	0.4262115955352783	0.4262115955352783	0.22218050062656403	0.1580011248588562	0.053657080978155136	0.03979481756687164	0.01730729267001152	0.038203444331884384	0.009464086033403873	0.004266149364411831	0.015003926120698452	0.011888154782354832	0.004021933302283287
4	pride	../syntropy_project/models/model_35	../syntropy_project/models/model_35	pride	0.7574618458747864	0.042112644761800766	0.7574618458747864	0.061606768518686295	0.12546132504940033	0.004159650765359402	0.0013921915087848902	0.004888569470494986	0.00039534110692329705	0.0005331880529411137	0.00042997667333111167	0.0010894045699387789	0.0004691755457315594
5	pride	../syntropy_project/models/model_35	../syntropy_project/models/model_35	excitement	0.46121758222579956	0.08471868187189102	0.33246365189552307	0.0889555811882019	0.46121758222579956	0.015960587188601494	0.001167775597423315	0.008265821263194084	0.0008008510340005159	0.0019691120833158493	0.0021168990060687065	0.001641376642510295	0.0007219839608296752
6	neutral	../syntropy_project/models/model_35	../syntropy_project/models/model_35	joy	0.46856680512428284	0.2793266177177429	0.09560657292604446	0.46856680512428284	0.14202935993671417	0.001001103431917727	0.002334057120606303	0.008241428062319756	0.0003858486015815288	0.00017683219630271196	0.0008769265841692686	0.0008952087955549359	0.0005591670633293688
7	nervousness	../syntropy_project/models/model_35	../syntropy_project/models/model_35	nervousness	0.46911945939064026	0.04854133352637291	0.016666792333126068	0.008776189759373665	0.006663666106760502	0.46911945939064026	0.06244395300745964	0.0030902454163879156	0.0493762344121933	0.16077516973018646	0.024875065311789513	0.0369921512901783	0.11267974227666855
8	joy	../syntropy_project/models/model_35	../syntropy_project/models/model_35	excitement	0.31130799651145935	0.09129142016172409	0.2588329613208771	0.2711053192615509	0.31130799651145935	0.004796723369508982	0.003755695652216673	0.04370580613613129	0.0007649203762412071	0.0014943756395950913	0.009172049351036549	0.0025659515522420406	0.0012067524949088693
9	pride	../syntropy_project/models/model_35	../syntropy_project/models/model_35	pride	0.5579279661178589	0.17983730137348175	0.5579279661178589	0.10310036689043045	0.10480006784200668	0.022820914164185524	0.004817412234842777	0.015040802769362926	0.0020964755676686764	0.0012310165911912918	0.0025996987242251635	0.003381818998605013	0.0023462234530597925
10	disgust	../syntropy_project/models/model_35	../syntropy_project/models/model_35	nervousness	0.2892073690891266	0.037870995700359344	0.02589305117726326	0.01412776205688715	0.007590886205434799	0.2892073690891266	0.08963301032781601	0.00423666974529624	0.04539601877331734	0.27403974533081055	0.029688354581594467	0.06675706803798676	0.11555908620357513
11	excitement	../syntropy_project/models/model_35	../syntropy_project/models/model_35	excitement	0.7910388112068176	0.02160803973674774	0.13451777398586273	0.030256999656558037	0.7910388112068176	0.012071479111909866	0.0006698853685520589	0.006995766889303923	0.00039861947880126536	0.0007730006473138928	0.0005811576265841722	0.0007839876343496144	0.0003044798213522881
12	pride	../syntropy_project/models/model_35	../syntropy_project/models/model_35	neutral	0.32151520252227783	0.32151520252227783	0.19168739020824432	0.3120425343513489	0.14433641731739044	0.005363937932997942	0.002685521263629198	0.016405316069722176	0.0009525645291432738	0.0004819944151677191	0.0019038094906136394	0.0014112006174400449	0.001214035670273006
13	joy	../syntropy_project/models/model_35	../syntropy_project/models/model_35	joy	0.4239901602268219	0.2669183611869812	0.08940449357032776	0.4239901602268219	0.2065323144197464	0.001220336533151567	0.0026319792959839106	0.005949940998107195	0.0005063187563791871	0.00035964822745881975	0.001313471351750195	0.0005907589220441878	0.0005821749800816178
14	neutral	../syntropy_project/models/model_35	../syntropy_project/models/model_35	joy	0.4434106945991516	0.34210655093193054	0.07248032093048096	0.4434106945991516	0.11639455705881119	0.0017172802472487092	0.00334555609151721	0.015708137303590775	0.000764570664614439	0.00022773798264097422	0.0018282253295183182	0.0011845523258671165	0.0008316992898471653
15	excitement	../syntropy_project/models/model_35	../syntropy_project/models/model_35	pride	0.7741411328315735	0.03906794264912605	0.7741411328315735	0.05440136790275574	0.11204107105731964	0.007542750332504511	0.0019130753353238106	0.0052319602109491825	0.0006484261248260736	0.001452700817026198	0.000659608282148838	0.0019505673553794622	0.0009494617697782815
16	nervousness	../syntropy_project/models/model_35	../syntropy_project/models/model_35	nervousness	0.9151611328125	0.003962855786085129	0.003983331844210625	0.00228827609680593	0.002024122281000018	0.9151611328125	0.011710695922374725	0.000894227996468544	0.03094617649912834	0.014696083031594753	0.004971181973814964	0.005194718949496746	0.0041673025116324425
17	fear	../syntropy_project/models/model_35	../syntropy_project/models/model_35	disgust	0.2362787425518036	0.08916214108467102	0.040192317217588425	0.02383977361023426	0.012410148978233337	0.0683935359120369	0.21536988019943237	0.00882985070347786	0.039482735097408295	0.08726400136947632	0.05011144280433655	0.1286654770374298	0.2362787425518036
18	neutral	../syntropy_project/models/model_35	../syntropy_project/models/model_35	neutral	0.3669845759868622	0.3669845759868622	0.1663900464773178	0.22683261334896088	0.08469479531049728	0.007229733746498823	0.013071645982563496	0.08299583941698074	0.00707240728661418	0.0029253920074552298	0.011690915562212467	0.01332583837211132	0.01678611896932125
19	pride	../syntropy_project/models/model_35	../syntropy_project/models/model_35	pride	0.8659104108810425	0.015484683215618134	0.8659104108810425	0.018660733476281166	0.07179108262062073	0.0071967109106481075	0.002132873283699155	0.009756372310221195	0.000703306111972779	0.0015988870291039348	0.0005928358295932412	0.004398256540298462	0.001773873926140368
20	neutral	../syntropy_project/models/model_35	../syntropy_project/models/model_35	pride	0.3317836821079254	0.2153203934431076	0.3317836821079254	0.2741456627845764	0.139394149184227	0.007403412833809853	0.0017321609193459153	0.02062450908124447	0.0010593098122626543	0.0006867391639389098	0.0037229324225336313	0.0025333038065582514	0.0015937825664877892
21	joy	../syntropy_project/models/model_35	../syntropy_project/models/model_35	neutral	0.3340000510215759	0.3340000510215759	0.2047153264284134	0.2274584174156189	0.07028666138648987	0.025911608710885048	0.08928535133600235	0.021509839221835136	0.00975076761096716	0.002482295734807849	0.004381990991532803	0.006087965331971645	0.0041296957060694695
22	joy	../syntropy_project/models/model_35	../syntropy_project/models/model_35	joy	0.523095428943634	0.15322190523147583	0.09835558384656906	0.523095428943634	0.20626170933246613	0.0020366047974675894	0.002578008221462369	0.010694753378629684	0.0006205574027262628	0.0005278348107822239	0.0011332742869853973	0.0008672260446473956	0.00060708646196872
23	excitement	../syntropy_project/models/model_35	../syntropy_project/models/model_35	joy	0.3413785696029663	0.2608443796634674	0.11129394173622131	0.3413785696029663	0.2559019923210144	0.0010712580988183618	0.001807355904020369	0.02225448563694954	0.0008618380525149405	0.00050682871369645	0.0013567372225224972	0.0014441882958635688	0.0012783639831468463
24	anger	../syntropy_project/models/model_35	../syntropy_project/models/model_35	sadness	0.2664102613925934	0.037015628069639206	0.012513333931565285	0.005570112727582455	0.007946377620100975	0.07532551884651184	0.2664102613925934	0.002642007078975439	0.03670408949255943	0.22964315116405487	0.010253723710775375	0.08904073387384415	0.22693513333797455
25	joy	../syntropy_project/models/model_35	../syntropy_project/models/model_35	joy	0.48320502042770386	0.2144937515258789	0.11527054011821747	0.48320502042770386	0.16682767868041992	0.0015694001922383904	0.0021230450365692377	0.01255879458039999	0.0005145079921931028	0.00023727797088213265	0.0011939777759835124	0.0012085031485185027	0.0007975359912961721
26	joy	../syntropy_project/models/model_35	../syntropy_project/models/model_35	joy	0.41787493228912354	0.14741846919059753	0.17453403770923615	0.41787493228912354	0.19715751707553864	0.0020979016553610563	0.0050959158688783646	0.043924953788518906	0.0017352437134832144	0.00045749134733341634	0.0030084315221756697	0.004643398802727461	0.002051816787570715
27	pride	../syntropy_project/models/model_35	../syntropy_project/models/model_35	joy	0.5316581726074219	0.1092543676495552	0.13819372653961182	0.5316581726074219	0.18842646479606628	0.0038398108445107937	0.0038469198625534773	0.01395460870116949	0.0013933192240074277	0.0012953319819644094	0.0022251750342547894	0.004030251409858465	0.0018818234093487263
28	excitement	../syntropy_project/models/model_35	../syntropy_project/models/model_35	excitement	0.3443745970726013	0.1657515913248062	0.1252947300672531	0.30535024404525757	0.3443745970726013	0.0035397736355662346	0.0015026516048237681	0.04703188315033913	0.0011443709954619408	0.0006165457889437675	0.0014901929534971714	0.0019474251894280314	0.0019559275824576616
29	neutral	../syntropy_project/models/model_35	../syntropy_project/models/model_35	neutral	0.3280152380466461	0.3280152380466461	0.25152450799942017	0.26212817430496216	0.11012222617864609	0.0038455992471426725	0.003798702033236623	0.03151775151491165	0.0011319187469780445	0.0004840267647523433	0.0033014684449881315	0.0027197920717298985	0.001410613302141428
30	pride	../syntropy_project/models/model_35	../syntropy_project/models/model_35	joy	0.44197675585746765	0.12118229269981384	0.09411190450191498	0.44197675585746765	0.3195662498474121	0.0012784687569364905	0.0011580587597563863	0.01695508509874344	0.00044247254845686257	0.0003420200082473457	0.0010450163390487432	0.0011723958887159824	0.0007693255902267992
31	pride	../syntropy_project/models/model_35	../syntropy_project/models/model_35	joy	0.4099971055984497	0.24326549470424652	0.2241998165845871	0.4099971055984497	0.09019693732261658	0.0035565183497965336	0.0036026183515787125	0.016972549259662628	0.0011475753271952271	0.0007638447568751872	0.00222092866897583	0.0023463252000510693	0.0017303472850471735
32	excitement	../syntropy_project/models/model_35	../syntropy_project/models/model_35	pride	0.5476298332214355	0.03154753893613815	0.5476298332214355	0.04877762869000435	0.3486473858356476	0.006306006107479334	0.0009162449277937412	0.012570909224450588	0.00047285351320169866	0.0007517844787798822	0.0005809201975353062	0.0012659002095460892	0.0005329631385393441
33	neutral	../syntropy_project/models/model_35	../syntropy_project/models/model_35	nervousness	0.7441602945327759	0.01685568317770958	0.013720671646296978	0.007590665481984615	0.004786738194525242	0.7441602945327759	0.022846635431051254	0.0047855013981461525	0.09426421672105789	0.03271479532122612	0.02053425833582878	0.026366032660007477	0.011374522000551224
34	joy	../syntropy_project/models/model_35	../syntropy_project/models/model_35	joy	0.3843930661678314	0.2172536998987198	0.17412392795085907	0.3843930661678314	0.20691531896591187	0.0024552042596042156	0.0024218286853283644	0.00884462520480156	0.00044044878450222313	0.0002559801796451211	0.0010983505053445697	0.0010508316336199641	0.0007467397372238338
35	joy	../syntropy_project/models/model_35	../syntropy_project/models/model_35	joy	0.47055941820144653	0.20392562448978424	0.10293339937925339	0.47055941820144653	0.18362218141555786	0.0011675389250740409	0.0013228360330685973	0.02470211498439312	0.0009969351813197136	0.0005288511165417731	0.004573096986860037	0.0032819502521306276	0.0023860125802457333
36	pride	../syntropy_project/models/model_35	../syntropy_project/models/model_35	excitement	0.317430704832077	0.1861545890569687	0.2836392819881439	0.18980130553245544	0.317430704832077	0.0052680643275380135	0.0012383724097162485	0.009484048932790756	0.0006986419321037829	0.001100759720429778	0.001741192303597927	0.0021812571212649345	0.0012618839973583817
37	neutral	../syntropy_project/models/model_35	../syntropy_project/models/model_35	neutral	0.31558284163475037	0.31558284163475037	0.057352446019649506	0.14914609491825104	0.0337524488568306	0.028242874890565872	0.312959760427475	0.026591062545776367	0.020421292632818222	0.004232055973261595	0.02144591137766838	0.018554314970970154	0.011718862690031528
38	excitement	../syntropy_project/models/model_35	../syntropy_project/models/model_35	excitement	0.608120322227478	0.011592903174459934	0.32989540696144104	0.01294155977666378	0.608120322227478	0.012733284384012222	0.0006384356529451907	0.018708426505327225	0.0007338320720009506	0.001342481467872858	0.0008902347180992365	0.001610258244909346	0.0007928459672257304
39	neutral	../syntropy_project/models/model_35	../syntropy_project/models/model_35	neutral	0.3208022117614746	0.3208022117614746	0.05696612596511841	0.132440984249115	0.0697694793343544	0.15673430263996124	0.12333347648382187	0.03152262419462204	0.030044550076127052	0.006010360084474087	0.02665882743895054	0.019265569746494293	0.026451410725712776
40	joy	../syntropy_project/models/model_35	../syntropy_project/models/model_35	excitement	0.2586911618709564	0.23567277193069458	0.13663575053215027	0.14621727168560028	0.2586911618709564	0.0889204889535904	0.037170346826314926	0.04096344858407974	0.00941766332834959	0.01313185878098011	0.01052013412117958	0.014218172058463097	0.008440989069640636
41	nervousness	../syntropy_project/models/model_35	../syntropy_project/models/model_35	nervousness	0.8734279870986938	0.006866612937301397	0.00559597322717309	0.0039293779991567135	0.0034963961225003004	0.8734279870986938	0.027843326330184937	0.002661770209670067	0.04343103617429733	0.009647094644606113	0.00908649992197752	0.00898553617298603	0.0050284904427826405
42	sadness	../syntropy_project/models/model_35	../syntropy_project/models/model_35	neutral	0.3376612365245819	0.3376612365245819	0.2263999581336975	0.18660052120685577	0.07176116853952408	0.012940775603055954	0.08920148015022278	0.0341811329126358	0.010976443067193031	0.005607870407402515	0.008003531955182552	0.010307393036782742	0.006358490325510502
43	excitement	../syntropy_project/models/model_35	../syntropy_project/models/model_35	pride	0.33630216121673584	0.19937953352928162	0.33630216121673584	0.3056861460208893	0.1321130245923996	0.0028715033549815416	0.002758241957053542	0.014871918596327305	0.0008062855340540409	0.0006243535899557173	0.0014950220938771963	0.001987977884709835	0.0011039340170100331
44	neutral	../syntropy_project/models/model_35	../syntropy_project/models/model_35	neutral	0.33264589309692383	0.33264589309692383	0.1479569971561432	0.3194999098777771	0.16895972192287445	0.005910801701247692	0.006216677371412516	0.011045853607356548	0.0012363792629912496	0.0009369359468109906	0.0026806327514350414	0.0019367496715858579	0.0009734308696351945
45	neutral	../syntropy_project/models/model_35	../syntropy_project/models/model_35	joy	0.4065602719783783	0.29838666319847107	0.16406728327274323	0.4065602719783783	0.10478038340806961	0.0020238927099853754	0.0048999907448887825	0.014350850135087967	0.0007377785514108837	0.00045959019917063415	0.0013314265524968505	0.0012501990422606468	0.0011516467202454805
46	pride	../syntropy_project/models/model_35	../syntropy_project/models/model_35	pride	0.384888231754303	0.21585220098495483	0.384888231754303	0.21550150215625763	0.06501530855894089	0.047205355018377304	0.014262357726693153	0.02434130758047104	0.004438192583620548	0.0031127305701375008	0.00927166547626257	0.008851387538015842	0.007259840611368418
47	excitement	../syntropy_project/models/model_35	../syntropy_project/models/model_35	pride	0.3328399956226349	0.22068414092063904	0.3328399956226349	0.2025042027235031	0.20755115151405334	0.014006679877638817	0.0036354444455355406	0.009543867781758308	0.0014389936113730073	0.002191375708207488	0.0025308129843324423	0.0016575104091316462	0.001415854087099433
48	joy	../syntropy_project/models/model_35	../syntropy_project/models/model_35	excitement	0.39204922318458557	0.08698456734418869	0.2659189701080322	0.19448986649513245	0.39204922318458557	0.009394390508532524	0.0019206178840249777	0.036713551729917526	0.002159278839826584	0.0019924514926970005	0.0026668685022741556	0.0034066596999764442	0.0023035688791424036
49	neutral	../syntropy_project/models/model_35	../syntropy_project/models/model_35	neutral	0.27320852875709534	0.27320852875709534	0.09424398094415665	0.061372529715299606	0.033156618475914	0.1309829205274582	0.07564859092235565	0.03962283581495285	0.15245451033115387	0.05302736908197403	0.044875118881464005	0.02331394888460636	0.01809307374060154
50	surprise	../syntropy_project/models/model_35	../syntropy_project/models/model_35	surprise	0.8591508865356445	0.015468322671949863	0.031040610745549202	0.02092340961098671	0.055412475019693375	0.0020479545928537846	0.0007048043771646917	0.8591508865356445	0.001844259211793542	0.0006324987043626606	0.004868553951382637	0.005339778494089842	0.002566445618867874
51	disgust	../syntropy_project/models/model_35	../syntropy_project/models/model_35	sadness	0.19377975165843964	0.06686356663703918	0.015253981575369835	0.016316894441843033	0.022694936022162437	0.18724937736988068	0.19377975165843964	0.02482704445719719	0.14064550399780273	0.0909198597073555	0.023130493238568306	0.05502481386065483	0.163293719291687
52	neutral	../syntropy_project/models/model_35	../syntropy_project/models/model_35	neutral	0.6592544913291931	0.6592544913291931	0.06946969777345657	0.11783522367477417	0.09041974693536758	0.015004470944404602	0.008869466371834278	0.0162847600877285	0.0082125598564744	0.003300064243376255	0.006432945374399424	0.0018818207317963243	0.0030347711872309446
53	neutral	../syntropy_project/models/model_35	../syntropy_project/models/model_35	joy	0.38323619961738586	0.21320147812366486	0.27997592091560364	0.38323619961738586	0.11018729954957962	0.002226561075076461	0.0019789361394941807	0.005654910579323769	0.0005451159086078405	0.00039185272180475295	0.0009212532313540578	0.0010478954063728452	0.0006325572612695396
54	confusion	../syntropy_project/models/model_35	../syntropy_project/models/model_35	confusion	0.5369647145271301	0.020689191296696663	0.02927982434630394	0.005643954500555992	0.002270241267979145	0.10121283680200577	0.015147743746638298	0.022552525624632835	0.018059268593788147	0.06404130160808563	0.5369647145271301	0.1507224440574646	0.03341597318649292
55	embarrassment	../syntropy_project/models/model_35	../syntropy_project/models/model_35	nervousness	0.8117613196372986	0.015067154541611671	0.011401297524571419	0.006971241440623999	0.006207633763551712	0.8117613196372986	0.03704814612865448	0.00274061132222414	0.05401105061173439	0.022309962660074234	0.009221216663718224	0.013359418138861656	0.009901010431349277
56	pride	../syntropy_project/models/model_35	../syntropy_project/models/model_35	pride	0.9182935357093811	0.0070038544945418835	0.9182935357093811	0.014936910942196846	0.05215795338153839	0.002389345085248351	0.00044130629976280034	0.002538419794291258	0.00020841349032707512	0.0005097108660265803	0.00013205892173573375	0.0010641792323440313	0.0003243449900764972
57	sadness	../syntropy_project/models/model_35	../syntropy_project/models/model_35	sadness	0.4396294355392456	0.06393913924694061	0.02882162109017372	0.04774915799498558	0.0242073405534029	0.15571725368499756	0.4396294355392456	0.009862734004855156	0.052495233714580536	0.060033123940229416	0.03388771787285805	0.041535839438438416	0.04212142154574394
58	sadness	../syntropy_project/models/model_35	../syntropy_project/models/model_35	sadness	0.7521921992301941	0.0874641016125679	0.019636904820799828	0.04670191556215286	0.01848357357084751	0.014864388853311539	0.7521921992301941	0.0068222759291529655	0.012021235190331936	0.006636895705014467	0.008600005879998207	0.012341158464550972	0.014235391281545162
59	joy	../syntropy_project/models/model_35	../syntropy_project/models/model_35	neutral	0.3717683255672455	0.3717683255672455	0.1834777146577835	0.11903702467679977	0.04351435601711273	0.12502779066562653	0.06669513881206512	0.01548412349075079	0.018443511798977852	0.023288488388061523	0.010706707835197449	0.011888585053384304	0.01066827867180109
60	neutral	../syntropy_project/models/model_35	../syntropy_project/models/model_35	joy	0.347655713558197	0.2863723337650299	0.19433602690696716	0.347655713558197	0.11960656940937042	0.003999866079539061	0.003468887647613883	0.03376882150769234	0.0015631759306415915	0.0006894828984513879	0.0037347085308283567	0.003261009231209755	0.0015433701919391751
61	joy	../syntropy_project/models/model_35	../syntropy_project/models/model_35	excitement	0.34440046548843384	0.1171274408698082	0.2174181342124939	0.12405896931886673	0.34440046548843384	0.14273694157600403	0.012134378775954247	0.0173371359705925	0.007363291922956705	0.0054290140978991985	0.004249865654855967	0.004274885170161724	0.0034693737979978323
62	excitement	../syntropy_project/models/model_35	../syntropy_project/models/model_35	joy	0.37856826186180115	0.25029805302619934	0.1987101435661316	0.37856826186180115	0.15733672678470612	0.0015398638788610697	0.0017336532473564148	0.00905444286763668	0.00035979709355160594	0.00017377086624037474	0.0008364631794393063	0.0008213217370212078	0.0005675592110492289
63	excitement	../syntropy_project/models/model_35	../syntropy_project/models/model_35	excitement	0.336652010679245	0.1624632179737091	0.30765020847320557	0.10603225976228714	0.336652010679245	0.03648000210523605	0.0035857560578733683	0.03111090138554573	0.002683386206626892	0.004051967989653349	0.003868179628625512	0.0024452977813780308	0.002976799849420786
64	excitement	../syntropy_project/models/model_35	../syntropy_project/models/model_35	pride	0.3923294246196747	0.09311535954475403	0.3923294246196747	0.1870983988046646	0.26534420251846313	0.008108980022370815	0.0015149360988289118	0.03793233260512352	0.0014562163269147277	0.002472429536283016	0.0055276984348893166	0.003915731329470873	0.0011842286912724376
65	joy	../syntropy_project/models/model_35	../syntropy_project/models/model_35	joy	0.4004313051700592	0.28607234358787537	0.16839563846588135	0.4004313051700592	0.1163499727845192	0.004552061203867197	0.004250901751220226	0.012736235745251179	0.0014099085237830877	0.0007922549266368151	0.001684687682427466	0.0020747133530676365	0.0012499176664277911
66	sadness	../syntropy_project/models/model_35	../syntropy_project/models/model_35	sadness	0.34614357352256775	0.06422200053930283	0.022533247247338295	0.025393716990947723	0.012430183589458466	0.28866973519325256	0.34614357352256775	0.01263189222663641	0.07356348633766174	0.03906354680657387	0.034519217908382416	0.03757123649120331	0.04325812682509422
67	pride	../syntropy_project/models/model_35	../syntropy_project/models/model_35	joy	0.36914196610450745	0.14385508000850677	0.2803693413734436	0.36914196610450745	0.1659644991159439	0.0037207372952252626	0.0017757544992491603	0.022537173703312874	0.0014711389085277915	0.0012287194840610027	0.0033500962890684605	0.004111281596124172	0.0024742211680859327
68	excitement	../syntropy_project/models/model_35	../syntropy_project/models/model_35	neutral	0.3579317629337311	0.3579317629337311	0.1343582421541214	0.35121583938598633	0.09660093486309052	0.005338159389793873	0.01168808527290821	0.027618782594799995	0.002385820262134075	0.0016919902991503477	0.004709832835942507	0.003995921928435564	0.002464660909026861
69	embarrassment	../syntropy_project/models/model_35	../syntropy_project/models/model_35	disgust	0.502545177936554	0.054908860474824905	0.012529426254332066	0.010855978354811668	0.012143495492637157	0.032038427889347076	0.11369418352842331	0.0193423293530941	0.02278970368206501	0.09204141795635223	0.024208897724747658	0.10290201753377914	0.502545177936554
70	surprise	../syntropy_project/models/model_35	../syntropy_project/models/model_35	joy	0.36042460799217224	0.13923469185829163	0.16925814747810364	0.36042460799217224	0.2775435447692871	0.0024975119158625603	0.0026747516822069883	0.042894501239061356	0.0009255674085579813	0.00045154476538300514	0.0013782847672700882	0.0015931464731693268	0.0011237813159823418
71	anger	../syntropy_project/models/model_35	../syntropy_project/models/model_35	nervousness	0.26717498898506165	0.048385344445705414	0.017857639119029045	0.021017352119088173	0.005267478991299868	0.26717498898506165	0.12293864786624908	0.009416792541742325	0.049911193549633026	0.26182276010513306	0.06742321699857712	0.049917276948690414	0.07886730134487152
72	pride	../syntropy_project/models/model_35	../syntropy_project/models/model_35	pride	0.6089040040969849	0.06745794415473938	0.6089040040969849	0.15989941358566284	0.14280684292316437	0.005098380148410797	0.00159867899492383	0.010123049840331078	0.0004492184962145984	0.0010032175341621041	0.0007995045743882656	0.001253358437679708	0.0006064001354388893
73	pride	../syntropy_project/models/model_35	../syntropy_project/models/model_35	pride	0.6346933841705322	0.0686999261379242	0.6346933841705322	0.06161993369460106	0.07705573737621307	0.10315615683794022	0.00839029811322689	0.016442248597741127	0.004261751659214497	0.0077862548641860485	0.005618866533041	0.00810215063393116	0.0041732992976903915
74	nervousness	../syntropy_project/models/model_35	../syntropy_project/models/model_35	nervousness	0.9594928622245789	0.0019822982139885426	0.0028446379583328962	0.0009022674057632685	0.0018665690440684557	0.9594928622245789	0.006071933079510927	0.00044880740460939705	0.011732498183846474	0.007320015225559473	0.0021340351086109877	0.0034112988505512476	0.0017927908338606358
75	joy	../syntropy_project/models/model_35	../syntropy_project/models/model_35	joy	0.47615185379981995	0.20886652171611786	0.15688061714172363	0.47615185379981995	0.14153653383255005	0.0036335985641926527	0.004409121349453926	0.005178825464099646	0.0005853077745996416	0.0005061688716523349	0.0008226524223573506	0.0007464642403647304	0.0006823423900641501
76	neutral	../syntropy_project/models/model_35	../syntropy_project/models/model_35	neutral	0.36050572991371155	0.36050572991371155	0.10321534425020218	0.3224126696586609	0.11446084827184677	0.0019911008421331644	0.0062574283219873905	0.07107781618833542	0.004008689429610968	0.0011268156813457608	0.004668644163757563	0.004857514053583145	0.005417322739958763
77	joy	../syntropy_project/models/model_35	../syntropy_project/models/model_35	joy	0.365848571062088	0.23258806765079498	0.1720287799835205	0.365848571062088	0.1541546881198883	0.0056430744007229805	0.013209519907832146	0.033727362751960754	0.004470638930797577	0.0015322382096201181	0.005887246690690517	0.006430264562368393	0.004479511640965939
78	pride	../syntropy_project/models/model_35	../syntropy_project/models/model_35	joy	0.42632773518562317	0.1529363989830017	0.3072067201137543	0.42632773518562317	0.09481658786535263	0.002874481724575162	0.003445138456299901	0.007908270694315434	0.0006326218135654926	0.00044600031105801463	0.0010682536521926522	0.0014908788725733757	0.0008468831074424088
79	surprise	../syntropy_project/models/model_35	../syntropy_project/models/model_35	neutral	0.38688021898269653	0.38688021898269653	0.1811356246471405	0.1509198248386383	0.21188901364803314	0.009285234846174717	0.006977164652198553	0.03527981787919998	0.0032948770094662905	0.003957455046474934	0.004162522032856941	0.002994513139128685	0.003223709063604474
80	neutral	../syntropy_project/models/model_35	../syntropy_project/models/model_35	joy	0.41341644525527954	0.34799543023109436	0.10724595189094543	0.41341644525527954	0.11030419915914536	0.003935777582228184	0.004311492200940847	0.008679020218551159	0.0008063778514042497	0.0003877453855238855	0.0013230870245024562	0.0009779399260878563	0.0006165599334053695
81	joy	../syntropy_project/models/model_35	../syntropy_project/models/model_35	joy	0.4408293068408966	0.23573969304561615	0.1846303641796112	0.4408293068408966	0.12283557653427124	0.002045574365183711	0.0019809366203844547	0.00905121024698019	0.00037552157300524414	0.0002107110049109906	0.0007960807997733355	0.0008282028720714152	0.0006768412422388792
82	nervousness	../syntropy_project/models/model_35	../syntropy_project/models/model_35	neutral	0.29804855585098267	0.29804855585098267	0.1822994351387024	0.19083650410175323	0.06916019320487976	0.11592113226652145	0.03689030185341835	0.02166280336678028	0.01537440437823534	0.01808672584593296	0.01641189493238926	0.01791599579155445	0.017392098903656006
83	joy	../syntropy_project/models/model_35	../syntropy_project/models/model_35	joy	0.3395485281944275	0.2635120153427124	0.23560507595539093	0.3395485281944275	0.12812939286231995	0.005908141378313303	0.007894138805568218	0.013712051324546337	0.0011308214161545038	0.0006663154345005751	0.0016089021228253841	0.0014194773975759745	0.0008651798125356436
84	excitement	../syntropy_project/models/model_35	../syntropy_project/models/model_35	excitement	0.3240315020084381	0.235092431306839	0.19397254288196564	0.2125987410545349	0.3240315020084381	0.005861630197614431	0.0016832229448482394	0.02194145694375038	0.0009406752651557326	0.00042636480065993965	0.0014453422045335174	0.0012736113276332617	0.0007324453326873481
85	pride	../syntropy_project/models/model_35	../syntropy_project/models/model_35	joy	0.4692528545856476	0.2904452979564667	0.15181802213191986	0.4692528545856476	0.06872836500406265	0.0022869333624839783	0.005330965854227543	0.007647048681974411	0.0006887915078550577	0.00037086286465637386	0.0012553789420053363	0.0011197379790246487	0.001055810134857893
86	nervousness	../syntropy_project/models/model_35	../syntropy_project/models/model_35	joy	0.3107558786869049	0.2385111302137375	0.18078984320163727	0.3107558786869049	0.17894913256168365	0.01796502247452736	0.011207470670342445	0.03665309026837349	0.0035795955918729305	0.004627938847988844	0.007452042307704687	0.005406729411333799	0.004102105274796486
87	nervousness	../syntropy_project/models/model_35	../syntropy_project/models/model_35	nervousness	0.9477318525314331	0.0017519707325845957	0.002699819626286626	0.0009280891390517354	0.0011050811735913157	0.9477318525314331	0.008878111839294434	0.0004206823359709233	0.017760593444108963	0.009238715283572674	0.00259313452988863	0.0043823025189340115	0.0025096002500504255
88	neutral	../syntropy_project/models/model_35	../syntropy_project/models/model_35	pride	0.34592288732528687	0.236457958817482	0.34592288732528687	0.19697478413581848	0.1730579286813736	0.01434361282736063	0.0032438815105706453	0.020140403881669044	0.001379686058498919	0.0011190088698640466	0.002630793722346425	0.0032532375771552324	0.0014757851604372263
89	neutral	../syntropy_project/models/model_35	../syntropy_project/models/model_35	neutral	0.5507968664169312	0.5507968664169312	0.12010297924280167	0.09937889873981476	0.08981141448020935	0.03683670610189438	0.017751041799783707	0.041451115161180496	0.01754051446914673	0.004363808780908585	0.012120107188820839	0.005746844690293074	0.004099635407328606
90	pride	../syntropy_project/models/model_35	../syntropy_project/models/model_35	pride	0.527030348777771	0.08079952001571655	0.527030348777771	0.0836101546883583	0.2510557472705841	0.020899081602692604	0.0014170664362609386	0.024775374680757523	0.0013726410688832402	0.001886226236820221	0.0023691903334110975	0.003266852116212249	0.0015178449684754014
91	nervousness	../syntropy_project/models/model_35	../syntropy_project/models/model_35	nervousness	0.766807496547699	0.015402640216052532	0.011852776631712914	0.006814671214669943	0.0039765662513673306	0.766807496547699	0.04182157665491104	0.004199712537229061	0.0619141049683094	0.025570448487997055	0.01528856996446848	0.02811771258711815	0.018233761191368103
92	pride	../syntropy_project/models/model_35	../syntropy_project/models/model_35	pride	0.327819287776947	0.25377345085144043	0.327819287776947	0.17691481113433838	0.12651729583740234	0.026950780302286148	0.01014775037765503	0.048506733030080795	0.004394244402647018	0.005691929720342159	0.005020083859562874	0.007176653947681189	0.007087025325745344
93	excitement	../syntropy_project/models/model_35	../syntropy_project/models/model_35	joy	0.32677268981933594	0.19259986281394958	0.20249010622501373	0.32677268981933594	0.22208695113658905	0.0019117759075015783	0.002000333508476615	0.042451173067092896	0.001213537878356874	0.0007672469364479184	0.002507253549993038	0.002673785202205181	0.002525248797610402
94	excitement	../syntropy_project/models/model_35	../syntropy_project/models/model_35	pride	0.41105973720550537	0.07787550985813141	0.41105973720550537	0.12135041505098343	0.3372100591659546	0.01644238270819187	0.001970876008272171	0.02245841734111309	0.0013834456913173199	0.0021931726951152086	0.002273860853165388	0.0037819824647158384	0.002000216394662857
95	joy	../syntropy_project/models/model_35	../syntropy_project/models/model_35	pride	0.2951917350292206	0.19009339809417725	0.2951917350292206	0.25436052680015564	0.20669403672218323	0.004572905134409666	0.003999681212007999	0.037251852452754974	0.0016149081056937575	0.0011989091290161014	0.0013126343255862594	0.0020585041493177414	0.0016508663538843393
96	confusion	../syntropy_project/models/model_35	../syntropy_project/models/model_35	sadness	0.37520065903663635	0.07184702157974243	0.020229578018188477	0.03554070368409157	0.017113376408815384	0.20101335644721985	0.37520065903663635	0.01823529042303562	0.09081818163394928	0.03794797137379646	0.04269472509622574	0.04152631387114525	0.04783279448747635
97	disgust	../syntropy_project/models/model_35	../syntropy_project/models/model_35	embarrassment	0.257428377866745	0.03168141469359398	0.034430429339408875	0.011933163739740849	0.008066651411354542	0.05495895817875862	0.1339486539363861	0.013944551348686218	0.027723457664251328	0.1265515238046646	0.05230162292718887	0.257428377866745	0.247031107544899
98	joy	../syntropy_project/models/model_35	../syntropy_project/models/model_35	joy	0.48145660758018494	0.2036358118057251	0.09745722264051437	0.48145660758018494	0.20185230672359467	0.0011535421945154667	0.0014318546745926142	0.009129701182246208	0.00048686956870369613	0.0002310745039721951	0.0013149484293535352	0.0011235011043027043	0.0007266459288075566
99	anger	../syntropy_project/models/model_35	../syntropy_project/models/model_35	joy	0.6737109422683716	0.1314057558774948	0.03969976678490639	0.6737109422683716	0.0830586701631546	0.0028446705546230078	0.0048124161548912525	0.0205233134329319	0.0035325854551047087	0.00422248151153326	0.013975631445646286	0.007654724642634392	0.01455910224467516
100	excitement	../syntropy_project/models/model_35	../syntropy_project/models/model_35	pride	0.460370272397995	0.14733587205410004	0.460370272397995	0.14226877689361572	0.20513379573822021	0.011145607568323612	0.0025799868162721395	0.01526754628866911	0.002157787559553981	0.0033465707674622536	0.005238046403974295	0.0035648036282509565	0.0015910147922113538
101	joy	../syntropy_project/models/model_35	../syntropy_project/models/model_35	neutral	0.42850711941719055	0.42850711941719055	0.05122385174036026	0.4097325801849365	0.08835440129041672	0.0008189814980141819	0.0025958488695323467	0.01481377612799406	0.0005153300007805228	0.00010672765347408131	0.0017731881234794855	0.0008778750780038536	0.0006803420255891979
102	neutral	../syntropy_project/models/model_35	../syntropy_project/models/model_35	neutral	0.4849666357040405	0.4849666357040405	0.07217544317245483	0.3161110281944275	0.09412572532892227	0.0034917728044092655	0.004852989688515663	0.01532179955393076	0.0018755829660221934	0.0007222759886644781	0.002782154828310013	0.0016756864497438073	0.001898881047964096
103	joy	../syntropy_project/models/model_35	../syntropy_project/models/model_35	excitement	0.2988896667957306	0.13345210254192352	0.24282076954841614	0.2431265115737915	0.2988896667957306	0.004568724427372217	0.0013754084939137101	0.06672617793083191	0.0011988291516900063	0.0011033719638362527	0.001696566236205399	0.0031833364628255367	0.001858477364294231
104	excitement	../syntropy_project/models/model_35	../syntropy_project/models/model_35	excitement	0.38636940717697144	0.1586509495973587	0.15602810680866241	0.26533326506614685	0.38636940717697144	0.003095027757808566	0.002478362061083317	0.023244380950927734	0.0007550785667262971	0.0007371125393547118	0.0013113949680700898	0.0011871318565681577	0.0008098176913335919
105	pride	../syntropy_project/models/model_35	../syntropy_project/models/model_35	excitement	0.41547784209251404	0.0960368812084198	0.2805863618850708	0.15702320635318756	0.41547784209251404	0.007776380982249975	0.0012576490407809615	0.03242121636867523	0.0018581122858449817	0.0014655402628704906	0.0016363549511879683	0.0025698819663375616	0.0018906114855781198
106	excitement	../syntropy_project/models/model_35	../syntropy_project/models/model_35	pride	0.45550256967544556	0.1293608695268631	0.45550256967544556	0.1075865849852562	0.15804745256900787	0.07835040986537933	0.008910085074603558	0.030728068202733994	0.00500455079600215	0.00813401397317648	0.007120896130800247	0.007049973122775555	0.004204525612294674
107	neutral	../syntropy_project/models/model_35	../syntropy_project/models/model_35	neutral	0.3353520631790161	0.3353520631790161	0.18562890589237213	0.15647874772548676	0.1562206894159317	0.038022369146347046	0.014137418009340763	0.06603875011205673	0.013817381113767624	0.0074011292308568954	0.008425695821642876	0.011657693423330784	0.00681923795491457
108	surprise	../syntropy_project/models/model_35	../syntropy_project/models/model_35	excitement	0.45238345861434937	0.18209029734134674	0.1898169219493866	0.14414450526237488	0.45238345861434937	0.004513835534453392	0.001610079314559698	0.01950649730861187	0.0010130117880180478	0.0007516324985772371	0.0013265147572383285	0.0014903763076290488	0.00135286885779351
109	pride	../syntropy_project/models/model_35	../syntropy_project/models/model_35	pride	0.4424406886100769	0.13405081629753113	0.4424406886100769	0.2017398327589035	0.19560517370700836	0.007510786410421133	0.0012846572790294886	0.01264352910220623	0.0005955402157269418	0.0005517919780686498	0.0011926895240321755	0.0015490258811041713	0.0008354838355444372
110	excitement	../syntropy_project/models/model_35	../syntropy_project/models/model_35	excitement	0.7900222539901733	0.0305356215685606	0.10836362093687057	0.05314047634601593	0.7900222539901733	0.007332633715122938	0.0005633081891573966	0.007537798956036568	0.00033560951123945415	0.0008259115857072175	0.0005704313516616821	0.0004249770427122712	0.0003472924290690571
111	pride	../syntropy_project/models/model_35	../syntropy_project/models/model_35	joy	0.39101138710975647	0.29889658093452454	0.1390785127878189	0.39101138710975647	0.13330166041851044	0.004608939867466688	0.00446118600666523	0.018763495609164238	0.0015659310156479478	0.0008412086754105985	0.002783676842227578	0.002743198536336422	0.0019442110788077116
112	joy	../syntropy_project/models/model_35	../syntropy_project/models/model_35	neutral	0.449982225894928	0.449982225894928	0.05813048407435417	0.39133936166763306	0.0840773805975914	0.0018367939628660679	0.002750915242359042	0.008345692418515682	0.000545657123439014	0.00017358337936457247	0.0013249033363536	0.0008104218286462128	0.0006825151504017413
113	joy	../syntropy_project/models/model_35	../syntropy_project/models/model_35	sadness	0.5762343406677246	0.15555334091186523	0.030217649415135384	0.10537131130695343	0.03452485427260399	0.04176347702741623	0.5762343406677246	0.0063126883469522	0.01261199451982975	0.00746579933911562	0.009450488723814487	0.008891711011528969	0.01160235982388258
114	excitement	../syntropy_project/models/model_35	../syntropy_project/models/model_35	neutral	0.2858159840106964	0.2858159840106964	0.08848690241575241	0.18727946281433105	0.05589234456419945	0.030989959836006165	0.25020119547843933	0.025484254583716393	0.016631314530968666	0.008595114573836327	0.021158942952752113	0.019280696287751198	0.010183829814195633
115	neutral	../syntropy_project/models/model_35	../syntropy_project/models/model_35	neutral	0.6360211372375488	0.6360211372375488	0.04278242960572243	0.22868114709854126	0.060515351593494415	0.002183010568842292	0.004317260812968016	0.01538593415170908	0.0018018297851085663	0.0004384599451441318	0.004452859051525593	0.0015818404499441385	0.001838631578721106
116	pride	../syntropy_project/models/model_35	../syntropy_project/models/model_35	neutral	0.32264238595962524	0.32264238595962524	0.23658211529254913	0.24129758775234222	0.1614428460597992	0.011597879230976105	0.005132460501044989	0.01261025108397007	0.001616056659258902	0.0010849002283066511	0.002346315188333392	0.002122563077136874	0.001524670864455402
117	nervousness	../syntropy_project/models/model_35	../syntropy_project/models/model_35	nervousness	0.882890522480011	0.010292883962392807	0.007276951335370541	0.0039946953766047955	0.0029706002678722143	0.882890522480011	0.026133794337511063	0.0015147085068747401	0.028729744255542755	0.011832024902105331	0.00691236462444067	0.010858473367989063	0.006593255791813135
118	fear	../syntropy_project/models/model_35	../syntropy_project/models/model_35	nervousness	0.189533069729805	0.11634819954633713	0.03538541868329048	0.04031314700841904	0.012704489752650261	0.189533069729805	0.1296665072441101	0.006518770009279251	0.07015836238861084	0.12206540256738663	0.07913602888584137	0.090311199426651	0.10785934329032898
119	surprise	../syntropy_project/models/model_35	../syntropy_project/models/model_35	joy	0.3055128753185272	0.2134522795677185	0.1396300047636032	0.3055128753185272	0.24690744280815125	0.0033241428900510073	0.002746218116953969	0.07266774773597717	0.00299832527525723	0.0007722380105406046	0.004165987018495798	0.003369527868926525	0.00445323484018445
120	pride	../syntropy_project/models/model_35	../syntropy_project/models/model_35	pride	0.876581609249115	0.019939379766583443	0.876581609249115	0.014682207256555557	0.072239451110363	0.006450305692851543	0.0007941998192109168	0.004274279810488224	0.0008546921308152378	0.0008858841028995812	0.00044154265196993947	0.001920442096889019	0.000936067895963788
121	disgust	../syntropy_project/models/model_35	../syntropy_project/models/model_35	disgust	0.24854589998722076	0.13116532564163208	0.032635241746902466	0.040434353053569794	0.03820675238966942	0.05095802620053291	0.1555885374546051	0.0349152646958828	0.03133309632539749	0.08946958929300308	0.038859739899635315	0.10788814723491669	0.24854589998722076
122	pride	../syntropy_project/models/model_35	../syntropy_project/models/model_35	pride	0.4235718250274658	0.06787014752626419	0.4235718250274658	0.061490487307310104	0.24767827987670898	0.07711688429117203	0.0032053845934569836	0.06899601221084595	0.0054917605593800545	0.010073568671941757	0.017309818416833878	0.012742497958242893	0.00445335591211915
123	neutral	../syntropy_project/models/model_35	../syntropy_project/models/model_35	pride	0.44867879152297974	0.11266220360994339	0.44867879152297974	0.20408788323402405	0.21451343595981598	0.004625787492841482	0.001985275186598301	0.009250613860785961	0.0006867725751362741	0.0006420640856958926	0.0008906478178687394	0.0013013241114094853	0.0006752523477189243
124	neutral	../syntropy_project/models/model_35	../syntropy_project/models/model_35	excitement	0.3445044159889221	0.2069726586341858	0.15947328507900238	0.25347617268562317	0.3445044159889221	0.006454074755311012	0.003393912222236395	0.01683962345123291	0.0015499170403927565	0.0012981670442968607	0.0023326752707362175	0.0025203670375049114	0.0011847211280837655
125	excitement	../syntropy_project/models/model_35	../syntropy_project/models/model_35	pride	0.4131230413913727	0.05960765480995178	0.4131230413913727	0.0958324670791626	0.37601765990257263	0.012606042437255383	0.0022864697966724634	0.031216714531183243	0.001330032479017973	0.002119570504873991	0.001177544123493135	0.002655383665114641	0.002027366077527404
126	excitement	../syntropy_project/models/model_35	../syntropy_project/models/model_35	pride	0.5535394549369812	0.10644784569740295	0.5535394549369812	0.14367440342903137	0.1648748368024826	0.012880186550319195	0.0016087600961327553	0.011987474747002125	0.0006593790021724999	0.000937161676120013	0.001014422276057303	0.0016002226620912552	0.0007758048013783991
127	neutral	../syntropy_project/models/model_35	../syntropy_project/models/model_35	neutral	0.584521472454071	0.584521472454071	0.07918326556682587	0.21148991584777832	0.053573355078697205	0.011439133435487747	0.013366198167204857	0.022048376500606537	0.0047919792123138905	0.0015020534629002213	0.009952818043529987	0.004735446535050869	0.003395987907424569
128	joy	../syntropy_project/models/model_35	../syntropy_project/models/model_35	joy	0.4539167284965515	0.17217636108398438	0.17270523309707642	0.4539167284965515	0.17798161506652832	0.0022689371835440397	0.002179486444219947	0.014464165084064007	0.0006216988549567759	0.0004195470828562975	0.0011701652547344565	0.0012107450747862458	0.0008852464379742742
129	nervousness	../syntropy_project/models/model_35	../syntropy_project/models/model_35	nervousness	0.5150130391120911	0.04600563645362854	0.008325167000293732	0.016637738794088364	0.007399181369692087	0.5150130391120911	0.18969392776489258	0.013620428740978241	0.03271055966615677	0.026238232851028442	0.09071525931358337	0.03290772810578346	0.020733041688799858
130	surprise	../syntropy_project/models/model_35	../syntropy_project/models/model_35	surprise	0.9486761093139648	0.006837139371782541	0.012789370492100716	0.0034925618674606085	0.014666722156107426	0.0014350091805681586	0.0003973052080255002	0.9486761093139648	0.0007255825912579894	0.0001865751255536452	0.006083449814468622	0.0037280700635164976	0.0009820410050451756
131	joy	../syntropy_project/models/model_35	../syntropy_project/models/model_35	joy	0.5688578486442566	0.22778105735778809	0.053953129798173904	0.5688578486442566	0.13501062989234924	0.0007594311027787626	0.0013035195879638195	0.009231414645910263	0.0004465683305170387	0.00011159911809954792	0.00143848464358598	0.0006124167703092098	0.0004939019563607872
132	sadness	../syntropy_project/models/model_35	../syntropy_project/models/model_35	surprise	0.35658231377601624	0.11340003460645676	0.14783337712287903	0.15801173448562622	0.1867632418870926	0.00516430102288723	0.00852348655462265	0.35658231377601624	0.003834868548437953	0.0012454496463760734	0.008914449252188206	0.007819152437150478	0.0019076834432780743
133	neutral	../syntropy_project/models/model_35	../syntropy_project/models/model_35	neutral	0.3549397885799408	0.3549397885799408	0.18978577852249146	0.30929315090179443	0.09402241557836533	0.005240589380264282	0.005706855095922947	0.029334304854273796	0.0014629540964961052	0.0010202756384387612	0.002972065471112728	0.0027831844054162502	0.0034387162886559963
134	pride	../syntropy_project/models/model_35	../syntropy_project/models/model_35	pride	0.29931071400642395	0.27355873584747314	0.29931071400642395	0.19565291702747345	0.19663484394550323	0.0138188311830163	0.0044456603936851025	0.010122807696461678	0.0016241843113675714	0.00088059640256688	0.0016474126605316997	0.0012016701512038708	0.001101560890674591
135	neutral	../syntropy_project/models/model_35	../syntropy_project/models/model_35	neutral	0.4858306050300598	0.4858306050300598	0.06947889178991318	0.20407140254974365	0.0570918545126915	0.026763325557112694	0.052592646330595016	0.026056934148073196	0.007824486121535301	0.00491614593192935	0.024860668927431107	0.019938671961426735	0.020574374124407768
136	excitement	../syntropy_project/models/model_35	../syntropy_project/models/model_35	excitement	0.797385573387146	0.027792900800704956	0.08619975298643112	0.053238462656736374	0.797385573387146	0.00927430484443903	0.001208532485179603	0.019510069862008095	0.0006215233588591218	0.0010540399234741926	0.001819879049435258	0.0012474418617784977	0.0006475452682934701
137	excitement	../syntropy_project/models/model_35	../syntropy_project/models/model_35	joy	0.2945094704627991	0.25731804966926575	0.1238095611333847	0.2945094704627991	0.25856828689575195	0.00163192895706743	0.0021046155598014593	0.05093621090054512	0.002514579799026251	0.0008622169843874872	0.002381667960435152	0.0025355517864227295	0.0028277814853936434
138	neutral	../syntropy_project/models/model_35	../syntropy_project/models/model_35	joy	0.40790703892707825	0.3928808867931366	0.09723810106515884	0.40790703892707825	0.08385035395622253	0.0020510107278823853	0.0029662507586181164	0.008616815321147442	0.0006897728890180588	0.00028966186800971627	0.0014531483175233006	0.0012176313903182745	0.0008393023163080215
139	pride	../syntropy_project/models/model_35	../syntropy_project/models/model_35	pride	0.5141760110855103	0.06307746469974518	0.5141760110855103	0.05182872712612152	0.30988994240760803	0.04480849206447601	0.0010278361150994897	0.005557563621550798	0.0011189768556505442	0.004359544720500708	0.0015771918697282672	0.0016693301731720567	0.0009088909719139338
140	neutral	../syntropy_project/models/model_35	../syntropy_project/models/model_35	neutral	0.4041641652584076	0.4041641652584076	0.10283459722995758	0.38899239897727966	0.08804933726787567	0.0022910546977072954	0.005087126512080431	0.0050581395626068115	0.0006515608984045684	0.00027671828866004944	0.0011958341347053647	0.000785723386798054	0.0006133615970611572
141	surprise	../syntropy_project/models/model_35	../syntropy_project/models/model_35	surprise	0.9460204243659973	0.012226237915456295	0.005966613069176674	0.004331670235842466	0.013912585563957691	0.0024337174836546183	0.0017143316799774766	0.9460204243659973	0.0015698830829933286	0.0001449613191653043	0.005840478930622339	0.004001374822109938	0.001837787451222539
142	neutral	../syntropy_project/models/model_35	../syntropy_project/models/model_35	joy	0.4335889518260956	0.3450736403465271	0.09550212323665619	0.4335889518260956	0.11266343295574188	0.0010785579215735197	0.002069931710138917	0.006767383310943842	0.0005108861369080842	0.00016066181706264615	0.001094966079108417	0.0009042706806212664	0.0005851816385984421
143	pride	../syntropy_project/models/model_35	../syntropy_project/models/model_35	joy	0.40918198227882385	0.28938013315200806	0.1472007781267166	0.40918198227882385	0.11307254433631897	0.007654892280697823	0.006662315223366022	0.016034994274377823	0.0012838379479944706	0.0011595290852710605	0.0031669470481574535	0.0030441044364124537	0.002158078830689192
144	pride	../syntropy_project/models/model_35	../syntropy_project/models/model_35	pride	0.7398701906204224	0.03177380934357643	0.7398701906204224	0.043846651911735535	0.1622258424758911	0.006828547455370426	0.0010339398868381977	0.008955670520663261	0.0006060137529857457	0.0012641834327951074	0.000940424099098891	0.0020508826710283756	0.0006038842839188874
145	neutral	../syntropy_project/models/model_35	../syntropy_project/models/model_35	neutral	0.591792106628418	0.591792106628418	0.09666356444358826	0.08677579462528229	0.028551876544952393	0.02355181612074375	0.0235031396150589	0.05283639207482338	0.0070984940975904465	0.0033361315727233887	0.05894625931978226	0.01575031876564026	0.011194049380719662
146	joy	../syntropy_project/models/model_35	../syntropy_project/models/model_35	neutral	0.32607483863830566	0.32607483863830566	0.13513454794883728	0.29996728897094727	0.14957760274410248	0.00314156012609601	0.0038635767996311188	0.05873440206050873	0.0037913259584456682	0.0010763866594061255	0.006424576044082642	0.006876442115753889	0.0053373221307992935
147	joy	../syntropy_project/models/model_35	../syntropy_project/models/model_35	joy	0.3565928041934967	0.14533507823944092	0.3077390491962433	0.3565928041934967	0.1398480385541916	0.0027416490484029055	0.004721478559076786	0.034907855093479156	0.0015057019190862775	0.0005947845056653023	0.002068720990791917	0.0027832230553030968	0.0011616592528298497
148	excitement	../syntropy_project/models/model_35	../syntropy_project/models/model_35	joy	0.3824446201324463	0.234514981508255	0.13343754410743713	0.3824446201324463	0.20190246403217316	0.0032834247685968876	0.0027185159269720316	0.03199322894215584	0.0014914121711626649	0.0005674296407960355	0.0023894556798040867	0.0027179948519915342	0.002539000939577818
149	joy	../syntropy_project/models/model_35	../syntropy_project/models/model_35	joy	0.3450007140636444	0.1626814752817154	0.18087182939052582	0.3450007140636444	0.23998495936393738	0.002637040801346302	0.0015027797780930996	0.05220666155219078	0.0024242987856268883	0.0011006217682734132	0.004282454494386911	0.00451135216280818	0.002795907435938716
150	neutral	../syntropy_project/models/model_35	../syntropy_project/models/model_35	joy	0.31500110030174255	0.30800193548202515	0.18302950263023376	0.31500110030174255	0.15433822572231293	0.0025870520621538162	0.0029859181959182024	0.027832282707095146	0.0009735970525071025	0.00038485415279865265	0.0018218900077044964	0.00203357613645494	0.001010057982057333
151	excitement	../syntropy_project/models/model_35	../syntropy_project/models/model_35	neutral	0.26266416907310486	0.26266416907310486	0.17615967988967896	0.1993398517370224	0.23899702727794647	0.013384311459958553	0.004710628185421228	0.08808980137109756	0.0033775002229958773	0.0030079956632107496	0.00477153155952692	0.0033030288759618998	0.002194470027461648
152	nervousness	../syntropy_project/models/model_35	../syntropy_project/models/model_35	neutral	0.36989685893058777	0.36989685893058777	0.06692451983690262	0.31031936407089233	0.22505493462085724	0.006533174775540829	0.0032403243239969015	0.012751542963087559	0.0011369104031473398	0.0006703585386276245	0.001685327966697514	0.0008543808362446725	0.0009323046542704105
153	joy	../syntropy_project/models/model_35	../syntropy_project/models/model_35	neutral	0.5213410258293152	0.5213410258293152	0.04046053811907768	0.33484378457069397	0.06252581626176834	0.004498167894780636	0.00971172470599413	0.016683736816048622	0.0022253384813666344	0.00031585979741066694	0.0035584589932113886	0.0018541400786489248	0.0019814346451312304
154	excitement	../syntropy_project/models/model_35	../syntropy_project/models/model_35	neutral	0.49045807123184204	0.49045807123184204	0.05427389219403267	0.3529942035675049	0.07245518267154694	0.0036008048336952925	0.005590276326984167	0.013969914987683296	0.0008686389192007482	0.00026206407346762717	0.002879651030525565	0.001695234444923699	0.0009521190659143031
155	excitement	../syntropy_project/models/model_35	../syntropy_project/models/model_35	pride	0.5873897075653076	0.03526197373867035	0.5873897075653076	0.06168646365404129	0.27661824226379395	0.004370042588561773	0.0009094766573980451	0.027080263942480087	0.00106395548209548	0.0009610331035219133	0.0008799571660347283	0.002574854763224721	0.0012039786670356989
156	surprise	../syntropy_project/models/model_35	../syntropy_project/models/model_35	joy	0.3852948844432831	0.21748261153697968	0.08541075140237808	0.3852948844432831	0.23175418376922607	0.0013152845203876495	0.002005023416131735	0.06528467684984207	0.0025378293357789516	0.0005606458871625364	0.002097380580380559	0.0028756882529705763	0.003380933776497841
157	excitement	../syntropy_project/models/model_35	../syntropy_project/models/model_35	neutral	0.4219987690448761	0.4219987690448761	0.17947489023208618	0.1593584567308426	0.16249026358127594	0.023072121664881706	0.004598252009600401	0.0292279664427042	0.006782935932278633	0.002263111062347889	0.004845050163567066	0.003239253768697381	0.002648985479027033
158	pride	../syntropy_project/models/model_35	../syntropy_project/models/model_35	nervousness	0.3773103356361389	0.06865144520998001	0.32727083563804626	0.034190744161605835	0.014446704648435116	0.3773103356361389	0.015226076357066631	0.021521344780921936	0.03722323104739189	0.016130125150084496	0.041844598948955536	0.039766959846019745	0.006417576689273119
159	confusion	../syntropy_project/models/model_35	../syntropy_project/models/model_35	nervousness	0.29505279660224915	0.09080950170755386	0.049326419830322266	0.024259191006422043	0.007869882509112358	0.29505279660224915	0.05564052239060402	0.02218308113515377	0.09738554805517197	0.035258423537015915	0.16266176104545593	0.12412941455841064	0.035423487424850464
160	pride	../syntropy_project/models/model_35	../syntropy_project/models/model_35	joy	0.4371883273124695	0.329761803150177	0.09492767602205276	0.4371883273124695	0.10324163734912872	0.0016101868823170662	0.004020734690129757	0.023732824251055717	0.0007262946455739439	0.00019108816923107952	0.002224053954705596	0.0014518981333822012	0.000923427171073854
161	pride	../syntropy_project/models/model_35	../syntropy_project/models/model_35	pride	0.6174718141555786	0.04856358468532562	0.6174718141555786	0.11536561697721481	0.19995371997356415	0.0029757353477180004	0.001214363262988627	0.010376515798270702	0.0005184373003430665	0.000754277512896806	0.0007153168553486466	0.0014189232606440783	0.00067170086549595
162	neutral	../syntropy_project/models/model_35	../syntropy_project/models/model_35	neutral	0.5746097564697266	0.5746097564697266	0.05588433891534805	0.0653868317604065	0.043666258454322815	0.12099919468164444	0.0369265042245388	0.023129962384700775	0.02878655679523945	0.006394852884113789	0.025465907528996468	0.01022800337523222	0.00852189026772976
163	neutral	../syntropy_project/models/model_35	../syntropy_project/models/model_35	neutral	0.37797799706459045	0.37797799706459045	0.12609271705150604	0.1659538596868515	0.07954084873199463	0.1000465452671051	0.05980599299073219	0.03419744223356247	0.011387638747692108	0.006700492464005947	0.0160341989248991	0.013469270430505276	0.008793020620942116
164	excitement	../syntropy_project/models/model_35	../syntropy_project/models/model_35	joy	0.36569586396217346	0.31314218044281006	0.21295487880706787	0.36569586396217346	0.05900593847036362	0.007592953275889158	0.012994999065995216	0.01301013957709074	0.0025015154387801886	0.0024810710456222296	0.0035040101502090693	0.003960485104471445	0.0031559541821479797
165	nervousness	../syntropy_project/models/model_35	../syntropy_project/models/model_35	nervousness	0.7757629156112671	0.015890048816800117	0.011951734311878681	0.006976439151912928	0.004901717882603407	0.7757629156112671	0.02544516883790493	0.004132991656661034	0.09414475411176682	0.015470616519451141	0.019535887986421585	0.017492087557911873	0.008295604959130287
166	excitement	../syntropy_project/models/model_35	../syntropy_project/models/model_35	pride	0.6705936193466187	0.02469891682267189	0.6705936193466187	0.05423891171813011	0.21646247804164886	0.00595476059243083	0.0010584569536149502	0.02243080921471119	0.0005333139561116695	0.0009383040596731007	0.0006770965992473066	0.0018979242304340005	0.0005155079415999353
167	joy	../syntropy_project/models/model_35	../syntropy_project/models/model_35	joy	0.3578729033470154	0.27174142003059387	0.17400217056274414	0.3578729033470154	0.11892859637737274	0.008065874688327312	0.011909385211765766	0.036187347024679184	0.00282920990139246	0.0014175118412822485	0.006185234524309635	0.0072838738560676575	0.0035763676278293133
168	neutral	../syntropy_project/models/model_35	../syntropy_project/models/model_35	neutral	0.42271730303764343	0.42271730303764343	0.07024922966957092	0.30716368556022644	0.18621061742305756	0.0018578926101326942	0.002347401576116681	0.006749710068106651	0.0004739151045214385	0.00020563388534355909	0.0008542781579308212	0.0006377586396411061	0.0005325180827639997
169	nervousness	../syntropy_project/models/model_35	../syntropy_project/models/model_35	pride	0.8712379336357117	0.016174163669347763	0.8712379336357117	0.014964821748435497	0.08084987848997116	0.004932159557938576	0.0007119490182958543	0.006823036819696426	0.000473660504212603	0.0007167717558331788	0.0004034379671793431	0.001871683169156313	0.0008404400432482362
170	neutral	../syntropy_project/models/model_35	../syntropy_project/models/model_35	neutral	0.31347593665122986	0.31347593665122986	0.1921655386686325	0.3007582426071167	0.1252082884311676	0.004442719276994467	0.01088718045502901	0.04320283979177475	0.0018532986287027597	0.0012728087604045868	0.0023059507366269827	0.0024321014061570168	0.0019950554706156254
171	pride	../syntropy_project/models/model_35	../syntropy_project/models/model_35	pride	0.6768370270729065	0.031190000474452972	0.6768370270729065	0.055419597774744034	0.21724480390548706	0.0049808695912361145	0.0009799032704904675	0.009284756146371365	0.0005664239870384336	0.0006929727387614548	0.0006250410806387663	0.00159154599532485	0.0005870480672456324
172	excitement	../syntropy_project/models/model_35	../syntropy_project/models/model_35	joy	0.26257583498954773	0.1803223043680191	0.25797951221466064	0.26257583498954773	0.2315940260887146	0.0037680084351450205	0.0020239900331944227	0.051017653197050095	0.002018037484958768	0.0009334461065009236	0.0029063797555863857	0.0031796861439943314	0.0016812231624498963
173	neutral	../syntropy_project/models/model_35	../syntropy_project/models/model_35	neutral	0.46452051401138306	0.46452051401138306	0.06663372367620468	0.3330685496330261	0.10085803270339966	0.005313961300998926	0.005943107884377241	0.015693994238972664	0.0015872593503445387	0.0004961167578585446	0.002773834625259042	0.0016633098712190986	0.001447555492632091
174	excitement	../syntropy_project/models/model_35	../syntropy_project/models/model_35	pride	0.495981365442276	0.06631829589605331	0.495981365442276	0.12056256085634232	0.2851799726486206	0.006911118980497122	0.0018830664921551943	0.014972501434385777	0.000987144303508103	0.0017437372589483857	0.0015689723659306765	0.0025243000127375126	0.0013669728068634868
175	excitement	../syntropy_project/models/model_35	../syntropy_project/models/model_35	excitement	0.4331357181072235	0.10435637831687927	0.22617565095424652	0.18548628687858582	0.4331357181072235	0.005052621942013502	0.0014483798295259476	0.03957168757915497	0.0009154684958048165	0.000539131578989327	0.0009489172953180969	0.0014272689586505294	0.0009424770250916481
176	joy	../syntropy_project/models/model_35	../syntropy_project/models/model_35	joy	0.36542460322380066	0.2849314212799072	0.1907852739095688	0.36542460322380066	0.1299920529127121	0.002796124666929245	0.0040750084444880486	0.016462331637740135	0.0010792271932587028	0.00041427166434004903	0.0015016415854915977	0.0015259342035278678	0.0010120278457179666
177	neutral	../syntropy_project/models/model_35	../syntropy_project/models/model_35	pride	0.3162725567817688	0.2567300796508789	0.3162725567817688	0.21241898834705353	0.11491130292415619	0.012838521972298622	0.005949354264885187	0.054844930768013	0.0025425846688449383	0.0013173206243664026	0.01178512629121542	0.00795602984726429	0.002433116314932704
178	pride	../syntropy_project/models/model_35	../syntropy_project/models/model_35	excitement	0.6908060908317566	0.05884162709116936	0.1433476060628891	0.08571568876504898	0.6908060908317566	0.00960536953061819	0.0009373810607939959	0.006707323715090752	0.000567472365219146	0.0007026936509646475	0.0010814422275871038	0.0010510451393201947	0.0006361149717122316
179	neutral	../syntropy_project/models/model_35	../syntropy_project/models/model_35	pride	0.5746929049491882	0.14693647623062134	0.5746929049491882	0.07709482312202454	0.17089927196502686	0.01758447289466858	0.001451876014471054	0.0056386045180261135	0.0011565168388187885	0.001369489706121385	0.001020006719045341	0.0012230045394971967	0.000932607043068856
180	pride	../syntropy_project/models/model_35	../syntropy_project/models/model_35	excitement	0.3047747313976288	0.12414398044347763	0.2809472978115082	0.20810909569263458	0.3047747313976288	0.007032329216599464	0.0014826530823484063	0.0537378266453743	0.002979621756821871	0.0034198102075606585	0.0041814264841377735	0.0048233382403850555	0.004367890767753124
181	joy	../syntropy_project/models/model_35	../syntropy_project/models/model_35	joy	0.4631277024745941	0.17640358209609985	0.08042002469301224	0.4631277024745941	0.2536677122116089	0.0025109336711466312	0.0016839937306940556	0.017588764429092407	0.0005989428609609604	0.00034020846942439675	0.0017774113221094012	0.0011747131356969476	0.0007060368661768734
182	pride	../syntropy_project/models/model_35	../syntropy_project/models/model_35	pride	0.8273192048072815	0.020195988938212395	0.8273192048072815	0.03182324022054672	0.1113567054271698	0.0031139880884438753	0.00040317291859537363	0.003934468142688274	0.00018891957006417215	0.00034756376408040524	0.00021878862753510475	0.0007768020150251687	0.0003211987786926329
183	joy	../syntropy_project/models/model_35	../syntropy_project/models/model_35	joy	0.42217254638671875	0.3206078112125397	0.1351916491985321	0.42217254638671875	0.104292131960392	0.0018859475385397673	0.0027886403258889914	0.008827434852719307	0.0006496752612292767	0.00030329046421684325	0.0012957439757883549	0.0012579711619764566	0.0007271807407960296
184	excitement	../syntropy_project/models/model_35	../syntropy_project/models/model_35	excitement	0.375887006521225	0.21806086599826813	0.17775945365428925	0.21203814446926117	0.375887006521225	0.006394240073859692	0.0017069651512429118	0.004579512402415276	0.0005866338615305722	0.000866195245180279	0.00085509690688923	0.0007124795229174197	0.0005534864030778408
185	pride	../syntropy_project/models/model_35	../syntropy_project/models/model_35	pride	0.8906195163726807	0.025107817724347115	0.8906195163726807	0.018248548731207848	0.033664654940366745	0.010145568288862705	0.0022847806103527546	0.008268131874501705	0.0010354111436754465	0.0019375855335965753	0.0012260519433766603	0.006141497753560543	0.0013205029536038637
186	neutral	../syntropy_project/models/model_35	../syntropy_project/models/model_35	neutral	0.44260212779045105	0.44260212779045105	0.04145270958542824	0.2959323227405548	0.07832445204257965	0.02938423492014408	0.03913739696145058	0.03724745661020279	0.006724908947944641	0.002298082457855344	0.01681942492723465	0.005589769687503576	0.00448719272390008
187	neutral	../syntropy_project/models/model_35	../syntropy_project/models/model_35	joy	0.4336678981781006	0.23510009050369263	0.18242883682250977	0.4336678981781006	0.1254328191280365	0.002964538289234042	0.005519981030374765	0.009964419528841972	0.0009310957975685596	0.0007480073836632073	0.0010835523717105389	0.0011144501622766256	0.0010443691862747073
188	excitement	../syntropy_project/models/model_35	../syntropy_project/models/model_35	joy	0.32786497473716736	0.25605282187461853	0.13018691539764404	0.32786497473716736	0.23376908898353577	0.0034331753849983215	0.004141522105783224	0.03305021673440933	0.0019242928829044104	0.0018312111496925354	0.0024395687505602837	0.002274688333272934	0.0030315311159938574
189	pride	../syntropy_project/models/model_35	../syntropy_project/models/model_35	joy	0.4956139922142029	0.19295334815979004	0.12577718496322632	0.4956139922142029	0.1777549684047699	0.0012596320593729615	0.0011874414049088955	0.0037064170464873314	0.00020381988724693656	0.00019451671687420458	0.0005082541611045599	0.0004949228023178875	0.00034540981869213283
190	neutral	../syntropy_project/models/model_35	../syntropy_project/models/model_35	joy	0.4265640377998352	0.3664045035839081	0.09476207941770554	0.4265640377998352	0.09710405766963959	0.0010100608924403787	0.0028030704706907272	0.008562397211790085	0.00043362806900404394	0.00014404545072466135	0.0010266246972605586	0.0006825024611316621	0.0005029890453442931
191	anger	../syntropy_project/models/model_35	../syntropy_project/models/model_35	disgust	0.5042805075645447	0.07200346142053604	0.030351314693689346	0.012843841686844826	0.01016300916671753	0.02461046352982521	0.011324375867843628	0.005992499645799398	0.014930816367268562	0.20052741467952728	0.021571457386016846	0.09140081703662872	0.5042805075645447
192	joy	../syntropy_project/models/model_35	../syntropy_project/models/model_35	joy	0.45322537422180176	0.2661508619785309	0.14170947670936584	0.45322537422180176	0.10917499661445618	0.00461586331948638	0.007362877484411001	0.009527957998216152	0.0012605645461007953	0.00096564507111907	0.0024336432106792927	0.002114946488291025	0.0014577878173440695
193	neutral	../syntropy_project/models/model_35	../syntropy_project/models/model_35	neutral	0.3142729699611664	0.3142729699611664	0.2643081545829773	0.14788752794265747	0.22872722148895264	0.022256607189774513	0.00467288214713335	0.011067807674407959	0.0017424821853637695	0.0009780994150787592	0.0020565635059028864	0.0009942122269421816	0.001035369117744267
194	pride	../syntropy_project/models/model_35	../syntropy_project/models/model_35	joy	0.30644384026527405	0.2754163444042206	0.18886826932430267	0.30644384026527405	0.17731553316116333	0.0024112549144774675	0.0022631962783634663	0.038525812327861786	0.001361503847874701	0.0006062397733330727	0.002328470116481185	0.002664811909198761	0.0017947477754205465
195	neutral	../syntropy_project/models/model_35	../syntropy_project/models/model_35	neutral	0.4538997411727905	0.4538997411727905	0.13205404579639435	0.18113961815834045	0.07208263128995895	0.03948449343442917	0.03747974708676338	0.03802094608545303	0.012109234929084778	0.0038348613306879997	0.011448213830590248	0.010697507299482822	0.00774904852733016
196	excitement	../syntropy_project/models/model_35	../syntropy_project/models/model_35	joy	0.29546210169792175	0.28004905581474304	0.18826694786548615	0.29546210169792175	0.2011471539735794	0.005669514648616314	0.004758829716593027	0.017625320702791214	0.0014188751811161637	0.0012692747404798865	0.00185783498454839	0.00144574127625674	0.0010293516097590327
197	nervousness	../syntropy_project/models/model_35	../syntropy_project/models/model_35	nervousness	0.661353349685669	0.028158361092209816	0.09272288531064987	0.011882753111422062	0.013876940123736858	0.661353349685669	0.04550188407301903	0.009465908631682396	0.03503713011741638	0.025644451379776	0.018919112160801888	0.04181191697716713	0.015625327825546265
198	surprise	../syntropy_project/models/model_35	../syntropy_project/models/model_35	excitement	0.3331280052661896	0.2438819706439972	0.19355790317058563	0.10470794141292572	0.3331280052661896	0.04419003427028656	0.016665831208229065	0.032133545726537704	0.0058036199770867825	0.003920635674148798	0.008561487309634686	0.008306656964123249	0.005142411217093468
199	pride	../syntropy_project/models/model_35	../syntropy_project/models/model_35	joy	0.4196353852748871	0.32439124584198	0.14059065282344818	0.4196353852748871	0.09087584167718887	0.002500738948583603	0.0038164786528795958	0.01320135872811079	0.0008755803573876619	0.00032442293013446033	0.0016432208940386772	0.0014234731206670403	0.0007216469966806471
200	joy	../syntropy_project/models/model_35	../syntropy_project/models/model_35	surprise	0.7829397320747375	0.03657973185181618	0.037865929305553436	0.03897576034069061	0.07830379158258438	0.0026456101331859827	0.0014879954978823662	0.7829397320747375	0.002128391759470105	0.0003453911922406405	0.01037173718214035	0.006466415245085955	0.0018895406974479556
201	nervousness	../syntropy_project/models/model_35	../syntropy_project/models/model_35	nervousness	0.4763335883617401	0.0439346507191658	0.27452516555786133	0.04961610212922096	0.05073386803269386	0.4763335883617401	0.01463108416646719	0.012555028311908245	0.015604650601744652	0.01848529279232025	0.009892021305859089	0.023835018277168274	0.009853586554527283
202	excitement	../syntropy_project/models/model_35	../syntropy_project/models/model_35	pride	0.44283902645111084	0.05178479477763176	0.44283902645111084	0.08997642248868942	0.36548298597335815	0.004240129608660936	0.000873285811394453	0.03728308528661728	0.0012374327052384615	0.0010789288207888603	0.0011197802377864718	0.0026770203839987516	0.0014071454061195254
203	pride	../syntropy_project/models/model_35	../syntropy_project/models/model_35	joy	0.36807727813720703	0.35123947262763977	0.12012219429016113	0.36807727813720703	0.14730267226696014	0.0019182948162779212	0.0024622315540909767	0.0053208679892122746	0.0005545158637687564	0.0002891022013500333	0.0012430775677785277	0.000876238162163645	0.0005941446870565414
204	neutral	../syntropy_project/models/model_35	../syntropy_project/models/model_35	neutral	0.33672863245010376	0.33672863245010376	0.13297490775585175	0.2506973147392273	0.2509594261646271	0.008233580738306046	0.0028127345722168684	0.010512938722968102	0.000817628693766892	0.0004480902280192822	0.0021469781640917063	0.0022406456992030144	0.0014271350810304284
205	neutral	../syntropy_project/models/model_35	../syntropy_project/models/model_35	joy	0.39415132999420166	0.15479931235313416	0.10161177814006805	0.39415132999420166	0.31026390194892883	0.00110560969915241	0.0014739881735295057	0.03234930336475372	0.0007462688372470438	0.0003269643057137728	0.0009965868666768074	0.0012153590796515346	0.000959620054345578
206	neutral	../syntropy_project/models/model_35	../syntropy_project/models/model_35	neutral	0.4294183552265167	0.4294183552265167	0.1758384108543396	0.2586219906806946	0.1095544844865799	0.006870375480502844	0.004629918374121189	0.009765983559191227	0.0013931418070569634	0.0006145543302409351	0.0014935159124433994	0.0009743819246068597	0.0008249704842455685
207	neutral	../syntropy_project/models/model_35	../syntropy_project/models/model_35	neutral	0.6366000175476074	0.6366000175476074	0.03010804019868374	0.2457457035779953	0.05101064592599869	0.002455637324601412	0.0048944964073598385	0.021142618730664253	0.001722741755656898	0.00017732445849105716	0.0037941907066851854	0.0012712221359834075	0.001077287713997066
208	disgust	../syntropy_project/models/model_35	../syntropy_project/models/model_35	disgust	0.8425716757774353	0.01318368874490261	0.0035865854006260633	0.005831223912537098	0.010588685050606728	0.005505206063389778	0.006914903409779072	0.005856869276612997	0.025105716660618782	0.054626334458589554	0.0042764125391840935	0.021952837705612183	0.8425716757774353
209	neutral	../syntropy_project/models/model_35	../syntropy_project/models/model_35	pride	0.356494277715683	0.2792896628379822	0.356494277715683	0.2115999311208725	0.10036855190992355	0.008275437168776989	0.004488872829824686	0.029033353552222252	0.0019391225650906563	0.0009726671269163489	0.0033563273027539253	0.0025812778621912003	0.0016006056685000658
210	confusion	../syntropy_project/models/model_35	../syntropy_project/models/model_35	neutral	0.3884378969669342	0.3884378969669342	0.08979441970586777	0.13997039198875427	0.061695802956819534	0.11201297491788864	0.08840873092412949	0.03729100525379181	0.01743769645690918	0.010216232389211655	0.02868860773742199	0.01300609577447176	0.013040175661444664
211	pride	../syntropy_project/models/model_35	../syntropy_project/models/model_35	pride	0.3690083622932434	0.20050907135009766	0.3690083622932434	0.3408937454223633	0.05424822121858597	0.00460957083851099	0.009391482919454575	0.010470643639564514	0.0017677209107205272	0.0020273777190595865	0.0019720615819096565	0.0029218902345746756	0.0021798971574753523
212	disgust	../syntropy_project/models/model_35	../syntropy_project/models/model_35	disgust	0.7865991592407227	0.019233442842960358	0.005394093692302704	0.0035524419508874416	0.005235618911683559	0.005004995036870241	0.023497184738516808	0.004428687505424023	0.010426143184304237	0.0987660139799118	0.005748382303863764	0.03211390972137451	0.7865991592407227
213	joy	../syntropy_project/models/model_35	../syntropy_project/models/model_35	joy	0.36958304047584534	0.3228379487991333	0.10889117419719696	0.36958304047584534	0.18464922904968262	0.0017765412339940667	0.0015893580857664347	0.007602426689118147	0.0004788210499100387	0.00021471981017384678	0.0008534402586519718	0.0008397554629482329	0.0006835675449110568
214	joy	../syntropy_project/models/model_35	../syntropy_project/models/model_35	neutral	0.38896578550338745	0.38896578550338745	0.14224426448345184	0.2794042229652405	0.13730286061763763	0.004296354483813047	0.0033358039800077677	0.0297244880348444	0.0029783914797008038	0.0012361931148916483	0.0036955089308321476	0.0038020419888198376	0.003014050191268325
215	neutral	../syntropy_project/models/model_35	../syntropy_project/models/model_35	joy	0.44724151492118835	0.19390815496444702	0.19795888662338257	0.44724151492118835	0.1382087767124176	0.002831128891557455	0.00383242079988122	0.010424189269542694	0.0007298476411961019	0.0007042047800496221	0.0015046290354803205	0.0015635075978934765	0.001092711347155273
216	neutral	../syntropy_project/models/model_35	../syntropy_project/models/model_35	joy	0.4481489062309265	0.3484278917312622	0.0826745331287384	0.4481489062309265	0.09651941806077957	0.0012185699306428432	0.003158147679641843	0.01556442491710186	0.0007455656887032092	0.00022466933296527714	0.0014687746297568083	0.0010973014868795872	0.0007517357589676976
217	joy	../syntropy_project/models/model_35	../syntropy_project/models/model_35	neutral	0.4498739242553711	0.4498739242553711	0.06081642955541611	0.36411789059638977	0.10558005422353745	0.0011312172282487154	0.002500354079529643	0.012164382264018059	0.0006401985883712769	0.00014464632840827107	0.0014133461518213153	0.0008879626984708011	0.0007295918185263872
218	joy	../syntropy_project/models/model_35	../syntropy_project/models/model_35	neutral	0.4893048405647278	0.4893048405647278	0.08690237998962402	0.30346769094467163	0.08365046977996826	0.005968641955405474	0.005945111624896526	0.017504293471574783	0.0015246206894516945	0.0003724251582752913	0.002516041975468397	0.0017110430635511875	0.0011323861544951797
219	surprise	../syntropy_project/models/model_35	../syntropy_project/models/model_35	surprise	0.9658353328704834	0.0061601982451975346	0.006004638969898224	0.0017926873406395316	0.009995361790060997	0.0006728831795044243	0.0004515501786954701	0.9658353328704834	0.0006345278234221041	7.653071224922314e-05	0.004719212185591459	0.0027920291759073734	0.0008650639210827649
220	pride	../syntropy_project/models/model_35	../syntropy_project/models/model_35	pride	0.5725084543228149	0.12452647089958191	0.5725084543228149	0.15476897358894348	0.10945028811693192	0.012632193975150585	0.002594299614429474	0.01492307148873806	0.0010762398596853018	0.0012916529085487127	0.001915972912684083	0.002400030614808202	0.0019123246893286705
221	neutral	../syntropy_project/models/model_35	../syntropy_project/models/model_35	excitement	0.2923223674297333	0.16929978132247925	0.0962102934718132	0.24354355037212372	0.2923223674297333	0.028734318912029266	0.03142285346984863	0.07273995876312256	0.01708664745092392	0.006928184535354376	0.010024720802903175	0.010800483636558056	0.020886847749352455
222	joy	../syntropy_project/models/model_35	../syntropy_project/models/model_35	joy	0.39966583251953125	0.33054235577583313	0.13926728069782257	0.39966583251953125	0.11233934015035629	0.002127555664628744	0.0033739041537046432	0.008911414071917534	0.0005324431112967432	0.000357816374162212	0.0009257007041014731	0.00105296541005373	0.0009035198017954826
223	nervousness	../syntropy_project/models/model_35	../syntropy_project/models/model_35	neutral	0.3398517966270447	0.3398517966270447	0.165056511759758	0.1630071997642517	0.09200918674468994	0.10734802484512329	0.02784602716565132	0.034206632524728775	0.01930556260049343	0.012083965353667736	0.01789007894694805	0.012939844280481339	0.008455157279968262
224	joy	../syntropy_project/models/model_35	../syntropy_project/models/model_35	joy	0.29282522201538086	0.2628968060016632	0.18049146234989166	0.29282522201538086	0.23328347504138947	0.012376328930258751	0.0029922521207481623	0.009887945838272572	0.0010261735878884792	0.0008861088426783681	0.0013839530292898417	0.0010191621258854866	0.0009311313624493778
225	pride	../syntropy_project/models/model_35	../syntropy_project/models/model_35	joy	0.39504867792129517	0.24887360632419586	0.21914328634738922	0.39504867792129517	0.1043625995516777	0.0021248802077025175	0.005576432216912508	0.018769919872283936	0.0009788552997633815	0.0006227806443348527	0.0014510953333228827	0.0018168382812291384	0.0012310377787798643
226	neutral	../syntropy_project/models/model_35	../syntropy_project/models/model_35	neutral	0.4256642460823059	0.4256642460823059	0.07143451273441315	0.3805010914802551	0.10783136636018753	0.002309551229700446	0.002937055891379714	0.005304852034896612	0.0006530187092721462	0.0002271399716846645	0.0014721184270456433	0.0009200525819323957	0.0007450514240190387
227	excitement	../syntropy_project/models/model_35	../syntropy_project/models/model_35	excitement	0.35728883743286133	0.15080131590366364	0.1717512458562851	0.29954099655151367	0.35728883743286133	0.0025484110228717327	0.0013707245234400034	0.013376520946621895	0.0005903705605305731	0.00038410103297792375	0.0007045537349767983	0.000983741250820458	0.0006592067657038569
228	excitement	../syntropy_project/models/model_35	../syntropy_project/models/model_35	excitement	0.37168678641319275	0.2002885639667511	0.0942709892988205	0.3174927234649658	0.37168678641319275	0.0018077385611832142	0.001354498672299087	0.010199409909546375	0.0004096286138519645	0.00041970255551859736	0.00062522292137146	0.0006496675196103752	0.0007950197323225439
229	pride	../syntropy_project/models/model_35	../syntropy_project/models/model_35	pride	0.692191481590271	0.037044771015644073	0.692191481590271	0.050190094858407974	0.17812420427799225	0.02267060987651348	0.0017349077388644218	0.011730244383215904	0.0009721908718347549	0.0013093947200104594	0.0008589128847233951	0.00195417576469481	0.001218992518261075
230	confusion	../syntropy_project/models/model_35	../syntropy_project/models/model_35	confusion	0.4845079481601715	0.021441012620925903	0.028127038851380348	0.00652154628187418	0.003179233055561781	0.17000222206115723	0.02908710390329361	0.009776070713996887	0.02399057149887085	0.0897347703576088	0.4845079481601715	0.11000964790582657	0.023622797802090645
231	disgust	../syntropy_project/models/model_35	../syntropy_project/models/model_35	disgust	0.8074353933334351	0.013580908067524433	0.004265911411494017	0.002779705449938774	0.005661204922944307	0.01273251324892044	0.017705224454402924	0.004017566796392202	0.027234338223934174	0.0601041316986084	0.007623805198818445	0.036859363317489624	0.8074353933334351
232	joy	../syntropy_project/models/model_35	../syntropy_project/models/model_35	joy	0.36291009187698364	0.11335661262273788	0.23734578490257263	0.36291009187698364	0.25705891847610474	0.0025855498388409615	0.0020764365326613188	0.0186461191624403	0.00091196020366624	0.0008664802880957723	0.0014501753030344844	0.0015170816332101822	0.0012747322907671332
233	nervousness	../syntropy_project/models/model_35	../syntropy_project/models/model_35	pride	0.3828572928905487	0.18140384554862976	0.3828572928905487	0.32920655608177185	0.0695822685956955	0.009194285608828068	0.004625207744538784	0.011371560394763947	0.0020120562985539436	0.001583871548064053	0.0025012686382979155	0.0035858687479048967	0.002075972268357873
234	joy	../syntropy_project/models/model_35	../syntropy_project/models/model_35	joy	0.33874210715293884	0.1937563121318817	0.25938117504119873	0.33874210715293884	0.19027617573738098	0.0029254185501486063	0.0014594926033169031	0.008980147540569305	0.0005752121796831489	0.0006699137738905847	0.0010413051350042224	0.0013378862058743834	0.0008548168698325753
235	nervousness	../syntropy_project/models/model_35	../syntropy_project/models/model_35	nervousness	0.4444318413734436	0.05436670035123825	0.03243754431605339	0.023888757452368736	0.013376373797655106	0.4444318413734436	0.18324509263038635	0.0040575480088591576	0.03435343876481056	0.09259903430938721	0.024502577260136604	0.04615050554275513	0.04659067094326019
236	excitement	../syntropy_project/models/model_35	../syntropy_project/models/model_35	excitement	0.34554222226142883	0.22857043147087097	0.21796879172325134	0.15717926621437073	0.34554222226142883	0.029680609703063965	0.0024137075524777174	0.011764520779252052	0.001228934619575739	0.0016704602167010307	0.0017447903519496322	0.0012215253664180636	0.0010146598797291517
237	joy	../syntropy_project/models/model_35	../syntropy_project/models/model_35	neutral	0.44035032391548157	0.44035032391548157	0.1085231751203537	0.30902907252311707	0.09096615016460419	0.010394140146672726	0.012075912207365036	0.016878316178917885	0.0021207472309470177	0.0009523906046524644	0.004374214913696051	0.002169364830479026	0.002166323596611619
238	sadness	../syntropy_project/models/model_35	../syntropy_project/models/model_35	neutral	0.2640981674194336	0.2640981674194336	0.10796987265348434	0.04345328360795975	0.04725198075175285	0.056329209357500076	0.0872916504740715	0.03425586223602295	0.10114617645740509	0.08531147986650467	0.04332224279642105	0.04971513897180557	0.07985494285821915
239	neutral	../syntropy_project/models/model_35	../syntropy_project/models/model_35	joy	0.3997686803340912	0.3762480914592743	0.08999279141426086	0.3997686803340912	0.11639275401830673	0.0016302831936627626	0.004289904143661261	0.008012284524738789	0.0006064788321964443	0.00027669136761687696	0.001182876992970705	0.0008823061943985522	0.0007168609299696982
240	pride	../syntropy_project/models/model_35	../syntropy_project/models/model_35	pride	0.8216615915298462	0.039069999009370804	0.8216615915298462	0.050628382712602615	0.07867562770843506	0.0038475084584206343	0.0008438191725872457	0.0023101293481886387	0.00034077774034813046	0.0006032925448380411	0.00041820149635896087	0.0011012600734829903	0.0004995111958123744
241	joy	../syntropy_project/models/model_35	../syntropy_project/models/model_35	joy	0.43360239267349243	0.22681844234466553	0.17492784559726715	0.43360239267349243	0.1430000513792038	0.0014168049674481153	0.00266773859038949	0.013691862113773823	0.0006593262078240514	0.00031653346377424896	0.0010647943709045649	0.0010900961933657527	0.0007441143970936537
242	joy	../syntropy_project/models/model_35	../syntropy_project/models/model_35	joy	0.5035451054573059	0.22125644981861115	0.08040342479944229	0.5035451054573059	0.1431654691696167	0.0008491070475429296	0.00256389775313437	0.03823341429233551	0.0013970087748020887	0.0004516231711022556	0.002747086575254798	0.0026387942489236593	0.0027486076578497887
243	joy	../syntropy_project/models/model_35	../syntropy_project/models/model_35	joy	0.4586779475212097	0.12515763938426971	0.182181715965271	0.4586779475212097	0.20644786953926086	0.0009054956608451903	0.0023087814915925264	0.021495463326573372	0.0004178157832939178	0.00023218209389597178	0.0006265100673772395	0.0009555260767228901	0.0005931392079219222
244	excitement	../syntropy_project/models/model_35	../syntropy_project/models/model_35	neutral	0.36260220408439636	0.36260220408439636	0.13785403966903687	0.2411392480134964	0.15020065009593964	0.024121101945638657	0.03539517894387245	0.02134842798113823	0.007166747003793716	0.004693489521741867	0.0059150028973817825	0.0037033255212008953	0.005860671401023865
245	joy	../syntropy_project/models/model_35	../syntropy_project/models/model_35	neutral	0.5625874400138855	0.5625874400138855	0.03717733919620514	0.32020190358161926	0.059342313557863235	0.001075742649845779	0.002775729401037097	0.01165219210088253	0.000719623058103025	0.0001112614045268856	0.002413894049823284	0.0011314756702631712	0.0008110144990496337
246	joy	../syntropy_project/models/model_35	../syntropy_project/models/model_35	pride	0.6254469156265259	0.050678934901952744	0.6254469156265259	0.10616331547498703	0.19352975487709045	0.012911370024085045	0.0014532487839460373	0.0053462982177734375	0.0005807731067761779	0.0014000310329720378	0.0008116280077956617	0.001166280242614448	0.0005114384111948311
247	excitement	../syntropy_project/models/model_35	../syntropy_project/models/model_35	neutral	0.33152058720588684	0.33152058720588684	0.18035942316055298	0.23270371556282043	0.21799436211585999	0.003043281612917781	0.0018291209125891328	0.028081649914383888	0.0008048059535212815	0.0004350235394667834	0.0016096556792035699	0.0008339080377481878	0.000784421106800437
248	neutral	../syntropy_project/models/model_35	../syntropy_project/models/model_35	neutral	0.2866448760032654	0.2866448760032654	0.14850950241088867	0.26715365052223206	0.26675763726234436	0.004367222543805838	0.002271124627441168	0.01775905303657055	0.0008090793271549046	0.0005239862366579473	0.002519340952858329	0.0017702202312648296	0.0009143110364675522
249	disgust	../syntropy_project/models/model_35	../syntropy_project/models/model_35	anger	0.218695268034935	0.03048696368932724	0.024118369445204735	0.013497714884579182	0.006026571150869131	0.19649982452392578	0.09903880953788757	0.005060885101556778	0.04380740970373154	0.218695268034935	0.03568530082702637	0.14385515451431274	0.18322764337062836
250	nervousness	../syntropy_project/models/model_35	../syntropy_project/models/model_35	nervousness	0.8993608951568604	0.005650840234011412	0.007458031643182039	0.003908137325197458	0.003007505089044571	0.8993608951568604	0.01412048190832138	0.0010209769243374467	0.03364963084459305	0.014208615757524967	0.004413852002471685	0.007859104312956333	0.005341945681720972
251	pride	../syntropy_project/models/model_35	../syntropy_project/models/model_35	joy	0.3981022536754608	0.27518096566200256	0.22450055181980133	0.3981022536754608	0.08683229982852936	0.002143734134733677	0.0028267167508602142	0.006538400426506996	0.0004947712877765298	0.00033757498022168875	0.001172878430224955	0.001115902909077704	0.0007539805374108255
252	fear	../syntropy_project/models/model_35	../syntropy_project/models/model_35	confusion	0.446689635515213	0.02672703191637993	0.013773386366665363	0.0055910334922373295	0.002730950014665723	0.17959484457969666	0.06267055124044418	0.008806472644209862	0.03605843707919121	0.09831411391496658	0.446689635515213	0.08637119829654694	0.03267238661646843
253	joy	../syntropy_project/models/model_35	../syntropy_project/models/model_35	joy	0.3833070397377014	0.3533366024494171	0.13244405388832092	0.3833070397377014	0.11265353113412857	0.0016688988544046879	0.002559518674388528	0.010535555891692638	0.0005643193144351244	0.00018706847913563251	0.0011859866790473461	0.0009760010871104896	0.0005813818424940109
254	neutral	../syntropy_project/models/model_35	../syntropy_project/models/model_35	disgust	0.31602713465690613	0.15007635951042175	0.016675401479005814	0.03314061090350151	0.03943534567952156	0.0411258190870285	0.04154576361179352	0.015217163600027561	0.17977462708950043	0.12281221151351929	0.018832223489880562	0.025337280705571175	0.31602713465690613
255	embarrassment	../syntropy_project/models/model_35	../syntropy_project/models/model_35	pride	0.3553169071674347	0.16466039419174194	0.3553169071674347	0.11327993869781494	0.034858588129282	0.15708284080028534	0.030741646885871887	0.023497384041547775	0.014084813185036182	0.02216918021440506	0.0226044449955225	0.04309862479567528	0.01860520802438259
256	pride	../syntropy_project/models/model_35	../syntropy_project/models/model_35	pride	0.638681948184967	0.11469017714262009	0.638681948184967	0.08993333578109741	0.11287903785705566	0.018789900466799736	0.002230849349871278	0.014416109770536423	0.0012079188600182533	0.0016162276733666658	0.0020234507974237204	0.0025100610218942165	0.001020920928567648
257	pride	../syntropy_project/models/model_35	../syntropy_project/models/model_35	pride	0.7854205965995789	0.01640152931213379	0.7854205965995789	0.021784137934446335	0.16369538009166718	0.003310853149741888	0.00043877639109268785	0.006522413808852434	0.0003086100041400641	0.00041342468466609716	0.0002779735950753093	0.0010756744304671884	0.00035056163324043155
258	joy	../syntropy_project/models/model_35	../syntropy_project/models/model_35	joy	0.6000259518623352	0.20834264159202576	0.04938900098204613	0.6000259518623352	0.0974244475364685	0.00828885193914175	0.012133627198636532	0.013431264087557793	0.0018519681179895997	0.0008303975337184966	0.003310474334284663	0.0024543358013033867	0.0025170461740344763
259	pride	../syntropy_project/models/model_35	../syntropy_project/models/model_35	neutral	0.3713025748729706	0.3713025748729706	0.16963185369968414	0.23394979536533356	0.17601320147514343	0.020177334547042847	0.007426409050822258	0.009502286091446877	0.0025328120682388544	0.0025745562743395567	0.003690402489155531	0.0014965870650485158	0.0017021963139995933
260	nervousness	../syntropy_project/models/model_35	../syntropy_project/models/model_35	nervousness	0.8591063618659973	0.01206644345074892	0.008306760340929031	0.005184432025998831	0.0038071544840931892	0.8591063618659973	0.026347531005740166	0.0016977549530565739	0.0398380383849144	0.01838763989508152	0.007687792181968689	0.0090272706001997	0.00854276493191719
261	joy	../syntropy_project/models/model_35	../syntropy_project/models/model_35	joy	0.42454448342323303	0.2459038496017456	0.10961052775382996	0.42454448342323303	0.1902102828025818	0.002105333376675844	0.0018585164798423648	0.020319325849413872	0.0007336966809816658	0.00031975103775039315	0.0017186524346470833	0.0016234875656664371	0.001052024425007403
262	joy	../syntropy_project/models/model_35	../syntropy_project/models/model_35	joy	0.4040577709674835	0.28555089235305786	0.16697804629802704	0.4040577709674835	0.1295294463634491	0.0017304504290223122	0.0018256815383210778	0.007908670231699944	0.00043181644286960363	0.00017667896463535726	0.0006336020305752754	0.0006704359548166394	0.0005065042641945183
263	neutral	../syntropy_project/models/model_35	../syntropy_project/models/model_35	neutral	0.44890516996383667	0.44890516996383667	0.056941110640764236	0.3511044979095459	0.11956442147493362	0.0029187777545303106	0.004323504865169525	0.011450949124991894	0.0011378144845366478	0.00033747294219210744	0.0014912252081558108	0.0007928551058284938	0.0010323870228603482
264	joy	../syntropy_project/models/model_35	../syntropy_project/models/model_35	joy	0.4441978931427002	0.22511525452136993	0.10086885094642639	0.4441978931427002	0.21444107592105865	0.002225149655714631	0.0020151957869529724	0.008024083450436592	0.00034667510772123933	0.00030539007275365293	0.0008672524709254503	0.0009509751689620316	0.0006422300357371569
265	excitement	../syntropy_project/models/model_35	../syntropy_project/models/model_35	excitement	0.7862907648086548	0.019205328077077866	0.14323671162128448	0.026738515123724937	0.7862907648086548	0.014123013243079185	0.000608494970947504	0.006613593082875013	0.00037379207788035274	0.0011487634619697928	0.0006988232489675283	0.0005752251017838717	0.00038694730028510094
266	excitement	../syntropy_project/models/model_35	../syntropy_project/models/model_35	joy	0.3587764799594879	0.29323288798332214	0.23059327900409698	0.3587764799594879	0.05201103910803795	0.009531370364129543	0.005926154088228941	0.02848847582936287	0.0017845459515228868	0.0015578257152810693	0.010646415874361992	0.004976178985089064	0.002475341083481908
267	pride	../syntropy_project/models/model_35	../syntropy_project/models/model_35	joy	0.3719205856323242	0.1794244945049286	0.28478172421455383	0.3719205856323242	0.12932263314723969	0.007122716400772333	0.00282183731906116	0.01300279051065445	0.0012323380215093493	0.0017920018872246146	0.004258182365447283	0.002449107589200139	0.0018715010955929756
268	fear	../syntropy_project/models/model_35	../syntropy_project/models/model_35	fear	0.38719481229782104	0.07553616911172867	0.012807538732886314	0.015816254541277885	0.015407569706439972	0.14060388505458832	0.06506156176328659	0.013097083196043968	0.38719481229782104	0.05829091742634773	0.03239641338586807	0.04383143410086632	0.13995634019374847
269	joy	../syntropy_project/models/model_35	../syntropy_project/models/model_35	joy	0.41139131784439087	0.17080625891685486	0.3254423439502716	0.41139131784439087	0.06788177788257599	0.003591101383790374	0.0028610737062990665	0.011427875608205795	0.000660898454952985	0.0006206384859979153	0.0022449020761996508	0.002154448302462697	0.000917323399335146
270	pride	../syntropy_project/models/model_35	../syntropy_project/models/model_35	excitement	0.2994576096534729	0.14011119306087494	0.26226088404655457	0.14273227751255035	0.2994576096534729	0.052506349980831146	0.009437878616154194	0.04361337423324585	0.007762040011584759	0.01193492766469717	0.01372563187032938	0.011275961995124817	0.005181923508644104
271	joy	../syntropy_project/models/model_35	../syntropy_project/models/model_35	joy	0.41751471161842346	0.3053409457206726	0.15654875338077545	0.41751471161842346	0.09880814701318741	0.0013604453997686505	0.0037932810373604298	0.01275673694908619	0.0005458579980768263	0.00031778719858266413	0.0011223354376852512	0.001059270929545164	0.0008316334569826722
272	pride	../syntropy_project/models/model_35	../syntropy_project/models/model_35	neutral	0.2867295742034912	0.2867295742034912	0.19753088057041168	0.21132026612758636	0.16462334990501404	0.008993998169898987	0.007068035192787647	0.08693168312311172	0.00382036785595119	0.0013994203181937337	0.017219262197613716	0.007817665114998817	0.006545613054186106
273	neutral	../syntropy_project/models/model_35	../syntropy_project/models/model_35	neutral	0.3707132637500763	0.3707132637500763	0.1447506994009018	0.2798303961753845	0.12490752339363098	0.010087166912853718	0.01712227240204811	0.03890330716967583	0.003311157925054431	0.001034711254760623	0.004373980686068535	0.003102571005001664	0.0018628720426931977
274	anger	../syntropy_project/models/model_35	../syntropy_project/models/model_35	anger	0.3959381580352783	0.024983761832118034	0.00983427558094263	0.005509504582732916	0.006970919668674469	0.09631495177745819	0.0507405586540699	0.009322615340352058	0.0203792043030262	0.3959381580352783	0.06240565702319145	0.07703299820423126	0.24056749045848846
275	pride	../syntropy_project/models/model_35	../syntropy_project/models/model_35	pride	0.4726392924785614	0.10198894143104553	0.4726392924785614	0.214503213763237	0.18525049090385437	0.004861151799559593	0.0014939716784283519	0.0120198093354702	0.000783721508923918	0.0008502998971380293	0.0019994715694338083	0.002238309010863304	0.0013713757507503033
276	pride	../syntropy_project/models/model_35	../syntropy_project/models/model_35	pride	0.4786979854106903	0.09666549414396286	0.4786979854106903	0.05919112265110016	0.2928358018398285	0.022150276228785515	0.002289524534717202	0.02173406258225441	0.002721471944823861	0.01685037836432457	0.0015842552529647946	0.002219460206106305	0.0030601192265748978
277	neutral	../syntropy_project/models/model_35	../syntropy_project/models/model_35	nervousness	0.2334204763174057	0.1693866103887558	0.228984534740448	0.08352646976709366	0.07896717637777328	0.2334204763174057	0.05563689023256302	0.06240982562303543	0.015352485701441765	0.017369898036122322	0.02278841659426689	0.019927863031625748	0.012229432351887226
278	fear	../syntropy_project/models/model_35	../syntropy_project/models/model_35	nervousness	0.1469024419784546	0.12225774675607681	0.08031115680932999	0.03764420375227928	0.034852270036935806	0.1469024419784546	0.07614701241254807	0.0490647628903389	0.06423115730285645	0.13598871231079102	0.058333221822977066	0.09943952411413193	0.09482777863740921
279	excitement	../syntropy_project/models/model_35	../syntropy_project/models/model_35	joy	0.3534897267818451	0.15803015232086182	0.16930796205997467	0.3534897267818451	0.306523859500885	0.0019816593267023563	0.001822957070544362	0.00622511375695467	0.0003699768567457795	0.00032219558488577604	0.0007914125453680754	0.0006776518421247602	0.000457295507658273
280	nervousness	../syntropy_project/models/model_35	../syntropy_project/models/model_35	nervousness	0.7013596892356873	0.01848323829472065	0.015366130508482456	0.00974673219025135	0.0030667290557175875	0.7013596892356873	0.026815207675099373	0.004540073219686747	0.1485472470521927	0.011326070874929428	0.027956169098615646	0.025773925706744194	0.007018835749477148
281	neutral	../syntropy_project/models/model_35	../syntropy_project/models/model_35	neutral	0.6079841256141663	0.6079841256141663	0.0640740618109703	0.2558495104312897	0.04675059765577316	0.004128431901335716	0.005773289129137993	0.007259785197675228	0.0014558052644133568	0.0007356248097494245	0.0033069434575736523	0.001311041647568345	0.0013707089237868786
282	nervousness	../syntropy_project/models/model_35	../syntropy_project/models/model_35	nervousness	0.48797807097435	0.03148293495178223	0.07259472459554672	0.0208357572555542	0.0035066711716353893	0.48797807097435	0.04978202283382416	0.009669514372944832	0.02400653064250946	0.01862948387861252	0.1887805014848709	0.08087615668773651	0.011857650242745876
283	pride	../syntropy_project/models/model_35	../syntropy_project/models/model_35	excitement	0.8155402541160583	0.017546363174915314	0.10247068852186203	0.023611553013324738	0.8155402541160583	0.02717568911612034	0.0008436727803200483	0.00832767691463232	0.00034956340095959604	0.0011501166736707091	0.0013368020299822092	0.0009255086770281196	0.0007221258711069822
284	neutral	../syntropy_project/models/model_35	../syntropy_project/models/model_35	joy	0.45263412594795227	0.3426002860069275	0.09269550442695618	0.45263412594795227	0.10141278803348541	0.0011799470521509647	0.0019351157825440168	0.0047224960289895535	0.00040721605182625353	0.00018395725055597723	0.000999369309283793	0.0007484780508093536	0.0004807159712072462
285	pride	../syntropy_project/models/model_35	../syntropy_project/models/model_35	joy	0.3346315920352936	0.21676456928253174	0.2004214972257614	0.3346315920352936	0.20840515196323395	0.002412231173366308	0.0016730764182284474	0.02631828747689724	0.0012727456633001566	0.0006968965171836317	0.0022554630413651466	0.0028831118252128363	0.0022654205095022917
286	excitement	../syntropy_project/models/model_35	../syntropy_project/models/model_35	joy	0.37136730551719666	0.3674283027648926	0.09242935478687286	0.37136730551719666	0.11109063029289246	0.0025596150662750006	0.0037853182293474674	0.03754464164376259	0.0023134828079491854	0.0008948545437306166	0.0037419048603624105	0.0033761460799723864	0.003468462498858571
287	pride	../syntropy_project/models/model_35	../syntropy_project/models/model_35	pride	0.40171918272972107	0.21115708351135254	0.40171918272972107	0.24626962840557098	0.11995825916528702	0.004616761580109596	0.0019140690565109253	0.008603595197200775	0.0006584813236258924	0.0006098333979025483	0.0016629291931167245	0.0019294500816613436	0.0009007611079141498
288	pride	../syntropy_project/models/model_35	../syntropy_project/models/model_35	pride	0.8984085321426392	0.004971940536051989	0.8984085321426392	0.009733319282531738	0.07738996297121048	0.0024535399861633778	0.00033717264886945486	0.003907410893589258	0.00028952822322025895	0.0006806331221014261	0.0001399103202857077	0.0012696736957877874	0.00041848793625831604
289	neutral	../syntropy_project/models/model_35	../syntropy_project/models/model_35	joy	0.46898984909057617	0.23578494787216187	0.08122068643569946	0.46898984909057617	0.1427769511938095	0.001576556358486414	0.005176941864192486	0.0411638468503952	0.0030969528015702963	0.0014046723954379559	0.009337261319160461	0.005118986126035452	0.004352451302111149
290	nervousness	../syntropy_project/models/model_35	../syntropy_project/models/model_35	nervousness	0.7610222101211548	0.017854873090982437	0.013986085541546345	0.00725562172010541	0.005507434718310833	0.7610222101211548	0.05242221802473068	0.002987602958455682	0.055148325860500336	0.029919033870100975	0.014922146685421467	0.02272694557905197	0.01624741405248642
291	neutral	../syntropy_project/models/model_35	../syntropy_project/models/model_35	neutral	0.47538185119628906	0.47538185119628906	0.1612769514322281	0.17536383867263794	0.12187789380550385	0.009124492295086384	0.010245473124086857	0.021929161623120308	0.003602284938097	0.010010628961026669	0.003579301992431283	0.0018897767877206206	0.005718426778912544
292	joy	../syntropy_project/models/model_35	../syntropy_project/models/model_35	joy	0.3231542706489563	0.16960233449935913	0.30200591683387756	0.3231542706489563	0.1597738116979599	0.007697134744375944	0.0025449644308537245	0.018879232928156853	0.002549978904426098	0.0015200041234493256	0.003202715190127492	0.004773251712322235	0.004296362865716219
293	sadness	../syntropy_project/models/model_35	../syntropy_project/models/model_35	disgust	0.38004258275032043	0.06153629720211029	0.01909434050321579	0.011994593776762486	0.01668129488825798	0.059788014739751816	0.061911892145872116	0.009619037620723248	0.03977823629975319	0.27174103260040283	0.018952781334519386	0.048859938979148865	0.38004258275032043
294	excitement	../syntropy_project/models/model_35	../syntropy_project/models/model_35	pride	0.42151641845703125	0.16312731802463531	0.42151641845703125	0.14249910414218903	0.24366548657417297	0.011912805028259754	0.002701943274587393	0.008133606053888798	0.0007181244436651468	0.0015460654394701123	0.0017977174138650298	0.0015039540594443679	0.0008775097085162997
295	joy	../syntropy_project/models/model_35	../syntropy_project/models/model_35	joy	0.43985655903816223	0.11047956347465515	0.11277405172586441	0.43985655903816223	0.30371445417404175	0.0024803057312965393	0.001480835722759366	0.021640803664922714	0.0009703341638669372	0.0012266156263649464	0.002261127345263958	0.0018282742239534855	0.0012870295904576778
296	joy	../syntropy_project/models/model_35	../syntropy_project/models/model_35	neutral	0.42564427852630615	0.42564427852630615	0.10337579995393753	0.3163527548313141	0.07387766242027283	0.007566634099930525	0.013961025513708591	0.023486178368330002	0.004256282467395067	0.0020826291292905807	0.00932768452912569	0.009674937464296818	0.010394145734608173
297	joy	../syntropy_project/models/model_35	../syntropy_project/models/model_35	neutral	0.3453419506549835	0.3453419506549835	0.1124715730547905	0.19808454811573029	0.08646197617053986	0.07984991371631622	0.10212783515453339	0.02883729338645935	0.011925416067242622	0.0055173966102302074	0.00676479609683156	0.009107343852519989	0.013509943149983883
298	pride	../syntropy_project/models/model_35	../syntropy_project/models/model_35	pride	0.8056355714797974	0.009682349860668182	0.8056355714797974	0.036053914576768875	0.1390834003686905	0.0028020923491567373	0.0006719834636896849	0.0035104237031191587	0.0002246712683700025	0.0006156500894576311	0.00023789268743712455	0.0010533801978453994	0.00042868489981628954
299	embarrassment	../syntropy_project/models/model_35	../syntropy_project/models/model_35	pride	0.5045390725135803	0.1575218290090561	0.5045390725135803	0.10925769805908203	0.17761707305908203	0.028474926948547363	0.0033947101328521967	0.009591360576450825	0.002152652246877551	0.001868424005806446	0.0024953801184892654	0.0017228403594344854	0.0013639782555401325
300	joy	../syntropy_project/models/model_35	../syntropy_project/models/model_35	joy	0.4885385036468506	0.23211178183555603	0.15894779562950134	0.4885385036468506	0.10071637481451035	0.002607297617942095	0.0030888989567756653	0.008865957148373127	0.0005751496646553278	0.00032658097916282713	0.00195325817912817	0.001442452659830451	0.0008258658926934004
301	neutral	../syntropy_project/models/model_35	../syntropy_project/models/model_35	joy	0.396772176027298	0.2025889754295349	0.1495022028684616	0.396772176027298	0.18861663341522217	0.0036289822310209274	0.011283663101494312	0.03802018612623215	0.0019312569638714194	0.001257613068446517	0.002514807740226388	0.001747829606756568	0.002135549671947956
302	pride	../syntropy_project/models/model_35	../syntropy_project/models/model_35	neutral	0.31310248374938965	0.31310248374938965	0.29578107595443726	0.2619428336620331	0.08053126931190491	0.006964915432035923	0.004308154806494713	0.024027859792113304	0.0015332994516938925	0.0007305202889256179	0.005420622881501913	0.003496314398944378	0.0021606620866805315
303	joy	../syntropy_project/models/model_35	../syntropy_project/models/model_35	joy	0.37984615564346313	0.2054070234298706	0.13237683475017548	0.37984615564346313	0.18020902574062347	0.02850213088095188	0.020989779382944107	0.026021558791399002	0.004078241065144539	0.004275524988770485	0.007200778461992741	0.0050596934743225574	0.0060333251021802425
304	joy	../syntropy_project/models/model_35	../syntropy_project/models/model_35	neutral	0.38589292764663696	0.38589292764663696	0.12055384367704391	0.3438110053539276	0.0903773233294487	0.009115146473050117	0.008769378997385502	0.023939741775393486	0.0017949198372662067	0.0008162668673321605	0.00793699361383915	0.005274526309221983	0.001717988750897348
305	joy	../syntropy_project/models/model_35	../syntropy_project/models/model_35	neutral	0.4305245280265808	0.4305245280265808	0.07088015973567963	0.38061490654945374	0.07951240241527557	0.004399081226438284	0.008550907485187054	0.018096420913934708	0.0012417469406500459	0.00046302893315441906	0.0024475480895489454	0.001791801187209785	0.001477599609643221
306	pride	../syntropy_project/models/model_35	../syntropy_project/models/model_35	pride	0.7449274063110352	0.01603390835225582	0.7449274063110352	0.052105940878391266	0.17231102287769318	0.008597041480243206	0.0007534025935456157	0.002067054621875286	0.0003770867770072073	0.0007315325201489031	0.0002447619044687599	0.0014290832914412022	0.0004217806563246995
307	excitement	../syntropy_project/models/model_35	../syntropy_project/models/model_35	neutral	0.5029458999633789	0.5029458999633789	0.08459300547838211	0.21396306157112122	0.10844327509403229	0.007606839761137962	0.01272864080965519	0.026876350864768028	0.0036782065872102976	0.0057371933944523335	0.010133272968232632	0.008936124853789806	0.01435813307762146
308	excitement	../syntropy_project/models/model_35	../syntropy_project/models/model_35	joy	0.4434700906276703	0.19706596434116364	0.17469193041324615	0.4434700906276703	0.1748068928718567	0.0013522716471925378	0.0015622101491317153	0.005036815535277128	0.00023508057347498834	0.00026888272259384394	0.0005586734041571617	0.0005967472097836435	0.000354395859176293
309	pride	../syntropy_project/models/model_35	../syntropy_project/models/model_35	joy	0.38487130403518677	0.3776841461658478	0.06883595138788223	0.38487130403518677	0.1559811383485794	0.0012994359713047743	0.0016507545951753855	0.0073926146142184734	0.00043044277117587626	0.00011287962843198329	0.0007498254417441785	0.000511192949488759	0.0004803479532711208
310	excitement	../syntropy_project/models/model_35	../syntropy_project/models/model_35	joy	0.3132571578025818	0.261411190032959	0.14350515604019165	0.3132571578025818	0.24302265048027039	0.0028148212004452944	0.003083887742832303	0.02751951850950718	0.0008869208977557719	0.00032559302053414285	0.001631228718906641	0.0013066965620964766	0.001235135947354138
311	neutral	../syntropy_project/models/model_35	../syntropy_project/models/model_35	joy	0.3846053183078766	0.38026484847068787	0.10661575943231583	0.3846053183078766	0.11072786152362823	0.001964814495295286	0.0025143891107290983	0.009196831844747066	0.0006719055236317217	0.0003230308648198843	0.0012946416391059756	0.0011246245121583343	0.0006959686288610101
312	joy	../syntropy_project/models/model_35	../syntropy_project/models/model_35	joy	0.34550991654396057	0.2531265616416931	0.1923392117023468	0.34550991654396057	0.17665408551692963	0.0026201822329312563	0.003110415767878294	0.02032795175909996	0.0006275628111325204	0.0005605188780464232	0.0019434808054938912	0.0018900093855336308	0.0012900426518172026
313	excitement	../syntropy_project/models/model_35	../syntropy_project/models/model_35	joy	0.35363510251045227	0.21027815341949463	0.12641626596450806	0.35363510251045227	0.28415045142173767	0.0026164890732616186	0.0020652594976127148	0.015884442254900932	0.0004553923790808767	0.00030244619119912386	0.0017946665175259113	0.0017220445442944765	0.0006792739150114357
314	excitement	../syntropy_project/models/model_35	../syntropy_project/models/model_35	excitement	0.30115142464637756	0.19881480932235718	0.22100190818309784	0.24952183663845062	0.30115142464637756	0.0037702927365899086	0.0024595865979790688	0.017532629892230034	0.0008481326512992382	0.00048745982348918915	0.0015513129765167832	0.0015756057109683752	0.0012850022176280618
315	neutral	../syntropy_project/models/model_35	../syntropy_project/models/model_35	neutral	0.6008972525596619	0.6008972525596619	0.0997166633605957	0.12350644916296005	0.04563327506184578	0.01738976128399372	0.028300775215029716	0.02036006562411785	0.0064577930606901646	0.004821661859750748	0.01357224490493536	0.014893058687448502	0.024451006203889847
316	neutral	../syntropy_project/models/model_35	../syntropy_project/models/model_35	joy	0.4149553179740906	0.36315858364105225	0.09031619131565094	0.4149553179740906	0.10431051254272461	0.0013803532347083092	0.0030331071466207504	0.01779949851334095	0.0009399444097653031	0.00023097757366485894	0.0016903388313949108	0.0012958354782313108	0.0008893263293430209
317	joy	../syntropy_project/models/model_35	../syntropy_project/models/model_35	joy	0.3884974718093872	0.31976866722106934	0.11674894392490387	0.3884974718093872	0.14374633133411407	0.0013896042946726084	0.002693199086934328	0.02103712409734726	0.0010462608188390732	0.0003777553793042898	0.001975027844309807	0.0015642988728359342	0.0011553461663424969
318	pride	../syntropy_project/models/model_35	../syntropy_project/models/model_35	joy	0.3014448285102844	0.22956779599189758	0.20406655967235565	0.3014448285102844	0.19386689364910126	0.00420707231387496	0.0027364157140254974	0.04741041734814644	0.002774517284706235	0.0015495127299800515	0.003929208964109421	0.0047880965285003185	0.0036586481146514416
319	neutral	../syntropy_project/models/model_35	../syntropy_project/models/model_35	joy	0.395024836063385	0.3564222455024719	0.15432298183441162	0.395024836063385	0.061075497418642044	0.00419088639318943	0.009014395996928215	0.012942942790687084	0.0012851253850385547	0.00047770814853720367	0.002121445257216692	0.002042860724031925	0.0010791479144245386
320	neutral	../syntropy_project/models/model_35	../syntropy_project/models/model_35	neutral	0.32709407806396484	0.32709407806396484	0.06574783474206924	0.08930779248476028	0.08191918581724167	0.22431954741477966	0.09495121240615845	0.03846542164683342	0.030439093708992004	0.010935490019619465	0.016020793467760086	0.011667236685752869	0.009132321923971176
321	neutral	../syntropy_project/models/model_35	../syntropy_project/models/model_35	neutral	0.41381341218948364	0.41381341218948364	0.14203119277954102	0.28891173005104065	0.1282757967710495	0.004799338523298502	0.002494774293154478	0.013809820637106895	0.0008560344576835632	0.0002447385631967336	0.0023243699688464403	0.001444786204956472	0.0009940320160239935
322	neutral	../syntropy_project/models/model_35	../syntropy_project/models/model_35	neutral	0.40891724824905396	0.40891724824905396	0.19011816382408142	0.2262950986623764	0.11108332127332687	0.013799453154206276	0.02145262062549591	0.013966278173029423	0.0044292849488556385	0.0018977884901687503	0.0032306108623743057	0.0026726913638412952	0.0021373783238232136
323	excitement	../syntropy_project/models/model_35	../syntropy_project/models/model_35	excitement	0.914952278137207	0.00781868677586317	0.047865431755781174	0.007239468861371279	0.914952278137207	0.011496512219309807	0.0002442591649014503	0.00752425380051136	0.00030813683406449854	0.001034330460242927	0.0006824618321843445	0.0004666703171096742	0.00036748472484759986
324	pride	../syntropy_project/models/model_35	../syntropy_project/models/model_35	excitement	0.3969047963619232	0.08907096832990646	0.2133929431438446	0.26982882618904114	0.3969047963619232	0.008765608072280884	0.0019203119445592165	0.01259898766875267	0.0006101329927332699	0.0019652652554214	0.001685934024862945	0.0023460544180125	0.0009101092000491917
325	fear	../syntropy_project/models/model_35	../syntropy_project/models/model_35	nervousness	0.18439576029777527	0.08945321291685104	0.02194250375032425	0.025653092190623283	0.024469761177897453	0.18439576029777527	0.1538499891757965	0.033676084131002426	0.1292543262243271	0.04712675139307976	0.054536398500204086	0.07206972688436508	0.1635725051164627
326	excitement	../syntropy_project/models/model_35	../syntropy_project/models/model_35	excitement	0.9184104800224304	0.008954538963735104	0.04493194445967674	0.010412147268652916	0.9184104800224304	0.007234320044517517	0.0002302254579262808	0.008029418997466564	0.00027682993095368147	0.0006360358092933893	0.0002902398118749261	0.0003573229187168181	0.0002364602405577898
327	sadness	../syntropy_project/models/model_35	../syntropy_project/models/model_35	nervousness	0.6560688018798828	0.03558170795440674	0.014699019491672516	0.01838841289281845	0.010085257701575756	0.6560688018798828	0.12123408168554306	0.0030940936412662268	0.0870250016450882	0.017323005944490433	0.014985279180109501	0.013587631285190582	0.007927794009447098
328	neutral	../syntropy_project/models/model_35	../syntropy_project/models/model_35	neutral	0.3813246190547943	0.3813246190547943	0.10703013092279434	0.3608492910861969	0.13247543573379517	0.0019939455669373274	0.00221150740981102	0.009357519447803497	0.0005320231430232525	0.0002727239625528455	0.0018857918912544847	0.0012542731128633022	0.0008127460605464876
329	neutral	../syntropy_project/models/model_35	../syntropy_project/models/model_35	neutral	0.5665670037269592	0.5665670037269592	0.11951272189617157	0.14947262406349182	0.13893622159957886	0.003384942654520273	0.004218210931867361	0.013123676180839539	0.0011707551311701536	0.0005817071069031954	0.0011368588311597705	0.0008366598631255329	0.0010585342533886433
330	pride	../syntropy_project/models/model_35	../syntropy_project/models/model_35	pride	0.4060508906841278	0.1440337896347046	0.4060508906841278	0.09744477272033691	0.2661328911781311	0.019959580153226852	0.0032584199216216803	0.04499194771051407	0.002315447200089693	0.0026766681112349033	0.0058408076874911785	0.0052529312670230865	0.0020420034416019917
331	embarrassment	../syntropy_project/models/model_35	../syntropy_project/models/model_35	nervousness	0.3680618405342102	0.022957047447562218	0.012132637202739716	0.008319362066686153	0.002752108033746481	0.3680618405342102	0.08463118970394135	0.008789867162704468	0.07048601657152176	0.04341619089245796	0.27136847376823425	0.07319500297307968	0.03389030322432518
332	excitement	../syntropy_project/models/model_35	../syntropy_project/models/model_35	joy	0.4356088936328888	0.18462161719799042	0.1942797303199768	0.4356088936328888	0.15225893259048462	0.0027258084155619144	0.003086553420871496	0.020636431872844696	0.0009169914992526174	0.000538347871042788	0.0020520954858511686	0.0019933695439249277	0.0012812009081244469
333	nervousness	../syntropy_project/models/model_35	../syntropy_project/models/model_35	nervousness	0.30220410227775574	0.1539243757724762	0.13692383468151093	0.09596613049507141	0.13566720485687256	0.30220410227775574	0.04693668708205223	0.030643979087471962	0.018495704978704453	0.017118174582719803	0.024376321583986282	0.02480095997452736	0.012942466884851456
334	pride	../syntropy_project/models/model_35	../syntropy_project/models/model_35	joy	0.5461850762367249	0.18726259469985962	0.13316145539283752	0.5461850762367249	0.12110843509435654	0.001454364974051714	0.0024126730859279633	0.005948611069470644	0.0002872756449505687	0.00017575769743416458	0.0008938272367231548	0.0007210979820229113	0.00038875394966453314
335	embarrassment	../syntropy_project/models/model_35	../syntropy_project/models/model_35	anger	0.2769628167152405	0.06212926283478737	0.015695499256253242	0.016089243814349174	0.006442289333790541	0.11706295609474182	0.06562880426645279	0.0032746249344199896	0.045690763741731644	0.2769628167152405	0.03322193771600723	0.09494582563638687	0.2628558874130249
336	pride	../syntropy_project/models/model_35	../syntropy_project/models/model_35	joy	0.41685473918914795	0.35179394483566284	0.09021664410829544	0.41685473918914795	0.12750838696956635	0.00107173016294837	0.002134650945663452	0.007219316437840462	0.0004741219454444945	0.00016950377903413028	0.0011216436978429556	0.0008787239785306156	0.0005565898609347641
337	pride	../syntropy_project/models/model_35	../syntropy_project/models/model_35	pride	0.8350930213928223	0.026264410465955734	0.8350930213928223	0.02947828359901905	0.0914892926812172	0.0073018562979996204	0.0013215504586696625	0.00556996138766408	0.00044983840780332685	0.0007671218481846154	0.00038263690657913685	0.0012494552647694945	0.000632493058219552
338	pride	../syntropy_project/models/model_35	../syntropy_project/models/model_35	pride	0.46756625175476074	0.20344406366348267	0.46756625175476074	0.17381510138511658	0.11405881494283676	0.01111686136573553	0.005302808713167906	0.009089495055377483	0.0018826633458957076	0.004865311551839113	0.00527633773162961	0.0023925509303808212	0.0011897726217284799
339	excitement	../syntropy_project/models/model_35	../syntropy_project/models/model_35	excitement	0.4668501615524292	0.13074174523353577	0.23863203823566437	0.13696403801441193	0.4668501615524292	0.012333139777183533	0.0012678452767431736	0.007236953359097242	0.0005616669659502804	0.0006583814974874258	0.001740025356411934	0.0023501769173890352	0.000663949060253799
340	excitement	../syntropy_project/models/model_35	../syntropy_project/models/model_35	excitement	0.33743271231651306	0.13789820671081543	0.20328585803508759	0.2803219258785248	0.33743271231651306	0.0023330654948949814	0.0013945901300758123	0.03159911930561066	0.0007777897990308702	0.0005546790780499578	0.0016962653025984764	0.0013561375671997666	0.001349613186903298
341	neutral	../syntropy_project/models/model_35	../syntropy_project/models/model_35	neutral	0.6304154396057129	0.6304154396057129	0.08586956560611725	0.10249260812997818	0.042601536959409714	0.032224565744400024	0.014550433494150639	0.03689265996217728	0.011456633917987347	0.0024272946175187826	0.024936102330684662	0.008885480463504791	0.00724769989028573
342	neutral	../syntropy_project/models/model_35	../syntropy_project/models/model_35	neutral	0.5663156509399414	0.5663156509399414	0.046424444764852524	0.23321227729320526	0.06261520087718964	0.019625166431069374	0.02055579051375389	0.02908123843371868	0.005144496448338032	0.0008546937606297433	0.008420305326581001	0.0039649237878620625	0.0037858036812394857
343	nervousness	../syntropy_project/models/model_35	../syntropy_project/models/model_35	nervousness	0.9011460542678833	0.010048841126263142	0.007277774158865213	0.002897686790674925	0.00433470169082284	0.9011460542678833	0.01664642058312893	0.0030915718525648117	0.022624066099524498	0.010608100332319736	0.00739836972206831	0.008481048047542572	0.005445451941341162
344	pride	../syntropy_project/models/model_35	../syntropy_project/models/model_35	joy	0.3558315634727478	0.25694262981414795	0.17882147431373596	0.3558315634727478	0.1627151519060135	0.002912092488259077	0.0027704215608537197	0.030970599502325058	0.0011115932138636708	0.0005836862255819142	0.0029682880267500877	0.002742030890658498	0.0016305521130561829
345	neutral	../syntropy_project/models/model_35	../syntropy_project/models/model_35	neutral	0.5447819232940674	0.5447819232940674	0.05964433029294014	0.22131453454494476	0.05721506476402283	0.012064384296536446	0.025742342695593834	0.05878960341215134	0.005422075744718313	0.0007055259775370359	0.005763348191976547	0.004275390412658453	0.00428140489384532
346	neutral	../syntropy_project/models/model_35	../syntropy_project/models/model_35	neutral	0.4192017614841461	0.4192017614841461	0.11304578185081482	0.1670018881559372	0.08412183821201324	0.053306642919778824	0.06797898560762405	0.03984653204679489	0.01580033451318741	0.005852801259607077	0.020951779559254646	0.008438792079687119	0.004452933557331562
347	pride	../syntropy_project/models/model_35	../syntropy_project/models/model_35	pride	0.34582769870758057	0.23723483085632324	0.34582769870758057	0.2523718774318695	0.10332031548023224	0.028146641328930855	0.005700811743736267	0.012659696862101555	0.0022021904587745667	0.0022518278565257788	0.0037765796296298504	0.0038821047637611628	0.0026254213880747557
348	pride	../syntropy_project/models/model_35	../syntropy_project/models/model_35	joy	0.3187018930912018	0.18004673719406128	0.24728336930274963	0.3187018930912018	0.22074460983276367	0.0032816592138260603	0.002441025571897626	0.022039305418729782	0.0011056102812290192	0.00042350759031251073	0.0014901241520419717	0.0013601857936009765	0.0010820875177159905
349	excitement	../syntropy_project/models/model_35	../syntropy_project/models/model_35	excitement	0.4496190845966339	0.20635904371738434	0.12546440958976746	0.18696382641792297	0.4496190845966339	0.007298869080841541	0.001792083028703928	0.017071418464183807	0.0009706812561489642	0.0006540735485032201	0.0020240943413227797	0.0009807287715375423	0.0008017115178517997
350	joy	../syntropy_project/models/model_35	../syntropy_project/models/model_35	joy	0.35824689269065857	0.10223998129367828	0.1682300716638565	0.35824689269065857	0.31489285826683044	0.0017807258991524577	0.0023645630571991205	0.0466378815472126	0.0012506956700235605	0.00036915004602633417	0.0010405005887150764	0.0017925129504874349	0.0011540368432179093
351	embarrassment	../syntropy_project/models/model_35	../syntropy_project/models/model_35	nervousness	0.4107789099216461	0.07842154055833817	0.025485627353191376	0.03818255290389061	0.012954136356711388	0.4107789099216461	0.1988573968410492	0.010023869574069977	0.07202417403459549	0.04524083063006401	0.035083964467048645	0.04671770706772804	0.026229286566376686
352	excitement	../syntropy_project/models/model_35	../syntropy_project/models/model_35	excitement	0.395715594291687	0.07483913004398346	0.24806392192840576	0.2575007379055023	0.395715594291687	0.003667866112664342	0.0016342541202902794	0.014132856391370296	0.0006026180344633758	0.0005358888301998377	0.0010531857842579484	0.001383621129207313	0.0008703201892785728
353	excitement	../syntropy_project/models/model_35	../syntropy_project/models/model_35	neutral	0.3080824613571167	0.3080824613571167	0.17450109124183655	0.21447740495204926	0.2735595405101776	0.007555806543678045	0.0037760662380605936	0.00990796647965908	0.0012276102788746357	0.0018138994928449392	0.002002502093091607	0.0011918930104002357	0.0019037604797631502
354	neutral	../syntropy_project/models/model_35	../syntropy_project/models/model_35	nervousness	0.22089965641498566	0.1724500060081482	0.047459401190280914	0.1709442138671875	0.048053301870822906	0.22089965641498566	0.15496297180652618	0.02250763401389122	0.08335699886083603	0.010815341025590897	0.03191407024860382	0.022568602114915848	0.01406777836382389
355	joy	../syntropy_project/models/model_35	../syntropy_project/models/model_35	joy	0.348086953163147	0.3079001009464264	0.15806129574775696	0.348086953163147	0.15806585550308228	0.0009969314560294151	0.00295998714864254	0.01653357408940792	0.0010918101761490107	0.0009230899158865213	0.0014771466376259923	0.00197181710973382	0.0019313915399834514
356	neutral	../syntropy_project/models/model_35	../syntropy_project/models/model_35	neutral	0.264737993478775	0.264737993478775	0.09140268713235855	0.059604939073324203	0.0164348091930151	0.16522705554962158	0.08177441358566284	0.013028019107878208	0.025373686105012894	0.06445550173521042	0.058925382792949677	0.06433488428592682	0.09470067173242569
357	disgust	../syntropy_project/models/model_35	../syntropy_project/models/model_35	disgust	0.22036762535572052	0.1711203008890152	0.05843602493405342	0.03907579183578491	0.014114934019744396	0.08039159327745438	0.06130297854542732	0.014268343336880207	0.030794376507401466	0.11016542464494705	0.08189456164836884	0.11806804686784744	0.22036762535572052
358	pride	../syntropy_project/models/model_35	../syntropy_project/models/model_35	pride	0.26824358105659485	0.237755686044693	0.26824358105659485	0.2590712904930115	0.07319217920303345	0.030374102294445038	0.05794848874211311	0.03506911173462868	0.009090552106499672	0.008318797685205936	0.008357204496860504	0.006239863578230143	0.006339154671877623
359	joy	../syntropy_project/models/model_35	../syntropy_project/models/model_35	joy	0.4626869857311249	0.24264302849769592	0.13472890853881836	0.4626869857311249	0.14370007812976837	0.0025848853401839733	0.004209070932120085	0.005777573678642511	0.0005807902780361474	0.000542151159606874	0.0009736508945934474	0.0007085889810696244	0.0008643971523270011
360	pride	../syntropy_project/models/model_35	../syntropy_project/models/model_35	joy	0.48045456409454346	0.12340878695249557	0.1384623795747757	0.48045456409454346	0.23730963468551636	0.0040084561333060265	0.004026093054562807	0.005322382785379887	0.0008678075973875821	0.0018271622247993946	0.0018151254625990987	0.001319984206929803	0.0011776704341173172
361	excitement	../syntropy_project/models/model_35	../syntropy_project/models/model_35	excitement	0.6962879300117493	0.04158388823270798	0.156139075756073	0.06295663863420486	0.6962879300117493	0.009540168568491936	0.0015727338613942266	0.02540162019431591	0.000841268862131983	0.0013333808165043592	0.0014546576421707869	0.0014250982785597444	0.0014635144034400582
362	neutral	../syntropy_project/models/model_35	../syntropy_project/models/model_35	neutral	0.4355917274951935	0.4355917274951935	0.08416928350925446	0.3253527879714966	0.07216733694076538	0.0021059971768409014	0.006615078542381525	0.05746051296591759	0.0032683417666703463	0.0009390287450514734	0.0052029890939593315	0.003725848626345396	0.00340106338262558
363	surprise	../syntropy_project/models/model_35	../syntropy_project/models/model_35	neutral	0.44543933868408203	0.44543933868408203	0.04333037883043289	0.42311912775039673	0.06741858273744583	0.0012315079802647233	0.003993439953774214	0.011399677954614162	0.0006271954625844955	0.0001198460377054289	0.0017760677728801966	0.0009138982859440148	0.0006309041054919362
364	excitement	../syntropy_project/models/model_35	../syntropy_project/models/model_35	pride	0.686842679977417	0.046468209475278854	0.686842679977417	0.07106007635593414	0.1685546487569809	0.007082568947225809	0.0018898516427725554	0.012705761007964611	0.0006074961856938899	0.0007542897947132587	0.0008035129867494106	0.0021622823551297188	0.001068578101694584
365	excitement	../syntropy_project/models/model_35	../syntropy_project/models/model_35	joy	0.3000751733779907	0.29513657093048096	0.17931939661502838	0.3000751733779907	0.199580579996109	0.0036920374259352684	0.0043014464899897575	0.011815725825726986	0.0010862129274755716	0.0008870062883943319	0.0019336434779688716	0.001218530465848744	0.0009536948637105525
366	joy	../syntropy_project/models/model_35	../syntropy_project/models/model_35	joy	0.3317406475543976	0.2349160760641098	0.15459616482257843	0.3317406475543976	0.2180643081665039	0.0030639986507594585	0.0029484867118299007	0.04326654598116875	0.0020452523604035378	0.0007080262876115739	0.00425827968865633	0.0027536347042769194	0.0016385465860366821
367	joy	../syntropy_project/models/model_35	../syntropy_project/models/model_35	joy	0.45136141777038574	0.1811252236366272	0.17688794434070587	0.45136141777038574	0.17450231313705444	0.001873972825706005	0.0025363387539982796	0.008960826322436333	0.0004056563484482467	0.0002747620746959001	0.0007326013874262571	0.0007596458890475333	0.0005791939329355955
368	joy	../syntropy_project/models/model_35	../syntropy_project/models/model_35	joy	0.4038313925266266	0.32055428624153137	0.08406347036361694	0.4038313925266266	0.11248248815536499	0.004171793349087238	0.008527690544724464	0.045396286994218826	0.003621913492679596	0.001070173573680222	0.005940891802310944	0.0050161355175077915	0.0053234463557600975
369	neutral	../syntropy_project/models/model_35	../syntropy_project/models/model_35	joy	0.36917006969451904	0.34718188643455505	0.11949650943279266	0.36917006969451904	0.13551057875156403	0.0033571114763617516	0.0030042757280170918	0.015155119821429253	0.001140657695941627	0.0004343515611253679	0.001920670852996409	0.00213693012483418	0.001491893664933741
370	neutral	../syntropy_project/models/model_35	../syntropy_project/models/model_35	neutral	0.40483129024505615	0.40483129024505615	0.06202417612075806	0.3853461444377899	0.12125075608491898	0.0018802599515765905	0.002461055526509881	0.016417765989899635	0.000752542691770941	0.00016526281251572073	0.0025080437771975994	0.0014411009615287185	0.0009216420585289598
371	pride	../syntropy_project/models/model_35	../syntropy_project/models/model_35	neutral	0.23320195078849792	0.23320195078849792	0.2154453843832016	0.22307813167572021	0.03879891708493233	0.09367818385362625	0.0800723135471344	0.031682778149843216	0.020772257819771767	0.005685256794095039	0.02298348769545555	0.02291971631348133	0.011681604199111462
372	neutral	../syntropy_project/models/model_35	../syntropy_project/models/model_35	joy	0.35622480511665344	0.3147185444831848	0.19061221182346344	0.35622480511665344	0.1036078929901123	0.006068442482501268	0.012507619336247444	0.007264147978276014	0.0020232817623764277	0.0022773570381104946	0.0017406536499038339	0.0012482875026762486	0.0017067096196115017
373	pride	../syntropy_project/models/model_35	../syntropy_project/models/model_35	excitement	0.38491374254226685	0.09938057512044907	0.36198514699935913	0.13421392440795898	0.38491374254226685	0.00879365298897028	0.0008877742802724242	0.005627387668937445	0.0003821358550339937	0.0008771524298936129	0.001221673795953393	0.0011510510230436921	0.0005658487207256258
374	excitement	../syntropy_project/models/model_35	../syntropy_project/models/model_35	excitement	0.6415168046951294	0.045831870287656784	0.0949755311012268	0.10852733254432678	0.6415168046951294	0.044132817536592484	0.006684339139610529	0.019746482372283936	0.002717082854360342	0.021236784756183624	0.0064247786067426205	0.004443109035491943	0.00376299349591136
375	excitement	../syntropy_project/models/model_35	../syntropy_project/models/model_35	pride	0.49760496616363525	0.16238373517990112	0.49760496616363525	0.07505695521831512	0.19387152791023254	0.012486102059483528	0.00313507579267025	0.043345071375370026	0.0013584409607574344	0.0007829528185538948	0.004010981880128384	0.004107476212084293	0.0018566243816167116
376	pride	../syntropy_project/models/model_35	../syntropy_project/models/model_35	joy	0.2984124422073364	0.22468985617160797	0.29091158509254456	0.2984124422073364	0.14369934797286987	0.009474135935306549	0.00435212766751647	0.017078101634979248	0.0011447465512901545	0.0006688923458568752	0.00420761201530695	0.0036493614315986633	0.0017117480747401714
377	excitement	../syntropy_project/models/model_35	../syntropy_project/models/model_35	pride	0.37011483311653137	0.19056151807308197	0.37011483311653137	0.2614305019378662	0.13871341943740845	0.006562251131981611	0.009411920793354511	0.012173312716186047	0.001784343272447586	0.003030740423128009	0.0017035630298778415	0.0027110958471894264	0.0018025499302893877
378	neutral	../syntropy_project/models/model_35	../syntropy_project/models/model_35	neutral	0.3699263334274292	0.3699263334274292	0.21474827826023102	0.212757870554924	0.09730438888072968	0.03893372416496277	0.011086342856287956	0.011594810523092747	0.004996550735086203	0.012247594073414803	0.008707468397915363	0.008831564337015152	0.008864984847605228
379	nervousness	../syntropy_project/models/model_35	../syntropy_project/models/model_35	nervousness	0.3454817533493042	0.061613306403160095	0.027149714529514313	0.014994206838309765	0.006504939869046211	0.3454817533493042	0.057665787637233734	0.0051418086513876915	0.037333618849515915	0.2074461579322815	0.04478790983557701	0.08337175846099854	0.1085091233253479
380	neutral	../syntropy_project/models/model_35	../syntropy_project/models/model_35	neutral	0.4183362126350403	0.4183362126350403	0.0656079649925232	0.27502405643463135	0.10547732561826706	0.017899079248309135	0.021593131124973297	0.06276966631412506	0.013554872944951057	0.0022727821487933397	0.007380322087556124	0.005303253419697285	0.004781331866979599
381	joy	../syntropy_project/models/model_35	../syntropy_project/models/model_35	neutral	0.4038023054599762	0.4038023054599762	0.14647777378559113	0.2020401954650879	0.1611698865890503	0.04349546879529953	0.016757655888795853	0.010113829746842384	0.0038683200255036354	0.0022376198321580887	0.004081840626895428	0.0018545989878475666	0.004100484307855368
382	surprise	../syntropy_project/models/model_35	../syntropy_project/models/model_35	pride	0.3829262852668762	0.12974292039871216	0.3829262852668762	0.15669281780719757	0.2639279365539551	0.006091263610869646	0.0028853616677224636	0.04875202476978302	0.0012212503934279084	0.0012973520206287503	0.0017202930757775903	0.003038829891011119	0.0017036173958331347
383	pride	../syntropy_project/models/model_35	../syntropy_project/models/model_35	pride	0.8606147766113281	0.008315878920257092	0.8606147766113281	0.006525259930640459	0.11019495129585266	0.0036925252061337233	0.00038996373768895864	0.007443177979439497	0.00033376814099028707	0.0004386627988424152	0.00018591723346617073	0.0013233792269602418	0.0005416852654889226
384	excitement	../syntropy_project/models/model_35	../syntropy_project/models/model_35	surprise	0.8792169690132141	0.01394455786794424	0.019619375467300415	0.01278348732739687	0.06684437394142151	0.000950829591602087	0.0005469606840051711	0.8792169690132141	0.0007646191515959799	0.0001693552767392248	0.001997695304453373	0.001991186523810029	0.001170543022453785
385	joy	../syntropy_project/models/model_35	../syntropy_project/models/model_35	neutral	0.357082724571228	0.357082724571228	0.1334877908229828	0.19442734122276306	0.1489800661802292	0.026148004457354546	0.018327459692955017	0.0728481188416481	0.0064557394944131374	0.00685053551569581	0.01861029677093029	0.008617316372692585	0.008164606988430023
386	neutral	../syntropy_project/models/model_35	../syntropy_project/models/model_35	joy	0.3899022340774536	0.2451697736978531	0.12425321340560913	0.3899022340774536	0.19372497498989105	0.0015304374974220991	0.004448724910616875	0.03229501098394394	0.0016268491744995117	0.0005703307688236237	0.0023988934699445963	0.002583696274086833	0.0014958364190533757
387	neutral	../syntropy_project/models/model_35	../syntropy_project/models/model_35	joy	0.4198561906814575	0.3723269999027252	0.08000163733959198	0.4198561906814575	0.10069980472326279	0.001232242793776095	0.0030266738031059504	0.017531808465719223	0.0008331306162290275	0.0002432906476315111	0.0018705715192481875	0.0013344456674531102	0.0010432383278384805
388	joy	../syntropy_project/models/model_35	../syntropy_project/models/model_35	joy	0.46508917212486267	0.2523711025714874	0.18583786487579346	0.46508917212486267	0.07493790239095688	0.0031217189971357584	0.005024399608373642	0.008294086903333664	0.0007176934159360826	0.0005760754575021565	0.0013606814900413156	0.0015379800461232662	0.001131295459344983
389	joy	../syntropy_project/models/model_35	../syntropy_project/models/model_35	neutral	0.3419596552848816	0.3419596552848816	0.08741940557956696	0.21753710508346558	0.0717935860157013	0.0986391082406044	0.08600538969039917	0.02858034521341324	0.023763228207826614	0.005671545397490263	0.015147959813475609	0.011610600166022778	0.011871970258653164
390	excitement	../syntropy_project/models/model_35	../syntropy_project/models/model_35	joy	0.43468359112739563	0.20466001331806183	0.18031804263591766	0.43468359112739563	0.16214054822921753	0.0022196739446371794	0.0019307790789753199	0.00841443706303835	0.0006924878107383847	0.0004600074316840619	0.0017805781681090593	0.0017826586263254285	0.0009171948186121881
391	joy	../syntropy_project/models/model_35	../syntropy_project/models/model_35	joy	0.4413476586341858	0.2810676097869873	0.1459132879972458	0.4413476586341858	0.10521872341632843	0.002910731825977564	0.004223530180752277	0.01371626928448677	0.001025758101604879	0.0004668154288083315	0.001657308777794242	0.0014444225234910846	0.0010078728664666414
392	neutral	../syntropy_project/models/model_35	../syntropy_project/models/model_35	neutral	0.40670540928840637	0.40670540928840637	0.1841113418340683	0.1894424557685852	0.17443709075450897	0.014526530168950558	0.013381791301071644	0.007803147193044424	0.0028464316856116056	0.002880550455302	0.0015684972750023007	0.0011027349391952157	0.0011939100222662091
393	nervousness	../syntropy_project/models/model_35	../syntropy_project/models/model_35	surprise	0.35278555750846863	0.13476407527923584	0.19736485183238983	0.08681287616491318	0.17819231748580933	0.015643391758203506	0.004165049642324448	0.35278555750846863	0.004576231352984905	0.0028127923142164946	0.010473414324223995	0.009891912341117859	0.002517573069781065
394	embarrassment	../syntropy_project/models/model_35	../syntropy_project/models/model_35	disgust	0.27537235617637634	0.05718217045068741	0.024444466456770897	0.014324112795293331	0.007257552817463875	0.14898361265659332	0.04873071238398552	0.007587451953440905	0.08333563804626465	0.08201711624860764	0.04091915860772133	0.2098456472158432	0.27537235617637634
395	fear	../syntropy_project/models/model_35	../syntropy_project/models/model_35	anger	0.2674463987350464	0.06900849938392639	0.03552282974123955	0.026918690651655197	0.017945073544979095	0.26147469878196716	0.10716903954744339	0.008560237474739552	0.03706837818026543	0.2674463987350464	0.023442216217517853	0.04477541893720627	0.10066848248243332
396	joy	../syntropy_project/models/model_35	../syntropy_project/models/model_35	joy	0.30702900886535645	0.28855037689208984	0.2298389971256256	0.30702900886535645	0.1474071890115738	0.00699632428586483	0.006289307028055191	0.007977433502674103	0.0009619597112759948	0.000922472623642534	0.0016571980668231845	0.0013957548653706908	0.0009740019449964166
397	joy	../syntropy_project/models/model_35	../syntropy_project/models/model_35	joy	0.306248277425766	0.26669469475746155	0.25376176834106445	0.306248277425766	0.1363374888896942	0.013870933093130589	0.004307068418711424	0.010483577847480774	0.0013686835300177336	0.0010893167927861214	0.0017232034588232636	0.002466169185936451	0.0016486644744873047
398	nervousness	../syntropy_project/models/model_35	../syntropy_project/models/model_35	nervousness	0.35753628611564636	0.02779616229236126	0.030044320970773697	0.013952592387795448	0.009354552254080772	0.35753628611564636	0.09950052201747894	0.0050327531062066555	0.06612053513526917	0.13781888782978058	0.02248404733836651	0.1146792620420456	0.11568005383014679
399	excitement	../syntropy_project/models/model_35	../syntropy_project/models/model_35	joy	0.3169522285461426	0.24784113466739655	0.20730023086071014	0.3169522285461426	0.17187316715717316	0.0056618391536176205	0.002825359581038356	0.03743724152445793	0.001392741920426488	0.0010229729814454913	0.0032829991541802883	0.002686283318325877	0.0017238280270248652
400	nervousness	../syntropy_project/models/model_35	../syntropy_project/models/model_35	nervousness	0.7385028004646301	0.018551386892795563	0.014566740952432156	0.010855595581233501	0.0072675785049796104	0.7385028004646301	0.035278141498565674	0.0029115884099155664	0.10813882201910019	0.0168193057179451	0.01576460339128971	0.0199907086789608	0.011352776549756527
401	neutral	../syntropy_project/models/model_35	../syntropy_project/models/model_35	neutral	0.39138221740722656	0.39138221740722656	0.04251740872859955	0.3528311550617218	0.18450865149497986	0.0019060112535953522	0.003650943748652935	0.016889650374650955	0.0008376846089959145	0.00014688368537463248	0.0036861656699329615	0.0009236385812982917	0.0007196679944172502
402	pride	../syntropy_project/models/model_35	../syntropy_project/models/model_35	pride	0.6345614790916443	0.030168022960424423	0.6345614790916443	0.026897763833403587	0.13129281997680664	0.1586073935031891	0.0011944981524720788	0.0021041741129010916	0.001416063983924687	0.00838945060968399	0.0018218900077044964	0.002568433992564678	0.0009780057007446885
403	sadness	../syntropy_project/models/model_35	../syntropy_project/models/model_35	nervousness	0.24319247901439667	0.11369191110134125	0.08700089156627655	0.042004406452178955	0.022304894402623177	0.24319247901439667	0.19290366768836975	0.05239909887313843	0.03042653389275074	0.04514840990304947	0.04504551738500595	0.07198494672775269	0.05389723926782608
404	neutral	../syntropy_project/models/model_35	../syntropy_project/models/model_35	joy	0.5003119111061096	0.2866780757904053	0.11222990602254868	0.5003119111061096	0.08910656720399857	0.0011029001325368881	0.0024579090531915426	0.005228244233876467	0.00043839678983204067	0.000245580478804186	0.0008563773590140045	0.0007729253848083317	0.0005711700650863349
405	joy	../syntropy_project/models/model_35	../syntropy_project/models/model_35	joy	0.41299134492874146	0.3409290015697479	0.061624690890312195	0.41299134492874146	0.164646178483963	0.0008107747416943312	0.0019747603219002485	0.012515614740550518	0.0006310461321845651	0.00025419192388653755	0.001208270899951458	0.0013701337156817317	0.0010439911857247353
406	pride	../syntropy_project/models/model_35	../syntropy_project/models/model_35	joy	0.4737943112850189	0.34582704305648804	0.09466513246297836	0.4737943112850189	0.05418669432401657	0.0030719570349901915	0.009556036442518234	0.011388339102268219	0.001218206831254065	0.0004821601614821702	0.002323435852304101	0.0019182234536856413	0.0015685047255828977
407	neutral	../syntropy_project/models/model_35	../syntropy_project/models/model_35	neutral	0.5162881016731262	0.5162881016731262	0.034747861325740814	0.33033716678619385	0.09791959077119827	0.001097258529625833	0.002301843138411641	0.011902902275323868	0.0011341300560161471	0.00014482051483355463	0.002205303870141506	0.0009878340642899275	0.0009332071058452129
408	joy	../syntropy_project/models/model_35	../syntropy_project/models/model_35	joy	0.4503972828388214	0.2138432115316391	0.18183867633342743	0.4503972828388214	0.1298699975013733	0.0018998754676431417	0.002488733734935522	0.013822917826473713	0.0009028083877637982	0.00035507261054590344	0.001631124527193606	0.0017958144890144467	0.001154393539763987
409	joy	../syntropy_project/models/model_35	../syntropy_project/models/model_35	joy	0.3541313707828522	0.3346526324748993	0.13866081833839417	0.3541313707828522	0.14342649281024933	0.00301729841157794	0.0027792800683528185	0.014479704201221466	0.0009426405886188149	0.0007615804788656533	0.0034550041891634464	0.0026354906149208546	0.0010577132925391197
410	embarrassment	../syntropy_project/models/model_35	../syntropy_project/models/model_35	disgust	0.26410162448883057	0.16945040225982666	0.039998892694711685	0.13828203082084656	0.03724024444818497	0.02756277658045292	0.05238872021436691	0.009358175098896027	0.02188006602227688	0.0819309651851654	0.0362936295568943	0.12151245027780533	0.26410162448883057
411	sadness	../syntropy_project/models/model_35	../syntropy_project/models/model_35	sadness	0.7016183137893677	0.09367280453443527	0.013339672237634659	0.0326121561229229	0.010613013058900833	0.054502904415130615	0.7016183137893677	0.00768011249601841	0.019215581938624382	0.01860656589269638	0.013758894056081772	0.01390711311250925	0.020472796633839607
412	joy	../syntropy_project/models/model_35	../syntropy_project/models/model_35	joy	0.37130865454673767	0.2557153105735779	0.15652796626091003	0.37130865454673767	0.13365109264850616	0.002980127464979887	0.004213766194880009	0.06005498394370079	0.001861862139776349	0.0004458995535969734	0.007301963400095701	0.003930854611098766	0.002007540548220277
413	joy	../syntropy_project/models/model_35	../syntropy_project/models/model_35	neutral	0.38552820682525635	0.38552820682525635	0.1171325221657753	0.22695791721343994	0.24807369709014893	0.0036493181250989437	0.0025161965750157833	0.009467199444770813	0.0010047029936686158	0.0011601396836340427	0.0012089037336409092	0.0016246491577476263	0.0016764664324000478
414	neutral	../syntropy_project/models/model_35	../syntropy_project/models/model_35	neutral	0.3084283769130707	0.3084283769130707	0.2786990702152252	0.2228919416666031	0.1266402006149292	0.007896596565842628	0.023942651227116585	0.018404876813292503	0.0033589801751077175	0.003336117370054126	0.002198424655944109	0.0017340286867693067	0.0024687517434358597
415	neutral	../syntropy_project/models/model_35	../syntropy_project/models/model_35	neutral	0.6135278344154358	0.6135278344154358	0.03512238711118698	0.2764388918876648	0.06117350235581398	0.00084317522123456	0.002133432775735855	0.006440047174692154	0.000482586125144735	0.00014910090249031782	0.0021487644407898188	0.0008556838147342205	0.0006844804738648236
416	neutral	../syntropy_project/models/model_35	../syntropy_project/models/model_35	neutral	0.35358789563179016	0.35358789563179016	0.19950486719608307	0.26673007011413574	0.12734857201576233	0.006372561678290367	0.0036395255010575056	0.030922235921025276	0.0014309155521914363	0.0008523368742316961	0.004609478171914816	0.0033877473324537277	0.0016137402271851897
417	neutral	../syntropy_project/models/model_35	../syntropy_project/models/model_35	joy	0.49903780221939087	0.24061264097690582	0.11096314340829849	0.49903780221939087	0.11066153645515442	0.001804451341740787	0.004330503288656473	0.022705959156155586	0.0012091418029740453	0.00047844857908785343	0.0034121726639568806	0.0029114994686096907	0.0018727615242823958
418	pride	../syntropy_project/models/model_35	../syntropy_project/models/model_35	joy	0.435383677482605	0.19848503172397614	0.23816075921058655	0.435383677482605	0.11552748829126358	0.0010908496333286166	0.0018538146978244185	0.0073815262876451015	0.00028785376343876123	0.00016765047621447593	0.0004426882369443774	0.000698148796800524	0.0005205713678151369
419	excitement	../syntropy_project/models/model_35	../syntropy_project/models/model_35	joy	0.3897552788257599	0.27181097865104675	0.16154247522354126	0.3897552788257599	0.13001805543899536	0.002491988707333803	0.003279161173850298	0.034110452979803085	0.0011853681644424796	0.0003744971181731671	0.002215263433754444	0.001992197008803487	0.00122424669098109
420	joy	../syntropy_project/models/model_35	../syntropy_project/models/model_35	joy	0.41084450483322144	0.35107988119125366	0.1205672100186348	0.41084450483322144	0.0911998525261879	0.0015326518332585692	0.0023103738203644753	0.01679113693535328	0.0009007023181766272	0.00027117383433505893	0.0019329520873725414	0.0014603969175368547	0.0011090931948274374
421	pride	../syntropy_project/models/model_35	../syntropy_project/models/model_35	pride	0.8433223962783813	0.019485613331198692	0.8433223962783813	0.021858124062418938	0.10044723749160767	0.003993986640125513	0.0007094714092090726	0.0072093200869858265	0.0003184382221661508	0.0003637046320363879	0.0004204174329061061	0.0013786962954327464	0.0004925449611619115
422	nervousness	../syntropy_project/models/model_35	../syntropy_project/models/model_35	anger	0.35725703835487366	0.04544362053275108	0.04369724169373512	0.017361417412757874	0.007391800172626972	0.28507333993911743	0.05656304955482483	0.003522284794598818	0.02204645797610283	0.35725703835487366	0.03345947340130806	0.06423036009073257	0.0639539435505867
423	neutral	../syntropy_project/models/model_35	../syntropy_project/models/model_35	neutral	0.5509378910064697	0.5509378910064697	0.06431752443313599	0.25778713822364807	0.07796715199947357	0.007845699787139893	0.009891279973089695	0.02162046916782856	0.0028455699793994427	0.0005654363194480538	0.003082446986809373	0.0016745226457715034	0.0014648283831775188
424	neutral	../syntropy_project/models/model_35	../syntropy_project/models/model_35	joy	0.40302711725234985	0.3783799111843109	0.05443396046757698	0.40302711725234985	0.1337159425020218	0.0013786600902676582	0.002381477039307356	0.01932385563850403	0.001254514791071415	0.00031923913047648966	0.0027012901846319437	0.001641195034608245	0.0014427648857235909
425	neutral	../syntropy_project/models/model_35	../syntropy_project/models/model_35	neutral	0.541922390460968	0.541922390460968	0.025744803249835968	0.35002610087394714	0.04289495199918747	0.0013991640880703926	0.008757361210882664	0.019635546952486038	0.002426387509331107	0.0004446205566637218	0.0037413621321320534	0.0012273440370336175	0.0017799906199797988
426	excitement	../syntropy_project/models/model_35	../syntropy_project/models/model_35	joy	0.4223270118236542	0.3241836726665497	0.09009968489408493	0.4223270118236542	0.12931732833385468	0.0018176865996792912	0.004365966655313969	0.022613318637013435	0.0011007182765752077	0.0004845139919780195	0.0015048549976199865	0.0011784889502450824	0.0010066499235108495
427	anger	../syntropy_project/models/model_35	../syntropy_project/models/model_35	disgust	0.39974525570869446	0.031349409371614456	0.008212849497795105	0.009972438216209412	0.01633215695619583	0.06483640521764755	0.06880014389753342	0.016337096691131592	0.23827385902404785	0.09436725825071335	0.017466824501752853	0.03430629149079323	0.39974525570869446
428	joy	../syntropy_project/models/model_35	../syntropy_project/models/model_35	joy	0.29807379841804504	0.27006763219833374	0.2066681832075119	0.29807379841804504	0.11053552478551865	0.017511505633592606	0.017059260979294777	0.03234400600194931	0.00444096140563488	0.009472893550992012	0.009395133703947067	0.014728697016835213	0.009702309966087341
429	joy	../syntropy_project/models/model_35	../syntropy_project/models/model_35	joy	0.28778156638145447	0.21620097756385803	0.2840869426727295	0.28778156638145447	0.1785908192396164	0.006830100901424885	0.0053588938899338245	0.01178138516843319	0.00259434524923563	0.0018594382563605905	0.0018378313397988677	0.0019439581083133817	0.0011336628813296556
430	excitement	../syntropy_project/models/model_35	../syntropy_project/models/model_35	excitement	0.8301125168800354	0.010831799358129501	0.11088816821575165	0.019287722185254097	0.8301125168800354	0.014415009878575802	0.0002943721483461559	0.010452440939843655	0.00034411801607348025	0.0012679843930527568	0.0008866917341947556	0.0007691250066272914	0.00045005595893599093
431	joy	../syntropy_project/models/model_35	../syntropy_project/models/model_35	joy	0.3695196211338043	0.27419614791870117	0.11102663725614548	0.3695196211338043	0.19623874127864838	0.0013297604164108634	0.002132063964381814	0.03629176318645477	0.0016211181646212935	0.0005912836641073227	0.0018610048573464155	0.0025184210389852524	0.002673475304618478
432	joy	../syntropy_project/models/model_35	../syntropy_project/models/model_35	joy	0.46524888277053833	0.2717742323875427	0.08639980852603912	0.46524888277053833	0.14072436094284058	0.0028618979267776012	0.004512481857091188	0.022041821852326393	0.0011407197453081608	0.00042710016714408994	0.0019049166003242135	0.001897500827908516	0.0010663039283826947
433	neutral	../syntropy_project/models/model_35	../syntropy_project/models/model_35	pride	0.304964154958725	0.2117958664894104	0.304964154958725	0.2633002996444702	0.12328368425369263	0.02968049794435501	0.013111110776662827	0.0264953151345253	0.0035606841556727886	0.005400646012276411	0.007396584842354059	0.006431742571294308	0.00457941647619009
434	pride	../syntropy_project/models/model_35	../syntropy_project/models/model_35	excitement	0.3338319957256317	0.15105684101581573	0.3009170591831207	0.14380112290382385	0.3338319957256317	0.023128453642129898	0.0033910961356014013	0.03095608577132225	0.0016551724402233958	0.002548317424952984	0.0026731835678219795	0.0035043423995375633	0.0025363280437886715
435	joy	../syntropy_project/models/model_35	../syntropy_project/models/model_35	joy	0.37374618649482727	0.24634717404842377	0.15376657247543335	0.37374618649482727	0.21295370161533356	0.0021309226285666227	0.0013599030207842588	0.006490284577012062	0.0003713873738888651	0.00035300294985063374	0.0009094198467209935	0.0008685561479069293	0.000702890392858535
436	joy	../syntropy_project/models/model_35	../syntropy_project/models/model_35	excitement	0.296660453081131	0.12682823836803436	0.2326696664094925	0.29027611017227173	0.296660453081131	0.002498830668628216	0.0023487722501158714	0.04242052882909775	0.0010757530108094215	0.0006136620650067925	0.0014420123770833015	0.002148489700630307	0.0010175253264606
437	sadness	../syntropy_project/models/model_35	../syntropy_project/models/model_35	sadness	0.9162380695343018	0.01915343664586544	0.001978729385882616	0.008676859550178051	0.0037708121817559004	0.006426313426345587	0.9162380695343018	0.002474108012393117	0.013460641726851463	0.003918386995792389	0.0032203630544245243	0.005877434741705656	0.014804820530116558
438	nervousness	../syntropy_project/models/model_35	../syntropy_project/models/model_35	nervousness	0.30689454078674316	0.13947372138500214	0.2244742065668106	0.12443485856056213	0.05990203097462654	0.30689454078674316	0.05061287060379982	0.011424023658037186	0.0155252143740654	0.01997552253305912	0.02093362621963024	0.01437524612993002	0.01197416428476572
439	surprise	../syntropy_project/models/model_35	../syntropy_project/models/model_35	neutral	0.3894297778606415	0.3894297778606415	0.13399599492549896	0.2064076066017151	0.10353662073612213	0.02763020619750023	0.025294270366430283	0.06976672261953354	0.009782832115888596	0.0060684941709041595	0.011701066046953201	0.009880278259515762	0.006506133824586868
440	joy	../syntropy_project/models/model_35	../syntropy_project/models/model_35	joy	0.2668006122112274	0.24813614785671234	0.1342545598745346	0.2668006122112274	0.2432485967874527	0.007418636232614517	0.005196619313210249	0.07234134525060654	0.0034905457869172096	0.0030232882127165794	0.00808704737573862	0.004740473348647356	0.003262098180130124
441	nervousness	../syntropy_project/models/model_35	../syntropy_project/models/model_35	nervousness	0.7606083154678345	0.015337295830249786	0.008175262250006199	0.006600043270736933	0.0048866490833461285	0.7606083154678345	0.04548276215791702	0.003110377350822091	0.06699176877737045	0.033628273755311966	0.01697092317044735	0.016068296507000923	0.022140145301818848
442	nervousness	../syntropy_project/models/model_35	../syntropy_project/models/model_35	confusion	0.36161208152770996	0.03830041363835335	0.08044445514678955	0.020526299253106117	0.007940790615975857	0.3139241635799408	0.028580153360962868	0.05086689442396164	0.012467469088733196	0.02296764776110649	0.36161208152770996	0.05087966099381447	0.011490029282867908
443	neutral	../syntropy_project/models/model_35	../syntropy_project/models/model_35	neutral	0.31025004386901855	0.31025004386901855	0.0689115971326828	0.3030071258544922	0.28495246171951294	0.009742346592247486	0.00645865872502327	0.009899943135678768	0.0009564382489770651	0.0013851500116288662	0.0018121885368600488	0.0013367440551519394	0.00128727569244802
444	pride	../syntropy_project/models/model_35	../syntropy_project/models/model_35	pride	0.7040829658508301	0.03073187917470932	0.7040829658508301	0.03730549290776253	0.1787910908460617	0.02786695584654808	0.0018934380495920777	0.008903522975742817	0.001404863316565752	0.003733802353963256	0.001315288944169879	0.002792001236230135	0.0011786260874941945
445	pride	../syntropy_project/models/model_35	../syntropy_project/models/model_35	pride	0.909103512763977	0.009162715636193752	0.909103512763977	0.011321648955345154	0.06276650726795197	0.003500363091006875	0.000291782314889133	0.0019378516590222716	0.00019738159608095884	0.0004217213427182287	0.00015616521704941988	0.0008813596796244383	0.00025896847364492714
446	excitement	../syntropy_project/models/model_35	../syntropy_project/models/model_35	pride	0.2968604564666748	0.1481194794178009	0.2968604564666748	0.279049277305603	0.22643543779850006	0.002983106067404151	0.005972906947135925	0.03285464271903038	0.0010444956133142114	0.0007545789703726768	0.0016444515204057097	0.002426860621199012	0.0018542709294706583
447	pride	../syntropy_project/models/model_35	../syntropy_project/models/model_35	pride	0.46804773807525635	0.19872884452342987	0.46804773807525635	0.17525331676006317	0.11556676775217056	0.015544606372714043	0.0026975765358656645	0.015785492956638336	0.0013167529832571745	0.001289051491767168	0.0014248278457671404	0.0026738846208900213	0.0016709723277017474
448	joy	../syntropy_project/models/model_35	../syntropy_project/models/model_35	joy	0.3505476117134094	0.25607162714004517	0.22706030309200287	0.3505476117134094	0.11659795045852661	0.004046316724270582	0.0037694370839744806	0.03410014137625694	0.001251337700523436	0.0005670274258591235	0.002037246711552143	0.0024944317992776632	0.0014565607998520136
449	neutral	../syntropy_project/models/model_35	../syntropy_project/models/model_35	neutral	0.7382873892784119	0.7382873892784119	0.05770431086421013	0.15410737693309784	0.023088624700903893	0.006081544328480959	0.00416924012824893	0.005383591633290052	0.0046378131955862045	0.00044135554344393313	0.0031140712089836597	0.0015752225881442428	0.001409403863362968
450	pride	../syntropy_project/models/model_35	../syntropy_project/models/model_35	joy	0.3481292426586151	0.2653937041759491	0.21460294723510742	0.3481292426586151	0.13727813959121704	0.00936705432832241	0.0037741437554359436	0.011062500067055225	0.001316146575845778	0.001407650182954967	0.003254339098930359	0.002494255779311061	0.0019199695670977235
451	pride	../syntropy_project/models/model_35	../syntropy_project/models/model_35	pride	0.7573032379150391	0.04218582436442375	0.7573032379150391	0.05942847207188606	0.1292874813079834	0.0030713374726474285	0.0009477140265516937	0.004879018757492304	0.00032367536914534867	0.0005569089553318918	0.00044527402496896684	0.0010950147407129407	0.0004761015297845006
452	neutral	../syntropy_project/models/model_35	../syntropy_project/models/model_35	neutral	0.4279848635196686	0.4279848635196686	0.12876702845096588	0.2916136085987091	0.10814420878887177	0.005276252515614033	0.004920597653836012	0.02257615141570568	0.0024910501670092344	0.000594331999309361	0.0028971023857593536	0.0030252004507929087	0.0017095431685447693
453	joy	../syntropy_project/models/model_35	../syntropy_project/models/model_35	excitement	0.3150448799133301	0.11927515268325806	0.23850631713867188	0.3013567626476288	0.3150448799133301	0.008461331948637962	0.0027103321626782417	0.007315680850297213	0.0007881042547523975	0.0020295269787311554	0.0017011066665872931	0.0015940744196996093	0.0012167380191385746
454	joy	../syntropy_project/models/model_35	../syntropy_project/models/model_35	joy	0.4565058648586273	0.26953375339508057	0.11801336705684662	0.4565058648586273	0.13461896777153015	0.0025450580287724733	0.0033292220905423164	0.009550878778100014	0.00084844691446051	0.000427514809416607	0.001670386060141027	0.0018866040045395494	0.0010699557606130838
455	joy	../syntropy_project/models/model_35	../syntropy_project/models/model_35	joy	0.45428162813186646	0.2504856586456299	0.15209311246871948	0.45428162813186646	0.11369118094444275	0.003758999751880765	0.006359115242958069	0.01287828292697668	0.0009344557183794677	0.0014116172678768635	0.0017613171366974711	0.0013321086298674345	0.001012548222206533
456	joy	../syntropy_project/models/model_35	../syntropy_project/models/model_35	neutral	0.4212692677974701	0.4212692677974701	0.20426182448863983	0.15021096169948578	0.16876015067100525	0.015382932499051094	0.00782282929867506	0.022593216970562935	0.002964692423120141	0.0016223283018916845	0.0019981982186436653	0.001280590775422752	0.0018330080201849341
457	surprise	../syntropy_project/models/model_35	../syntropy_project/models/model_35	disgust	0.1813475340604782	0.06593167781829834	0.028028057888150215	0.02324611321091652	0.01668868586421013	0.16408668458461761	0.10087882727384567	0.012087768875062466	0.0797475203871727	0.1456429362297058	0.06262978911399841	0.11968432366847992	0.1813475340604782
458	excitement	../syntropy_project/models/model_35	../syntropy_project/models/model_35	joy	0.5355819463729858	0.21876823902130127	0.06139187514781952	0.5355819463729858	0.17308808863162994	0.0010838432935997844	0.0017225831979885697	0.00565672293305397	0.000303140957839787	0.00030024454463273287	0.0009032135712914169	0.0006702684331685305	0.000529823882970959
459	neutral	../syntropy_project/models/model_35	../syntropy_project/models/model_35	neutral	0.39767521619796753	0.39767521619796753	0.14846625924110413	0.29029619693756104	0.12259607017040253	0.008414622396230698	0.0063190762884914875	0.01802629977464676	0.0015907774213701487	0.0006363785942085087	0.0026841373182833195	0.001942697912454605	0.0013523102970793843
460	confusion	../syntropy_project/models/model_35	../syntropy_project/models/model_35	nervousness	0.4981466829776764	0.048523467034101486	0.01804218254983425	0.02050870843231678	0.010374778881669044	0.4981466829776764	0.10594835877418518	0.011035382747650146	0.14348073303699493	0.020561203360557556	0.06476311385631561	0.03623782843351364	0.02237747795879841
461	neutral	../syntropy_project/models/model_35	../syntropy_project/models/model_35	pride	0.4103931486606598	0.22717298567295074	0.4103931486606598	0.1518852859735489	0.12726141512393951	0.014224397949874401	0.009091663174331188	0.032516684383153915	0.0075575970113277435	0.004685971420258284	0.0046173823066055775	0.004756048321723938	0.005837439093738794
462	excitement	../syntropy_project/models/model_35	../syntropy_project/models/model_35	joy	0.4223739206790924	0.26281988620758057	0.11156058311462402	0.4223739206790924	0.1447303742170334	0.0032586450688540936	0.0026472480967640877	0.041564833372831345	0.0020147154573351145	0.0006644637323915958	0.0025509786792099476	0.0033393448684364557	0.0024749916046857834
463	pride	../syntropy_project/models/model_35	../syntropy_project/models/model_35	pride	0.4234345257282257	0.20449970662593842	0.4234345257282257	0.20333421230316162	0.12271430343389511	0.009055471047759056	0.004456410650163889	0.022733714431524277	0.0017850777367129922	0.0015902691520750523	0.002125303726643324	0.002506297081708908	0.0017646915512159467
464	neutral	../syntropy_project/models/model_35	../syntropy_project/models/model_35	neutral	0.45046505331993103	0.45046505331993103	0.09320417791604996	0.36342713236808777	0.06629930436611176	0.0038958571385592222	0.00456697354093194	0.010537414811551571	0.0012494868133217096	0.000506445998325944	0.0023594496306031942	0.0019306916510686278	0.001558010815642774
465	excitement	../syntropy_project/models/model_35	../syntropy_project/models/model_35	joy	0.4368761479854584	0.3967894911766052	0.07852691411972046	0.4368761479854584	0.07136189192533493	0.0013878633035346866	0.0030209666583687067	0.008719651028513908	0.000451815954875201	0.00018084740440826863	0.0010739457793533802	0.0009204763919115067	0.0006900595035403967
466	joy	../syntropy_project/models/model_35	../syntropy_project/models/model_35	joy	0.41726812720298767	0.20863549411296844	0.26065731048583984	0.41726812720298767	0.094948410987854	0.0027771193999797106	0.00251893256790936	0.007796382065862417	0.0007246974273584783	0.0004384842177387327	0.0014394376194104552	0.0016234178328886628	0.0011721845949068666
467	pride	../syntropy_project/models/model_35	../syntropy_project/models/model_35	surprise	0.8875591158866882	0.020685942843556404	0.01710321009159088	0.013461546041071415	0.03951755911111832	0.0014212417881935835	0.0008611548691987991	0.8875591158866882	0.0011052107438445091	0.0005198881844989955	0.008069271221756935	0.0059567829594016075	0.003739079460501671
468	pride	../syntropy_project/models/model_35	../syntropy_project/models/model_35	neutral	0.5022246241569519	0.5022246241569519	0.050035908818244934	0.36107465624809265	0.06075293943285942	0.0028601475059986115	0.006308569107204676	0.010553797706961632	0.0009049448999576271	0.00018554808048065752	0.00249767885543406	0.001474608201533556	0.0011266244109719992
469	excitement	../syntropy_project/models/model_35	../syntropy_project/models/model_35	joy	0.46586963534355164	0.3429691195487976	0.06690925359725952	0.46586963534355164	0.07589662820100784	0.0013719878625124693	0.004671893082559109	0.03212197124958038	0.0011763885850086808	0.00037277606315910816	0.003724214620888233	0.003093111328780651	0.0018230100395157933
470	joy	../syntropy_project/models/model_35	../syntropy_project/models/model_35	pride	0.5096448659896851	0.11274591088294983	0.5096448659896851	0.1854003220796585	0.1098700687289238	0.010342470370233059	0.01363899651914835	0.03997543081641197	0.0037928035017102957	0.003012455068528652	0.0030578875448554754	0.005669476464390755	0.0028494084253907204
471	neutral	../syntropy_project/models/model_35	../syntropy_project/models/model_35	joy	0.5088502764701843	0.16825731098651886	0.2045653909444809	0.5088502764701843	0.09066570550203323	0.0037452606484293938	0.006101362407207489	0.01144865620881319	0.0007705389871262014	0.0006367965834215283	0.0016399245942011476	0.0020421594381332397	0.0012765662977471948
472	joy	../syntropy_project/models/model_35	../syntropy_project/models/model_35	neutral	0.33084723353385925	0.33084723353385925	0.11234529316425323	0.23233167827129364	0.06602839380502701	0.03390679135918617	0.03594420105218887	0.01772480458021164	0.016424164175987244	0.03907882422208786	0.032499492168426514	0.05234938859939575	0.030519720166921616
473	excitement	../syntropy_project/models/model_35	../syntropy_project/models/model_35	neutral	0.36651611328125	0.36651611328125	0.10785437375307083	0.3525606095790863	0.14399896562099457	0.002430498134344816	0.002710165223106742	0.019894562661647797	0.000741371070034802	0.0002170887019019574	0.0012311527971178293	0.0011073451023548841	0.0007377303554676473
474	excitement	../syntropy_project/models/model_35	../syntropy_project/models/model_35	excitement	0.8729185461997986	0.014550253748893738	0.06328614056110382	0.014158042147755623	0.8729185461997986	0.017322435975074768	0.0003614409943111241	0.013772520236670971	0.00041606585728004575	0.0010239793919026852	0.001098367851227522	0.0006876206607557833	0.00040454446570947766
475	excitement	../syntropy_project/models/model_35	../syntropy_project/models/model_35	neutral	0.2601395547389984	0.2601395547389984	0.24152281880378723	0.19897575676441193	0.24606016278266907	0.009851867333054543	0.0019836551509797573	0.029724212363362312	0.001547231338918209	0.0011541926069185138	0.0038288645446300507	0.003511476796120405	0.001700255204923451
476	neutral	../syntropy_project/models/model_35	../syntropy_project/models/model_35	neutral	0.4261402189731598	0.4261402189731598	0.08407972753047943	0.3431470990180969	0.0879698321223259	0.005785977002233267	0.010694161988794804	0.01348684262484312	0.004102359525859356	0.0029237871058285236	0.006358411628752947	0.006293011829257011	0.009018541313707829
477	pride	../syntropy_project/models/model_35	../syntropy_project/models/model_35	pride	0.2955501973628998	0.25202295184135437	0.2955501973628998	0.23097926378250122	0.19800713658332825	0.007685516029596329	0.0033178639132529497	0.006667015608400106	0.0008688924717716873	0.001122494344599545	0.001382677350193262	0.001039000228047371	0.0013569467701017857
478	excitement	../syntropy_project/models/model_35	../syntropy_project/models/model_35	disgust	0.3769652247428894	0.08233392238616943	0.032361727207899094	0.028126012533903122	0.02284376695752144	0.07447516918182373	0.0600997731089592	0.008736339397728443	0.06728453934192657	0.13379570841789246	0.031519558280706406	0.08145830780267715	0.3769652247428894
479	neutral	../syntropy_project/models/model_35	../syntropy_project/models/model_35	joy	0.44870832562446594	0.38712385296821594	0.06352721899747849	0.44870832562446594	0.041494615375995636	0.01096450537443161	0.019381895661354065	0.012767178937792778	0.002963630948215723	0.0009841781575232744	0.004496379289776087	0.0038980368990451097	0.003690162906423211
480	excitement	../syntropy_project/models/model_35	../syntropy_project/models/model_35	joy	0.3981678783893585	0.24171078205108643	0.14721761643886566	0.3981678783893585	0.1960795521736145	0.0023308617528527975	0.002081437734887004	0.009501461870968342	0.0004769024671986699	0.0002834596380125731	0.0008124245214276016	0.0007696962566114962	0.0005679807509295642
481	neutral	../syntropy_project/models/model_35	../syntropy_project/models/model_35	joy	0.4710332453250885	0.3804948031902313	0.021810565143823624	0.4710332453250885	0.09663821011781693	0.0013702514115720987	0.004419379867613316	0.018172187730669975	0.0012741757091134787	0.00013394359848462045	0.0017418874194845557	0.0006968207308091223	0.002214505337178707
482	joy	../syntropy_project/models/model_35	../syntropy_project/models/model_35	neutral	0.35198700428009033	0.35198700428009033	0.1518862098455429	0.27449649572372437	0.12411320209503174	0.015331007540225983	0.01358759868890047	0.04105200991034508	0.004456166177988052	0.0020864151883870363	0.008379398845136166	0.007344734389334917	0.005279710050672293
483	neutral	../syntropy_project/models/model_35	../syntropy_project/models/model_35	pride	0.796909749507904	0.05244283005595207	0.796909749507904	0.0628700703382492	0.07304016500711441	0.004013844300061464	0.0011603233870118856	0.0043160319328308105	0.0005401631933636963	0.0008324618684127927	0.0007152350153774023	0.002229041652753949	0.000930023321416229
484	pride	../syntropy_project/models/model_35	../syntropy_project/models/model_35	joy	0.5179972648620605	0.1918085217475891	0.0999782532453537	0.5179972648620605	0.17784331738948822	0.001020104973576963	0.0014028142904862761	0.006421688012778759	0.0005063021089881659	0.00023341561609413475	0.001274247420951724	0.000828307936899364	0.0006857378757558763
485	neutral	../syntropy_project/models/model_35	../syntropy_project/models/model_35	excitement	0.5925732254981995	0.04784374311566353	0.17302623391151428	0.09925716370344162	0.5925732254981995	0.03601177781820297	0.0016766495537012815	0.03585756942629814	0.0012571124825626612	0.0025302229914814234	0.005177739076316357	0.0034754935186356306	0.0013130618026480079
486	excitement	../syntropy_project/models/model_35	../syntropy_project/models/model_35	joy	0.4509938061237335	0.11767186224460602	0.1628638058900833	0.4509938061237335	0.24674482643604279	0.0027429189067333937	0.0028104691300541162	0.012059391476213932	0.0009001527214422822	0.0005957719986326993	0.0009115641587413847	0.0009935136185958982	0.0007119572255760431
487	joy	../syntropy_project/models/model_35	../syntropy_project/models/model_35	confusion	0.7444778084754944	0.05180332809686661	0.03125618398189545	0.007803687360137701	0.0029953743796795607	0.031083470210433006	0.010618936270475388	0.013180840760469437	0.007716876454651356	0.05256034433841705	0.7444778084754944	0.0389518178999424	0.007551329676061869
488	excitement	../syntropy_project/models/model_35	../syntropy_project/models/model_35	neutral	0.3047955632209778	0.3047955632209778	0.25816646218299866	0.27055662870407104	0.1333150863647461	0.007922559976577759	0.004901680629700422	0.013729146681725979	0.0012203806545585394	0.000833956990391016	0.0019107223488390446	0.0015879558632150292	0.0010598646476864815
489	excitement	../syntropy_project/models/model_35	../syntropy_project/models/model_35	joy	0.39931073784828186	0.1492994874715805	0.0882175862789154	0.39931073784828186	0.33887097239494324	0.001055341912433505	0.0009747341391630471	0.018676776438951492	0.0006586638046428561	0.0003587047103792429	0.0007398574380204082	0.000940347439609468	0.0008967310423031449
490	neutral	../syntropy_project/models/model_35	../syntropy_project/models/model_35	neutral	0.30259081721305847	0.30259081721305847	0.23012270033359528	0.14472991228103638	0.09952960908412933	0.011908113025128841	0.006921923253685236	0.16556786000728607	0.006433435715734959	0.0020474381744861603	0.011462487280368805	0.01240985281765461	0.006275859195739031
491	neutral	../syntropy_project/models/model_35	../syntropy_project/models/model_35	neutral	0.4588181674480438	0.4588181674480438	0.06827255338430405	0.35761216282844543	0.09122758358716965	0.0021277109626680613	0.004255356732755899	0.012876974418759346	0.001095870858989656	0.00030584182241000235	0.0015703337267041206	0.0009568333043716848	0.0008805922116152942
492	pride	../syntropy_project/models/model_35	../syntropy_project/models/model_35	pride	0.4417979121208191	0.21987305581569672	0.4417979121208191	0.20427988469600677	0.09765695035457611	0.020367281511425972	0.004155599046498537	0.005355904810130596	0.0013476016465574503	0.0013083943631500006	0.0013836673460900784	0.0014618467539548874	0.0010119256330654025
493	neutral	../syntropy_project/models/model_35	../syntropy_project/models/model_35	neutral	0.5656079053878784	0.5656079053878784	0.06086479127407074	0.25316721200942993	0.091163769364357	0.0026257166173309088	0.003309074556455016	0.015231442637741566	0.0017416831105947495	0.00028814980760216713	0.0030728052370250225	0.001693454571068287	0.0012339744716882706
494	joy	../syntropy_project/models/model_35	../syntropy_project/models/model_35	joy	0.46290701627731323	0.3016686737537384	0.11968526244163513	0.46290701627731323	0.09908784925937653	0.002663960447534919	0.003020332893356681	0.006407468114048243	0.0006508132210001349	0.0008967536850832403	0.0011745064985007048	0.0007466949173249304	0.001090733683668077
495	neutral	../syntropy_project/models/model_35	../syntropy_project/models/model_35	neutral	0.37418434023857117	0.37418434023857117	0.14271381497383118	0.18561020493507385	0.09964654594659805	0.061557792127132416	0.03264428302645683	0.037816476076841354	0.0068076979368925095	0.007049102336168289	0.026837678626179695	0.018148651346564293	0.00698348181322217
496	joy	../syntropy_project/models/model_35	../syntropy_project/models/model_35	joy	0.41401436924934387	0.3515162169933319	0.07328275591135025	0.41401436924934387	0.13555343449115753	0.0013125453842803836	0.002000353764742613	0.017966600134968758	0.0006133917486295104	0.00015927963249851018	0.0016970467986539006	0.0010951776057481766	0.000788835110142827
497	joy	../syntropy_project/models/model_35	../syntropy_project/models/model_35	nervousness	0.2671644389629364	0.20057164132595062	0.05303509533405304	0.07503567636013031	0.025837913155555725	0.2671644389629364	0.13029998540878296	0.03488701954483986	0.09886524826288223	0.009261727333068848	0.04909919202327728	0.03431385010480881	0.02162821777164936
498	joy	../syntropy_project/models/model_35	../syntropy_project/models/model_35	joy	0.4431608319282532	0.4190709590911865	0.052430152893066406	0.4431608319282532	0.06727864593267441	0.0014758006436750293	0.003220866434276104	0.009451529942452908	0.0005975040257908404	0.00012671937292907387	0.0016377639258280396	0.0008455507340840995	0.0007035607122816145
499	neutral	../syntropy_project/models/model_35	../syntropy_project/models/model_35	neutral	0.4184921979904175	0.4184921979904175	0.14375315606594086	0.25180381536483765	0.14563678205013275	0.008943784981966019	0.004698875360190868	0.017466416582465172	0.0018142472254112363	0.0008711721166037023	0.002568043302744627	0.0015877196565270424	0.0023638030979782343
500	excitement	../syntropy_project/models/model_35	../syntropy_project/models/model_35	excitement	0.3576907515525818	0.24627381563186646	0.13050054013729095	0.24716155230998993	0.3576907515525818	0.004045928828418255	0.0016666213050484657	0.009035996161401272	0.0006099905003793538	0.0004250771598890424	0.0010639372048899531	0.000765167351346463	0.0007606173167005181
501	joy	../syntropy_project/models/model_35	../syntropy_project/models/model_35	joy	0.44749945402145386	0.19943435490131378	0.12121716886758804	0.44749945402145386	0.1877562254667282	0.0022638062946498394	0.002711657201871276	0.030546346679329872	0.0011780940694734454	0.0006169784464873374	0.002852924168109894	0.0024614944122731686	0.0014614271931350231
502	joy	../syntropy_project/models/model_35	../syntropy_project/models/model_35	joy	0.3821956217288971	0.2598726749420166	0.12504655122756958	0.3821956217288971	0.19163189828395844	0.002976281801238656	0.0030778131913393736	0.02542538195848465	0.0013249128824099898	0.0005360713112168014	0.00298494566231966	0.002787273610010743	0.0021405320148915052
503	neutral	../syntropy_project/models/model_35	../syntropy_project/models/model_35	pride	0.2974504232406616	0.27538764476776123	0.2974504232406616	0.2380964756011963	0.15549777448177338	0.015744348987936974	0.0047670830972492695	0.005414262879639864	0.0010115772020071745	0.0015815499937161803	0.0019366407068446279	0.0017009793082252145	0.0014112429926171899
504	excitement	../syntropy_project/models/model_35	../syntropy_project/models/model_35	neutral	0.30159875750541687	0.30159875750541687	0.14552968740463257	0.21806493401527405	0.23463575541973114	0.027217291295528412	0.019667482003569603	0.017053859308362007	0.00858981255441904	0.0057844435796141624	0.005385804921388626	0.004776266403496265	0.011695818044245243
505	confusion	../syntropy_project/models/model_35	../syntropy_project/models/model_35	neutral	0.19214186072349548	0.19214186072349548	0.17115424573421478	0.1807607263326645	0.06173631176352501	0.109775111079216	0.06064635142683983	0.029965950176119804	0.0214530136436224	0.04221757501363754	0.032732248306274414	0.046866025775671005	0.050550512969493866
506	neutral	../syntropy_project/models/model_35	../syntropy_project/models/model_35	joy	0.42808088660240173	0.3037674129009247	0.15670080482959747	0.42808088660240173	0.09472388029098511	0.002372287679463625	0.003626449964940548	0.0069448379799723625	0.0005214326665736735	0.00045773881720378995	0.0011842715321108699	0.0008887391886673868	0.0007312259986065328
507	neutral	../syntropy_project/models/model_35	../syntropy_project/models/model_35	joy	0.3658868670463562	0.28279852867126465	0.09916578978300095	0.3658868670463562	0.1846449375152588	0.006024298723787069	0.003588927211239934	0.0450688898563385	0.002706507919356227	0.0010625333525240421	0.0038572591729462147	0.002252592472359538	0.0029427853878587484
508	excitement	../syntropy_project/models/model_35	../syntropy_project/models/model_35	joy	0.3745326101779938	0.3376312851905823	0.10980274528265	0.3745326101779938	0.13628974556922913	0.0018961811438202858	0.0024320457596331835	0.028359627351164818	0.001609149156138301	0.00040070037357509136	0.0027174365241080523	0.002267642645165324	0.0020608531776815653
509	nervousness	../syntropy_project/models/model_35	../syntropy_project/models/model_35	joy	0.4880939722061157	0.2118244171142578	0.1531050205230713	0.4880939722061157	0.13096126914024353	0.0018252586014568806	0.002717762952670455	0.00790739618241787	0.0004407901724334806	0.0005133718368597329	0.001084168441593647	0.0009150276309810579	0.0006116075091995299
510	neutral	../syntropy_project/models/model_35	../syntropy_project/models/model_35	nervousness	0.5394004583358765	0.07620734721422195	0.03191294148564339	0.0400485135614872	0.02291993424296379	0.5394004583358765	0.0946464017033577	0.0134383300319314	0.09079891443252563	0.017013022676110268	0.04398458078503609	0.019392328336834908	0.010237302631139755
511	neutral	../syntropy_project/models/model_35	../syntropy_project/models/model_35	neutral	0.2626451849937439	0.2626451849937439	0.13112780451774597	0.0709148719906807	0.06426822394132614	0.22395512461662292	0.09323503077030182	0.013941474258899689	0.03691943362355232	0.029470371082425117	0.023635979741811752	0.025295494124293327	0.02459106035530567
512	joy	../syntropy_project/models/model_35	../syntropy_project/models/model_35	excitement	0.34700238704681396	0.09191808104515076	0.15690948069095612	0.3200719654560089	0.34700238704681396	0.0026547808665782213	0.0012445562751963735	0.06984811276197433	0.0018695754697546363	0.0013255669036880136	0.0019105637911707163	0.0028322902508080006	0.0024126938078552485
513	neutral	../syntropy_project/models/model_35	../syntropy_project/models/model_35	neutral	0.509097695350647	0.509097695350647	0.03231465816497803	0.29429906606674194	0.08377194404602051	0.005188930779695511	0.011416829191148281	0.045689959079027176	0.004896046128123999	0.0004760983574669808	0.006928177550435066	0.0026125796139240265	0.003307997016236186
514	joy	../syntropy_project/models/model_35	../syntropy_project/models/model_35	neutral	0.4370005428791046	0.4370005428791046	0.09463977068662643	0.3322703540325165	0.08527912199497223	0.0016988766146823764	0.004319183994084597	0.03320866450667381	0.0019327624468132854	0.0006052250391803682	0.0034907038789242506	0.0026587117463350296	0.002896089805290103
515	excitement	../syntropy_project/models/model_35	../syntropy_project/models/model_35	pride	0.7362008690834045	0.034028876572847366	0.7362008690834045	0.05115174874663353	0.16338777542114258	0.004537988919764757	0.0006999193574301898	0.0062772417441010475	0.0004018060863018036	0.0007210781332105398	0.0006184388184919953	0.0012482701567932963	0.0007260560523718596
516	excitement	../syntropy_project/models/model_35	../syntropy_project/models/model_35	joy	0.418862909078598	0.19091951847076416	0.19636568427085876	0.418862909078598	0.1534290909767151	0.006220745854079723	0.003473402699455619	0.018592242151498795	0.0012551945401355624	0.0014221175806596875	0.004392870236188173	0.003367108991369605	0.001699112355709076
517	pride	../syntropy_project/models/model_35	../syntropy_project/models/model_35	joy	0.3382800817489624	0.21571537852287292	0.23716841638088226	0.3382800817489624	0.1556868851184845	0.00428453553467989	0.0028110307175666094	0.03404783830046654	0.0014787062536925077	0.0008250790415331721	0.0034704359713941813	0.0039291828870773315	0.0023024477995932102
518	neutral	../syntropy_project/models/model_35	../syntropy_project/models/model_35	neutral	0.45592692494392395	0.45592692494392395	0.05952921509742737	0.3602047562599182	0.07431808859109879	0.00339057226665318	0.007578589487820864	0.029762236401438713	0.002372568240389228	0.00043165110400877893	0.002582916524261236	0.001892975764349103	0.0020095391664654016
519	neutral	../syntropy_project/models/model_35	../syntropy_project/models/model_35	joy	0.4979018270969391	0.25825372338294983	0.09296030551195145	0.4979018270969391	0.11433590948581696	0.0019426514627411962	0.002931140596047044	0.02307233214378357	0.0012172823771834373	0.0007546786800958216	0.0027120967861264944	0.0021154105197638273	0.0018025825265794992
520	joy	../syntropy_project/models/model_35	../syntropy_project/models/model_35	joy	0.5122783184051514	0.14237916469573975	0.07248488813638687	0.5122783184051514	0.2631531357765198	0.0015236418694257736	0.0015369632747024298	0.00456984480842948	0.00036181503674015403	0.00023569498443976045	0.0006002589361742139	0.0004584946436807513	0.0004177988739684224
521	pride	../syntropy_project/models/model_35	../syntropy_project/models/model_35	joy	0.43493491411209106	0.1969446837902069	0.2291826754808426	0.43493491411209106	0.11467018723487854	0.002869565039873123	0.0034595609176903963	0.012360634282231331	0.000767814286518842	0.0005307599785737693	0.0016125718830153346	0.0015446697361767292	0.0011219870066270232
522	excitement	../syntropy_project/models/model_35	../syntropy_project/models/model_35	excitement	0.8025768399238586	0.030100855976343155	0.11207395792007446	0.03631286323070526	0.8025768399238586	0.00968616921454668	0.0005080850678496063	0.006108477246016264	0.00028908895910717547	0.000894843484275043	0.0006733013433404267	0.0004798260342795402	0.000295740261208266
523	joy	../syntropy_project/models/model_35	../syntropy_project/models/model_35	joy	0.45910969376564026	0.29763731360435486	0.09440508484840393	0.45910969376564026	0.13151296973228455	0.0010476502357050776	0.0023269958328455687	0.010029028169810772	0.0006036220001988113	0.0002301049535162747	0.0008391138399019837	0.0011916917283087969	0.0010667255846783519
524	anger	../syntropy_project/models/model_35	../syntropy_project/models/model_35	neutral	0.3178103566169739	0.3178103566169739	0.0515948049724102	0.267240047454834	0.14031670987606049	0.02937423065304756	0.03331218287348747	0.11381716281175613	0.01758095994591713	0.003053040010854602	0.008699807338416576	0.008673985488712788	0.008526697754859924
525	surprise	../syntropy_project/models/model_35	../syntropy_project/models/model_35	surprise	0.8950127959251404	0.01883791759610176	0.028944168239831924	0.013409748673439026	0.021424461156129837	0.0028797388076782227	0.0015648449771106243	0.8950127959251404	0.0009773143101483583	0.00029049068689346313	0.009386446326971054	0.005893324501812458	0.0013787561329081655
526	joy	../syntropy_project/models/model_35	../syntropy_project/models/model_35	pride	0.4521331787109375	0.09614867717027664	0.4521331787109375	0.27361124753952026	0.12983345985412598	0.005404809024184942	0.003435615450143814	0.03273044526576996	0.0010008008684962988	0.0006029264186508954	0.0011025788262486458	0.0022484867367893457	0.001747699687257409
527	joy	../syntropy_project/models/model_35	../syntropy_project/models/model_35	joy	0.49063578248023987	0.12782061100006104	0.14529260993003845	0.49063578248023987	0.20979337394237518	0.004960313439369202	0.005772765725851059	0.008356845937669277	0.0008963300497271121	0.001455713645555079	0.001514504081569612	0.002179172821342945	0.0013218895765021443
528	joy	../syntropy_project/models/model_35	../syntropy_project/models/model_35	pride	0.36954084038734436	0.18856045603752136	0.36954084038734436	0.11220715939998627	0.1802501082420349	0.052144862711429596	0.02058251015841961	0.028853800147771835	0.0074251629412174225	0.020943664014339447	0.006922758650034666	0.003930401057004929	0.0086382320150733
529	excitement	../syntropy_project/models/model_35	../syntropy_project/models/model_35	excitement	0.7147805094718933	0.033224694430828094	0.15595531463623047	0.03478517755866051	0.7147805094718933	0.029479913413524628	0.0010994928888976574	0.01620405539870262	0.001079260604456067	0.007283762563019991	0.002371012233197689	0.00197921902872622	0.0017575434176251292
530	joy	../syntropy_project/models/model_35	../syntropy_project/models/model_35	pride	0.4933406412601471	0.15531660616397858	0.4933406412601471	0.11036088317632675	0.06440052390098572	0.07170502096414566	0.01645791344344616	0.03397252783179283	0.0054929680190980434	0.0034484141506254673	0.018216866999864578	0.021404622122645378	0.005882952827960253
531	pride	../syntropy_project/models/model_35	../syntropy_project/models/model_35	joy	0.36761677265167236	0.2621716260910034	0.19845303893089294	0.36761677265167236	0.1566617339849472	0.0027641733177006245	0.0016196114011108875	0.006102147977799177	0.0007098375353962183	0.00036146771162748337	0.0015702970558777452	0.0012039063731208444	0.0007653789944015443
532	excitement	../syntropy_project/models/model_35	../syntropy_project/models/model_35	joy	0.3309396803379059	0.2860181927680969	0.18852072954177856	0.3309396803379059	0.1812850832939148	0.0018676553154364228	0.0021139131858944893	0.006807081401348114	0.0003696568019222468	0.00027585169300436974	0.0006075587589293718	0.0006461017765104771	0.0005483865388669074
533	nervousness	../syntropy_project/models/model_35	../syntropy_project/models/model_35	nervousness	0.32163485884666443	0.11594489961862564	0.09119755029678345	0.035884227603673935	0.020481090992689133	0.32163485884666443	0.09258062392473221	0.028332646936178207	0.053475070744752884	0.03209347277879715	0.08667466789484024	0.09230737388134003	0.029393469914793968
534	pride	../syntropy_project/models/model_35	../syntropy_project/models/model_35	pride	0.7620608806610107	0.053360700607299805	0.7620608806610107	0.07085048407316208	0.09510038048028946	0.008363200351595879	0.0013576133642345667	0.00393512099981308	0.0005865611019544303	0.0015957232099026442	0.0006712260656058788	0.001354547799564898	0.0007635465008206666
535	excitement	../syntropy_project/models/model_35	../syntropy_project/models/model_35	excitement	0.5052611231803894	0.1466597467660904	0.06520278006792068	0.2718196213245392	0.5052611231803894	0.0018489884678274393	0.0006945215864107013	0.005794746335595846	0.0003969931276515126	0.00019033302669413388	0.0012076153652742505	0.0005829002475365996	0.0003405904280953109
536	surprise	../syntropy_project/models/model_35	../syntropy_project/models/model_35	pride	0.3404422104358673	0.2101164311170578	0.3404422104358673	0.26032137870788574	0.15659774839878082	0.004882356151938438	0.002155840629711747	0.01803584396839142	0.0009845789754763246	0.0008376994519494474	0.0025575116742402315	0.0019412875408306718	0.0011270982213318348
537	surprise	../syntropy_project/models/model_35	../syntropy_project/models/model_35	joy	0.24124297499656677	0.2332761287689209	0.10454604774713516	0.24124297499656677	0.22844114899635315	0.04162145033478737	0.019170714542269707	0.09628412872552872	0.013481363654136658	0.003725015325471759	0.006980448961257935	0.005673435982316732	0.005557123571634293
538	excitement	../syntropy_project/models/model_35	../syntropy_project/models/model_35	joy	0.5107139348983765	0.18077680468559265	0.08352392911911011	0.5107139348983765	0.20949219167232513	0.001228176523000002	0.0017706388607621193	0.008377336896955967	0.000496039807330817	0.000327013258356601	0.001480364822782576	0.0012634940212592483	0.000550130323972553
539	joy	../syntropy_project/models/model_35	../syntropy_project/models/model_35	joy	0.6106730699539185	0.17057625949382782	0.07027025520801544	0.6106730699539185	0.10543931275606155	0.0010081501677632332	0.0032625210005789995	0.02973015233874321	0.0008124830201268196	0.0002134063543053344	0.0029537060763686895	0.0033363974653184414	0.001724283560179174
540	joy	../syntropy_project/models/model_35	../syntropy_project/models/model_35	joy	0.480003297328949	0.1934347301721573	0.06930749118328094	0.480003297328949	0.23602177202701569	0.002321713836863637	0.0028411473613232374	0.008143933489918709	0.00113211409188807	0.001388340606354177	0.002415715716779232	0.0016294608358293772	0.0013602286344394088
541	excitement	../syntropy_project/models/model_35	../syntropy_project/models/model_35	fear	0.3283133804798126	0.19193829596042633	0.0315660797059536	0.03599241375923157	0.016339736059308052	0.15499280393123627	0.08074849098920822	0.02541891671717167	0.3283133804798126	0.029833875596523285	0.04346523806452751	0.028781751170754433	0.032609060406684875
542	pride	../syntropy_project/models/model_35	../syntropy_project/models/model_35	pride	0.4189622402191162	0.07543162256479263	0.4189622402191162	0.16138367354869843	0.2991589903831482	0.02151109091937542	0.0025577459018677473	0.012016049586236477	0.0010781778255477548	0.0025501565542072058	0.00166398158762604	0.002271743258461356	0.0014144855085760355
543	joy	../syntropy_project/models/model_35	../syntropy_project/models/model_35	neutral	0.3291173279285431	0.3291173279285431	0.12718363106250763	0.2683216631412506	0.07443655282258987	0.015950683504343033	0.09155496954917908	0.043978236615657806	0.010676399804651737	0.007267342414706945	0.01322051603347063	0.010623960755765438	0.007668749894946814
544	pride	../syntropy_project/models/model_35	../syntropy_project/models/model_35	neutral	0.22070637345314026	0.22070637345314026	0.05568965524435043	0.0877416580915451	0.08552567660808563	0.2023550122976303	0.0975126326084137	0.047197770327329636	0.06675203889608383	0.044914744794368744	0.019959546625614166	0.030690565705299377	0.040954310446977615
545	neutral	../syntropy_project/models/model_35	../syntropy_project/models/model_35	joy	0.32434988021850586	0.23634648323059082	0.17255359888076782	0.32434988021850586	0.23700068891048431	0.004053970333188772	0.0017967763124033809	0.018371272832155228	0.0008026888244785368	0.0004943335661664605	0.0016583396354690194	0.0011592996306717396	0.0014127047033980489
546	neutral	../syntropy_project/models/model_35	../syntropy_project/models/model_35	excitement	0.4652327299118042	0.10939735919237137	0.2740129232406616	0.13755370676517487	0.4652327299118042	0.006302970461547375	0.0009464373579248786	0.003456507110968232	0.00040836603147909045	0.0007713399827480316	0.0007552668685093522	0.0007118458743207157	0.0004505936522036791
547	pride	../syntropy_project/models/model_35	../syntropy_project/models/model_35	joy	0.33146750926971436	0.26717984676361084	0.2226545512676239	0.33146750926971436	0.13764934241771698	0.004380971658974886	0.0022475733421742916	0.02353712171316147	0.0009641704964451492	0.0007644364959560335	0.00394432432949543	0.003826960688456893	0.0013832233380526304
548	pride	../syntropy_project/models/model_35	../syntropy_project/models/model_35	pride	0.7871451377868652	0.006803339812904596	0.7871451377868652	0.018628932535648346	0.1806374192237854	0.0017197582637891173	0.0006602643989026546	0.00252190581522882	0.0001689730997895822	0.00033125380286946893	0.000245916802668944	0.0008717663586139679	0.00026527157751843333
549	excitement	../syntropy_project/models/model_35	../syntropy_project/models/model_35	neutral	0.40120115876197815	0.40120115876197815	0.07987798005342484	0.38449376821517944	0.12074268609285355	0.0014555832603946328	0.002420317381620407	0.006552580278366804	0.0005005889688618481	0.00014954306243453175	0.0012047769268974662	0.000829770986456424	0.0005712670390494168
550	pride	../syntropy_project/models/model_35	../syntropy_project/models/model_35	pride	0.762609601020813	0.02417793497443199	0.762609601020813	0.03049984760582447	0.1723901331424713	0.004361796658486128	0.0005309063126333058	0.0034444567281752825	0.00020884882542304695	0.0003444880712777376	0.00026413306477479637	0.0008107561734504998	0.0003571404959075153
551	neutral	../syntropy_project/models/model_35	../syntropy_project/models/model_35	joy	0.35841482877731323	0.3307700455188751	0.0754469633102417	0.35841482877731323	0.16113092005252838	0.001323013799265027	0.0049522691406309605	0.057418856769800186	0.0023974638897925615	0.0003060962771996856	0.002710576169192791	0.002345192013308406	0.002783895703032613
552	fear	../syntropy_project/models/model_35	../syntropy_project/models/model_35	sadness	0.2655054032802582	0.15609703958034515	0.03811795637011528	0.06735735386610031	0.020263871178030968	0.1465456634759903	0.2655054032802582	0.05817326530814171	0.09372358024120331	0.017202455550432205	0.0687602311372757	0.03506576642394066	0.03318748623132706
553	pride	../syntropy_project/models/model_35	../syntropy_project/models/model_35	excitement	0.39590734243392944	0.09520310163497925	0.21198192238807678	0.23350225389003754	0.39590734243392944	0.00517283845692873	0.002498873509466648	0.03705902025103569	0.0018481906736269593	0.004333096090704203	0.0026895529590547085	0.004875418730080128	0.004928418900817633
554	excitement	../syntropy_project/models/model_35	../syntropy_project/models/model_35	excitement	0.8844696283340454	0.015491352416574955	0.06363015621900558	0.008286512456834316	0.8844696283340454	0.016094539314508438	0.0002624925400596112	0.008885378949344158	0.00031018504523672163	0.0009696893976069987	0.0008670449024066329	0.00044061490916647017	0.00029243389144539833
555	anger	../syntropy_project/models/model_35	../syntropy_project/models/model_35	anger	0.40003877878189087	0.04143175110220909	0.018373239785432816	0.008138788864016533	0.016005370765924454	0.023594316095113754	0.026948152109980583	0.04193011298775673	0.057053644210100174	0.40003877878189087	0.018742641434073448	0.07793067395687103	0.2698124349117279
556	joy	../syntropy_project/models/model_35	../syntropy_project/models/model_35	joy	0.5512726306915283	0.23536695539951324	0.10601315647363663	0.5512726306915283	0.07498703896999359	0.002519398694857955	0.006775436457246542	0.012782048434019089	0.001389804994687438	0.00096298404969275	0.003424776252359152	0.00262621883302927	0.0018795760115608573
557	confusion	../syntropy_project/models/model_35	../syntropy_project/models/model_35	surprise	0.8180056214332581	0.05356520786881447	0.018967680633068085	0.026280416175723076	0.05870022997260094	0.004205732606351376	0.003400092013180256	0.8180056214332581	0.002233855426311493	0.00034887102083303034	0.0071837203577160835	0.004593217745423317	0.002515292027965188
558	neutral	../syntropy_project/models/model_35	../syntropy_project/models/model_35	joy	0.404060423374176	0.4022011160850525	0.04594388231635094	0.404060423374176	0.07388220727443695	0.009879467077553272	0.013579793274402618	0.029229793697595596	0.007550627458840609	0.0008514355286024511	0.007264577783644199	0.0032218587584793568	0.002334920922294259
559	neutral	../syntropy_project/models/model_35	../syntropy_project/models/model_35	neutral	0.44883623719215393	0.44883623719215393	0.04864686727523804	0.32644495368003845	0.119933120906353	0.0047275410033762455	0.008281341753900051	0.03316803649067879	0.0028751795180141926	0.00040424882899969816	0.0025696037337183952	0.0019448426319286227	0.0021681683138012886
560	neutral	../syntropy_project/models/model_35	../syntropy_project/models/model_35	nervousness	0.7772890329360962	0.017949670553207397	0.011719096451997757	0.0067257871851325035	0.003953379113227129	0.7772890329360962	0.029494978487491608	0.0022970985155552626	0.04389817267656326	0.05028575658798218	0.015435858629643917	0.024161823093891144	0.01678934507071972
561	surprise	../syntropy_project/models/model_35	../syntropy_project/models/model_35	joy	0.3415357172489166	0.31345510482788086	0.16217951476573944	0.3415357172489166	0.12269402295351028	0.004181085620075464	0.004842061549425125	0.03359512239694595	0.0022474671714007854	0.0013856521109119058	0.005383037030696869	0.00481069553643465	0.00369057129137218
562	joy	../syntropy_project/models/model_35	../syntropy_project/models/model_35	joy	0.3768150508403778	0.28611063957214355	0.17741526663303375	0.3768150508403778	0.14772996306419373	0.0024268755223602057	0.0021414486691355705	0.003876727307215333	0.0004789062077179551	0.00034015998244285583	0.0010459868935868144	0.0009460430010221899	0.0006729174638167024
563	excitement	../syntropy_project/models/model_35	../syntropy_project/models/model_35	surprise	0.5555709004402161	0.031763311475515366	0.07236701250076294	0.08112656325101852	0.24847948551177979	0.0009847964392974973	0.0005743149085901678	0.5555709004402161	0.0008661564788781106	0.00018883599841501564	0.00353641458787024	0.0034969178959727287	0.0010452484712004662
564	neutral	../syntropy_project/models/model_35	../syntropy_project/models/model_35	neutral	0.5724930763244629	0.5724930763244629	0.02250777930021286	0.32902273535728455	0.05917296186089516	0.0015263097593560815	0.003873085370287299	0.0063734580762684345	0.0009864469757303596	0.00018403743160888553	0.0020603148732334375	0.0009038594434969127	0.0008958877879194915
565	neutral	../syntropy_project/models/model_35	../syntropy_project/models/model_35	pride	0.30230066180229187	0.2709776759147644	0.30230066180229187	0.22201167047023773	0.176024928689003	0.004780485760420561	0.002285609720274806	0.016500141471624374	0.0009221858344972134	0.000491930462885648	0.0017290555406361818	0.0012344742426648736	0.0007411363767459989
566	pride	../syntropy_project/models/model_35	../syntropy_project/models/model_35	surprise	0.9124278426170349	0.014355970546603203	0.014850310981273651	0.008661242201924324	0.043164901435375214	0.0005176611011847854	0.00038036686601117253	0.9124278426170349	0.0005300199845805764	9.725015115691349e-05	0.0025478943716734648	0.0017616883851587772	0.0007049159612506628
567	excitement	../syntropy_project/models/model_35	../syntropy_project/models/model_35	excitement	0.3582746684551239	0.12324658781290054	0.24852794408798218	0.24309417605400085	0.3582746684551239	0.003356488887220621	0.0047398763708770275	0.011872745119035244	0.0012977796141058207	0.001023459481075406	0.0015558229060843587	0.0019578207284212112	0.0010526315309107304
568	fear	../syntropy_project/models/model_35	../syntropy_project/models/model_35	nervousness	0.18568702042102814	0.11456765234470367	0.07270394265651703	0.0819171592593193	0.0526173897087574	0.18568702042102814	0.15100140869617462	0.055596817284822464	0.1162385642528534	0.03274921327829361	0.05341818183660507	0.04581061005592346	0.03769191727042198
569	excitement	../syntropy_project/models/model_35	../syntropy_project/models/model_35	joy	0.31700944900512695	0.3161643445491791	0.14735767245292664	0.31700944900512695	0.17019127309322357	0.009707299061119556	0.006153821013867855	0.021802939474582672	0.0020754465367645025	0.0010008676908910275	0.003640119219198823	0.002927779918536544	0.0019689081236720085
570	excitement	../syntropy_project/models/model_35	../syntropy_project/models/model_35	excitement	0.49449819326400757	0.09836212545633316	0.1824621558189392	0.16921073198318481	0.49449819326400757	0.015354565344750881	0.004401897080242634	0.02261643297970295	0.0019273828947916627	0.0037581322249025106	0.002241563517600298	0.0018595651490613818	0.003307200502604246
571	joy	../syntropy_project/models/model_35	../syntropy_project/models/model_35	joy	0.3739490807056427	0.33161425590515137	0.09766155481338501	0.3739490807056427	0.17465874552726746	0.002618348691612482	0.0027722741942852736	0.012449259869754314	0.0006182453944347799	0.0003396863758098334	0.0012971102260053158	0.0012248650891706347	0.0007965007098391652
572	joy	../syntropy_project/models/model_35	../syntropy_project/models/model_35	joy	0.4635246694087982	0.180899515748024	0.13038139045238495	0.4635246694087982	0.19741879403591156	0.0028899016324430704	0.004695439245551825	0.013840594328939915	0.0008296970627270639	0.0011307912645861506	0.0014785024104639888	0.0014052116312086582	0.0015054858522489667
573	neutral	../syntropy_project/models/model_35	../syntropy_project/models/model_35	joy	0.34445303678512573	0.23765428364276886	0.1533595770597458	0.34445303678512573	0.23355302214622498	0.0020225313492119312	0.002309470670297742	0.021067701280117035	0.001172897987999022	0.0004307626804802567	0.0013920116471126676	0.0016433376586064696	0.0009414116502739489
574	joy	../syntropy_project/models/model_35	../syntropy_project/models/model_35	neutral	0.3653460741043091	0.3653460741043091	0.12188873440027237	0.31133943796157837	0.17724360525608063	0.003052737331017852	0.002292720368131995	0.013919440098106861	0.0006913996185176075	0.00033055953099392354	0.0018919309368357062	0.0011613861424848437	0.0008419410442002118
575	excitement	../syntropy_project/models/model_35	../syntropy_project/models/model_35	excitement	0.5825875997543335	0.060530200600624084	0.21053504943847656	0.11181073635816574	0.5825875997543335	0.014569657854735851	0.0009697916102595627	0.013084735721349716	0.0007769220392219722	0.001016416703350842	0.0014238321455195546	0.0016027403762564063	0.0010923981899395585
576	sadness	../syntropy_project/models/model_35	../syntropy_project/models/model_35	sadness	0.8733801245689392	0.014460606500506401	0.004201567266136408	0.009546794928610325	0.0072489893063902855	0.03617437556385994	0.8733801245689392	0.0026716364081948996	0.016200145706534386	0.009696593508124352	0.004745570942759514	0.0089341439306736	0.012739370577037334
577	joy	../syntropy_project/models/model_35	../syntropy_project/models/model_35	joy	0.47043418884277344	0.2685110867023468	0.08153986185789108	0.47043418884277344	0.16278322041034698	0.0013357297284528613	0.001491410774178803	0.009949354454874992	0.0006160397897474468	0.00021573275444097817	0.0013254455989226699	0.001089267316274345	0.0007086410187184811
578	joy	../syntropy_project/models/model_35	../syntropy_project/models/model_35	joy	0.4448760747909546	0.2816120982170105	0.1497359573841095	0.4448760747909546	0.09487242251634598	0.0020718099549412727	0.0038263073656708	0.017512399703264236	0.0006925109191797674	0.00028712936909869313	0.0019423977937549353	0.001620160648599267	0.0009507140493951738
579	anger	../syntropy_project/models/model_35	../syntropy_project/models/model_35	nervousness	0.6958522796630859	0.021109336987137794	0.017453668639063835	0.010125386528670788	0.008046578615903854	0.6958522796630859	0.06151539087295532	0.004728602711111307	0.06329631060361862	0.04695329815149307	0.016463298350572586	0.030863018706440926	0.023592853918671608
580	pride	../syntropy_project/models/model_35	../syntropy_project/models/model_35	neutral	0.41845059394836426	0.41845059394836426	0.10059545189142227	0.33908164501190186	0.09760437160730362	0.0019221002003178	0.004559564404189587	0.028536902740597725	0.0016494421288371086	0.000474336527986452	0.0034107475075870752	0.0022973439190536737	0.0014174873940646648
581	joy	../syntropy_project/models/model_35	../syntropy_project/models/model_35	joy	0.4532219469547272	0.24837180972099304	0.12967847287654877	0.4532219469547272	0.10688052326440811	0.0033850003965198994	0.010540319606661797	0.03584367036819458	0.0021891449578106403	0.0014346506213769317	0.0021294516045600176	0.004011434968560934	0.0023136779200285673
582	surprise	../syntropy_project/models/model_35	../syntropy_project/models/model_35	pride	0.3383987247943878	0.15233610570430756	0.3383987247943878	0.085245281457901	0.09848006814718246	0.09495560079813004	0.008148113265633583	0.11675256490707397	0.012038604356348515	0.011214249767363071	0.057580385357141495	0.020013917237520218	0.004836368840187788
583	pride	../syntropy_project/models/model_35	../syntropy_project/models/model_35	pride	0.39722633361816406	0.1625984162092209	0.39722633361816406	0.17431679368019104	0.16800172626972198	0.00967992190271616	0.0037216953933238983	0.06447640061378479	0.0023543306160718203	0.002159415977075696	0.005434365011751652	0.00733115803450346	0.002699414035305381
584	surprise	../syntropy_project/models/model_35	../syntropy_project/models/model_35	neutral	0.28249654173851013	0.28249654173851013	0.07427401095628738	0.14384664595127106	0.06348908692598343	0.1751687228679657	0.16165263950824738	0.022652778774499893	0.025484729558229446	0.009771354496479034	0.017961803823709488	0.011969562619924545	0.011232087388634682
585	nervousness	../syntropy_project/models/model_35	../syntropy_project/models/model_35	pride	0.4898170530796051	0.0583583302795887	0.4898170530796051	0.0681498795747757	0.23131242394447327	0.10907605290412903	0.0062147774733603	0.009363205172121525	0.0024417508393526077	0.012918168678879738	0.004023344721645117	0.0050173006020486355	0.003307714592665434
586	neutral	../syntropy_project/models/model_35	../syntropy_project/models/model_35	joy	0.41721317172050476	0.3764098882675171	0.0341261550784111	0.41721317172050476	0.14958663284778595	0.0031495545990765095	0.004106367938220501	0.00997104961425066	0.0011382551165297627	0.0003197879414074123	0.0019318133126944304	0.0009888808708637953	0.0010583862895146012
587	joy	../syntropy_project/models/model_35	../syntropy_project/models/model_35	joy	0.36350008845329285	0.15441788733005524	0.05745058134198189	0.36350008845329285	0.3093329668045044	0.0015036793192848563	0.0018199051264673471	0.09619934856891632	0.004183524753898382	0.0008776281028985977	0.002465801080688834	0.003413948230445385	0.004834574647247791
588	joy	../syntropy_project/models/model_35	../syntropy_project/models/model_35	joy	0.6756124496459961	0.16703733801841736	0.06445951014757156	0.6756124496459961	0.07713516056537628	0.0012533440021798015	0.002419506199657917	0.007352516986429691	0.00047458562767133117	0.00020893449254799634	0.0020089903846383095	0.0013422472402453423	0.0006954375421628356
589	sadness	../syntropy_project/models/model_35	../syntropy_project/models/model_35	nervousness	0.2904067933559418	0.11842823028564453	0.1135672926902771	0.037349481135606766	0.016737505793571472	0.2904067933559418	0.06872804462909698	0.019312266260385513	0.02385311760008335	0.1135406494140625	0.08200399577617645	0.06835903972387314	0.04771355167031288
590	excitement	../syntropy_project/models/model_35	../syntropy_project/models/model_35	excitement	0.43413621187210083	0.10881170630455017	0.1920129656791687	0.20763492584228516	0.43413621187210083	0.01038375124335289	0.0025712584611028433	0.026320157572627068	0.001737901009619236	0.009842269122600555	0.0013540699146687984	0.0024292271118611097	0.0027655723970383406
591	confusion	../syntropy_project/models/model_35	../syntropy_project/models/model_35	confusion	0.46413952112197876	0.07118158787488937	0.039161842316389084	0.018763652071356773	0.005923625081777573	0.024541519582271576	0.04254928231239319	0.022621799260377884	0.042282044887542725	0.01935921423137188	0.46413952112197876	0.17798452079296112	0.07149142026901245
592	excitement	../syntropy_project/models/model_35	../syntropy_project/models/model_35	excitement	0.42800119519233704	0.07055110484361649	0.27656009793281555	0.18131320178508759	0.42800119519233704	0.00899698305875063	0.0023335875011980534	0.02353590913116932	0.0012344482820481062	0.0013629256282001734	0.0015740182716399431	0.0027053365483880043	0.0018311578314751387
593	surprise	../syntropy_project/models/model_35	../syntropy_project/models/model_35	joy	0.368304580450058	0.24507012963294983	0.10948218405246735	0.368304580450058	0.24647504091262817	0.0019892959389835596	0.0019738406408578157	0.020969565957784653	0.0006731514586135745	0.0005210772505961359	0.0018041407456621528	0.0015340051613748074	0.0012030450161546469
594	pride	../syntropy_project/models/model_35	../syntropy_project/models/model_35	pride	0.3953746557235718	0.15975138545036316	0.3953746557235718	0.23876887559890747	0.18153060972690582	0.004795614164322615	0.0017857342027127743	0.012135270051658154	0.0007435681764036417	0.0008182987803593278	0.0014366714749485254	0.0018000624841079116	0.0010593209881335497
595	joy	../syntropy_project/models/model_35	../syntropy_project/models/model_35	joy	0.4139237105846405	0.16973976790905	0.16693584620952606	0.4139237105846405	0.08781972527503967	0.024965576827526093	0.07576090842485428	0.03016270138323307	0.007955548353493214	0.0036954085808247328	0.004998896270990372	0.006453031674027443	0.007588816341012716
596	neutral	../syntropy_project/models/model_35	../syntropy_project/models/model_35	joy	0.4634336233139038	0.34237751364707947	0.09261531382799149	0.4634336233139038	0.08002163469791412	0.0035399373155087233	0.0029962242115288973	0.01006843987852335	0.0009226674446836114	0.00024148989177774638	0.001759493025019765	0.0012238742783665657	0.0007998305954970419
597	pride	../syntropy_project/models/model_35	../syntropy_project/models/model_35	pride	0.3732040524482727	0.2060389518737793	0.3732040524482727	0.22181148827075958	0.0636885017156601	0.0538969449698925	0.02417285181581974	0.013395343907177448	0.004836573731154203	0.0056573268957436085	0.013451934792101383	0.012244545854628086	0.007601488381624222
598	surprise	../syntropy_project/models/model_35	../syntropy_project/models/model_35	excitement	0.34319543838500977	0.22117479145526886	0.1383717954158783	0.18824070692062378	0.34319543838500977	0.007406978867948055	0.003168303519487381	0.0776054635643959	0.0025903847999870777	0.0008914942154660821	0.009611532092094421	0.005643155425786972	0.0020999533589929342
599	neutral	../syntropy_project/models/model_35	../syntropy_project/models/model_35	joy	0.3869849443435669	0.3288765549659729	0.1542188972234726	0.3869849443435669	0.09936686605215073	0.002270663622766733	0.003355285618454218	0.018311936408281326	0.0009872972732409835	0.0003602111537475139	0.0021067955531179905	0.0019216961227357388	0.0012388461036607623
600	pride	../syntropy_project/models/model_35	../syntropy_project/models/model_35	pride	0.7375458478927612	0.011416475288569927	0.7375458478927612	0.008802252821624279	0.09413142502307892	0.016835160553455353	0.0017046836437657475	0.11532819271087646	0.0014171293005347252	0.0013581094099208713	0.002196697751060128	0.008068912662565708	0.0011950463522225618
601	pride	../syntropy_project/models/model_35	../syntropy_project/models/model_35	joy	0.4176487624645233	0.20560120046138763	0.2725757360458374	0.4176487624645233	0.08302637189626694	0.002730137435719371	0.003934974782168865	0.006980645004659891	0.000881703570485115	0.0011383413802832365	0.0017839299980551004	0.0025990046560764313	0.001099078799597919
602	joy	../syntropy_project/models/model_35	../syntropy_project/models/model_35	pride	0.4014497399330139	0.23768307268619537	0.4014497399330139	0.21570798754692078	0.09474533796310425	0.01839856244623661	0.007369270082563162	0.01202013436704874	0.0020347682293504477	0.0023479098454117775	0.002723472425714135	0.003235357580706477	0.0022844134364277124
603	joy	../syntropy_project/models/model_35	../syntropy_project/models/model_35	joy	0.26302024722099304	0.24594756960868835	0.22269263863563538	0.26302024722099304	0.2044304460287094	0.005478902254253626	0.0032697415444999933	0.04420687258243561	0.002492062281817198	0.0011517954990267754	0.0023039327934384346	0.002706958446651697	0.0022988386917859316
604	surprise	../syntropy_project/models/model_35	../syntropy_project/models/model_35	surprise	0.9507740139961243	0.009920811280608177	0.008221253752708435	0.006393819116055965	0.009210098534822464	0.0012901196023449302	0.0009869574569165707	0.9507740139961243	0.0013987331185489893	0.00017941008263733238	0.005965955555438995	0.003819910576567054	0.0018388209864497185
605	joy	../syntropy_project/models/model_35	../syntropy_project/models/model_35	joy	0.4730159342288971	0.37361159920692444	0.06128956004977226	0.4730159342288971	0.07497714459896088	0.0006704346742480993	0.0028630648739635944	0.009848879650235176	0.00046457635471597314	0.00024394931097049266	0.0013311948860064149	0.0008360883803106844	0.0008476470829918981
606	neutral	../syntropy_project/models/model_35	../syntropy_project/models/model_35	joy	0.32880672812461853	0.17420648038387299	0.2665127217769623	0.32880672812461853	0.19991742074489594	0.0026234490796923637	0.0020665558986365795	0.020392179489135742	0.0008996690739877522	0.0005856428178958595	0.0014732180861756206	0.0015416109235957265	0.0009742514230310917
607	joy	../syntropy_project/models/model_35	../syntropy_project/models/model_35	pride	0.4298257529735565	0.15618112683296204	0.4298257529735565	0.3200559914112091	0.06298105418682098	0.006137498654425144	0.005243601277470589	0.010992879047989845	0.001649160636588931	0.0011240862077102065	0.0016319568967446685	0.002874254249036312	0.0013026106171309948
608	neutral	../syntropy_project/models/model_35	../syntropy_project/models/model_35	neutral	0.5955537557601929	0.5955537557601929	0.07200094312429428	0.22116219997406006	0.07385467737913132	0.0050850966945290565	0.007897692732512951	0.013976624235510826	0.001856340211816132	0.0005799929494969547	0.0038174213841557503	0.0019168127328157425	0.002298535080626607
609	neutral	../syntropy_project/models/model_35	../syntropy_project/models/model_35	pride	0.37090662121772766	0.1598479151725769	0.37090662121772766	0.26594460010528564	0.1808617115020752	0.00382344052195549	0.002514349529519677	0.010368695482611656	0.0007232492207549512	0.001379381399601698	0.0011713207932189107	0.0015350596513599157	0.0009236416080966592
610	excitement	../syntropy_project/models/model_35	../syntropy_project/models/model_35	excitement	0.3009841740131378	0.15358665585517883	0.23582355678081512	0.2201147973537445	0.3009841740131378	0.013150330632925034	0.009859301149845123	0.0448790043592453	0.004734344780445099	0.0035701862070709467	0.0026943115517497063	0.00487903319299221	0.005724273156374693
611	pride	../syntropy_project/models/model_35	../syntropy_project/models/model_35	neutral	0.32564932107925415	0.32564932107925415	0.24866989254951477	0.24501444399356842	0.07396218180656433	0.04602605476975441	0.03247295692563057	0.008538024500012398	0.006205784156918526	0.003506662789732218	0.003989913035184145	0.003452076343819499	0.0025126775726675987
612	surprise	../syntropy_project/models/model_35	../syntropy_project/models/model_35	surprise	0.9457007050514221	0.011951557360589504	0.009859476238489151	0.005144430324435234	0.019808385521173477	0.0006078876904211938	0.0004983951221220195	0.9457007050514221	0.0006062880274839699	4.372093826532364e-05	0.0030515207909047604	0.0018771728500723839	0.0008505022269673645
613	neutral	../syntropy_project/models/model_35	../syntropy_project/models/model_35	excitement	0.3306710422039032	0.12978805601596832	0.2348586767911911	0.26731207966804504	0.3306710422039032	0.004625825211405754	0.0016471801791340113	0.025633148849010468	0.0007495323079638183	0.0009971325052902102	0.0013065114617347717	0.0013884861255064607	0.0010221587726846337
614	neutral	../syntropy_project/models/model_35	../syntropy_project/models/model_35	neutral	0.44119229912757874	0.44119229912757874	0.10397223383188248	0.18178947269916534	0.174917533993721	0.0221576988697052	0.008120298385620117	0.043483443558216095	0.00670274905860424	0.0025996726471930742	0.00735189625993371	0.004324003588408232	0.003388624405488372
615	joy	../syntropy_project/models/model_35	../syntropy_project/models/model_35	joy	0.43696504831314087	0.13655167818069458	0.16529637575149536	0.43696504831314087	0.17617115378379822	0.007844420149922371	0.014594689942896366	0.035322073847055435	0.004831887315958738	0.0033768992871046066	0.00804975163191557	0.007591696921736002	0.003404428483918309
616	joy	../syntropy_project/models/model_35	../syntropy_project/models/model_35	neutral	0.35066962242126465	0.35066962242126465	0.17649564146995544	0.22613291442394257	0.2055647224187851	0.010420621372759342	0.006132475566118956	0.010524308308959007	0.0032133024651557207	0.002478464040905237	0.0036288124974817038	0.0016630686586722732	0.0030761067755520344
617	joy	../syntropy_project/models/model_35	../syntropy_project/models/model_35	joy	0.4386351704597473	0.3038056790828705	0.12483303993940353	0.4386351704597473	0.10095702856779099	0.0013262736611068249	0.00511818565428257	0.01930280216038227	0.0009735283674672246	0.00030079594580456614	0.001981559209525585	0.0016316347755491734	0.0011343766236677766
618	excitement	../syntropy_project/models/model_35	../syntropy_project/models/model_35	excitement	0.36265483498573303	0.183862566947937	0.2114861160516739	0.18062959611415863	0.36265483498573303	0.003613579785451293	0.002974555129185319	0.04664080590009689	0.0017267732182517648	0.0015303747495636344	0.0016933705192059278	0.0015571232652291656	0.0016303056618198752
619	joy	../syntropy_project/models/model_35	../syntropy_project/models/model_35	joy	0.3344842791557312	0.19769200682640076	0.2094147503376007	0.3344842791557312	0.2315962314605713	0.0058335126377642155	0.0027591732796281576	0.010325534269213676	0.000995276146568358	0.001199426711536944	0.0024451110512018204	0.002138664945960045	0.0011159481946378946
620	joy	../syntropy_project/models/model_35	../syntropy_project/models/model_35	joy	0.414387971162796	0.12750470638275146	0.24886389076709747	0.414387971162796	0.18380048871040344	0.0015089334920048714	0.0021793192718178034	0.018624605610966682	0.0005183917819522321	0.00022611638996750116	0.0007506010006181896	0.0010101404041051865	0.0006249189027585089
621	nervousness	../syntropy_project/models/model_35	../syntropy_project/models/model_35	sadness	0.5359201431274414	0.034778494387865067	0.020368319004774094	0.02523103915154934	0.012848975136876106	0.16815203428268433	0.5359201431274414	0.00566732557490468	0.024381302297115326	0.05631411448121071	0.016034742817282677	0.035165105015039444	0.06513845175504684
622	joy	../syntropy_project/models/model_35	../syntropy_project/models/model_35	neutral	0.41802778840065	0.41802778840065	0.06446316093206406	0.41629597544670105	0.08616876602172852	0.001140002510510385	0.0026171004865318537	0.0072796097956597805	0.0004071442235726863	0.0001903070806292817	0.0016764752799645066	0.0011678385781124234	0.0005657114088535309
623	neutral	../syntropy_project/models/model_35	../syntropy_project/models/model_35	neutral	0.4685285985469818	0.4685285985469818	0.1584867686033249	0.22403402626514435	0.10381955653429031	0.014382259920239449	0.005241299048066139	0.014446843415498734	0.0021711355075240135	0.0008713437709957361	0.0041220528073608875	0.0021166668739169836	0.0017794169252738357
624	neutral	../syntropy_project/models/model_35	../syntropy_project/models/model_35	neutral	0.579056978225708	0.579056978225708	0.07823514193296432	0.2152426540851593	0.06261614710092545	0.01426734309643507	0.014368776232004166	0.022556304931640625	0.003038606606423855	0.0009382853168062866	0.004265164956450462	0.002474904293194413	0.0029396158643066883
625	pride	../syntropy_project/models/model_35	../syntropy_project/models/model_35	neutral	0.3614177703857422	0.3614177703857422	0.17612826824188232	0.20049671828746796	0.08866731822490692	0.027914728969335556	0.037903234362602234	0.036230847239494324	0.008347896859049797	0.009302154183387756	0.014944734051823616	0.015327469445765018	0.023318901658058167
626	joy	../syntropy_project/models/model_35	../syntropy_project/models/model_35	joy	0.5224896669387817	0.27637946605682373	0.12408000975847244	0.5224896669387817	0.04431859776377678	0.00527678057551384	0.013642119243741035	0.005419340915977955	0.001573212444782257	0.0016518349293619394	0.0020887802820652723	0.0015511102974414825	0.0015291362069547176
627	nervousness	../syntropy_project/models/model_35	../syntropy_project/models/model_35	nervousness	0.7158874869346619	0.031225498765707016	0.025345752015709877	0.017910314723849297	0.015352170914411545	0.7158874869346619	0.10457339137792587	0.006601453758776188	0.01579418033361435	0.01951618120074272	0.01981830596923828	0.019071822986006737	0.00890332367271185
628	neutral	../syntropy_project/models/model_35	../syntropy_project/models/model_35	neutral	0.3240693509578705	0.3240693509578705	0.22101151943206787	0.11638304591178894	0.1883612424135208	0.07373444736003876	0.02652551606297493	0.016930654644966125	0.010491940192878246	0.005785651504993439	0.008514947257936	0.0035771182738244534	0.004614527802914381
629	neutral	../syntropy_project/models/model_35	../syntropy_project/models/model_35	joy	0.43059617280960083	0.3172699809074402	0.10316171497106552	0.43059617280960083	0.11849909275770187	0.003431630553677678	0.004438420757651329	0.013937558978796005	0.001156145823188126	0.0005614246474578977	0.0031788540072739124	0.0026326721999794245	0.0011362371733412147
630	pride	../syntropy_project/models/model_35	../syntropy_project/models/model_35	pride	0.8494455814361572	0.025098314508795738	0.8494455814361572	0.026506345719099045	0.09028187394142151	0.003564130747690797	0.0005158974672667682	0.0024479134008288383	0.00023312261328101158	0.0004903512890450656	0.0002755903115030378	0.000799087923951447	0.0003417717234697193
631	excitement	../syntropy_project/models/model_35	../syntropy_project/models/model_35	excitement	0.6028980612754822	0.10200159251689911	0.11945745348930359	0.0841650664806366	0.6028980612754822	0.023122521117329597	0.0031999279744923115	0.0434907004237175	0.0024265332613140345	0.0026480688247829676	0.010048415511846542	0.004574568942189217	0.0019669621251523495
632	neutral	../syntropy_project/models/model_35	../syntropy_project/models/model_35	joy	0.4458393156528473	0.29630136489868164	0.12048321962356567	0.4458393156528473	0.0969342291355133	0.005079448223114014	0.010354792699217796	0.008884536102414131	0.0016400591703131795	0.004370097070932388	0.002897507045418024	0.0028471173718571663	0.004368380177766085
633	surprise	../syntropy_project/models/model_35	../syntropy_project/models/model_35	surprise	0.8224466443061829	0.028148340061306953	0.05040530115365982	0.012468425557017326	0.06738673150539398	0.0038094804622232914	0.0007440754561685026	0.8224466443061829	0.001485084998421371	0.00034110239357687533	0.007549424655735493	0.003911590203642845	0.0013037557946518064
634	joy	../syntropy_project/models/model_35	../syntropy_project/models/model_35	neutral	0.41763240098953247	0.41763240098953247	0.026737062260508537	0.4123916029930115	0.05690464377403259	0.005861848127096891	0.024420036002993584	0.03822770714759827	0.004803557880222797	0.000414855225244537	0.006399816367775202	0.002291028620675206	0.003915426786988974
635	surprise	../syntropy_project/models/model_35	../syntropy_project/models/model_35	surprise	0.9180765748023987	0.013081854209303856	0.013156960718333721	0.009350690059363842	0.03871167451143265	0.0007455347222276032	0.0006663360982201993	0.9180765748023987	0.0006454653339460492	9.311747999163345e-05	0.0026603136211633682	0.001960723428055644	0.000850734650157392
636	nervousness	../syntropy_project/models/model_35	../syntropy_project/models/model_35	neutral	0.5124327540397644	0.5124327540397644	0.0809105783700943	0.2438908964395523	0.1382289081811905	0.004478682763874531	0.0039054136723279953	0.012036951258778572	0.0009113307460211217	0.00025759817799553275	0.0015121913747861981	0.00064773642225191	0.0007869596011005342
637	confusion	../syntropy_project/models/model_35	../syntropy_project/models/model_35	nervousness	0.42274126410484314	0.05428636446595192	0.015105252154171467	0.014104506000876427	0.008244529366493225	0.42274126410484314	0.09732772409915924	0.0034194712061434984	0.045613065361976624	0.1547732651233673	0.03262863680720329	0.05104181542992592	0.10071411728858948
638	excitement	../syntropy_project/models/model_35	../syntropy_project/models/model_35	joy	0.43625539541244507	0.09523937851190567	0.26650404930114746	0.43625539541244507	0.18329158425331116	0.003091589780524373	0.0037194902542978525	0.007204360794275999	0.0005825203843414783	0.001289671752601862	0.0008579526329413056	0.0008511237683705986	0.001112922327592969
639	joy	../syntropy_project/models/model_35	../syntropy_project/models/model_35	pride	0.3726661801338196	0.2218562662601471	0.3726661801338196	0.24150396883487701	0.14421916007995605	0.0048733362928032875	0.00174848479218781	0.006733283866196871	0.0008647656650282443	0.0007941312505863607	0.0018823646241798997	0.0018136079888790846	0.0010445788502693176
640	joy	../syntropy_project/models/model_35	../syntropy_project/models/model_35	joy	0.48678797483444214	0.3137607276439667	0.09870238602161407	0.48678797483444214	0.05965954810380936	0.004253137856721878	0.012053200043737888	0.014163031242787838	0.0019340234575793147	0.0005928078899160028	0.002944121602922678	0.0025173500180244446	0.0026316745206713676
641	joy	../syntropy_project/models/model_35	../syntropy_project/models/model_35	joy	0.5200691223144531	0.2787063419818878	0.08051620423793793	0.5200691223144531	0.08489961177110672	0.0012898839777335525	0.00405608955770731	0.02503025531768799	0.0007010129629634321	0.00019592756871134043	0.0021176894661039114	0.0015223919181153178	0.0008955196244642138
642	excitement	../syntropy_project/models/model_35	../syntropy_project/models/model_35	joy	0.3291665315628052	0.11821296811103821	0.18400104343891144	0.3291665315628052	0.3251379132270813	0.001886204699985683	0.001418357016518712	0.03499578684568405	0.0008441407117061317	0.0005275982548482716	0.0016376427374780178	0.0012226768303662539	0.0009490177617408335
643	neutral	../syntropy_project/models/model_35	../syntropy_project/models/model_35	joy	0.4038430452346802	0.2682929039001465	0.16966883838176727	0.4038430452346802	0.14320114254951477	0.001932954997755587	0.0025706307496875525	0.007166210561990738	0.0005735893500968814	0.0002860669628717005	0.0010077973129227757	0.0008776725153438747	0.0005792497540824115
644	disgust	../syntropy_project/models/model_35	../syntropy_project/models/model_35	anger	0.4044661223888397	0.04063878208398819	0.006652782205492258	0.010668822564184666	0.008785777725279331	0.023787377402186394	0.284879595041275	0.005051578860729933	0.012473938055336475	0.4044661223888397	0.01163865439593792	0.030010903254151344	0.16094553470611572
645	pride	../syntropy_project/models/model_35	../syntropy_project/models/model_35	joy	0.2964484989643097	0.25404253602027893	0.2755798399448395	0.2964484989643097	0.11927304416894913	0.01465856283903122	0.00796869583427906	0.017593950033187866	0.0016230919864028692	0.0016210880130529404	0.005032952409237623	0.002910523908212781	0.0032470831647515297
646	excitement	../syntropy_project/models/model_35	../syntropy_project/models/model_35	excitement	0.4200833737850189	0.14819464087486267	0.11485181748867035	0.2841368615627289	0.4200833737850189	0.0015088291838765144	0.0008423450053669512	0.026143228635191917	0.0008072595810517669	0.00036894239019602537	0.0007351913955062628	0.0013105490943416953	0.0010169224115088582
647	joy	../syntropy_project/models/model_35	../syntropy_project/models/model_35	joy	0.4406660497188568	0.3419067859649658	0.052526868879795074	0.4406660497188568	0.11178284138441086	0.0009267045534215868	0.0026966468431055546	0.03932837396860123	0.0020559486001729965	0.00029451926820911467	0.0032752854749560356	0.002235574182122946	0.0023043358232825994
648	joy	../syntropy_project/models/model_35	../syntropy_project/models/model_35	joy	0.41817033290863037	0.2788110375404358	0.1669762134552002	0.41817033290863037	0.11135102808475494	0.0014412699965760112	0.0042722481302917	0.014727497473359108	0.0006099835154600441	0.0003334426728542894	0.0012199687771499157	0.0013181576505303383	0.0007687506731599569
649	neutral	../syntropy_project/models/model_35	../syntropy_project/models/model_35	neutral	0.5755189657211304	0.5755189657211304	0.03417932242155075	0.1842379868030548	0.08717663586139679	0.021395046263933182	0.025106897577643394	0.0419338122010231	0.006214342080056667	0.001848807791247964	0.013531502336263657	0.00457601947709918	0.004280667752027512
650	neutral	../syntropy_project/models/model_35	../syntropy_project/models/model_35	neutral	0.39426398277282715	0.39426398277282715	0.15833313763141632	0.25350549817085266	0.0903281718492508	0.01730475202202797	0.019051969051361084	0.036186035722494125	0.005992614198476076	0.005350648891180754	0.006799652241170406	0.007766927592456341	0.005116553511470556
651	joy	../syntropy_project/models/model_35	../syntropy_project/models/model_35	excitement	0.33046022057533264	0.18290752172470093	0.11691046506166458	0.2715078890323639	0.33046022057533264	0.0017064198618754745	0.0012573738349601626	0.08518236130475998	0.0019572710152715445	0.0004913078737445176	0.0019389913650229573	0.002381045836955309	0.0032991375774145126
652	joy	../syntropy_project/models/model_35	../syntropy_project/models/model_35	excitement	0.38455730676651	0.151932954788208	0.1657782644033432	0.26186928153038025	0.38455730676651	0.0034935814328491688	0.0011996034299954772	0.023380305618047714	0.0008657642174512148	0.0005663802730850875	0.00245829694904387	0.002500426722690463	0.001397878397256136
653	pride	../syntropy_project/models/model_35	../syntropy_project/models/model_35	pride	0.5671517252922058	0.08996099978685379	0.5671517252922058	0.18818575143814087	0.13016252219676971	0.004936662968248129	0.0049321879632771015	0.008127376437187195	0.0012791139306500554	0.0015037718694657087	0.0008284904179163277	0.0016852645203471184	0.0012461583828553557
654	pride	../syntropy_project/models/model_35	../syntropy_project/models/model_35	nervousness	0.2578414976596832	0.16588513553142548	0.08459947258234024	0.06731463223695755	0.05541006848216057	0.2578414976596832	0.12987454235553741	0.05278899520635605	0.039527781307697296	0.03842141479253769	0.025200199335813522	0.04932728782296181	0.03380900248885155
655	joy	../syntropy_project/models/model_35	../syntropy_project/models/model_35	joy	0.46903982758522034	0.13195374608039856	0.17041124403476715	0.46903982758522034	0.20551182329654694	0.00979091040790081	0.003125859657302499	0.0048040044493973255	0.0009322362020611763	0.0011545795714482665	0.0013091550208628178	0.0011893569026142359	0.0007772021926939487
656	neutral	../syntropy_project/models/model_35	../syntropy_project/models/model_35	neutral	0.3738117218017578	0.3738117218017578	0.13296566903591156	0.21454989910125732	0.22910930216312408	0.020657185465097427	0.003551674773916602	0.01511529553681612	0.002005145652219653	0.001386923249810934	0.0038140590768307447	0.0014794502640143037	0.0015536552527919412
657	excitement	../syntropy_project/models/model_35	../syntropy_project/models/model_35	excitement	0.454439640045166	0.05961005017161369	0.3178943395614624	0.12928643822669983	0.454439640045166	0.005069186445325613	0.0009059197618626058	0.028525400906801224	0.0006680922233499587	0.000781119626481086	0.0006300596287474036	0.0012755866628140211	0.0009141387999989092
658	pride	../syntropy_project/models/model_35	../syntropy_project/models/model_35	pride	0.3394198417663574	0.15500880777835846	0.3394198417663574	0.26687613129615784	0.159429669380188	0.004325119312852621	0.004163373727351427	0.05699482932686806	0.002385625848546624	0.0017248352523893118	0.003341270610690117	0.0038581881672143936	0.0024722847156226635
659	joy	../syntropy_project/models/model_35	../syntropy_project/models/model_35	joy	0.365764319896698	0.11552493274211884	0.18666651844978333	0.365764319896698	0.3131347596645355	0.0038446292746812105	0.0015330392634496093	0.0067281099036335945	0.0008116334793157876	0.0014814311871305108	0.001943189767189324	0.0015514298574998975	0.001015902147628367
660	pride	../syntropy_project/models/model_35	../syntropy_project/models/model_35	pride	0.38502177596092224	0.29301416873931885	0.38502177596092224	0.1996392011642456	0.07479667663574219	0.010529298335313797	0.004040291532874107	0.01892891526222229	0.002119885990396142	0.0019894419237971306	0.00417768768966198	0.003986092749983072	0.0017565154703333974
661	neutral	../syntropy_project/models/model_35	../syntropy_project/models/model_35	neutral	0.39786186814308167	0.39786186814308167	0.04536944255232811	0.08228684216737747	0.043160732835531235	0.07411853224039078	0.07138518989086151	0.03943639621138573	0.0609656423330307	0.011921134777367115	0.07833699882030487	0.03309024125337601	0.06206706166267395
662	sadness	../syntropy_project/models/model_35	../syntropy_project/models/model_35	sadness	0.5351008772850037	0.07178544998168945	0.020802797749638557	0.04223756864666939	0.013304410502314568	0.09578204900026321	0.5351008772850037	0.01755950227379799	0.06747283786535263	0.020801179111003876	0.030423857271671295	0.030394474044442177	0.054334960877895355
663	excitement	../syntropy_project/models/model_35	../syntropy_project/models/model_35	joy	0.2915290296077728	0.19749636948108673	0.26029127836227417	0.2915290296077728	0.20158162713050842	0.01195645984262228	0.004372193943709135	0.024129189550876617	0.0011219657026231289	0.001235706266015768	0.0025215763598680496	0.0023328952956944704	0.0014316150918602943
664	anger	../syntropy_project/models/model_35	../syntropy_project/models/model_35	sadness	0.6969680190086365	0.044158149510622025	0.008645398542284966	0.03477877005934715	0.011285853572189808	0.04269905388355255	0.6969680190086365	0.010673437267541885	0.05921129509806633	0.025548486039042473	0.014237351715564728	0.015728412196040154	0.03606578707695007
665	anger	../syntropy_project/models/model_35	../syntropy_project/models/model_35	anger	0.8858831524848938	0.006620194297283888	0.003207639791071415	0.0017927575390785933	0.0031220121309161186	0.02141987532377243	0.012684036046266556	0.0008471294422633946	0.006089730188250542	0.8858831524848938	0.0026940954849123955	0.006516018882393837	0.04912332445383072
666	excitement	../syntropy_project/models/model_35	../syntropy_project/models/model_35	excitement	0.6145490407943726	0.040274735540151596	0.22138462960720062	0.06681940704584122	0.6145490407943726	0.019520353525877	0.0026858977507799864	0.024652568623423576	0.0016024606302380562	0.002381119644269347	0.0012402605498209596	0.0019444847712293267	0.002945133950561285
667	neutral	../syntropy_project/models/model_35	../syntropy_project/models/model_35	neutral	0.36712291836738586	0.36712291836738586	0.09598515927791595	0.3560183346271515	0.15437783300876617	0.0019030007533729076	0.0016300366260111332	0.017195172607898712	0.0007210612529888749	0.00027302271337248385	0.0019728317856788635	0.0017603071173653007	0.0010404653148725629
668	nervousness	../syntropy_project/models/model_35	../syntropy_project/models/model_35	excitement	0.7431755661964417	0.041046638041734695	0.11639927327632904	0.06787171214818954	0.7431755661964417	0.015546045266091824	0.0008438473450951278	0.00876094400882721	0.0007754220278002322	0.0016699598636478186	0.0017002032836899161	0.0015948042273521423	0.000615656201262027
669	surprise	../syntropy_project/models/model_35	../syntropy_project/models/model_35	joy	0.3561372756958008	0.19898714125156403	0.19403760135173798	0.3561372756958008	0.212434783577919	0.002630234230309725	0.002140913624316454	0.027653705328702927	0.0009246269473806024	0.00048417033394798636	0.0016393741825595498	0.0018043506424874067	0.0011259218445047736
670	joy	../syntropy_project/models/model_35	../syntropy_project/models/model_35	joy	0.44302240014076233	0.23846435546875	0.17083154618740082	0.44302240014076233	0.12010372430086136	0.0020546275191009045	0.006554029881954193	0.012961593456566334	0.0010557551868259907	0.000647422973997891	0.001621292787604034	0.0015989808598533273	0.0010842590127140284
671	joy	../syntropy_project/models/model_35	../syntropy_project/models/model_35	joy	0.3488072454929352	0.19547013938426971	0.2609478831291199	0.3488072454929352	0.1638597846031189	0.004666927736252546	0.004318063613027334	0.01488504372537136	0.0010403527412563562	0.0009912411915138364	0.001505716354586184	0.002350033726543188	0.001157530932687223
672	sadness	../syntropy_project/models/model_35	../syntropy_project/models/model_35	nervousness	0.4610619843006134	0.09811724722385406	0.0153408357873559	0.030959976837038994	0.0172911174595356	0.4610619843006134	0.22474363446235657	0.009972414933145046	0.04966089501976967	0.017355117946863174	0.029520776122808456	0.024431537836790085	0.021544476971030235
673	pride	../syntropy_project/models/model_35	../syntropy_project/models/model_35	pride	0.7571385502815247	0.04769940301775932	0.7571385502815247	0.07480457425117493	0.07291096448898315	0.015499531291425228	0.006128929555416107	0.012574908323585987	0.0017610895447432995	0.002525805030018091	0.0016843791818246245	0.005345538724213839	0.001926191383972764
674	surprise	../syntropy_project/models/model_35	../syntropy_project/models/model_35	joy	0.2700185775756836	0.13496659696102142	0.1187104731798172	0.2700185775756836	0.2022981196641922	0.005534429103136063	0.0036745741963386536	0.24745720624923706	0.003992301411926746	0.0013125685509294271	0.003765818662941456	0.005379788111895323	0.0028895805589854717
675	surprise	../syntropy_project/models/model_35	../syntropy_project/models/model_35	excitement	0.30818936228752136	0.18964296579360962	0.12140177935361862	0.18967773020267487	0.30818936228752136	0.0073699867352843285	0.01035334076732397	0.12147201597690582	0.003739243606105447	0.0047286502085626125	0.008223555982112885	0.01575038768351078	0.01945095881819725
676	joy	../syntropy_project/models/model_35	../syntropy_project/models/model_35	joy	0.38237830996513367	0.35747623443603516	0.10986769199371338	0.38237830996513367	0.10741584002971649	0.002602603752166033	0.004124838393181562	0.028699209913611412	0.0008925056899897754	0.00029682755121029913	0.00270386622287333	0.0022028435487300158	0.001339262817054987
677	joy	../syntropy_project/models/model_35	../syntropy_project/models/model_35	neutral	0.3788183629512787	0.3788183629512787	0.09083269536495209	0.3668982982635498	0.08681975305080414	0.012809914536774158	0.017098406329751015	0.030297407880425453	0.0037061572074890137	0.0013326951302587986	0.005292111076414585	0.003660053014755249	0.0024342257529497147
678	excitement	../syntropy_project/models/model_35	../syntropy_project/models/model_35	excitement	0.4935729503631592	0.07037658244371414	0.07320715487003326	0.3040643632411957	0.4935729503631592	0.0010842838091775775	0.0006734876078553498	0.04982839152216911	0.0011227133218199015	0.0007139238296076655	0.0008406187989749014	0.0018138008890673518	0.0027016522362828255
679	pride	../syntropy_project/models/model_35	../syntropy_project/models/model_35	pride	0.8414171934127808	0.017950013279914856	0.8414171934127808	0.019005456939339638	0.10780948400497437	0.0048544201999902725	0.000550778117030859	0.005123745650053024	0.00030675993184559047	0.0006202130462042987	0.00035817280877381563	0.0013480675406754017	0.000655688694678247
680	sadness	../syntropy_project/models/model_35	../syntropy_project/models/model_35	sadness	0.4660663604736328	0.04904439300298691	0.01022406853735447	0.030257446691393852	0.03090658225119114	0.1450606733560562	0.4660663604736328	0.030971582978963852	0.08646189421415329	0.01890384405851364	0.030074534937739372	0.031828925013542175	0.07019974291324615
681	joy	../syntropy_project/models/model_35	../syntropy_project/models/model_35	nervousness	0.6007480025291443	0.07610312104225159	0.07244045287370682	0.0375017486512661	0.027160661295056343	0.6007480025291443	0.04477955028414726	0.01436335127800703	0.05415962263941765	0.017405671998858452	0.024206843227148056	0.02029292657971382	0.010838004760444164
682	joy	../syntropy_project/models/model_35	../syntropy_project/models/model_35	pride	0.4352368116378784	0.07575005292892456	0.4352368116378784	0.2000967115163803	0.255476713180542	0.002271544886752963	0.0016260278644040227	0.02341899462044239	0.0008538338588550687	0.0006565024377778172	0.0012349268654361367	0.002386402804404497	0.0009914241963997483
683	joy	../syntropy_project/models/model_35	../syntropy_project/models/model_35	joy	0.3852996528148651	0.21188990771770477	0.19699041545391083	0.3852996528148651	0.1704297959804535	0.001960679655894637	0.002522542141377926	0.02434021793305874	0.0009833609219640493	0.000506482960190624	0.002232863800600171	0.0018234734889119864	0.0010206347797065973
684	pride	../syntropy_project/models/model_35	../syntropy_project/models/model_35	pride	0.4800032675266266	0.11585923284292221	0.4800032675266266	0.21598154306411743	0.14557358622550964	0.00746909948065877	0.005845789797604084	0.018965719267725945	0.0013619420351460576	0.0016476813470944762	0.0014331340789794922	0.00310536683537066	0.0027535452973097563
685	nervousness	../syntropy_project/models/model_35	../syntropy_project/models/model_35	nervousness	0.7150749564170837	0.02087072841823101	0.014690912328660488	0.007335239090025425	0.003353554755449295	0.7150749564170837	0.05812796950340271	0.004111753776669502	0.025643503293395042	0.01833038218319416	0.10695890337228775	0.018740372732281685	0.006761777680367231
686	joy	../syntropy_project/models/model_35	../syntropy_project/models/model_35	neutral	0.36560410261154175	0.36560410261154175	0.210979625582695	0.21828798949718475	0.09302505105733871	0.031988997012376785	0.01213819906115532	0.03978603333234787	0.004014544654637575	0.004965405911207199	0.009593643248081207	0.0050488724373281	0.004567570053040981
687	joy	../syntropy_project/models/model_35	../syntropy_project/models/model_35	neutral	0.4583030045032501	0.4583030045032501	0.09658896923065186	0.34740376472473145	0.04930824041366577	0.0056596421636641026	0.014951548539102077	0.015949305146932602	0.0020236377604305744	0.0006530053215101361	0.003982454538345337	0.003132883459329605	0.0020434295292943716
688	excitement	../syntropy_project/models/model_35	../syntropy_project/models/model_35	joy	0.4360578954219818	0.23631861805915833	0.13031518459320068	0.4360578954219818	0.17564748227596283	0.003889302955940366	0.002605028450489044	0.009011117741465569	0.0010264696320518851	0.000503570307046175	0.0019322297303006053	0.001600943855009973	0.0010922070359811187
689	anger	../syntropy_project/models/model_35	../syntropy_project/models/model_35	anger	0.4141625463962555	0.06446757167577744	0.0333004929125309	0.019989578053355217	0.00963549967855215	0.14654308557510376	0.08040027320384979	0.004084914922714233	0.021864015609025955	0.4141625463962555	0.030619394034147263	0.07408558577299118	0.10084706544876099
690	pride	../syntropy_project/models/model_35	../syntropy_project/models/model_35	excitement	0.7546737194061279	0.03855076804757118	0.07592010498046875	0.10355968028306961	0.7546737194061279	0.0036061883438378572	0.0007306066690944135	0.019464431330561638	0.000439038616605103	0.00040806218748912215	0.0012489912332966924	0.000929068133700639	0.0004693400114774704
691	joy	../syntropy_project/models/model_35	../syntropy_project/models/model_35	joy	0.5030028820037842	0.19746504724025726	0.17520968616008759	0.5030028820037842	0.10812248289585114	0.0010651047341525555	0.0024970893282443285	0.010234165005385876	0.0003678424109239131	0.00011749248369596899	0.0006361838313750923	0.0007668413454666734	0.000515163701493293
692	joy	../syntropy_project/models/model_35	../syntropy_project/models/model_35	joy	0.3966400921344757	0.2288656085729599	0.20314279198646545	0.3966400921344757	0.11979235708713531	0.00234229420311749	0.0029165754094719887	0.0388069674372673	0.0010020777117460966	0.00036644970532506704	0.0021252459846436977	0.0025566071271896362	0.0014428687281906605
693	nervousness	../syntropy_project/models/model_35	../syntropy_project/models/model_35	nervousness	0.5686053037643433	0.05513688549399376	0.035440634936094284	0.024035897105932236	0.011229944415390491	0.5686053037643433	0.15126806497573853	0.0027269318234175444	0.01886999048292637	0.0799107626080513	0.009929779917001724	0.024675501510500908	0.01817026361823082
694	excitement	../syntropy_project/models/model_35	../syntropy_project/models/model_35	pride	0.43790748715400696	0.08500455319881439	0.43790748715400696	0.19980090856552124	0.21496263146400452	0.003979819361120462	0.005239357706159353	0.043315641582012177	0.0020158677361905575	0.0009370892657898366	0.0016549206338822842	0.003334439592435956	0.0018472973024472594
695	excitement	../syntropy_project/models/model_35	../syntropy_project/models/model_35	joy	0.31193050742149353	0.16898667812347412	0.2193257063627243	0.31193050742149353	0.2755531072616577	0.009922092780470848	0.0020753052085638046	0.008165191859006882	0.00044882562360726297	0.0006354931392706931	0.0009432098013348877	0.001236338634043932	0.0007775205885991454
696	excitement	../syntropy_project/models/model_35	../syntropy_project/models/model_35	pride	0.299763023853302	0.1749591827392578	0.299763023853302	0.2930748462677002	0.2129681557416916	0.004970029927790165	0.0014418680220842361	0.008962705731391907	0.00047446502139791846	0.0005253917770460248	0.0010700200218707323	0.0010761418379843235	0.0007141532842069864
697	pride	../syntropy_project/models/model_35	../syntropy_project/models/model_35	pride	0.8018010258674622	0.03556499630212784	0.8018010258674622	0.05214155465364456	0.09829885512590408	0.002697500865906477	0.000880662351846695	0.005501691717654467	0.00039824371924623847	0.00044289935613051057	0.0005435549537651241	0.0012879603309556842	0.00044096613419242203
698	excitement	../syntropy_project/models/model_35	../syntropy_project/models/model_35	excitement	0.8257004022598267	0.024456901475787163	0.10163968801498413	0.02796221524477005	0.8257004022598267	0.010017581284046173	0.0007883466896601021	0.0061082495376467705	0.00037519834586419165	0.0008127821492962539	0.0010459934128448367	0.0007058726041577756	0.00038683603634126484
699	pride	../syntropy_project/models/model_35	../syntropy_project/models/model_35	pride	0.3745238184928894	0.27901577949523926	0.3745238184928894	0.20780104398727417	0.10796822607517242	0.00874408707022667	0.0025491765700280666	0.011409793049097061	0.0009582816273905337	0.0007974488544277847	0.0027854987420141697	0.002243761206045747	0.0012030634097754955
700	fear	../syntropy_project/models/model_35	../syntropy_project/models/model_35	nervousness	0.8416097164154053	0.0033836287911981344	0.01080811396241188	0.0016011691186577082	0.0008386342087760568	0.8416097164154053	0.00471894396468997	0.002800079295411706	0.05802520364522934	0.017115220427513123	0.022003812715411186	0.03104127012193203	0.006054271012544632
701	excitement	../syntropy_project/models/model_35	../syntropy_project/models/model_35	pride	0.8501001000404358	0.012665185146033764	0.8501001000404358	0.02967010624706745	0.09652484953403473	0.002661102684214711	0.0006464352481998503	0.004655447788536549	0.0003170908894389868	0.000529766024556011	0.00023144172155298293	0.0015396375674754381	0.0004588084702845663
702	pride	../syntropy_project/models/model_35	../syntropy_project/models/model_35	neutral	0.29783645272254944	0.29783645272254944	0.27259618043899536	0.2081209421157837	0.13708916306495667	0.02525399811565876	0.005807099863886833	0.03105854243040085	0.0028620969969779253	0.002572049619629979	0.006906467489898205	0.006692397873848677	0.0032045666594058275
703	excitement	../syntropy_project/models/model_35	../syntropy_project/models/model_35	pride	0.4035639464855194	0.091118223965168	0.4035639464855194	0.12436966598033905	0.3249042332172394	0.009344762191176414	0.0025906863156706095	0.03516529127955437	0.001228037173859775	0.0011850573355332017	0.001788510475307703	0.0028843535110354424	0.0018571343971416354
704	neutral	../syntropy_project/models/model_35	../syntropy_project/models/model_35	neutral	0.3648386597633362	0.3648386597633362	0.13945606350898743	0.12949426472187042	0.026693768799304962	0.13648146390914917	0.06255701929330826	0.03740807622671127	0.01848125085234642	0.006091885268688202	0.04051867499947548	0.02701868675649166	0.010960114188492298
705	joy	../syntropy_project/models/model_35	../syntropy_project/models/model_35	pride	0.4762037992477417	0.15766000747680664	0.4762037992477417	0.13766123354434967	0.189118891954422	0.012724064290523529	0.0018986909417435527	0.01747363805770874	0.0009532406693324447	0.000941904669161886	0.0020065957214683294	0.002189871622249484	0.0011680044699460268
706	anger	../syntropy_project/models/model_35	../syntropy_project/models/model_35	nervousness	0.24721120297908783	0.04724317416548729	0.01575690694153309	0.016799362376332283	0.017645830288529396	0.24721120297908783	0.044782862067222595	0.02283196710050106	0.1995064914226532	0.21897836029529572	0.051898080855607986	0.03652484714984894	0.08082102239131927
707	joy	../syntropy_project/models/model_35	../syntropy_project/models/model_35	nervousness	0.2342635542154312	0.20184370875358582	0.0328097864985466	0.07047092914581299	0.04515620321035385	0.2342635542154312	0.2324468046426773	0.018979769200086594	0.06214146688580513	0.0200518649071455	0.020371170714497566	0.026390666142106056	0.03507405146956444
708	pride	../syntropy_project/models/model_35	../syntropy_project/models/model_35	neutral	0.34829503297805786	0.34829503297805786	0.17333458364009857	0.333360493183136	0.059466030448675156	0.002266711788251996	0.05960647016763687	0.010734117589890957	0.003369174199178815	0.0016260611591860652	0.002177940681576729	0.003152289194986224	0.00261119962669909
709	pride	../syntropy_project/models/model_35	../syntropy_project/models/model_35	pride	0.8173268437385559	0.026117032393813133	0.8173268437385559	0.03459159657359123	0.10823847353458405	0.0033825011923909187	0.0010640919208526611	0.006007365416735411	0.00038517065695486963	0.0005252247210592031	0.0003713190380949527	0.0012720200465992093	0.0007183206616900861
710	excitement	../syntropy_project/models/model_35	../syntropy_project/models/model_35	pride	0.42359134554862976	0.107538141310215	0.42359134554862976	0.16838476061820984	0.2685377597808838	0.005842835642397404	0.0012710820883512497	0.01533679012209177	0.0007337401038967073	0.0014946601586416364	0.0021275619510561228	0.003631561528891325	0.0015096876304596663
711	excitement	../syntropy_project/models/model_35	../syntropy_project/models/model_35	joy	0.4371166229248047	0.2702232599258423	0.08456221222877502	0.4371166229248047	0.1892167329788208	0.002728212857618928	0.0028319768607616425	0.008412259630858898	0.0006173907313495874	0.000547848641872406	0.0015743515687063336	0.0013833802659064531	0.0007858238532207906
712	joy	../syntropy_project/models/model_35	../syntropy_project/models/model_35	neutral	0.4343911409378052	0.4343911409378052	0.14955972135066986	0.25011584162712097	0.14206025004386902	0.006594941020011902	0.003980161156505346	0.00893024168908596	0.0008839780348353088	0.00038890543510206044	0.0015209916746243834	0.0008424879633821547	0.0007313403184525669
713	neutral	../syntropy_project/models/model_35	../syntropy_project/models/model_35	joy	0.5077025294303894	0.3197672367095947	0.05570869892835617	0.5077025294303894	0.10210726410150528	0.0011425362899899483	0.0028675817884504795	0.008419008925557137	0.00040610317955724895	0.00015146016085054725	0.000659177836496383	0.0005925212753936648	0.00047580921091139317
714	neutral	../syntropy_project/models/model_35	../syntropy_project/models/model_35	joy	0.36474066972732544	0.18148764967918396	0.12561029195785522	0.36474066972732544	0.2828819751739502	0.0028049906250089407	0.0015977902803570032	0.032556258141994476	0.0014023039257153869	0.00050343107432127	0.0026334242429584265	0.0022821715101599693	0.0014989852206781507
715	pride	../syntropy_project/models/model_35	../syntropy_project/models/model_35	neutral	0.32698291540145874	0.32698291540145874	0.25614288449287415	0.15945258736610413	0.1802665889263153	0.020471638068556786	0.006711476482450962	0.03627489507198334	0.0025821984745562077	0.001979000400751829	0.0045864880084991455	0.002335463184863329	0.002213869709521532
716	embarrassment	../syntropy_project/models/model_35	../syntropy_project/models/model_35	embarrassment	0.3583787977695465	0.07477778941392899	0.051108863204717636	0.027529820799827576	0.01029597595334053	0.0703904926776886	0.07024972885847092	0.012152202427387238	0.03387170657515526	0.0664043053984642	0.08535785973072052	0.3583787977695465	0.13948237895965576
717	neutral	../syntropy_project/models/model_35	../syntropy_project/models/model_35	pride	0.28315603733062744	0.24030546844005585	0.28315603733062744	0.275639146566391	0.15831723809242249	0.004851495381444693	0.0020621882285922766	0.027785910293459892	0.0011103525757789612	0.000600669824052602	0.0022971369326114655	0.002678126096725464	0.0011961522977799177
718	nervousness	../syntropy_project/models/model_35	../syntropy_project/models/model_35	fear	0.5571231842041016	0.01913035288453102	0.02081131935119629	0.006972162518650293	0.0020102052949368954	0.26396113634109497	0.020553575828671455	0.0044746119529008865	0.5571231842041016	0.01808522455394268	0.042215656489133835	0.03568761795759201	0.008974907919764519
719	neutral	../syntropy_project/models/model_35	../syntropy_project/models/model_35	neutral	0.4040115773677826	0.4040115773677826	0.22932037711143494	0.2375895231962204	0.09433647990226746	0.00652614701539278	0.005614521913230419	0.012253879569470882	0.001984212314710021	0.0010426172520965338	0.0029890534933656454	0.002302576322108507	0.0020290729589760303
720	excitement	../syntropy_project/models/model_35	../syntropy_project/models/model_35	excitement	0.37578824162483215	0.1888059824705124	0.20369291305541992	0.17952066659927368	0.37578824162483215	0.02170642837882042	0.0020526289008557796	0.018217075616121292	0.0013952478766441345	0.0009295808267779648	0.002819384215399623	0.0033985732588917017	0.0016732917865738273
721	pride	../syntropy_project/models/model_35	../syntropy_project/models/model_35	pride	0.37482884526252747	0.17927365005016327	0.37482884526252747	0.12271486222743988	0.13315917551517487	0.06075822561979294	0.011489749886095524	0.06803550571203232	0.008010121993720531	0.007265038788318634	0.010166740976274014	0.015849880874156952	0.00844816118478775
722	joy	../syntropy_project/models/model_35	../syntropy_project/models/model_35	joy	0.5116239786148071	0.2777769863605499	0.08945631980895996	0.5116239786148071	0.10080348700284958	0.0011847381247207522	0.002945913700386882	0.010973951779305935	0.0007012469577603042	0.00033110377262346447	0.0020971575286239386	0.0012983058113604784	0.0008067755261436105
723	joy	../syntropy_project/models/model_35	../syntropy_project/models/model_35	joy	0.4031777083873749	0.24801118671894073	0.16200844943523407	0.4031777083873749	0.16235743463039398	0.0032685596961528063	0.0034239841625094414	0.011457634158432484	0.0014199174474924803	0.0009235825855284929	0.0016900269547477365	0.0012500995071604848	0.0010114175966009498
724	nervousness	../syntropy_project/models/model_35	../syntropy_project/models/model_35	nervousness	0.9369919896125793	0.0013169326120987535	0.009892166592180729	0.0010848107049241662	0.0009145708754658699	0.9369919896125793	0.0018961684545502067	0.0009708173456601799	0.015309025533497334	0.008484870195388794	0.00636235112324357	0.01437431387603283	0.002402025042101741
725	excitement	../syntropy_project/models/model_35	../syntropy_project/models/model_35	excitement	0.5667385458946228	0.05698958411812782	0.2337023764848709	0.12052988260984421	0.5667385458946228	0.0074297101236879826	0.0014889216981828213	0.007991348393261433	0.00042188988300040364	0.0013807698851451278	0.0014721127226948738	0.0012973397970199585	0.0005574355600401759
726	joy	../syntropy_project/models/model_35	../syntropy_project/models/model_35	pride	0.3929922878742218	0.1574966013431549	0.3929922878742218	0.23718595504760742	0.1771210879087448	0.011371083557605743	0.002700983779504895	0.012177097611129284	0.0007530779694207013	0.0011745126685127616	0.002716419519856572	0.002815537853166461	0.0014953408390283585
727	anger	../syntropy_project/models/model_35	../syntropy_project/models/model_35	nervousness	0.7196590304374695	0.014127930626273155	0.021654227748513222	0.0051813204772770405	0.002518814755603671	0.7196590304374695	0.03596945106983185	0.0018384667346253991	0.05219442769885063	0.07873700559139252	0.023666460067033768	0.02875577099621296	0.01569703407585621
728	neutral	../syntropy_project/models/model_35	../syntropy_project/models/model_35	neutral	0.4778922200202942	0.4778922200202942	0.10476904362440109	0.2699914574623108	0.10563648492097855	0.0021458379924297333	0.0025666281580924988	0.024127589538693428	0.0020157801918685436	0.0006051788805052638	0.005110425874590874	0.0029959671664983034	0.0021433490328490734
729	excitement	../syntropy_project/models/model_35	../syntropy_project/models/model_35	joy	0.33350247144699097	0.21013808250427246	0.2580561637878418	0.33350247144699097	0.16605892777442932	0.008508940227329731	0.004562796093523502	0.010659318417310715	0.0011481002438813448	0.001576068578287959	0.0029510664753615856	0.0017622193554416299	0.001075781648978591
730	neutral	../syntropy_project/models/model_35	../syntropy_project/models/model_35	excitement	0.33028605580329895	0.18024803698062897	0.18525928258895874	0.26583805680274963	0.33028605580329895	0.007896424271166325	0.0013806988717988133	0.023032858967781067	0.0004680082492996007	0.0007310938090085983	0.0017591809155419469	0.001632543746381998	0.001467718742787838
731	neutral	../syntropy_project/models/model_35	../syntropy_project/models/model_35	neutral	0.503759503364563	0.503759503364563	0.030884668231010437	0.3663135766983032	0.07317701727151871	0.0015915293479338288	0.0038566209841519594	0.01324997004121542	0.0010750713991001248	0.00011760750930989161	0.003871431341394782	0.0012510142987594008	0.0008521036361344159
732	joy	../syntropy_project/models/model_35	../syntropy_project/models/model_35	joy	0.4074399173259735	0.3653944730758667	0.11099707335233688	0.4074399173259735	0.10539022833108902	0.002909828443080187	0.002114871982485056	0.002912271535024047	0.0008775414316914976	0.0003229834546800703	0.000654172501526773	0.0005679054884240031	0.0004187418380752206
733	joy	../syntropy_project/models/model_35	../syntropy_project/models/model_35	excitement	0.3104874789714813	0.09364690631628036	0.2810966372489929	0.29120251536369324	0.3104874789714813	0.0031656562350690365	0.000802543421741575	0.014836587943136692	0.0005911514745093882	0.0008737643947824836	0.0010878083994612098	0.0013501131907105446	0.0008588424534536898
734	joy	../syntropy_project/models/model_35	../syntropy_project/models/model_35	joy	0.4274766743183136	0.24847650527954102	0.2018224596977234	0.4274766743183136	0.0986081138253212	0.0038748052902519703	0.00319701642729342	0.009217537008225918	0.0006574689177796245	0.0008392378222197294	0.002819498535245657	0.0018440753920003772	0.0011665050406008959
735	joy	../syntropy_project/models/model_35	../syntropy_project/models/model_35	joy	0.3656698763370514	0.342024028301239	0.1312568336725235	0.3656698763370514	0.14044830203056335	0.0021521339658647776	0.0019632719922810793	0.00982564128935337	0.0007113579194992781	0.0003558665921445936	0.0029031222220510244	0.001705453614704311	0.0009842569706961513
736	excitement	../syntropy_project/models/model_35	../syntropy_project/models/model_35	excitement	0.8594239354133606	0.00997181050479412	0.08414936065673828	0.008261301554739475	0.8594239354133606	0.021966461092233658	0.0006707240245305002	0.011302118189632893	0.00047644556616432965	0.0019274675287306309	0.000657317170407623	0.0006311706965789199	0.0005619493313133717
737	pride	../syntropy_project/models/model_35	../syntropy_project/models/model_35	joy	0.3719508647918701	0.1711859405040741	0.30350762605667114	0.3719508647918701	0.11434923857450485	0.004334680736064911	0.008851337246596813	0.015993904322385788	0.001412021811120212	0.0017889318987727165	0.002023804932832718	0.0027093333192169666	0.0018923612078651786
738	pride	../syntropy_project/models/model_35	../syntropy_project/models/model_35	pride	0.4002583622932434	0.09689483046531677	0.4002583622932434	0.2454385608434677	0.2324015498161316	0.003940421622246504	0.0019092714646831155	0.014706289395689964	0.0005683451890945435	0.0006686996784992516	0.000959800265263766	0.0014735062140971422	0.0007803478511050344
739	excitement	../syntropy_project/models/model_35	../syntropy_project/models/model_35	joy	0.3793369233608246	0.19003862142562866	0.2050614356994629	0.3793369233608246	0.2099112570285797	0.001643473980948329	0.002164688194170594	0.009165499359369278	0.00034105617669411004	0.00019966941908933222	0.000594218960031867	0.0008119841222651303	0.000731126987375319
740	nervousness	../syntropy_project/models/model_35	../syntropy_project/models/model_35	nervousness	0.8994073271751404	0.005097285844385624	0.005707785952836275	0.0023532272316515446	0.0024765348061919212	0.8994073271751404	0.014085190370678902	0.0008633916149847209	0.02352832444012165	0.024899950250983238	0.005786178633570671	0.008650639094412327	0.0071442611515522
741	sadness	../syntropy_project/models/model_35	../syntropy_project/models/model_35	nervousness	0.6136856079101562	0.03745477646589279	0.03378118947148323	0.01246788538992405	0.008868439123034477	0.6136856079101562	0.06378079950809479	0.014599556103348732	0.04548816382884979	0.06635013222694397	0.037816133350133896	0.037009645253419876	0.02869775891304016
742	joy	../syntropy_project/models/model_35	../syntropy_project/models/model_35	joy	0.4869966208934784	0.29806268215179443	0.10200193524360657	0.4869966208934784	0.09059111028909683	0.003677768399938941	0.003937172703444958	0.0036881223786622286	0.0008033179328776896	0.0022887736558914185	0.0033369080629199743	0.0028348236810415983	0.0017807360272854567
743	joy	../syntropy_project/models/model_35	../syntropy_project/models/model_35	joy	0.4076164960861206	0.3935823142528534	0.08814248442649841	0.4076164960861206	0.09370727092027664	0.0011482343543320894	0.0026098887901753187	0.0101518789306283	0.0004935961333103478	0.00015610610716976225	0.0009232836891897023	0.0007531532901339233	0.0007152605685405433
744	excitement	../syntropy_project/models/model_35	../syntropy_project/models/model_35	joy	0.45505490899086	0.22398225963115692	0.12876275181770325	0.45505490899086	0.17052508890628815	0.0018569555832073092	0.002578495070338249	0.013156289234757423	0.000793634622823447	0.0004118662909604609	0.0011595329269766808	0.0011335833696648479	0.0005845100968144834
745	neutral	../syntropy_project/models/model_35	../syntropy_project/models/model_35	joy	0.43486225605010986	0.4120984971523285	0.03858703374862671	0.43486225605010986	0.0840301662683487	0.0016214451752603054	0.003773801727220416	0.018646759912371635	0.0011532518547028303	0.00014503917191177607	0.0026947984006255865	0.0012895488180220127	0.0010974149918183684
746	pride	../syntropy_project/models/model_35	../syntropy_project/models/model_35	pride	0.5587437152862549	0.09081030637025833	0.5587437152862549	0.15770909190177917	0.1538221687078476	0.02143918350338936	0.00250193546526134	0.005057625938206911	0.001124293659813702	0.004019448533654213	0.001529297442175448	0.0015117962611839175	0.0017310461262241006
747	pride	../syntropy_project/models/model_35	../syntropy_project/models/model_35	joy	0.31189972162246704	0.21525919437408447	0.24883458018302917	0.31189972162246704	0.17544962465763092	0.00440154829993844	0.011479421518743038	0.024112068116664886	0.0015524717746302485	0.0015620328485965729	0.0014217364368960261	0.002277570078149438	0.0017501080874353647
748	neutral	../syntropy_project/models/model_35	../syntropy_project/models/model_35	pride	0.8839346170425415	0.0107874209061265	0.8839346170425415	0.008242328651249409	0.08399949967861176	0.0029981634579598904	0.00041862722719088197	0.006930745206773281	0.00039851857582107186	0.00045543102896772325	0.0001996846403926611	0.0010803048498928547	0.0005546663887798786
749	pride	../syntropy_project/models/model_35	../syntropy_project/models/model_35	joy	0.37547123432159424	0.23132815957069397	0.2189212441444397	0.37547123432159424	0.1356324404478073	0.0025963131338357925	0.00272122654132545	0.027195381000638008	0.001056753913871944	0.00044915470061823726	0.0017589142080396414	0.0018320451490581036	0.0010371243115514517
750	joy	../syntropy_project/models/model_35	../syntropy_project/models/model_35	joy	0.4338599443435669	0.1976427137851715	0.198283851146698	0.4338599443435669	0.15344619750976562	0.001536207739263773	0.0013680721167474985	0.011014297604560852	0.000438404968008399	0.00023549680190626532	0.000704417354427278	0.0008360768551938236	0.0006342522101476789
751	joy	../syntropy_project/models/model_35	../syntropy_project/models/model_35	joy	0.3754342794418335	0.3364971876144409	0.17804798483848572	0.3754342794418335	0.09234566986560822	0.0032684803009033203	0.005965244956314564	0.004475738853216171	0.0006930682575330138	0.0008057589875534177	0.0009116120054386556	0.0006662366213276982	0.0008887964067980647
752	neutral	../syntropy_project/models/model_35	../syntropy_project/models/model_35	joy	0.5575000047683716	0.14612184464931488	0.09348675608634949	0.5575000047683716	0.16347810626029968	0.0010050182463601232	0.0031635737977921963	0.029362089931964874	0.0008130522910505533	0.0005124610615894198	0.0016997185302898288	0.0017148238839581609	0.0011425847187638283
753	joy	../syntropy_project/models/model_35	../syntropy_project/models/model_35	joy	0.39514052867889404	0.36736321449279785	0.09330227226018906	0.39514052867889404	0.11899497359991074	0.0030803033150732517	0.003236703108996153	0.011463750153779984	0.000931937072891742	0.0004120831727050245	0.003597276285290718	0.0013998521026223898	0.0010771214729174972
754	pride	../syntropy_project/models/model_35	../syntropy_project/models/model_35	pride	0.4175525903701782	0.1517094522714615	0.4175525903701782	0.12922443449497223	0.14540493488311768	0.04238326475024223	0.04443598911166191	0.028296107426285744	0.008523032069206238	0.01092623732984066	0.0036511593498289585	0.008355558849871159	0.009537244215607643
755	excitement	../syntropy_project/models/model_35	../syntropy_project/models/model_35	pride	0.5293915867805481	0.0818723514676094	0.5293915867805481	0.08980492502450943	0.2638220191001892	0.013426237739622593	0.0027277886401861906	0.012843339703977108	0.0009136329754255712	0.0018315751804038882	0.0010638752719387412	0.0012258964125066996	0.001076777814887464
756	sadness	../syntropy_project/models/model_35	../syntropy_project/models/model_35	nervousness	0.5280068516731262	0.07369637489318848	0.02775941975414753	0.026092274114489555	0.012340698391199112	0.5280068516731262	0.15125055611133575	0.007561681792140007	0.07061734050512314	0.025925172492861748	0.017308201640844345	0.031915098428726196	0.027526330202817917
757	neutral	../syntropy_project/models/model_35	../syntropy_project/models/model_35	joy	0.424923837184906	0.2099107950925827	0.21308784186840057	0.424923837184906	0.11930959671735764	0.007230223622173071	0.006627995986491442	0.00901285745203495	0.0016773820389062166	0.0025843149051070213	0.0019967923872172832	0.0017961218254640698	0.0018422402208670974
758	joy	../syntropy_project/models/model_35	../syntropy_project/models/model_35	joy	0.37487438321113586	0.27911490201950073	0.19461274147033691	0.37487438321113586	0.11810684204101562	0.0029422088991850615	0.007902688346803188	0.015235960483551025	0.0011981576681137085	0.0005312813445925713	0.0021013296209275723	0.0022646968718618155	0.001114777522161603
759	neutral	../syntropy_project/models/model_35	../syntropy_project/models/model_35	excitement	0.2498769760131836	0.18307159841060638	0.20458480715751648	0.22138895094394684	0.2498769760131836	0.026659265160560608	0.007978330366313457	0.05250754952430725	0.007682870142161846	0.010001945309340954	0.010591734200716019	0.013950210995972157	0.011705776676535606
760	pride	../syntropy_project/models/model_35	../syntropy_project/models/model_35	pride	0.6310561895370483	0.06416524946689606	0.6310561895370483	0.08583491295576096	0.17882980406284332	0.012859566137194633	0.002235895022749901	0.01506956946104765	0.0018644911469891667	0.002007316332310438	0.0014229274820536375	0.0032813025172799826	0.0013727981131523848
761	joy	../syntropy_project/models/model_35	../syntropy_project/models/model_35	joy	0.4522380232810974	0.21041858196258545	0.14218352735042572	0.4522380232810974	0.16390427947044373	0.0012818737886846066	0.0030996224377304316	0.021216582506895065	0.0008693098207004368	0.0003780096012633294	0.0014690806856378913	0.0017511731712147593	0.001189954113215208
762	sadness	../syntropy_project/models/model_35	../syntropy_project/models/model_35	embarrassment	0.45786696672439575	0.01390884444117546	0.02695370465517044	0.004343787208199501	0.0028617409989237785	0.03826338052749634	0.093905970454216	0.004526075441390276	0.034354690462350845	0.0737830102443695	0.026263365522027016	0.45786696672439575	0.2229684591293335
763	fear	../syntropy_project/models/model_35	../syntropy_project/models/model_35	fear	0.6430966854095459	0.039764583110809326	0.010159932076931	0.013152186758816242	0.006028379313647747	0.11790565401315689	0.08221834152936935	0.00947439856827259	0.6430966854095459	0.011176693253219128	0.02665039338171482	0.013577863574028015	0.026794930920004845
764	neutral	../syntropy_project/models/model_35	../syntropy_project/models/model_35	neutral	0.5401294827461243	0.5401294827461243	0.14829817414283752	0.14200973510742188	0.09122532606124878	0.016404133290052414	0.02822510525584221	0.011232895776629448	0.005147355142980814	0.007911854423582554	0.004009859170764685	0.0020871274173259735	0.003318998496979475
765	pride	../syntropy_project/models/model_35	../syntropy_project/models/model_35	pride	0.5830320119857788	0.05395321920514107	0.5830320119857788	0.12309650331735611	0.15580612421035767	0.0382235161960125	0.005881637800484896	0.01636756770312786	0.0030535338446497917	0.006349930539727211	0.0024755748454481363	0.007473980542272329	0.00428644847124815
766	confusion	../syntropy_project/models/model_35	../syntropy_project/models/model_35	excitement	0.6757702827453613	0.029284097254276276	0.16919571161270142	0.02671792171895504	0.6757702827453613	0.0576312318444252	0.001502795610576868	0.02435765601694584	0.0016086319228634238	0.004937178920954466	0.004455218557268381	0.0031144588720053434	0.0014248850056901574
767	neutral	../syntropy_project/models/model_35	../syntropy_project/models/model_35	neutral	0.4809287488460541	0.4809287488460541	0.14641577005386353	0.22301624715328217	0.11745239049196243	0.004947048146277666	0.0027256770990788937	0.017995493486523628	0.0013645858271047473	0.0003930282546207309	0.00237671029753983	0.0013148738071322441	0.0010695008095353842
768	neutral	../syntropy_project/models/model_35	../syntropy_project/models/model_35	neutral	0.36598342657089233	0.36598342657089233	0.14009736478328705	0.32546892762184143	0.13175062835216522	0.004498661030083895	0.0060936748050153255	0.0192378181964159	0.0016931177815422416	0.0009553406271152198	0.0015164510114118457	0.0014253688277676702	0.0012792041525244713
769	joy	../syntropy_project/models/model_35	../syntropy_project/models/model_35	joy	0.420350044965744	0.20755629241466522	0.12603920698165894	0.420350044965744	0.2118677794933319	0.0026288272347301245	0.003014755668118596	0.020818188786506653	0.0013325450709089637	0.00030132971005514264	0.0028073375578969717	0.002101019024848938	0.0011826135450974107
770	neutral	../syntropy_project/models/model_35	../syntropy_project/models/model_35	joy	0.3829561769962311	0.22130627930164337	0.1382800191640854	0.3829561769962311	0.22655008733272552	0.001330041908659041	0.0012760247336700559	0.02154863253235817	0.0008563912124373019	0.00045423905248753726	0.002144589088857174	0.001990034943446517	0.0013074257876724005
771	pride	../syntropy_project/models/model_35	../syntropy_project/models/model_35	joy	0.3371167480945587	0.11579251289367676	0.33021968603134155	0.3371167480945587	0.19633932411670685	0.004987467546015978	0.002872436074540019	0.005777276586741209	0.0006678635836578906	0.0020588485058397055	0.00178532546851784	0.0015926847700029612	0.0007898954208940268
772	surprise	../syntropy_project/models/model_35	../syntropy_project/models/model_35	surprise	0.9740811586380005	0.005589847452938557	0.0022783323656767607	0.0018926681950688362	0.008259919472038746	0.00021573212870862335	0.0006822226569056511	0.9740811586380005	0.00042454240610823035	3.884424950229004e-05	0.002987602958455682	0.0024986378848552704	0.0010504423407837749
773	excitement	../syntropy_project/models/model_35	../syntropy_project/models/model_35	nervousness	0.2598881721496582	0.15600840747356415	0.08728379011154175	0.06681270152330399	0.02166576497256756	0.2598881721496582	0.1477069854736328	0.008547133766114712	0.022094642743468285	0.11070795357227325	0.02641262859106064	0.040416110306978226	0.052455686032772064
774	neutral	../syntropy_project/models/model_35	../syntropy_project/models/model_35	joy	0.3122062385082245	0.2800961434841156	0.2354961782693863	0.3122062385082245	0.14165017008781433	0.008067455142736435	0.003507294924929738	0.013112523593008518	0.0009592004935257137	0.0007123517571017146	0.0016020870534703135	0.0013010859256610274	0.0012893859529867768
775	surprise	../syntropy_project/models/model_35	../syntropy_project/models/model_35	surprise	0.8333125710487366	0.01184877660125494	0.020934997126460075	0.014856027439236641	0.10955409705638885	0.0014986622845754027	0.0005216156714595854	0.8333125710487366	0.0011612925445660949	0.00039416522486135364	0.0020703759510070086	0.002374168485403061	0.0014732764102518559
776	joy	../syntropy_project/models/model_35	../syntropy_project/models/model_35	joy	0.43727701902389526	0.358428418636322	0.08583667129278183	0.43727701902389526	0.0967617928981781	0.0014711746480315924	0.002152240602299571	0.013586134649813175	0.0006010852521285415	0.00023218075511977077	0.0016591543098911643	0.001263625337742269	0.0007305129547603428
777	neutral	../syntropy_project/models/model_35	../syntropy_project/models/model_35	joy	0.36380088329315186	0.2462964951992035	0.20702478289604187	0.36380088329315186	0.15958555042743683	0.0030077574774622917	0.0018510430818423629	0.01314058993011713	0.000931506569031626	0.0003283266560174525	0.0015031961956992745	0.0016682813875377178	0.0008615803672000766
778	surprise	../syntropy_project/models/model_35	../syntropy_project/models/model_35	excitement	0.32040441036224365	0.11617644876241684	0.31678226590156555	0.12048043310642242	0.32040441036224365	0.032298699021339417	0.005761413834989071	0.040200598537921906	0.004534813575446606	0.013552773743867874	0.010224243625998497	0.010812309570610523	0.008771578781306744
779	neutral	../syntropy_project/models/model_35	../syntropy_project/models/model_35	joy	0.4047289490699768	0.3967224657535553	0.07415454089641571	0.4047289490699768	0.10747900605201721	0.0019762355368584394	0.003020495641976595	0.008786732330918312	0.0005942449788562953	0.00017701188335195184	0.0010373651748523116	0.0007574066403321922	0.0005657003493979573
780	excitement	../syntropy_project/models/model_35	../syntropy_project/models/model_35	joy	0.43068572878837585	0.21202194690704346	0.14600339531898499	0.43068572878837585	0.187911719083786	0.002638702280819416	0.002226743847131729	0.012743866071105003	0.0007408738601952791	0.000499460962601006	0.0015135526191443205	0.0017680581659078598	0.0012457959819585085
781	excitement	../syntropy_project/models/model_35	../syntropy_project/models/model_35	pride	0.32467448711395264	0.1337718516588211	0.32467448711395264	0.3107829689979553	0.2021840363740921	0.007191410753875971	0.002345126122236252	0.011666664853692055	0.0009951603133231401	0.0008048650925047696	0.001654423656873405	0.002398257376626134	0.0015308383153751493
782	neutral	../syntropy_project/models/model_35	../syntropy_project/models/model_35	joy	0.3704499900341034	0.33561694622039795	0.1392306685447693	0.3704499900341034	0.09142234921455383	0.0036610825918614864	0.006597636733204126	0.03655990585684776	0.002076669130474329	0.0007990757585503161	0.00592999579384923	0.0046389284543693066	0.0030166900251060724
783	surprise	../syntropy_project/models/model_35	../syntropy_project/models/model_35	joy	0.34360772371292114	0.33587589859962463	0.17852701246738434	0.34360772371292114	0.1076786071062088	0.00464618718251586	0.003927622456103563	0.019566001370549202	0.0008744458900764585	0.000317789294058457	0.00221042986959219	0.0019528334960341454	0.0008154677343554795
784	joy	../syntropy_project/models/model_35	../syntropy_project/models/model_35	joy	0.35432130098342896	0.3387267589569092	0.16955618560314178	0.35432130098342896	0.10895766317844391	0.0023761300835758448	0.0023089731112122536	0.015702102333307266	0.0010251255007460713	0.00046033127000555396	0.0029638754203915596	0.0024332511238753796	0.0011682684998959303
785	neutral	../syntropy_project/models/model_35	../syntropy_project/models/model_35	joy	0.3657265305519104	0.20707936584949493	0.25089842081069946	0.3657265305519104	0.15541476011276245	0.004918735008686781	0.005501088220626116	0.006331245880573988	0.0007162530673667789	0.0008401359082199633	0.0009564213687554002	0.0007383430493064225	0.0008787076221778989
786	joy	../syntropy_project/models/model_35	../syntropy_project/models/model_35	anger	0.3322621285915375	0.16481651365756989	0.078046515583992	0.04611353948712349	0.08085320889949799	0.01921950839459896	0.016606265679001808	0.04382563754916191	0.006845490541309118	0.3322621285915375	0.011327502317726612	0.027097610756754875	0.17298604547977448
787	neutral	../syntropy_project/models/model_35	../syntropy_project/models/model_35	neutral	0.36108851432800293	0.36108851432800293	0.27247950434684753	0.18808524310588837	0.1176830530166626	0.016901502385735512	0.003733414225280285	0.024967674165964127	0.00257506943307817	0.001455512479878962	0.005874072667211294	0.003065731842070818	0.00209062360227108
788	pride	../syntropy_project/models/model_35	../syntropy_project/models/model_35	pride	0.29502540826797485	0.21875445544719696	0.29502540826797485	0.285343199968338	0.15309756994247437	0.005700703244656324	0.009444803930819035	0.022808484733104706	0.001695355516858399	0.0009306505671702325	0.0025652479380369186	0.0025774501264095306	0.002056767465546727
789	sadness	../syntropy_project/models/model_35	../syntropy_project/models/model_35	neutral	0.18975557386875153	0.18975557386875153	0.04485603794455528	0.030976949259638786	0.032425038516521454	0.08823230862617493	0.10649965703487396	0.021934939548373222	0.0890783965587616	0.07052812725305557	0.03570665419101715	0.10971382260322571	0.1802925318479538
790	surprise	../syntropy_project/models/model_35	../syntropy_project/models/model_35	joy	0.32169440388679504	0.3159066438674927	0.14550510048866272	0.32169440388679504	0.1361982822418213	0.006899413652718067	0.010310960933566093	0.04921531677246094	0.003236274002119899	0.0010508316336199641	0.0035611544735729694	0.003434357699006796	0.0029872525483369827
791	joy	../syntropy_project/models/model_35	../syntropy_project/models/model_35	joy	0.3620278239250183	0.30475524067878723	0.2166483849287033	0.3620278239250183	0.10201453417539597	0.0012673195451498032	0.001880423165857792	0.008477219380438328	0.00044565467396751046	0.00019368226639926434	0.0008714027353562415	0.000881678715813905	0.0005366943660192192
792	confusion	../syntropy_project/models/model_35	../syntropy_project/models/model_35	nervousness	0.2219441831111908	0.13057106733322144	0.16370314359664917	0.03169891610741615	0.02001335099339485	0.2219441831111908	0.03264191746711731	0.03424728661775589	0.020109152421355247	0.12813207507133484	0.13777336478233337	0.05152176320552826	0.027643797919154167
793	neutral	../syntropy_project/models/model_35	../syntropy_project/models/model_35	neutral	0.6069261431694031	0.6069261431694031	0.015487785451114178	0.23999546468257904	0.1117323562502861	0.0010758370626717806	0.002851077588275075	0.016193365678191185	0.000997027033008635	0.00011699860624503344	0.002812508028000593	0.0008746618404984474	0.0009367675520479679
794	neutral	../syntropy_project/models/model_35	../syntropy_project/models/model_35	neutral	0.39157503843307495	0.39157503843307495	0.18407262861728668	0.2663324177265167	0.11477462202310562	0.009312396869063377	0.0053041973151266575	0.01649581454694271	0.001628285739570856	0.0008545605232939124	0.004925983026623726	0.0031729419715702534	0.0015511494129896164
795	pride	../syntropy_project/models/model_35	../syntropy_project/models/model_35	excitement	0.3979017436504364	0.1213601604104042	0.2594372630119324	0.08729277551174164	0.3979017436504364	0.02355082891881466	0.007146404590457678	0.08115129172801971	0.0029633878730237484	0.004095882177352905	0.004002789035439491	0.0047938101924955845	0.0063036102801561356
796	joy	../syntropy_project/models/model_35	../syntropy_project/models/model_35	joy	0.411513090133667	0.22254787385463715	0.14257694780826569	0.411513090133667	0.17832976579666138	0.00558491563424468	0.004849256481975317	0.022311771288514137	0.0015459975693374872	0.0013316735858097672	0.003069766564294696	0.004119127057492733	0.0022198338992893696
797	pride	../syntropy_project/models/model_35	../syntropy_project/models/model_35	joy	0.3242091238498688	0.2338307946920395	0.25340503454208374	0.3242091238498688	0.16614572703838348	0.00469284737482667	0.0036411904729902744	0.009287784807384014	0.0007568560540676117	0.000577834842260927	0.0013713535154238343	0.0013752550585195422	0.0007061850046738982
798	neutral	../syntropy_project/models/model_35	../syntropy_project/models/model_35	pride	0.31531742215156555	0.23419047892093658	0.31531742215156555	0.27346721291542053	0.14423507452011108	0.007240863982588053	0.00933400634676218	0.008370322175323963	0.0016025860095396638	0.0029691278468817472	0.0008290136465802789	0.0009819702245295048	0.001461946521885693
799	surprise	../syntropy_project/models/model_35	../syntropy_project/models/model_35	surprise	0.8390083909034729	0.01265993807464838	0.01070611085742712	0.0051943399012088776	0.021936073899269104	0.0029463546816259623	0.0027272214647382498	0.8390083909034729	0.008216441608965397	0.0022888085804879665	0.02475978061556816	0.02488826960325241	0.044668376445770264
800	confusion	../syntropy_project/models/model_35	../syntropy_project/models/model_35	fear	0.5120589137077332	0.09987486153841019	0.013983211480081081	0.017649801447987556	0.008783213794231415	0.16444498300552368	0.03436700254678726	0.017465490847826004	0.5120589137077332	0.02162550762295723	0.03667227551341057	0.025855129584670067	0.0472196489572525
801	excitement	../syntropy_project/models/model_35	../syntropy_project/models/model_35	pride	0.3134356737136841	0.1882818639278412	0.3134356737136841	0.1718907505273819	0.26358655095100403	0.030503248795866966	0.004485222510993481	0.013718773610889912	0.0016941999783739448	0.0049063665792346	0.002849708776921034	0.0021640369668602943	0.0024835981894284487
802	pride	../syntropy_project/models/model_35	../syntropy_project/models/model_35	joy	0.43321654200553894	0.2804131507873535	0.10654178261756897	0.43321654200553894	0.16067270934581757	0.0027972180396318436	0.00393303669989109	0.007249700836837292	0.0007734253886155784	0.0006776372902095318	0.001937215100042522	0.0010772246168926358	0.0007103536045178771
803	excitement	../syntropy_project/models/model_35	../syntropy_project/models/model_35	joy	0.39277663826942444	0.21865282952785492	0.12778909504413605	0.39277663826942444	0.2269081324338913	0.0019997060298919678	0.0022431728430092335	0.022279001772403717	0.0007722821901552379	0.00046475339331664145	0.002085695741698146	0.0024237094912678003	0.0016049864934757352
804	surprise	../syntropy_project/models/model_35	../syntropy_project/models/model_35	pride	0.2589256763458252	0.24895772337913513	0.2589256763458252	0.24959996342658997	0.07738422602415085	0.015990518033504486	0.007256991695612669	0.1016448512673378	0.0035564638674259186	0.0026279250159859657	0.020902464166283607	0.010166343301534653	0.002986907958984375
805	excitement	../syntropy_project/models/model_35	../syntropy_project/models/model_35	neutral	0.37319520115852356	0.37319520115852356	0.22976788878440857	0.27568912506103516	0.10890498757362366	0.002650163136422634	0.001940543414093554	0.0051038870587944984	0.000450119492597878	0.00033736578188836575	0.0007711245561949909	0.000628368929028511	0.0005612967070192099
806	excitement	../syntropy_project/models/model_35	../syntropy_project/models/model_35	joy	0.3200240433216095	0.30100733041763306	0.08230186998844147	0.3200240433216095	0.2649688422679901	0.0055173179134726524	0.007369213737547398	0.00951102189719677	0.0018870215862989426	0.0012641249923035502	0.002699826145544648	0.0017139400588348508	0.0017354820156469941
807	surprise	../syntropy_project/models/model_35	../syntropy_project/models/model_35	neutral	0.5031483769416809	0.5031483769416809	0.08229447156190872	0.21213962137699127	0.08628016710281372	0.014868883416056633	0.019413765519857407	0.049606163054704666	0.006142935715615749	0.0038949470035731792	0.005805325228720903	0.00577431870624423	0.010631095618009567
808	joy	../syntropy_project/models/model_35	../syntropy_project/models/model_35	joy	0.4353119134902954	0.1737441122531891	0.10192866623401642	0.4353119134902954	0.2283095419406891	0.0014389236457645893	0.0015961660537868738	0.05018498748540878	0.0012888209894299507	0.0004634899378288537	0.0017779454356059432	0.0024690390564501286	0.0014865536941215396
809	disgust	../syntropy_project/models/model_35	../syntropy_project/models/model_35	sadness	0.32899752259254456	0.07123443484306335	0.022049639374017715	0.014762060716748238	0.010922059416770935	0.0866144523024559	0.32899752259254456	0.00934351421892643	0.030905934050679207	0.06866691261529922	0.040168292820453644	0.14750179648399353	0.16883333027362823
810	neutral	../syntropy_project/models/model_35	../syntropy_project/models/model_35	joy	0.3589876890182495	0.23069548606872559	0.12991344928741455	0.3589876890182495	0.2292397916316986	0.003447309136390686	0.005674585700035095	0.025977615267038345	0.00233066501095891	0.0037373683881014585	0.0029307142831385136	0.002955531934276223	0.004109776578843594
811	nervousness	../syntropy_project/models/model_35	../syntropy_project/models/model_35	confusion	0.5086381435394287	0.010548042133450508	0.01979590207338333	0.0032466792035847902	0.0013334158575162292	0.3375064432621002	0.009479175321757793	0.008986256085336208	0.01793617755174637	0.03696669638156891	0.5086381435394287	0.040828924626111984	0.0047341142781078815
812	excitement	../syntropy_project/models/model_35	../syntropy_project/models/model_35	excitement	0.8459292650222778	0.00820250902324915	0.10922858119010925	0.01454970519989729	0.8459292650222778	0.008411986753344536	0.00033699037157930434	0.011011666618287563	0.00024756111088208854	0.0007144595147110522	0.0004481494252104312	0.0005641813040710986	0.00035484987893141806
813	neutral	../syntropy_project/models/model_35	../syntropy_project/models/model_35	neutral	0.4018951654434204	0.4018951654434204	0.07027437537908554	0.3595832288265228	0.14486296474933624	0.0022468948736786842	0.0024823432322591543	0.012455322779715061	0.000843222311232239	0.0002730055421125144	0.0028812650125473738	0.0012342364061623812	0.0009680400835350156
814	joy	../syntropy_project/models/model_35	../syntropy_project/models/model_35	pride	0.3006788194179535	0.21179965138435364	0.3006788194179535	0.2559649646282196	0.18575601279735565	0.009962200187146664	0.0034197107888758183	0.023363269865512848	0.0014570706989616156	0.0012085797498002648	0.0019841953180730343	0.0024497618433088064	0.001955815590918064
815	pride	../syntropy_project/models/model_35	../syntropy_project/models/model_35	joy	0.3697923421859741	0.10182441771030426	0.18834424018859863	0.3697923421859741	0.3270805776119232	0.0012732986360788345	0.0025619815569370985	0.005878881085664034	0.0003711851895786822	0.00031260953983291984	0.000850170967169106	0.0010908376425504684	0.0006195131572894752
816	nervousness	../syntropy_project/models/model_35	../syntropy_project/models/model_35	nervousness	0.8665978312492371	0.011984777636826038	0.00951037835329771	0.005046299193054438	0.0042540221475064754	0.8665978312492371	0.02946675941348076	0.002146874787285924	0.02924874611198902	0.015258819796144962	0.010630416683852673	0.010067638009786606	0.005787431728094816
817	neutral	../syntropy_project/models/model_35	../syntropy_project/models/model_35	neutral	0.47945335507392883	0.47945335507392883	0.12518374621868134	0.3052206337451935	0.055956609547138214	0.004268634133040905	0.008772076107561588	0.01253556925803423	0.00164718646556139	0.000846914597786963	0.002505442826077342	0.002107401378452778	0.001502323430031538
818	neutral	../syntropy_project/models/model_35	../syntropy_project/models/model_35	joy	0.5445619821548462	0.31943073868751526	0.020842568948864937	0.5445619821548462	0.09378543496131897	0.0005575748509727418	0.002583464840427041	0.014226195402443409	0.0005441093817353249	5.21860747539904e-05	0.0018392998026683927	0.0009106305660679936	0.0006658491329289973
819	neutral	../syntropy_project/models/model_35	../syntropy_project/models/model_35	neutral	0.3347618579864502	0.3347618579864502	0.18430675566196442	0.21865245699882507	0.20235376060009003	0.03215304762125015	0.004719387739896774	0.01141638308763504	0.0026309092063456774	0.0018851435743272305	0.0030938785057514906	0.001983989030122757	0.002042498206719756
820	neutral	../syntropy_project/models/model_35	../syntropy_project/models/model_35	joy	0.42592498660087585	0.3053864538669586	0.12692251801490784	0.42592498660087585	0.10911321640014648	0.003008428728207946	0.004136301577091217	0.01711925119161606	0.0012175441952422261	0.0005552840302698314	0.0025205521378666162	0.0026096857618540525	0.0014857506612315774
821	excitement	../syntropy_project/models/model_35	../syntropy_project/models/model_35	joy	0.3574085533618927	0.21330229938030243	0.24756523966789246	0.3574085533618927	0.16617263853549957	0.002549367491155863	0.001652062521316111	0.008333420380949974	0.0004089235153514892	0.00032039874349720776	0.0008396233315579593	0.0008782820077612996	0.0005692043923772871
822	pride	../syntropy_project/models/model_35	../syntropy_project/models/model_35	pride	0.8951755166053772	0.007987946271896362	0.8951755166053772	0.01246992964297533	0.07020429521799088	0.005174883641302586	0.0006017250125296414	0.004304125905036926	0.0003801847924478352	0.0007863253122195601	0.00018512319365981966	0.0018411679193377495	0.0008887680596671999
823	disgust	../syntropy_project/models/model_35	../syntropy_project/models/model_35	anger	0.3348371386528015	0.020836571231484413	0.009042754769325256	0.006889583542943001	0.004984892439097166	0.03999756649136543	0.04407583549618721	0.006045660004019737	0.05831032246351242	0.3348371386528015	0.02705477923154831	0.13543377816677094	0.31249120831489563
824	confusion	../syntropy_project/models/model_35	../syntropy_project/models/model_35	nervousness	0.2627604007720947	0.11054951697587967	0.12526065111160278	0.04963003844022751	0.01588146574795246	0.2627604007720947	0.0690782442688942	0.039198506623506546	0.046115219593048096	0.0319591760635376	0.15792761743068695	0.07058419287204742	0.021055011078715324
825	anger	../syntropy_project/models/model_35	../syntropy_project/models/model_35	nervousness	0.5072471499443054	0.03249083086848259	0.01804300956428051	0.01894124038517475	0.011620963923633099	0.5072471499443054	0.14651808142662048	0.00864099245518446	0.05588388070464134	0.0672958716750145	0.029756298288702965	0.06439609825611115	0.039165593683719635
826	neutral	../syntropy_project/models/model_35	../syntropy_project/models/model_35	neutral	0.35385486483573914	0.35385486483573914	0.108466237783432	0.3370019197463989	0.07254069298505783	0.027486693114042282	0.028818996623158455	0.03165482357144356	0.005171097349375486	0.003356805769726634	0.012725042179226875	0.01091056689620018	0.008012223057448864
827	joy	../syntropy_project/models/model_35	../syntropy_project/models/model_35	joy	0.41038671135902405	0.11237812787294388	0.36853641271591187	0.41038671135902405	0.09087484329938889	0.0022337648551911116	0.002827485091984272	0.007385564502328634	0.0006604523514397442	0.0003500666643958539	0.0009672041051089764	0.0023217713460326195	0.0010776129784062505
