textid	target	model	tokenizer	predicted	prob	pride	excitement	joy	neutral	surprise	nervousness	embarrassment	confusion	sadness	disgust	fear	anger
0	pride	../syntropy_project/models/model_10	../syntropy_project/models/model_10	pride	0.4343564510345459	0.4343564510345459	0.22898267209529877	0.20880527794361115	0.10067064315080643	0.013712665066123009	0.010079722851514816	0.0007704108138568699	0.0007465404341928661	0.0007341614691540599	0.0005069036269560456	0.00038849085103720427	0.00024600850883871317
1	pride	../syntropy_project/models/model_10	../syntropy_project/models/model_10	pride	0.4055940508842468	0.4055940508842468	0.30896899104118347	0.14793595671653748	0.10954304039478302	0.013306898064911366	0.009868873283267021	0.0011747893877327442	0.0010870269034057856	0.0007518623024225235	0.0006815044325776398	0.00061800453113392	0.00046894201659597456
2	pride	../syntropy_project/models/model_10	../syntropy_project/models/model_10	pride	0.3989892899990082	0.3989892899990082	0.13205955922603607	0.3657723367214203	0.08227580040693283	0.00587740121409297	0.007649590261280537	0.0010862518101930618	0.0011523294961079955	0.002342728665098548	0.000677345902658999	0.0005870645400136709	0.001530360197648406
3	anger	../syntropy_project/models/model_10	../syntropy_project/models/model_10	sadness	0.5421422123908997	0.017288362607359886	0.008166044019162655	0.0701996237039566	0.046067044138908386	0.015347039327025414	0.10540002584457397	0.028541510924696922	0.027159353718161583	0.5421422123908997	0.04497501999139786	0.04273906350135803	0.051974594593048096
4	excitement	../syntropy_project/models/model_10	../syntropy_project/models/model_10	joy	0.36037713289260864	0.11999621987342834	0.18223337829113007	0.36037713289260864	0.2995721697807312	0.02924191579222679	0.002457279711961746	0.0009344107238575816	0.0014567496255040169	0.002211839659139514	0.0006289747543632984	0.0006789157632738352	0.00021107342035975307
5	joy	../syntropy_project/models/model_10	../syntropy_project/models/model_10	joy	0.3785766661167145	0.21995045244693756	0.22353243827819824	0.3785766661167145	0.11918279528617859	0.05001511424779892	0.002298724604770541	0.0011484785936772823	0.0010029285913333297	0.0023199531715363264	0.0008560168207623065	0.0007772069657221437	0.00033925354364328086
6	neutral	../syntropy_project/models/model_10	../syntropy_project/models/model_10	neutral	0.42933353781700134	0.1283493936061859	0.12137582153081894	0.24731911718845367	0.42933353781700134	0.05164015665650368	0.0077468655072152615	0.0015555261634290218	0.003246576990932226	0.005286955740302801	0.001315865432843566	0.002329571871086955	0.0005006670253351331
7	disgust	../syntropy_project/models/model_10	../syntropy_project/models/model_10	nervousness	0.2617816627025604	0.018078774213790894	0.016544662415981293	0.022821543738245964	0.04899672791361809	0.03268042206764221	0.2617816627025604	0.05711285024881363	0.020771672949194908	0.163364976644516	0.15645553171634674	0.10250016301870346	0.09889096766710281
8	excitement	../syntropy_project/models/model_10	../syntropy_project/models/model_10	neutral	0.3639759421348572	0.12121042609214783	0.19093863666057587	0.2823112905025482	0.3639759421348572	0.02141706645488739	0.010682465508580208	0.0011980965500697494	0.0021048213820904493	0.003090366255491972	0.0011923516867682338	0.0013010300463065505	0.0005775191239081323
9	pride	../syntropy_project/models/model_10	../syntropy_project/models/model_10	nervousness	0.27720892429351807	0.19131730496883392	0.04235267639160156	0.08508247137069702	0.10635994374752045	0.05499454587697983	0.27720892429351807	0.059303462505340576	0.012807941995561123	0.06214342266321182	0.04058639705181122	0.02678152546286583	0.041061390191316605
10	neutral	../syntropy_project/models/model_10	../syntropy_project/models/model_10	neutral	0.8556177020072937	0.017482222989201546	0.02475276216864586	0.07526744157075882	0.8556177020072937	0.010977374389767647	0.0041918037459254265	0.0005644401535391808	0.0022461689077317715	0.004342652391642332	0.0009554978460073471	0.003257615026086569	0.000344301835866645
11	neutral	../syntropy_project/models/model_10	../syntropy_project/models/model_10	neutral	0.7223990559577942	0.01758500002324581	0.04597111791372299	0.160780668258667	0.7223990559577942	0.03833834081888199	0.0022117351181805134	0.0007832302944734693	0.0036566860508173704	0.004201300907880068	0.0015195352025330067	0.002425706945359707	0.00012751718168146908
12	joy	../syntropy_project/models/model_10	../syntropy_project/models/model_10	joy	0.40703538060188293	0.1675800383090973	0.10497597604990005	0.40703538060188293	0.22217123210430145	0.043650902807712555	0.014530264772474766	0.008969804272055626	0.007435543928295374	0.013164723291993141	0.005298519507050514	0.0032441786024719477	0.0019434178248047829
13	neutral	../syntropy_project/models/model_10	../syntropy_project/models/model_10	neutral	0.40578773617744446	0.052654802799224854	0.18385878205299377	0.29236045479774475	0.40578773617744446	0.055865511298179626	0.0012278041103854775	0.0009302433463744819	0.0016119306674227118	0.002352630253881216	0.0017110168701037765	0.0015165775548666716	0.0001224425359396264
14	pride	../syntropy_project/models/model_10	../syntropy_project/models/model_10	surprise	0.6678497195243835	0.05300537869334221	0.16966570913791656	0.04299825429916382	0.05166199058294296	0.6678497195243835	0.0037762841675430536	0.0026556607335805893	0.0039378502406179905	0.0011829372961074114	0.0017057195072993636	0.00122729130089283	0.0003331842308398336
15	neutral	../syntropy_project/models/model_10	../syntropy_project/models/model_10	neutral	0.4121040999889374	0.09234707802534103	0.1514158695936203	0.3172649145126343	0.4121040999889374	0.01590372435748577	0.004329202696681023	0.000721456715837121	0.0017436824273318052	0.0023125463631004095	0.0007784825866110623	0.0008823028765618801	0.00019660833640955389
16	joy	../syntropy_project/models/model_10	../syntropy_project/models/model_10	neutral	0.3670330345630646	0.19789095222949982	0.030935199931263924	0.20128245651721954	0.3670330345630646	0.02230878174304962	0.09711720794439316	0.008077212609350681	0.010271061211824417	0.0351424403488636	0.007946907542645931	0.01325602363795042	0.00873867329210043
17	neutral	../syntropy_project/models/model_10	../syntropy_project/models/model_10	joy	0.4463578164577484	0.09672029316425323	0.12911845743656158	0.4463578164577484	0.31601181626319885	0.007549371104687452	0.0011011933675035834	0.00043281851685605943	0.0006683433894068003	0.0012305846903473139	0.0003465425397735089	0.0003797028912231326	8.302459173137322e-05
18	excitement	../syntropy_project/models/model_10	../syntropy_project/models/model_10	joy	0.36802366375923157	0.20658421516418457	0.2757030427455902	0.36802366375923157	0.10446950048208237	0.035422779619693756	0.0028852669056504965	0.0010842796182259917	0.0008173480164259672	0.003290606429800391	0.00087145552970469	0.0004837184969801456	0.00036397232906892896
19	neutral	../syntropy_project/models/model_10	../syntropy_project/models/model_10	excitement	0.5995407700538635	0.056176166981458664	0.5995407700538635	0.0760798305273056	0.19828841090202332	0.037321772426366806	0.022874122485518456	0.0009912081295624375	0.003140565473586321	0.0015260805375874043	0.0010605395073071122	0.0016067569376900792	0.0013938043266534805
20	excitement	../syntropy_project/models/model_10	../syntropy_project/models/model_10	excitement	0.424657940864563	0.14321763813495636	0.424657940864563	0.15837708115577698	0.1976921260356903	0.060303401201963425	0.006525972858071327	0.0010947332484647632	0.0018596502486616373	0.0019957071635872126	0.00145038275513798	0.0017552042845636606	0.0010700910352170467
21	neutral	../syntropy_project/models/model_10	../syntropy_project/models/model_10	neutral	0.639647901058197	0.035738542675971985	0.04181251302361488	0.2001240998506546	0.639647901058197	0.017128020524978638	0.020839005708694458	0.0027875606901943684	0.008534586057066917	0.014900794252753258	0.003115421161055565	0.013912373222410679	0.0014592093648388982
22	joy	../syntropy_project/models/model_10	../syntropy_project/models/model_10	neutral	0.3376708924770355	0.1337566077709198	0.12269064038991928	0.1807226687669754	0.3376708924770355	0.08066078275442123	0.053802501410245895	0.011124889366328716	0.02468039281666279	0.020132102072238922	0.013504036702215672	0.009355097077786922	0.011899406090378761
23	joy	../syntropy_project/models/model_10	../syntropy_project/models/model_10	joy	0.4184422194957733	0.16633515059947968	0.06815654039382935	0.4184422194957733	0.33095401525497437	0.005407784134149551	0.0040372684597969055	0.0004520965158008039	0.0008149456698447466	0.0036607757210731506	0.000658242148347199	0.0006244366522878408	0.00045646505896002054
24	excitement	../syntropy_project/models/model_10	../syntropy_project/models/model_10	excitement	0.5436434745788574	0.11206765472888947	0.5436434745788574	0.14328883588314056	0.1328149139881134	0.051921017467975616	0.006988381966948509	0.0014763269573450089	0.0012121499748900533	0.0021678986959159374	0.0019626878201961517	0.0013467638054862618	0.0011099280091002584
25	disgust	../syntropy_project/models/model_10	../syntropy_project/models/model_10	nervousness	0.378386914730072	0.08165456354618073	0.01129075139760971	0.046262674033641815	0.10002279281616211	0.013711867853999138	0.378386914730072	0.0645032450556755	0.07478358596563339	0.07697966694831848	0.038101926445961	0.02207445539534092	0.09222760051488876
26	surprise	../syntropy_project/models/model_10	../syntropy_project/models/model_10	neutral	0.44409698247909546	0.10762286186218262	0.10610848665237427	0.22460462152957916	0.44409698247909546	0.06068265810608864	0.019108882173895836	0.002100560115650296	0.004930264316499233	0.015635114163160324	0.004040569067001343	0.006774311885237694	0.0042947037145495415
27	excitement	../syntropy_project/models/model_10	../syntropy_project/models/model_10	excitement	0.6046212315559387	0.20046301186084747	0.6046212315559387	0.06811865419149399	0.096642404794693	0.005377695895731449	0.021433556452393532	0.0010230939369648695	0.0007066437974572182	0.000559311592951417	0.0003009302308782935	0.0002851841563824564	0.00046824978198856115
28	pride	../syntropy_project/models/model_10	../syntropy_project/models/model_10	pride	0.8479012250900269	0.8479012250900269	0.11813114583492279	0.0069011603482067585	0.004440421238541603	0.0019078118493780494	0.018876101821660995	0.0005758002516813576	9.643584780860692e-05	0.00015877929399721324	0.00019538869673851877	0.00018444823217578232	0.0006312709301710129
29	pride	../syntropy_project/models/model_10	../syntropy_project/models/model_10	pride	0.47911107540130615	0.47911107540130615	0.044604022055864334	0.2322073131799698	0.09851181507110596	0.009691841900348663	0.09742981195449829	0.008551589213311672	0.008826500736176968	0.009293531067669392	0.004913237877190113	0.0026219820138067007	0.004237405024468899
30	pride	../syntropy_project/models/model_10	../syntropy_project/models/model_10	pride	0.31840673089027405	0.31840673089027405	0.18035279214382172	0.31782951951026917	0.14936001598834991	0.013908485881984234	0.012722051702439785	0.0018583755008876324	0.0017391403671354055	0.0018758135847747326	0.0009850579081103206	0.000612470495980233	0.00034951907582581043
31	neutral	../syntropy_project/models/model_10	../syntropy_project/models/model_10	neutral	0.5313992500305176	0.0488373227417469	0.0693536028265953	0.3026387393474579	0.5313992500305176	0.03323227912187576	0.0037069437094032764	0.0010650792391970754	0.0020176717080175877	0.004270633216947317	0.0014726308872923255	0.0017505462747067213	0.00025536329485476017
32	joy	../syntropy_project/models/model_10	../syntropy_project/models/model_10	joy	0.42480167746543884	0.3570585250854492	0.08340194076299667	0.42480167746543884	0.10266821086406708	0.015018035657703876	0.009256243705749512	0.0018780978862196207	0.0018810061737895012	0.0018663511145859957	0.0008972639334388077	0.0006301813409663737	0.0006424968014471233
33	neutral	../syntropy_project/models/model_10	../syntropy_project/models/model_10	neutral	0.4429437518119812	0.09180489182472229	0.04517431557178497	0.14293453097343445	0.4429437518119812	0.0827699527144432	0.06511590629816055	0.019358307123184204	0.03353292495012283	0.027173155918717384	0.016440344974398613	0.028172535821795464	0.0045793745666742325
34	joy	../syntropy_project/models/model_10	../syntropy_project/models/model_10	joy	0.49875280261039734	0.09842810034751892	0.22331902384757996	0.49875280261039734	0.17097705602645874	0.0052322992123663425	0.0010468066902831197	0.00046301280963234603	0.0005869257147423923	0.000524160626810044	0.0003254834155086428	0.00025707128224894404	8.732808055356145e-05
35	joy	../syntropy_project/models/model_10	../syntropy_project/models/model_10	joy	0.3914594352245331	0.19753828644752502	0.1939554661512375	0.3914594352245331	0.184531569480896	0.02077651210129261	0.005395302549004555	0.001137495506554842	0.0009289910667575896	0.0023063409607857466	0.0007913661538623273	0.0007083325763233006	0.00047083062236197293
36	neutral	../syntropy_project/models/model_10	../syntropy_project/models/model_10	joy	0.4376567304134369	0.3319154381752014	0.07626751065254211	0.4376567304134369	0.11781598627567291	0.016547763720154762	0.009405048564076424	0.0017788842087611556	0.001223488710820675	0.003969692625105381	0.0013944723177701235	0.0010792246321216226	0.0009458544664084911
37	excitement	../syntropy_project/models/model_10	../syntropy_project/models/model_10	pride	0.29273316264152527	0.29273316264152527	0.2303711473941803	0.22447732090950012	0.20246689021587372	0.013359878212213516	0.023335296660661697	0.00170596269890666	0.0031173902098089457	0.0030374261550605297	0.001518371282145381	0.0017783328657969832	0.0020987780299037695
38	nervousness	../syntropy_project/models/model_10	../syntropy_project/models/model_10	nervousness	0.5792869925498962	0.3203478753566742	0.033038921654224396	0.012661676853895187	0.006637876853346825	0.008067608810961246	0.5792869925498962	0.010836077854037285	0.0024160081520676613	0.0039046017918735743	0.0045762923546135426	0.004030405078083277	0.014195600524544716
39	anger	../syntropy_project/models/model_10	../syntropy_project/models/model_10	anger	0.4756377935409546	0.02012179046869278	0.005779444705694914	0.015773341059684753	0.01667608693242073	0.003207041649147868	0.23647873103618622	0.05755801498889923	0.01526358537375927	0.05232636258006096	0.08759543299674988	0.013582389801740646	0.4756377935409546
40	sadness	../syntropy_project/models/model_10	../syntropy_project/models/model_10	confusion	0.4538322389125824	0.012885261327028275	0.001733005978167057	0.006464195437729359	0.015263200737535954	0.015741601586341858	0.11495900899171829	0.08445212244987488	0.4538322389125824	0.032777994871139526	0.048029303550720215	0.02466469258069992	0.1891973465681076
41	neutral	../syntropy_project/models/model_10	../syntropy_project/models/model_10	joy	0.39766886830329895	0.106451615691185	0.1471908688545227	0.39766886830329895	0.3268181085586548	0.013278470374643803	0.003377743298187852	0.0007502742810174823	0.0011444812407717109	0.0018447410548105836	0.0005528592155314982	0.0006513152038678527	0.00027071082149632275
42	neutral	../syntropy_project/models/model_10	../syntropy_project/models/model_10	neutral	0.4484061002731323	0.07304897904396057	0.13988631963729858	0.32057347893714905	0.4484061002731323	0.011434078216552734	0.002178448485210538	0.0006142323254607618	0.0014475948410108685	0.0012450150679796934	0.0005794737953692675	0.00045007976586930454	0.000136102331453003
43	neutral	../syntropy_project/models/model_10	../syntropy_project/models/model_10	neutral	0.5200116038322449	0.04376300051808357	0.12915340065956116	0.2589223384857178	0.5200116038322449	0.035171929746866226	0.003923091106116772	0.0008162769954651594	0.001495571224950254	0.003768409136682749	0.0012204052181914449	0.0015419203555211425	0.00021208210091572255
44	joy	../syntropy_project/models/model_10	../syntropy_project/models/model_10	nervousness	0.27677905559539795	0.14273929595947266	0.10658835619688034	0.10069874674081802	0.22832082211971283	0.0502544566988945	0.27677905559539795	0.010721713304519653	0.01295194961130619	0.022966453805565834	0.008849282748997211	0.02964484691619873	0.009485007263720036
45	pride	../syntropy_project/models/model_10	../syntropy_project/models/model_10	pride	0.6224892139434814	0.6224892139434814	0.05905238166451454	0.113660529255867	0.1134575754404068	0.013781750574707985	0.055128734558820724	0.0038619230035692453	0.002652966184541583	0.006015213672071695	0.0031857856083661318	0.002860451815649867	0.003853556700050831
46	neutral	../syntropy_project/models/model_10	../syntropy_project/models/model_10	pride	0.3754774034023285	0.3754774034023285	0.08798819035291672	0.358055055141449	0.1385049968957901	0.02084142528474331	0.008936082012951374	0.0018877810798585415	0.001459551858715713	0.004092707298696041	0.0009636818431317806	0.0011007760185748339	0.0006923277396708727
47	pride	../syntropy_project/models/model_10	../syntropy_project/models/model_10	pride	0.6580931544303894	0.6580931544303894	0.18827249109745026	0.06608587503433228	0.038971904665231705	0.01705046184360981	0.02183791808784008	0.0029119523242115974	0.0009702865500003099	0.0013480238849297166	0.0012693358585238457	0.0015260594664141536	0.0016626144060865045
48	neutral	../syntropy_project/models/model_10	../syntropy_project/models/model_10	neutral	0.2832486629486084	0.27148908376693726	0.14665472507476807	0.23361234366893768	0.2832486629486084	0.04286753386259079	0.01191696897149086	0.001972077414393425	0.002939516445621848	0.002560197375714779	0.001089514116756618	0.0011836827034130692	0.00046571021084673703
49	neutral	../syntropy_project/models/model_10	../syntropy_project/models/model_10	neutral	0.38746264576911926	0.10536671429872513	0.11155526340007782	0.38406628370285034	0.38746264576911926	0.007284495513886213	0.0016035942826420069	0.0002857542422134429	0.0005938124959357083	0.0010489987907931209	0.00026764036738313735	0.00037877284921705723	8.60394720803015e-05
50	excitement	../syntropy_project/models/model_10	../syntropy_project/models/model_10	neutral	0.33001944422721863	0.17402315139770508	0.14016272127628326	0.321442574262619	0.33001944422721863	0.01749523915350437	0.0066545335575938225	0.000988794956356287	0.0022899580653756857	0.003919642884284258	0.000978263677097857	0.0013187838485464454	0.0007068419363349676
51	disgust	../syntropy_project/models/model_10	../syntropy_project/models/model_10	disgust	0.7449880838394165	0.007082390133291483	0.007445975206792355	0.004920531529933214	0.01827249303460121	0.0053848084062337875	0.010430742986500263	0.03691547363996506	0.005270589608699083	0.030683886259794235	0.7449880838394165	0.009714458137750626	0.11889064311981201
52	pride	../syntropy_project/models/model_10	../syntropy_project/models/model_10	pride	0.2969549596309662	0.2969549596309662	0.12358945608139038	0.20700012147426605	0.21536622941493988	0.015498312190175056	0.11977584660053253	0.0031474423594772816	0.004443073179572821	0.0046007693745195866	0.0026806648820638657	0.003701715264469385	0.003241471014916897
53	joy	../syntropy_project/models/model_10	../syntropy_project/models/model_10	joy	0.35103562474250793	0.17378459870815277	0.16113580763339996	0.35103562474250793	0.2876972258090973	0.014268649742007256	0.0017095431685447693	0.0017351493006572127	0.0015543887857347727	0.0027691114228218794	0.0020492051262408495	0.0010718078119680285	0.0011887960135936737
54	nervousness	../syntropy_project/models/model_10	../syntropy_project/models/model_10	nervousness	0.8243257403373718	0.0083657531067729	0.005434253718703985	0.00625602575019002	0.018646955490112305	0.009669301100075245	0.8243257403373718	0.010396539233624935	0.012448381632566452	0.030709758400917053	0.011926069855690002	0.045809585601091385	0.016011599451303482
55	neutral	../syntropy_project/models/model_10	../syntropy_project/models/model_10	joy	0.4994414150714874	0.09514664113521576	0.16286373138427734	0.4994414150714874	0.22253082692623138	0.01296437531709671	0.0020975705701857805	0.0009698544745333493	0.0009548328816890717	0.0016388708027079701	0.0006544838543049991	0.0005162466550245881	0.0002211404062109068
56	surprise	../syntropy_project/models/model_10	../syntropy_project/models/model_10	surprise	0.7644168138504028	0.041146170347929	0.07963967323303223	0.03245996683835983	0.054775387048721313	0.7644168138504028	0.006977819837629795	0.004291323944926262	0.008511153049767017	0.0024126144126057625	0.0025633147452026606	0.002554317470639944	0.00025137668126262724
57	sadness	../syntropy_project/models/model_10	../syntropy_project/models/model_10	sadness	0.46124663949012756	0.020494434982538223	0.008401952683925629	0.043815482407808304	0.0660322979092598	0.014646189287304878	0.20985393226146698	0.024399086833000183	0.03207835555076599	0.46124663949012756	0.022453153505921364	0.059875670820474625	0.036702822893857956
58	disgust	../syntropy_project/models/model_10	../syntropy_project/models/model_10	nervousness	0.4084829092025757	0.0131978215649724	0.0012692064046859741	0.007083389908075333	0.007021178491413593	0.003122079186141491	0.4084829092025757	0.08387494087219238	0.12932488322257996	0.0296020470559597	0.06659959256649017	0.014860915020108223	0.2355610579252243
59	excitement	../syntropy_project/models/model_10	../syntropy_project/models/model_10	excitement	0.9247276782989502	0.018056048080325127	0.9247276782989502	0.008847585879266262	0.01901894621551037	0.010289870202541351	0.015835406258702278	0.00029762121266685426	0.0006625208770856261	0.0003792239003814757	0.00045113477972336113	0.0005439620581455529	0.0008899341919459403
60	excitement	../syntropy_project/models/model_10	../syntropy_project/models/model_10	excitement	0.7504943609237671	0.06054035946726799	0.7504943609237671	0.10305217653512955	0.06081229820847511	0.01205013133585453	0.00961932260543108	0.00030408025486394763	0.0006919633597135544	0.0007762480527162552	0.00044575455831363797	0.0005227032233960927	0.0006906833150424063
61	neutral	../syntropy_project/models/model_10	../syntropy_project/models/model_10	joy	0.582786500453949	0.06522735953330994	0.12149147689342499	0.582786500453949	0.2002689242362976	0.01976352371275425	0.002347762230783701	0.0012762906262651086	0.0019939132034778595	0.0019279960542917252	0.0014780048513785005	0.0009233237360604107	0.0005149854114279151
62	surprise	../syntropy_project/models/model_10	../syntropy_project/models/model_10	neutral	0.185576930642128	0.10865212976932526	0.01808229275047779	0.11467131227254868	0.185576930642128	0.07906147837638855	0.0904071107506752	0.08809848129749298	0.11557385325431824	0.09844084084033966	0.049171965569257736	0.023175138980150223	0.02908853441476822
63	pride	../syntropy_project/models/model_10	../syntropy_project/models/model_10	joy	0.3920614421367645	0.2114805430173874	0.28878191113471985	0.3920614421367645	0.09654393047094345	0.005247403401881456	0.0017695509595796466	0.0006258973735384643	0.0005140099092386663	0.0020679112058132887	0.00040290580363944173	0.0003085614589508623	0.00019587694259826094
64	nervousness	../syntropy_project/models/model_10	../syntropy_project/models/model_10	nervousness	0.4427909851074219	0.04694454371929169	0.008544549345970154	0.039569780230522156	0.08446350693702698	0.005371815990656614	0.4427909851074219	0.036367639899253845	0.012193773873150349	0.12651368975639343	0.04568611457943916	0.01993744447827339	0.13161611557006836
65	neutral	../syntropy_project/models/model_10	../syntropy_project/models/model_10	joy	0.3466220498085022	0.13247525691986084	0.30075138807296753	0.3466220498085022	0.18584203720092773	0.026784703135490417	0.0016751702642068267	0.0013090720167383552	0.0016330848447978497	0.0007525574183091521	0.0011168851051479578	0.0007261360296979547	0.00031161506194621325
66	nervousness	../syntropy_project/models/model_10	../syntropy_project/models/model_10	nervousness	0.5604954957962036	0.068128302693367	0.007127105724066496	0.04449429363012314	0.04948659613728523	0.011316969990730286	0.5604954957962036	0.04342589154839516	0.0566328801214695	0.055713068693876266	0.0228540301322937	0.02920440398156643	0.051120955497026443
67	joy	../syntropy_project/models/model_10	../syntropy_project/models/model_10	joy	0.5125508308410645	0.134183868765831	0.13303107023239136	0.5125508308410645	0.20080196857452393	0.013165577314794064	0.0017992403591051698	0.0008035474456846714	0.0009629855048842728	0.0013070424320176244	0.0007143229013308883	0.0005080687697045505	0.00017155418754555285
68	confusion	../syntropy_project/models/model_10	../syntropy_project/models/model_10	confusion	0.6085121035575867	0.015425477176904678	0.0016475997399538755	0.0062906984239816666	0.011006678454577923	0.013937079347670078	0.16391901671886444	0.06330736726522446	0.6085121035575867	0.018480340018868446	0.017716119065880775	0.01257386989891529	0.06718370318412781
69	excitement	../syntropy_project/models/model_10	../syntropy_project/models/model_10	excitement	0.7132253050804138	0.18992243707180023	0.7132253050804138	0.01007984858006239	0.013240490108728409	0.02663850225508213	0.03948837146162987	0.0015770143363624811	0.0010770767694339156	0.0006937229190953076	0.000996336922980845	0.001157777733169496	0.0019031143747270107
70	pride	../syntropy_project/models/model_10	../syntropy_project/models/model_10	pride	0.7866012454032898	0.7866012454032898	0.16635677218437195	0.022054418921470642	0.00875836331397295	0.0036625198554247618	0.009712058119475842	0.0007650703191757202	0.0002909054164774716	0.0003416861582081765	0.0003628841950558126	0.0002670954854693264	0.0008271846454590559
71	excitement	../syntropy_project/models/model_10	../syntropy_project/models/model_10	joy	0.3341462016105652	0.2174033373594284	0.19926492869853973	0.3341462016105652	0.18670587241649628	0.044040657579898834	0.004341619089245796	0.00384392193518579	0.00385485403239727	0.0019576975610107183	0.002763544674962759	0.001060011680237949	0.0006173707661218941
72	surprise	../syntropy_project/models/model_10	../syntropy_project/models/model_10	joy	0.3444390594959259	0.24432389438152313	0.07586569339036942	0.3444390594959259	0.1952095776796341	0.06532794237136841	0.037056051194667816	0.0071233585476875305	0.014082973822951317	0.006903411820530891	0.0029770112596452236	0.004013049881905317	0.002677911426872015
73	neutral	../syntropy_project/models/model_10	../syntropy_project/models/model_10	pride	0.33632972836494446	0.33632972836494446	0.19284182786941528	0.17596127092838287	0.2574189305305481	0.02300325036048889	0.008883409202098846	0.0008611906087026	0.0016244028229266405	0.0012142128543928266	0.000635349249932915	0.0008308158139698207	0.00039558118442073464
74	excitement	../syntropy_project/models/model_10	../syntropy_project/models/model_10	joy	0.4967208802700043	0.1317843794822693	0.12418172508478165	0.4967208802700043	0.20778653025627136	0.016764217987656593	0.009071893990039825	0.0023625995963811874	0.0038375502917915583	0.003259535413235426	0.0019513032166287303	0.00122957699932158	0.001049819402396679
75	pride	../syntropy_project/models/model_10	../syntropy_project/models/model_10	pride	0.5149808526039124	0.5149808526039124	0.19917792081832886	0.1622520387172699	0.08011497557163239	0.016024446114897728	0.02097291499376297	0.0017905114218592644	0.0004844118666369468	0.001373391249217093	0.0009710793965496123	0.0006213313317857683	0.001236048061400652
76	excitement	../syntropy_project/models/model_10	../syntropy_project/models/model_10	excitement	0.5031000375747681	0.14433911442756653	0.5031000375747681	0.19918711483478546	0.08981173485517502	0.033273208886384964	0.013543186709284782	0.0016259022522717714	0.0008232982945628464	0.0019138454226776958	0.0029242916498333216	0.0014555720845237374	0.008002719841897488
77	joy	../syntropy_project/models/model_10	../syntropy_project/models/model_10	joy	0.35462304949760437	0.3015172481536865	0.1258615106344223	0.35462304949760437	0.1887550950050354	0.010815083980560303	0.008436969481408596	0.0012953999685123563	0.0011748766992241144	0.0036066388711333275	0.000868014176376164	0.0019121560035273433	0.0011340337805449963
78	joy	../syntropy_project/models/model_10	../syntropy_project/models/model_10	joy	0.5590658187866211	0.1179213672876358	0.09979274123907089	0.5590658187866211	0.2108452469110489	0.004973548464477062	0.003228438086807728	0.00038912228774279356	0.000646955450065434	0.0016630108002573252	0.0005726590752601624	0.000490043661557138	0.0004110011213924736
79	disgust	../syntropy_project/models/model_10	../syntropy_project/models/model_10	sadness	0.25992441177368164	0.02232430689036846	0.0291200652718544	0.07146871834993362	0.08691729605197906	0.03977258503437042	0.13606423139572144	0.04714636132121086	0.022614531219005585	0.25992441177368164	0.2006543129682541	0.04256843775510788	0.041424721479415894
80	neutral	../syntropy_project/models/model_10	../syntropy_project/models/model_10	joy	0.42155200242996216	0.11581455171108246	0.06723660230636597	0.42155200242996216	0.3630077838897705	0.017417270690202713	0.004163480829447508	0.001172044314444065	0.0015522163594141603	0.0060539161786437035	0.0008595515973865986	0.0008944147266447544	0.0002761214564088732
81	anger	../syntropy_project/models/model_10	../syntropy_project/models/model_10	nervousness	0.43149739503860474	0.024121567606925964	0.008356352336704731	0.02630370855331421	0.040827084332704544	0.013360119424760342	0.43149739503860474	0.09633908420801163	0.04416608065366745	0.14119857549667358	0.05248674750328064	0.04582516476511955	0.07551807165145874
82	pride	../syntropy_project/models/model_10	../syntropy_project/models/model_10	pride	0.34141913056373596	0.34141913056373596	0.30548158288002014	0.22738896310329437	0.08418098092079163	0.022789932787418365	0.013643420301377773	0.0009109905804507434	0.0008090769406408072	0.0012404272565618157	0.0007939370698295534	0.0006668688147328794	0.0006746154394932091
83	excitement	../syntropy_project/models/model_10	../syntropy_project/models/model_10	excitement	0.37538349628448486	0.049685146659612656	0.37538349628448486	0.35647210478782654	0.16228006780147552	0.04521718993782997	0.0019374460680410266	0.0011051252949982882	0.0012033433886244893	0.0036962968297302723	0.001201500534079969	0.0012013367377221584	0.0006168931140564382
84	neutral	../syntropy_project/models/model_10	../syntropy_project/models/model_10	neutral	0.7255945801734924	0.03782028332352638	0.050596654415130615	0.14926975965499878	0.7255945801734924	0.016949554905295372	0.005401096772402525	0.0011656510177999735	0.0036934444215148687	0.005482145119458437	0.001237704767845571	0.002462479518726468	0.0003265968698542565
85	neutral	../syntropy_project/models/model_10	../syntropy_project/models/model_10	neutral	0.4713943898677826	0.1523054987192154	0.1144351214170456	0.19270168244838715	0.4713943898677826	0.010173516348004341	0.044766854494810104	0.0015431229257956147	0.0032356197480112314	0.0037202334497123957	0.0014959314139559865	0.0029357692692428827	0.0012922942405566573
86	surprise	../syntropy_project/models/model_10	../syntropy_project/models/model_10	joy	0.3762524425983429	0.06561511754989624	0.21713536977767944	0.3762524425983429	0.3116846978664398	0.020966481417417526	0.00201746285893023	0.001117443316616118	0.0011189609067514539	0.0022069597616791725	0.0009708775323815644	0.0006444313912652433	0.00026978272944688797
87	neutral	../syntropy_project/models/model_10	../syntropy_project/models/model_10	pride	0.2941172420978546	0.2941172420978546	0.06908527761697769	0.1130421981215477	0.16694271564483643	0.08030402660369873	0.18200451135635376	0.013965846039354801	0.01374982949346304	0.0304604172706604	0.012572725303471088	0.00902338046580553	0.014731872826814651
88	joy	../syntropy_project/models/model_10	../syntropy_project/models/model_10	joy	0.6236392855644226	0.09858070313930511	0.027974102646112442	0.6236392855644226	0.22108615934848785	0.005524831358343363	0.006059249863028526	0.001081641879864037	0.0018919624853879213	0.010545618832111359	0.0011608053464442492	0.0014651748351752758	0.0009904683101922274
89	neutral	../syntropy_project/models/model_10	../syntropy_project/models/model_10	neutral	0.6446884870529175	0.02016187272965908	0.06276578456163406	0.2479737102985382	0.6446884870529175	0.01695776917040348	0.0012545788194984198	0.0004621005500666797	0.001737654092721641	0.0023848670534789562	0.0006944516790099442	0.0008597143460065126	5.891060209251009e-05
90	excitement	../syntropy_project/models/model_10	../syntropy_project/models/model_10	excitement	0.4705856740474701	0.25094717741012573	0.4705856740474701	0.1793275624513626	0.07922285050153732	0.012824435718357563	0.003922800999134779	0.0006135564181022346	0.0005673511186614633	0.0008605765178799629	0.0005073396023362875	0.00034507285454310477	0.0002756149915512651
91	pride	../syntropy_project/models/model_10	../syntropy_project/models/model_10	pride	0.36100271344184875	0.36100271344184875	0.13536813855171204	0.25727495551109314	0.21080125868320465	0.008731775917112827	0.01975414901971817	0.0009126497316174209	0.0011764699593186378	0.001985572511330247	0.0009790919721126556	0.0010548967402428389	0.0009583880309946835
92	excitement	../syntropy_project/models/model_10	../syntropy_project/models/model_10	joy	0.3122950494289398	0.23772649466991425	0.2605661451816559	0.3122950494289398	0.14267410337924957	0.035100437700748444	0.003338797250762582	0.0018851383356377482	0.001771321170963347	0.0011714850552380085	0.001982936402782798	0.0008334488957189023	0.000654625880997628
93	joy	../syntropy_project/models/model_10	../syntropy_project/models/model_10	joy	0.3626503348350525	0.18747663497924805	0.25433290004730225	0.3626503348350525	0.09764507412910461	0.08291925489902496	0.005792544689029455	0.0013348899083212018	0.0012503564357757568	0.003516340861096978	0.0011888573644682765	0.0010567917488515377	0.000836042920127511
94	nervousness	../syntropy_project/models/model_10	../syntropy_project/models/model_10	nervousness	0.45855388045310974	0.015904368832707405	0.0028829537332057953	0.01114304643124342	0.012327677570283413	0.0038981649558991194	0.45855388045310974	0.037358157336711884	0.026292186230421066	0.10659965872764587	0.05063546821475029	0.01869966834783554	0.25570473074913025
95	joy	../syntropy_project/models/model_10	../syntropy_project/models/model_10	neutral	0.3581657409667969	0.11350324749946594	0.1864026039838791	0.13864143192768097	0.3581657409667969	0.042632535099983215	0.09253079444169998	0.008858912624418736	0.008472216315567493	0.029116231948137283	0.007199398707598448	0.0071081542409956455	0.007368718273937702
96	pride	../syntropy_project/models/model_10	../syntropy_project/models/model_10	pride	0.5253602862358093	0.5253602862358093	0.1402786523103714	0.17163115739822388	0.10784627497196198	0.021842658519744873	0.023051613941788673	0.00209654844366014	0.0018208615947514772	0.0021588383242487907	0.001833766815252602	0.0010606684954836965	0.0010187389561906457
97	pride	../syntropy_project/models/model_10	../syntropy_project/models/model_10	joy	0.37602490186691284	0.3272739350795746	0.13621248304843903	0.37602490186691284	0.14649347960948944	0.00463370606303215	0.0061692725867033005	0.0006164379301480949	0.0005966254393570125	0.0008892249898053706	0.0004427583480719477	0.0003411680809222162	0.00030593867995776236
98	neutral	../syntropy_project/models/model_10	../syntropy_project/models/model_10	neutral	0.4840330183506012	0.050168704241514206	0.11333007365465164	0.32583531737327576	0.4840330183506012	0.014050723053514957	0.004548606928437948	0.0005471453769132495	0.0014910638565197587	0.0039016816299408674	0.0008753674337640405	0.0010181547841057181	0.0002000548120122403
99	joy	../syntropy_project/models/model_10	../syntropy_project/models/model_10	joy	0.5317677855491638	0.08016553521156311	0.22112898528575897	0.5317677855491638	0.12937986850738525	0.031413834542036057	0.0012898218119516969	0.0012503766920417547	0.0010249773040413857	0.0009220807696692646	0.0007791112875565886	0.0006624532397836447	0.0002152270171791315
100	pride	../syntropy_project/models/model_10	../syntropy_project/models/model_10	pride	0.544343113899231	0.544343113899231	0.3135814070701599	0.046152450144290924	0.033458709716796875	0.01645493134856224	0.038405902683734894	0.0017152876826003194	0.001051653758622706	0.0011093893554061651	0.0007938299095258117	0.0009867706103250384	0.0019465191289782524
101	excitement	../syntropy_project/models/model_10	../syntropy_project/models/model_10	neutral	0.3049415051937103	0.1866459995508194	0.03503776341676712	0.17131349444389343	0.3049415051937103	0.02635979652404785	0.1110958531498909	0.010703559033572674	0.013472983613610268	0.10216400027275085	0.00808260589838028	0.019904430955648422	0.010277959518134594
102	surprise	../syntropy_project/models/model_10	../syntropy_project/models/model_10	neutral	0.5818549990653992	0.0931929349899292	0.03425462916493416	0.18085625767707825	0.5818549990653992	0.021892759948968887	0.024394065141677856	0.003999914042651653	0.008554663509130478	0.030553756281733513	0.00552805420011282	0.010980975814163685	0.003936977591365576
103	joy	../syntropy_project/models/model_10	../syntropy_project/models/model_10	joy	0.5070788860321045	0.08098109066486359	0.09596026688814163	0.5070788860321045	0.29121410846710205	0.010498295538127422	0.005095198750495911	0.0010480884229764342	0.0020999955013394356	0.0036086325999349356	0.0009966562502086163	0.0009400228154845536	0.0004787044017575681
104	pride	../syntropy_project/models/model_10	../syntropy_project/models/model_10	pride	0.6544421911239624	0.6544421911239624	0.3024856150150299	0.01067777443677187	0.009161025285720825	0.006541416049003601	0.014451582916080952	0.0007110140286386013	0.00017936783842742443	0.0002787311968859285	0.0003001543809659779	0.00026547277229838073	0.0005056121153756976
105	pride	../syntropy_project/models/model_10	../syntropy_project/models/model_10	pride	0.46450746059417725	0.46450746059417725	0.21014681458473206	0.2313399314880371	0.06645762920379639	0.016453998163342476	0.006991588044911623	0.0008434744668193161	0.0006060324958525598	0.0011574729578569531	0.0005337364855222404	0.0003527121734805405	0.0006091237301006913
106	joy	../syntropy_project/models/model_10	../syntropy_project/models/model_10	joy	0.3719305694103241	0.12334571778774261	0.09489938616752625	0.3719305694103241	0.3329634368419647	0.025293534621596336	0.015339745208621025	0.007146541029214859	0.005852137692272663	0.010092276148498058	0.008151412010192871	0.0030998943839222193	0.001885347650386393
107	nervousness	../syntropy_project/models/model_10	../syntropy_project/models/model_10	nervousness	0.8488814234733582	0.008262894116342068	0.004404672421514988	0.007161929737776518	0.009855001233518124	0.0027177229057997465	0.8488814234733582	0.008834904991090298	0.006328306160867214	0.019818149507045746	0.008375024423003197	0.05361328646540642	0.0217465627938509
108	joy	../syntropy_project/models/model_10	../syntropy_project/models/model_10	pride	0.605837345123291	0.605837345123291	0.19630266726016998	0.1267126202583313	0.05850399658083916	0.0037365006282925606	0.006848546210676432	0.0004704322782345116	0.000298303464660421	0.0004723507445305586	0.000266923860181123	0.0002457231457810849	0.0003046436468139291
109	neutral	../syntropy_project/models/model_10	../syntropy_project/models/model_10	joy	0.27971401810646057	0.20485801994800568	0.23046667873859406	0.27971401810646057	0.1419903188943863	0.0436352975666523	0.049334924668073654	0.010543868876993656	0.006874445825815201	0.006202589254826307	0.011059604585170746	0.005574788898229599	0.009745385497808456
110	pride	../syntropy_project/models/model_10	../syntropy_project/models/model_10	pride	0.7306775450706482	0.7306775450706482	0.1379193663597107	0.05077975615859032	0.04352492094039917	0.006589845754206181	0.02647208422422409	0.001088327611796558	0.0006045567570254207	0.0006961976760067046	0.00043704870040528476	0.0004484251549001783	0.0007619077223353088
111	pride	../syntropy_project/models/model_10	../syntropy_project/models/model_10	neutral	0.40658488869667053	0.13586683571338654	0.13849428296089172	0.2979188859462738	0.40658488869667053	0.012000177055597305	0.0039073750376701355	0.0007778331637382507	0.001974295126274228	0.001126327901147306	0.0006822103168815374	0.0004770905361510813	0.00018985840142704546
112	neutral	../syntropy_project/models/model_10	../syntropy_project/models/model_10	joy	0.4115879237651825	0.13019666075706482	0.07878423482179642	0.4115879237651825	0.3404085636138916	0.019618280231952667	0.003109873039647937	0.0017025826964527369	0.002471826272085309	0.009050851687788963	0.0014842749806120992	0.0010997309582307935	0.0004852103884331882
113	excitement	../syntropy_project/models/model_10	../syntropy_project/models/model_10	joy	0.3965342938899994	0.16822613775730133	0.21883970499038696	0.3965342938899994	0.20423586666584015	0.006399504840373993	0.003097293898463249	0.0003040495212189853	0.0003961259499192238	0.0011935599613934755	0.0003269499575253576	0.0002624262124300003	0.0001841594639699906
114	joy	../syntropy_project/models/model_10	../syntropy_project/models/model_10	joy	0.40641745924949646	0.07490496337413788	0.2283327430486679	0.40641745924949646	0.26742321252822876	0.014941484667360783	0.0014220220036804676	0.0006900177104398608	0.002195121953263879	0.0013887458480894566	0.001344145741313696	0.0007286187610588968	0.00021153247507754713
115	neutral	../syntropy_project/models/model_10	../syntropy_project/models/model_10	joy	0.4029303193092346	0.1467689871788025	0.14908064901828766	0.4029303193092346	0.23138438165187836	0.04559514671564102	0.0054496340453624725	0.001443945919163525	0.0024274010211229324	0.010038329288363457	0.0020441876258701086	0.0018936755368486047	0.0009433249942958355
116	pride	../syntropy_project/models/model_10	../syntropy_project/models/model_10	pride	0.5043532252311707	0.5043532252311707	0.05372345447540283	0.08842459321022034	0.1320035606622696	0.04014091193675995	0.13252289593219757	0.011452041566371918	0.014629661105573177	0.004662581719458103	0.002851539757102728	0.01068903785198927	0.004546638112515211
117	neutral	../syntropy_project/models/model_10	../syntropy_project/models/model_10	neutral	0.3937213122844696	0.060510892421007156	0.14084796607494354	0.3847460150718689	0.3937213122844696	0.011456148698925972	0.0028163716197013855	0.0006925314082764089	0.0019720823038369417	0.0016492707654833794	0.0007267023902386427	0.0006750865140929818	0.00018559463205747306
118	pride	../syntropy_project/models/model_10	../syntropy_project/models/model_10	joy	0.44576382637023926	0.2654268145561218	0.10085521638393402	0.44576382637023926	0.17365889251232147	0.007092667277902365	0.0036255265586078167	0.000586393871344626	0.0006898768479004502	0.0013195701176300645	0.0004446025122888386	0.0003346219891682267	0.00020208510977681726
119	anger	../syntropy_project/models/model_10	../syntropy_project/models/model_10	anger	0.9084594249725342	0.0023228521458804607	0.0026608831249177456	0.0013268804177641869	0.003231091657653451	0.0005511540221050382	0.024981850758194923	0.003634617431089282	0.0010727859335020185	0.010777420364320278	0.03667406365275383	0.004306922201067209	0.9084594249725342
120	excitement	../syntropy_project/models/model_10	../syntropy_project/models/model_10	excitement	0.7924015522003174	0.048125725239515305	0.7924015522003174	0.05065634846687317	0.055558573454618454	0.023976515978574753	0.02067459747195244	0.001312918495386839	0.001892190775834024	0.001489422284066677	0.0010608029551804066	0.0014268661616370082	0.0014245500788092613
121	excitement	../syntropy_project/models/model_10	../syntropy_project/models/model_10	neutral	0.3252100646495819	0.1211412101984024	0.23742687702178955	0.27880576252937317	0.3252100646495819	0.02912295237183571	0.0033743949607014656	0.0005970404017716646	0.0009775394573807716	0.0017810765421018004	0.0008188651991076767	0.0005844841944053769	0.00015971298853401095
122	neutral	../syntropy_project/models/model_10	../syntropy_project/models/model_10	neutral	0.6974365711212158	0.014842255041003227	0.08594740182161331	0.17846399545669556	0.6974365711212158	0.01751037873327732	0.0005625737248919904	0.0006311520701274276	0.0016753723612055182	0.0018166269874200225	0.000587314018048346	0.0004913336597383022	3.498492151265964e-05
123	excitement	../syntropy_project/models/model_10	../syntropy_project/models/model_10	joy	0.3887117803096771	0.08988752961158752	0.3671189546585083	0.3887117803096771	0.1417272984981537	0.008056207560002804	0.0022860937751829624	0.0002940609701909125	0.00030581120518036187	0.0007016740855760872	0.0004342382599133998	0.0002573062665760517	0.000219103938434273
124	joy	../syntropy_project/models/model_10	../syntropy_project/models/model_10	joy	0.47052741050720215	0.12015604972839355	0.24560926854610443	0.47052741050720215	0.15294529497623444	0.006207849830389023	0.002100736601278186	0.00029388690018095076	0.0003487850190140307	0.001103749731555581	0.00028812699019908905	0.00021243533410597593	0.00020645701442845166
125	pride	../syntropy_project/models/model_10	../syntropy_project/models/model_10	excitement	0.38178107142448425	0.28412726521492004	0.38178107142448425	0.20341169834136963	0.06779972463846207	0.02993200533092022	0.01187628973275423	0.0052575222216546535	0.0025943813379853964	0.0020936564542353153	0.004886826034635305	0.0017195279942825437	0.004520042799413204
126	pride	../syntropy_project/models/model_10	../syntropy_project/models/model_10	joy	0.4136643409729004	0.1647147238254547	0.12195488810539246	0.4136643409729004	0.261471688747406	0.02640657126903534	0.0038131517358124256	0.0009928983636200428	0.0012617366155609488	0.0034217694774270058	0.0009174896404147148	0.0009930318919941783	0.0003876789996866137
127	neutral	../syntropy_project/models/model_10	../syntropy_project/models/model_10	joy	0.5842058658599854	0.08113281428813934	0.1459135115146637	0.5842058658599854	0.16667696833610535	0.014490652829408646	0.001716321799904108	0.0009595252922736108	0.0013523380039259791	0.0020346506498754025	0.0007245484739542007	0.0005955467349849641	0.00019731195061467588
128	neutral	../syntropy_project/models/model_10	../syntropy_project/models/model_10	neutral	0.5659761428833008	0.07095182687044144	0.10983560979366302	0.20321352779865265	0.5659761428833008	0.03171265125274658	0.008135685697197914	0.0008650783565826714	0.002246043412014842	0.0038302759639918804	0.0011063865385949612	0.0017227089265361428	0.0004039848572574556
129	neutral	../syntropy_project/models/model_10	../syntropy_project/models/model_10	joy	0.5367453098297119	0.15579722821712494	0.0975017324090004	0.5367453098297119	0.1971297711133957	0.00591815123334527	0.0028410472441464663	0.0004761596501339227	0.0007137536304071546	0.0018154915887862444	0.0004356251156423241	0.0003539699246175587	0.00027183175552636385
130	excitement	../syntropy_project/models/model_10	../syntropy_project/models/model_10	pride	0.31488075852394104	0.31488075852394104	0.31423625349998474	0.09818165004253387	0.193929061293602	0.044537343084812164	0.024737317115068436	0.0018795302603393793	0.00185766676440835	0.0014784024097025394	0.0012751409085467458	0.0019244158174842596	0.0010825273348018527
131	disgust	../syntropy_project/models/model_10	../syntropy_project/models/model_10	nervousness	0.22127580642700195	0.027988333255052567	0.0048814620822668076	0.013386711478233337	0.013876376673579216	0.008615467697381973	0.22127580642700195	0.14639295637607574	0.03685468062758446	0.16147887706756592	0.15755963325500488	0.029932040721178055	0.17775759100914001
132	joy	../syntropy_project/models/model_10	../syntropy_project/models/model_10	neutral	0.5903809666633606	0.11069098860025406	0.08079803735017776	0.13506612181663513	0.5903809666633606	0.03474242612719536	0.026497183367609978	0.001274953014217317	0.003247408429160714	0.008195365779101849	0.0022469796240329742	0.005139337852597237	0.0017201249720528722
133	nervousness	../syntropy_project/models/model_10	../syntropy_project/models/model_10	nervousness	0.21642471849918365	0.09410010278224945	0.05090164765715599	0.13080914318561554	0.11814238876104355	0.07439786195755005	0.21642471849918365	0.04269551485776901	0.03724578022956848	0.13130362331867218	0.03144586831331253	0.04541961848735809	0.02711370214819908
134	joy	../syntropy_project/models/model_10	../syntropy_project/models/model_10	joy	0.3728500008583069	0.16988174617290497	0.20239228010177612	0.3728500008583069	0.2423720508813858	0.006244694348424673	0.0034412555396556854	0.00048543483717367053	0.0005856634816154838	0.0007928195409476757	0.00045842883992008865	0.0002755587629508227	0.00022007667575962842
135	joy	../syntropy_project/models/model_10	../syntropy_project/models/model_10	joy	0.6094110608100891	0.09855786710977554	0.15668533742427826	0.6094110608100891	0.12105639278888702	0.008544365875422955	0.0019211280159652233	0.00047329114750027657	0.0008381532970815897	0.0014722279738634825	0.0003885023179464042	0.0004038317420054227	0.00024783986737020314
136	excitement	../syntropy_project/models/model_10	../syntropy_project/models/model_10	pride	0.7617881894111633	0.7617881894111633	0.1734786033630371	0.034670352935791016	0.010252926498651505	0.0039675431326031685	0.013499691151082516	0.0006794249056838453	0.00014196065603755414	0.00040012452518567443	0.0002712721470743418	0.0002659058081917465	0.0005840200465172529
137	nervousness	../syntropy_project/models/model_10	../syntropy_project/models/model_10	nervousness	0.7333294153213501	0.007826784625649452	0.003215810051187873	0.007526410277932882	0.027935514226555824	0.004258482716977596	0.7333294153213501	0.01396600529551506	0.01961451955139637	0.0376385860145092	0.015050890855491161	0.11010804772377014	0.0195295549929142
138	excitement	../syntropy_project/models/model_10	../syntropy_project/models/model_10	pride	0.6515212655067444	0.6515212655067444	0.26566991209983826	0.02280411869287491	0.014325205236673355	0.011511416174471378	0.02926447056233883	0.0013197268126532435	0.00040636799531057477	0.0007460631895810366	0.0008294284343719482	0.0004487389524001628	0.0011533282231539488
139	pride	../syntropy_project/models/model_10	../syntropy_project/models/model_10	joy	0.4594038724899292	0.250713050365448	0.11124531924724579	0.4594038724899292	0.1526031792163849	0.014764489606022835	0.005048713181167841	0.001006168546155095	0.0012217770563438535	0.001993403770029545	0.0009607403771951795	0.000659806770272553	0.0003793941286858171
140	joy	../syntropy_project/models/model_10	../syntropy_project/models/model_10	joy	0.4951455295085907	0.15982647240161896	0.10634569078683853	0.4951455295085907	0.21870027482509613	0.012138336896896362	0.0030082508455961943	0.0006331813056021929	0.0007904410012997687	0.002222900278866291	0.000547438976354897	0.00040354879456572235	0.00023797618632670492
141	joy	../syntropy_project/models/model_10	../syntropy_project/models/model_10	joy	0.3138234317302704	0.27353864908218384	0.15169312059879303	0.3138234317302704	0.21070925891399384	0.010077941231429577	0.029655931517481804	0.0019603813998401165	0.001425767200998962	0.002901209518313408	0.0015477766282856464	0.0014750491827726364	0.0011915015056729317
142	joy	../syntropy_project/models/model_10	../syntropy_project/models/model_10	neutral	0.43895256519317627	0.03353886678814888	0.12836311757564545	0.36738529801368713	0.43895256519317627	0.02404995821416378	0.0009012509253807366	0.000760669878218323	0.0019420550670474768	0.0014712089905515313	0.0013168867444619536	0.0011890523601323366	0.00012904407049063593
143	excitement	../syntropy_project/models/model_10	../syntropy_project/models/model_10	pride	0.49547630548477173	0.49547630548477173	0.42311519384384155	0.01926676742732525	0.012335804291069508	0.023866543546319008	0.019814956933259964	0.001887292368337512	0.0005683996714651585	0.0004656600358430296	0.0009795892983675003	0.0008049348834902048	0.0014185402542352676
144	joy	../syntropy_project/models/model_10	../syntropy_project/models/model_10	joy	0.42566728591918945	0.18199822306632996	0.13288924098014832	0.42566728591918945	0.18458782136440277	0.030893202871084213	0.01901337318122387	0.005115972366183996	0.003735098522156477	0.007675619795918465	0.00368007505312562	0.002046635840088129	0.0026975045911967754
145	nervousness	../syntropy_project/models/model_10	../syntropy_project/models/model_10	pride	0.34741416573524475	0.34741416573524475	0.2571045160293579	0.12663394212722778	0.0851694792509079	0.07401355355978012	0.0749407485127449	0.006086238194257021	0.009806160815060139	0.0040922099724411964	0.0031780400313436985	0.004776200279593468	0.006784805096685886
146	joy	../syntropy_project/models/model_10	../syntropy_project/models/model_10	pride	0.3507293462753296	0.3507293462753296	0.13282327353954315	0.2968519926071167	0.1748131811618805	0.009990648366510868	0.024844026193022728	0.0014086216688156128	0.001484397565945983	0.003201147308573127	0.0011568781919777393	0.0012882753508165479	0.001408314798027277
147	pride	../syntropy_project/models/model_10	../syntropy_project/models/model_10	excitement	0.3842567801475525	0.33401185274124146	0.3842567801475525	0.14410869777202606	0.09741401672363281	0.010577445849776268	0.02487419918179512	0.0006746305734850466	0.0006875343970023096	0.00090167042799294	0.000739482173230499	0.0007647351012565196	0.0009889472275972366
148	excitement	../syntropy_project/models/model_10	../syntropy_project/models/model_10	neutral	0.424657940864563	0.07827954739332199	0.127320796251297	0.35513541102409363	0.424657940864563	0.008897135965526104	0.0019611481111496687	0.00048726462409831583	0.001040461822412908	0.0012270888546481729	0.00044691062066704035	0.00044683649321086705	9.945549390977249e-05
149	excitement	../syntropy_project/models/model_10	../syntropy_project/models/model_10	pride	0.54201340675354	0.54201340675354	0.38695576786994934	0.017711110413074493	0.014900503680109978	0.01133882999420166	0.02362462319433689	0.0008198481518775225	0.00032970571191981435	0.0005338130868040025	0.0004130637098569423	0.00042879325337707996	0.0009306284482590854
150	excitement	../syntropy_project/models/model_10	../syntropy_project/models/model_10	excitement	0.3351118564605713	0.2799813449382782	0.3351118564605713	0.25983572006225586	0.08093836158514023	0.027688564732670784	0.009891086257994175	0.0011756685562431812	0.0009605053346604109	0.0018966522766277194	0.001007690210826695	0.0006057623540982604	0.0009068368817679584
151	excitement	../syntropy_project/models/model_10	../syntropy_project/models/model_10	neutral	0.5819792747497559	0.07945311069488525	0.1638958901166916	0.10550937056541443	0.5819792747497559	0.02902347780764103	0.023328600451350212	0.001395908067934215	0.0031011556275188923	0.003264686092734337	0.0016905724769458175	0.005861468147486448	0.0014964821748435497
152	neutral	../syntropy_project/models/model_10	../syntropy_project/models/model_10	joy	0.3046887218952179	0.2679971754550934	0.10161148756742477	0.3046887218952179	0.24674411118030548	0.037034597247838974	0.02335159294307232	0.002876266837120056	0.0031266529113054276	0.00510106235742569	0.003983681555837393	0.0017710172105580568	0.001713569974526763
153	neutral	../syntropy_project/models/model_10	../syntropy_project/models/model_10	neutral	0.4491685926914215	0.11820171773433685	0.110356405377388	0.29896193742752075	0.4491685926914215	0.012590225785970688	0.004640299826860428	0.000488443358335644	0.0010825211647897959	0.0027107857167720795	0.0005619721487164497	0.000948617875110358	0.00028848141664639115
154	pride	../syntropy_project/models/model_10	../syntropy_project/models/model_10	pride	0.8224897980690002	0.8224897980690002	0.13155022263526917	0.0049127694219350815	0.004309371113777161	0.004566076211631298	0.028577271848917007	0.0009676653426140547	0.00015923695173114538	0.00044627924216911197	0.0004268173943273723	0.00033005900331772864	0.0012643871596083045
155	neutral	../syntropy_project/models/model_10	../syntropy_project/models/model_10	joy	0.4876512587070465	0.06713657081127167	0.11742720007896423	0.4876512587070465	0.3056696355342865	0.01659375987946987	0.0013691462809219956	0.0004470436251722276	0.0008761390927247703	0.0018281809752807021	0.0004019777989014983	0.0004926802939735353	0.00010641726112226024
156	neutral	../syntropy_project/models/model_10	../syntropy_project/models/model_10	neutral	0.5759118795394897	0.150057852268219	0.03294732794165611	0.1425268054008484	0.5759118795394897	0.013696733862161636	0.028283508494496346	0.0030841920524835587	0.007345154415816069	0.024524884298443794	0.004431691486388445	0.008808202110230923	0.008381688967347145
157	nervousness	../syntropy_project/models/model_10	../syntropy_project/models/model_10	nervousness	0.43574774265289307	0.032141752541065216	0.011165767908096313	0.05314166843891144	0.07403826713562012	0.010734466835856438	0.43574774265289307	0.0425177738070488	0.028260044753551483	0.1654985100030899	0.04497058317065239	0.051229603588581085	0.0505538247525692
158	nervousness	../syntropy_project/models/model_10	../syntropy_project/models/model_10	nervousness	0.8381983041763306	0.006024517118930817	0.0031878433655947447	0.006239208392798901	0.015706617385149002	0.0026960913091897964	0.8381983041763306	0.009884179569780827	0.008119098842144012	0.03468627110123634	0.010060972534120083	0.04895910620689392	0.01623784750699997
159	neutral	../syntropy_project/models/model_10	../syntropy_project/models/model_10	neutral	0.45262569189071655	0.11165156215429306	0.2583979666233063	0.12641039490699768	0.45262569189071655	0.01287310104817152	0.03081604279577732	0.0005492386408150196	0.0011878996156156063	0.002153645968064666	0.0011042756959795952	0.0014758019242435694	0.0007544361287727952
160	joy	../syntropy_project/models/model_10	../syntropy_project/models/model_10	excitement	0.5078887939453125	0.13383667171001434	0.5078887939453125	0.2197103202342987	0.06080488860607147	0.06689389795064926	0.003906473517417908	0.0015388772590085864	0.0009335017530247569	0.0008572643273510039	0.001624338561668992	0.001121524372138083	0.0008834665059112012
161	joy	../syntropy_project/models/model_10	../syntropy_project/models/model_10	joy	0.359968900680542	0.19180811941623688	0.1507774293422699	0.359968900680542	0.22037753462791443	0.06346622109413147	0.005027500446885824	0.001566180493682623	0.0016935481689870358	0.0021811239421367645	0.0013960751239210367	0.0013605912681668997	0.00037683011032640934
162	pride	../syntropy_project/models/model_10	../syntropy_project/models/model_10	pride	0.7418804168701172	0.7418804168701172	0.11167344450950623	0.07564058899879456	0.04022606462240219	0.0047904415987432	0.01936170645058155	0.0013804130721837282	0.0007248760666698217	0.0009840222774073482	0.0008585464092902839	0.0006629693089053035	0.0018166269874200225
163	sadness	../syntropy_project/models/model_10	../syntropy_project/models/model_10	sadness	0.2798575460910797	0.02752860262989998	0.011264536529779434	0.05051691085100174	0.03547285869717598	0.009130197577178478	0.2338869571685791	0.05359967425465584	0.03504148870706558	0.2798575460910797	0.06107909232378006	0.03920164704322815	0.16342045366764069
164	neutral	../syntropy_project/models/model_10	../syntropy_project/models/model_10	joy	0.42945024371147156	0.1209636852145195	0.14177386462688446	0.42945024371147156	0.29489555954933167	0.007281505037099123	0.002412858186289668	0.00034688127925619483	0.0006355679943226278	0.0014286813093349338	0.00031596614280715585	0.0003791373164858669	0.00011592923692660406
165	excitement	../syntropy_project/models/model_10	../syntropy_project/models/model_10	excitement	0.295919805765152	0.2437848150730133	0.295919805765152	0.2304518073797226	0.12238169461488724	0.044715408235788345	0.02804134413599968	0.005101060029119253	0.0022614249028265476	0.010483723133802414	0.007314565125852823	0.004251515492796898	0.005292918533086777
166	neutral	../syntropy_project/models/model_10	../syntropy_project/models/model_10	joy	0.3991495370864868	0.07704247534275055	0.1999843865633011	0.3991495370864868	0.26529186964035034	0.034686874598264694	0.001629371428862214	0.003434722777456045	0.005574587266892195	0.004877162631601095	0.004920214880257845	0.002370738424360752	0.0010380866006016731
167	neutral	../syntropy_project/models/model_10	../syntropy_project/models/model_10	neutral	0.3163076341152191	0.0717519000172615	0.033393267542123795	0.22798655927181244	0.3163076341152191	0.04670000076293945	0.061159998178482056	0.018541716039180756	0.025173043832182884	0.15900850296020508	0.014531240798532963	0.020712753757834435	0.00473350053653121
168	neutral	../syntropy_project/models/model_10	../syntropy_project/models/model_10	neutral	0.7443224191665649	0.04030622914433479	0.0665673017501831	0.10045785456895828	0.7443224191665649	0.016527071595191956	0.006304268725216389	0.002266345312818885	0.006192018743604422	0.005472160875797272	0.00368862203322351	0.006056349724531174	0.0018393655773252249
169	pride	../syntropy_project/models/model_10	../syntropy_project/models/model_10	pride	0.47362568974494934	0.47362568974494934	0.09166614711284637	0.2221630960702896	0.16020658612251282	0.020772861316800117	0.018542511388659477	0.0021728435531258583	0.0021806892473250628	0.003613860346376896	0.001792426686733961	0.0015560551546514034	0.0017072508344426751
170	excitement	../syntropy_project/models/model_10	../syntropy_project/models/model_10	pride	0.5658243298530579	0.5658243298530579	0.32061827182769775	0.039662834256887436	0.031703367829322815	0.010692790150642395	0.027445130050182343	0.0010471142595633864	0.000591653399169445	0.0004695076495409012	0.000489893660414964	0.00046963259228505194	0.0009853722294792533
171	joy	../syntropy_project/models/model_10	../syntropy_project/models/model_10	joy	0.42813900113105774	0.1754322201013565	0.14316001534461975	0.42813900113105774	0.21766452491283417	0.019904114305973053	0.005589775275439024	0.001475652796216309	0.001370421377941966	0.004235449247062206	0.001410822500474751	0.0008771750144660473	0.0007408374221995473
172	neutral	../syntropy_project/models/model_10	../syntropy_project/models/model_10	neutral	0.7770701050758362	0.007572838570922613	0.08911066502332687	0.11088906228542328	0.7770701050758362	0.01097116805613041	0.0006624257657676935	0.00023488739680033177	0.0012178055476397276	0.0012675182661041617	0.0004355748533271253	0.0005354254972189665	3.25319379044231e-05
173	pride	../syntropy_project/models/model_10	../syntropy_project/models/model_10	pride	0.42031484842300415	0.42031484842300415	0.1687457114458084	0.18240511417388916	0.18938206136226654	0.013960465788841248	0.018645118921995163	0.001332940999418497	0.001861428958363831	0.0011532336939126253	0.0008359033963643014	0.0007469074917025864	0.0006162601057440042
174	joy	../syntropy_project/models/model_10	../syntropy_project/models/model_10	joy	0.5392905473709106	0.0892714336514473	0.18504641950130463	0.5392905473709106	0.16819201409816742	0.013013968244194984	0.0011545547749847174	0.000618556747213006	0.000672468391712755	0.0016201481921598315	0.0005346195539459586	0.00043253088369965553	0.00015283773245755583
175	surprise	../syntropy_project/models/model_10	../syntropy_project/models/model_10	excitement	0.37164291739463806	0.09530821442604065	0.37164291739463806	0.2497839480638504	0.20216844975948334	0.0375605970621109	0.009670943953096867	0.007392050698399544	0.0030983472242951393	0.0077803125604987144	0.009558701887726784	0.0018085603369399905	0.004226878751069307
176	sadness	../syntropy_project/models/model_10	../syntropy_project/models/model_10	nervousness	0.7733531594276428	0.013068710453808308	0.0038067966233938932	0.007641686592251062	0.0125442985445261	0.007696826476603746	0.7733531594276428	0.019543109461665154	0.019335901364684105	0.036872416734695435	0.016818124800920486	0.032543301582336426	0.05677572637796402
177	neutral	../syntropy_project/models/model_10	../syntropy_project/models/model_10	neutral	0.580409824848175	0.043160684406757355	0.0657682940363884	0.19456200301647186	0.580409824848175	0.0588563047349453	0.017232267186045647	0.002989331493154168	0.006253529340028763	0.013702142052352428	0.0038156560622155666	0.011934791691601276	0.0013152030296623707
178	sadness	../syntropy_project/models/model_10	../syntropy_project/models/model_10	sadness	0.6484102010726929	0.008889341726899147	0.011167626827955246	0.027002669870853424	0.024933194741606712	0.006660479586571455	0.165117546916008	0.015082861296832561	0.01140154805034399	0.6484102010726929	0.026554539799690247	0.026393931359052658	0.028386009857058525
179	pride	../syntropy_project/models/model_10	../syntropy_project/models/model_10	pride	0.4352949857711792	0.4352949857711792	0.3550088405609131	0.12674567103385925	0.06631936877965927	0.0042732893489301205	0.009913183748722076	0.0006958286394365132	0.00037093658465892076	0.0005171294324100018	0.0003678846696857363	0.00024187365488614887	0.00025103194639086723
180	excitement	../syntropy_project/models/model_10	../syntropy_project/models/model_10	neutral	0.5676196217536926	0.03084898181259632	0.09646685421466827	0.2832303047180176	0.5676196217536926	0.014781268313527107	0.0016835930291563272	0.0005920962430536747	0.001500406302511692	0.002021015854552388	0.000604267988819629	0.0005607774364762008	9.08540387172252e-05
181	joy	../syntropy_project/models/model_10	../syntropy_project/models/model_10	joy	0.5236936807632446	0.11819123476743698	0.21365568041801453	0.5236936807632446	0.1312609314918518	0.008434121496975422	0.0019703414291143417	0.0005132529186084867	0.0005125725292600691	0.0009819748811423779	0.00036918348632752895	0.0002808200952131301	0.00013618596130982041
182	neutral	../syntropy_project/models/model_10	../syntropy_project/models/model_10	neutral	0.7613112330436707	0.03402602672576904	0.04416749253869057	0.13387273252010345	0.7613112330436707	0.004745963029563427	0.010010095313191414	0.00042667757952585816	0.001259029726497829	0.0031968792900443077	0.0029244341421872377	0.0026880144141614437	0.0013715137029066682
183	neutral	../syntropy_project/models/model_10	../syntropy_project/models/model_10	neutral	0.33054354786872864	0.21046878397464752	0.15340541303157806	0.26856690645217896	0.33054354786872864	0.01542261615395546	0.012425117194652557	0.001349525642581284	0.002151211490854621	0.00288008083589375	0.0012130907271057367	0.0011018257355317473	0.00047179183457046747
184	excitement	../syntropy_project/models/model_10	../syntropy_project/models/model_10	joy	0.3721747398376465	0.10550255328416824	0.27366945147514343	0.3721747398376465	0.21508999168872833	0.022348560392856598	0.003982625436037779	0.0012477602576836944	0.0012387156020849943	0.0018073214450851083	0.001687480602413416	0.0008639331208541989	0.0003868301282636821
185	joy	../syntropy_project/models/model_10	../syntropy_project/models/model_10	joy	0.47403767704963684	0.04545034095644951	0.06875157356262207	0.47403767704963684	0.40244948863983154	0.004345587454736233	0.001526545500382781	0.00032055858173407614	0.0008872245671227574	0.0013972006272524595	0.0003766290901694447	0.0003596439491957426	9.74625872913748e-05
186	neutral	../syntropy_project/models/model_10	../syntropy_project/models/model_10	joy	0.3939559757709503	0.09624190628528595	0.10783668607473373	0.3939559757709503	0.37266165018081665	0.014188786037266254	0.007218270096927881	0.0008078098762780428	0.0012948502553626895	0.003776307450607419	0.0008165556355379522	0.0008882206166163087	0.0003129922552034259
187	pride	../syntropy_project/models/model_10	../syntropy_project/models/model_10	excitement	0.42533016204833984	0.33024871349334717	0.42533016204833984	0.07327527552843094	0.0853593498468399	0.012081412598490715	0.0625448077917099	0.0016618454828858376	0.0018012936925515532	0.0011148465564474463	0.0010724985040724277	0.0014509354950860143	0.0040588523261249065
188	pride	../syntropy_project/models/model_10	../syntropy_project/models/model_10	joy	0.40134426951408386	0.15212088823318481	0.12490815669298172	0.40134426951408386	0.3045080900192261	0.007790859788656235	0.003557083196938038	0.00077887496445328	0.0014755353331565857	0.001905527780763805	0.0006121910992078483	0.0007098118076100945	0.0002886919828597456
189	excitement	../syntropy_project/models/model_10	../syntropy_project/models/model_10	excitement	0.9518592357635498	0.009529861621558666	0.9518592357635498	0.012564203701913357	0.014599340036511421	0.005601680837571621	0.004226173274219036	0.00019469951803330332	0.00027289724675938487	0.00020224553009029478	0.00032878006459213793	0.00031839479925110936	0.00030253161094151437
190	surprise	../syntropy_project/models/model_10	../syntropy_project/models/model_10	pride	0.1642899513244629	0.1642899513244629	0.05314002186059952	0.0921487882733345	0.1314990520477295	0.0895145907998085	0.1403895765542984	0.07627283781766891	0.10337836295366287	0.07704214751720428	0.029832782223820686	0.02040044590830803	0.02209153026342392
191	excitement	../syntropy_project/models/model_10	../syntropy_project/models/model_10	nervousness	0.20257097482681274	0.16004912555217743	0.060353834182024	0.18624800443649292	0.19944491982460022	0.01836768165230751	0.20257097482681274	0.01848338358104229	0.010560261085629463	0.06705613434314728	0.025338031351566315	0.011479158885776997	0.04004849120974541
192	neutral	../syntropy_project/models/model_10	../syntropy_project/models/model_10	neutral	0.4663594365119934	0.05592312291264534	0.05276082456111908	0.09973201900720596	0.4663594365119934	0.055593252182006836	0.1546371430158615	0.007993699982762337	0.015604457817971706	0.05117269232869148	0.008127329871058464	0.023778604343533516	0.008317382074892521
193	pride	../syntropy_project/models/model_10	../syntropy_project/models/model_10	pride	0.8313915729522705	0.8313915729522705	0.12168590724468231	0.015156760811805725	0.009559390135109425	0.0025889475364238024	0.01740131713449955	0.0006225876277312636	0.00016978205530904233	0.00028202004614286125	0.0002798941859509796	0.00022384828480426222	0.0006380013655871153
194	nervousness	../syntropy_project/models/model_10	../syntropy_project/models/model_10	confusion	0.41382652521133423	0.03019469790160656	0.001957871252670884	0.008276944048702717	0.017780199646949768	0.01325024850666523	0.32066282629966736	0.06577296555042267	0.41382652521133423	0.020346231758594513	0.01413241121917963	0.021925680339336395	0.07187344133853912
195	neutral	../syntropy_project/models/model_10	../syntropy_project/models/model_10	joy	0.4288291037082672	0.09758318960666656	0.21349798142910004	0.4288291037082672	0.24665796756744385	0.008028082549571991	0.0014163206797093153	0.0007256912649609149	0.0009228509734384716	0.0010580522939562798	0.0006208074628375471	0.0004907932016067207	0.0001691760990070179
196	joy	../syntropy_project/models/model_10	../syntropy_project/models/model_10	joy	0.38605421781539917	0.279864639043808	0.15213017165660858	0.38605421781539917	0.1501951813697815	0.012065684422850609	0.007998164743185043	0.003010119078680873	0.001969139324501157	0.0014814481837674975	0.0027612384874373674	0.001716439612209797	0.0007534985197708011
197	neutral	../syntropy_project/models/model_10	../syntropy_project/models/model_10	neutral	0.48210325837135315	0.1267995983362198	0.1196863204240799	0.22070768475532532	0.48210325837135315	0.017390349879860878	0.019442057237029076	0.0011682233307510614	0.0024544878397136927	0.004383414518088102	0.0026485081762075424	0.002216823399066925	0.0009992653504014015
198	joy	../syntropy_project/models/model_10	../syntropy_project/models/model_10	joy	0.39999985694885254	0.14452841877937317	0.14621376991271973	0.39999985694885254	0.2918054163455963	0.011689032427966595	0.002351181348785758	0.000473011372378096	0.0007128727156668901	0.001332195708528161	0.00033506329054944217	0.0004550567828118801	0.00010406636283732951
199	joy	../syntropy_project/models/model_10	../syntropy_project/models/model_10	joy	0.4190255105495453	0.09247814863920212	0.2755368947982788	0.4190255105495453	0.18960785865783691	0.017737487331032753	0.0016484451480209827	0.000642571016214788	0.0008718533208593726	0.0009951019892469049	0.0007206072332337499	0.0005565924802795053	0.00017894274787977338
200	neutral	../syntropy_project/models/model_10	../syntropy_project/models/model_10	joy	0.31330129504203796	0.1362728774547577	0.2685253918170929	0.31330129504203796	0.26636895537376404	0.009840003214776516	0.0025801013689488173	0.0004092689778190106	0.0006183167570270598	0.0008264268399216235	0.0004962565144523978	0.0005204331246204674	0.0002405596460448578
201	excitement	../syntropy_project/models/model_10	../syntropy_project/models/model_10	joy	0.40364426374435425	0.12493817508220673	0.08049003779888153	0.40364426374435425	0.35166478157043457	0.024384204298257828	0.004190092906355858	0.001380967441946268	0.003188487607985735	0.004176102578639984	0.0008025667630136013	0.0009032631060108542	0.00023698669974692166
202	joy	../syntropy_project/models/model_10	../syntropy_project/models/model_10	joy	0.5158607959747314	0.11314088851213455	0.09888625144958496	0.5158607959747314	0.2576598823070526	0.0073470184579491615	0.00266205589286983	0.000557824329007417	0.0010899724438786507	0.0019061886705458164	0.00043129618279635906	0.0003339216054882854	0.00012389010225888342
203	neutral	../syntropy_project/models/model_10	../syntropy_project/models/model_10	neutral	0.6981216669082642	0.06603698432445526	0.05637694522738457	0.14566050469875336	0.6981216669082642	0.011376218870282173	0.007207391317933798	0.000874593504704535	0.0022492127027362585	0.006393161136657	0.0017297244630753994	0.0029910453595221043	0.0009825926972553134
204	neutral	../syntropy_project/models/model_10	../syntropy_project/models/model_10	neutral	0.6823326945304871	0.022211924195289612	0.06502322852611542	0.15214620530605316	0.6823326945304871	0.04455113038420677	0.007849249988794327	0.0018852902576327324	0.007848277688026428	0.009609892033040524	0.0026239308062940836	0.0033115637488663197	0.0006066063651815057
205	excitement	../syntropy_project/models/model_10	../syntropy_project/models/model_10	pride	0.3360573649406433	0.3360573649406433	0.25936999917030334	0.1574721783399582	0.188249871134758	0.024789361283183098	0.015223114751279354	0.0030916514806449413	0.004807730671018362	0.0034218623768538237	0.0022302099969238043	0.0023641795851290226	0.0029224699828773737
206	excitement	../syntropy_project/models/model_10	../syntropy_project/models/model_10	joy	0.3177049458026886	0.30368730425834656	0.14972373843193054	0.3177049458026886	0.1846161037683487	0.01132641639560461	0.021110424771904945	0.001383041962981224	0.0031571947038173676	0.0034033069387078285	0.0010610149474814534	0.0013962601078674197	0.0014301481423899531
207	nervousness	../syntropy_project/models/model_10	../syntropy_project/models/model_10	nervousness	0.7875070571899414	0.008288527838885784	0.003881943877786398	0.0066499593667685986	0.013345633633434772	0.004021609202027321	0.7875070571899414	0.01657729409635067	0.011702897027134895	0.042394768446683884	0.01606946997344494	0.0549016110599041	0.034659244120121
208	anger	../syntropy_project/models/model_10	../syntropy_project/models/model_10	disgust	0.27397626638412476	0.017559820786118507	0.009200666099786758	0.01928926259279251	0.03730897605419159	0.01242132019251585	0.1251443326473236	0.06105203926563263	0.029890187084674835	0.16862794756889343	0.27397626638412476	0.14794841408729553	0.0975806787610054
209	neutral	../syntropy_project/models/model_10	../syntropy_project/models/model_10	neutral	0.519483745098114	0.11896149814128876	0.0651828795671463	0.2566559910774231	0.519483745098114	0.019185364246368408	0.008186719380319118	0.0013665470760315657	0.0026959488168358803	0.00481119379401207	0.001299631199799478	0.001834160415455699	0.0003363692376296967
210	neutral	../syntropy_project/models/model_10	../syntropy_project/models/model_10	neutral	0.716730535030365	0.016593996435403824	0.045643068850040436	0.20076125860214233	0.716730535030365	0.011096666567027569	0.001489040208980441	0.0005350493011064827	0.003070057602599263	0.002495156368240714	0.0006031415541656315	0.0009273813338950276	5.4704414651496336e-05
211	pride	../syntropy_project/models/model_10	../syntropy_project/models/model_10	excitement	0.6335557103157043	0.10867346823215485	0.6335557103157043	0.05253167822957039	0.057482149451971054	0.028032870963215828	0.10289910435676575	0.002606624038890004	0.0047661056742072105	0.0023837564513087273	0.0024248999543488026	0.0015902866143733263	0.003053409978747368
212	joy	../syntropy_project/models/model_10	../syntropy_project/models/model_10	pride	0.25343555212020874	0.25343555212020874	0.05562444403767586	0.09463594108819962	0.20836792886257172	0.03406768664717674	0.16972169280052185	0.011346444487571716	0.022858677431941032	0.04144928231835365	0.026680661365389824	0.0183036420494318	0.06350807100534439
213	neutral	../syntropy_project/models/model_10	../syntropy_project/models/model_10	neutral	0.4629431366920471	0.09315061569213867	0.06927702575922012	0.34508562088012695	0.4629431366920471	0.013514800928533077	0.00653108162805438	0.0013293084921315312	0.0017545449081808329	0.003283824073150754	0.0014462784165516496	0.0012399594997987151	0.00044369755778461695
214	excitement	../syntropy_project/models/model_10	../syntropy_project/models/model_10	excitement	0.4581971764564514	0.3197592794895172	0.4581971764564514	0.0992036759853363	0.06355777382850647	0.044103555381298065	0.008452016860246658	0.0015035058604553342	0.0009395864326506853	0.0014985451707616448	0.0013658435782417655	0.0006587523384951055	0.0007602887926623225
215	excitement	../syntropy_project/models/model_10	../syntropy_project/models/model_10	pride	0.31262335181236267	0.31262335181236267	0.283222496509552	0.2599655091762543	0.0715724304318428	0.06008845567703247	0.004067819565534592	0.0017048274166882038	0.0009990986436605453	0.002974879927933216	0.0011826902627944946	0.000985434278845787	0.0006130651454441249
216	joy	../syntropy_project/models/model_10	../syntropy_project/models/model_10	neutral	0.40865352749824524	0.09072315692901611	0.08966673910617828	0.3693650960922241	0.40865352749824524	0.0268604326993227	0.002630764851346612	0.0017450506566092372	0.0025351841468364	0.003565835766494274	0.0022459416650235653	0.0014438219368457794	0.0005644974880851805
217	pride	../syntropy_project/models/model_10	../syntropy_project/models/model_10	pride	0.3616494834423065	0.3616494834423065	0.11408419162034988	0.2554943859577179	0.2244432270526886	0.009387104772031307	0.02446376532316208	0.0011583940358832479	0.0020146328024566174	0.002759211463853717	0.0016818534350022674	0.0014669651864096522	0.0013969421852380037
218	joy	../syntropy_project/models/model_10	../syntropy_project/models/model_10	joy	0.35319042205810547	0.2000599056482315	0.1385396122932434	0.35319042205810547	0.27249136567115784	0.021133648231625557	0.004218116402626038	0.0013018939644098282	0.0014440270606428385	0.005579592194408178	0.0008282550261355937	0.0008577955304645002	0.0003553336428012699
219	excitement	../syntropy_project/models/model_10	../syntropy_project/models/model_10	excitement	0.7140434384346008	0.14198437333106995	0.7140434384346008	0.049280766397714615	0.0344831757247448	0.023110097274184227	0.028682956472039223	0.001054747379384935	0.0007395664579235017	0.001870409119874239	0.0021796361543238163	0.0008609265787526965	0.00170998671092093
220	excitement	../syntropy_project/models/model_10	../syntropy_project/models/model_10	excitement	0.5516212582588196	0.24981917440891266	0.5516212582588196	0.10844273120164871	0.04865852743387222	0.020939162001013756	0.012320197187364101	0.0017101791454479098	0.0010159205412492156	0.0017839776119217277	0.0016064251540228724	0.0009177438332699239	0.0011646642815321684
221	joy	../syntropy_project/models/model_10	../syntropy_project/models/model_10	joy	0.47375109791755676	0.16592876613140106	0.22636692225933075	0.47375109791755676	0.11474356800317764	0.0078010568395257	0.004441373981535435	0.0012519678566604853	0.0016451659612357616	0.0013451625127345324	0.0010865258518606424	0.0007818164303898811	0.0008565766620449722
222	neutral	../syntropy_project/models/model_10	../syntropy_project/models/model_10	neutral	0.6427335739135742	0.09764661639928818	0.06983353942632675	0.1420787274837494	0.6427335739135742	0.01851641573011875	0.014379133470356464	0.0014970694901421666	0.004396685864776373	0.003835484851151705	0.0018609027611091733	0.0026449908036738634	0.0005769207491539419
223	excitement	../syntropy_project/models/model_10	../syntropy_project/models/model_10	joy	0.36413946747779846	0.17530405521392822	0.19503799080848694	0.36413946747779846	0.23277197778224945	0.025195540860295296	0.0021753646433353424	0.0006579129840247333	0.0008802026277408004	0.0020619600545614958	0.0008000880479812622	0.0005725102964788675	0.00040296613587997854
224	sadness	../syntropy_project/models/model_10	../syntropy_project/models/model_10	disgust	0.2470673769712448	0.022990919649600983	0.005026625469326973	0.026666995137929916	0.04425429552793503	0.02188197523355484	0.17094042897224426	0.19086028635501862	0.0739903673529625	0.06544935703277588	0.2470673769712448	0.05569590628147125	0.075175441801548
225	joy	../syntropy_project/models/model_10	../syntropy_project/models/model_10	joy	0.5146961212158203	0.1250292956829071	0.21458864212036133	0.5146961212158203	0.1294574737548828	0.010404339991509914	0.0025525703094899654	0.0004935747128911316	0.0005985916941426694	0.0011605264153331518	0.00043744652066379786	0.00038378575118258595	0.0001976517087314278
226	joy	../syntropy_project/models/model_10	../syntropy_project/models/model_10	joy	0.4554128646850586	0.15909095108509064	0.11531707644462585	0.4554128646850586	0.24921314418315887	0.010290076956152916	0.003939621616154909	0.0007416571606881917	0.0013291252544149756	0.002074369229376316	0.0008002566755749285	0.0012883306480944157	0.0005025721620768309
227	neutral	../syntropy_project/models/model_10	../syntropy_project/models/model_10	neutral	0.4627286493778229	0.05965855345129967	0.18296290934085846	0.27425920963287354	0.4627286493778229	0.015421063639223576	0.0015657152980566025	0.0006207023980095983	0.0009384127915836871	0.0008021661778911948	0.0005787770496681333	0.00036567679489962757	9.821875573834404e-05
228	neutral	../syntropy_project/models/model_10	../syntropy_project/models/model_10	neutral	0.7017449140548706	0.0670979842543602	0.09286981076002121	0.11354809999465942	0.7017449140548706	0.01635690964758396	0.0029683844186365604	0.00035510124871507287	0.0008272556005977094	0.0022515421733260155	0.0006472689565271139	0.0010896938620135188	0.00024308075080625713
229	excitement	../syntropy_project/models/model_10	../syntropy_project/models/model_10	joy	0.45744770765304565	0.16838660836219788	0.1950923204421997	0.45744770765304565	0.15271128714084625	0.017371967434883118	0.0036872238852083683	0.00099365902133286	0.0010604136623442173	0.0016285442980006337	0.0007401647744700313	0.0006242020754143596	0.00025586108677089214
230	neutral	../syntropy_project/models/model_10	../syntropy_project/models/model_10	joy	0.42167335748672485	0.09185407310724258	0.23224377632141113	0.42167335748672485	0.23554836213588715	0.011973261833190918	0.0015877445694059134	0.0009105636854656041	0.001141431974247098	0.001224162639118731	0.0007685439195483923	0.0008112062932923436	0.00026340055046603084
231	pride	../syntropy_project/models/model_10	../syntropy_project/models/model_10	joy	0.4147109091281891	0.17297369241714478	0.16318850219249725	0.4147109091281891	0.2073458433151245	0.023610517382621765	0.004385726526379585	0.0013234132202342153	0.000901195511687547	0.008783766999840736	0.0010287167970091105	0.0008629689109511673	0.0008847025455906987
232	nervousness	../syntropy_project/models/model_10	../syntropy_project/models/model_10	anger	0.3770502209663391	0.038972072303295135	0.00554064754396677	0.021411696448922157	0.01822795532643795	0.0032533835619688034	0.33012229204177856	0.06538976728916168	0.018300168216228485	0.03627011179924011	0.06890109926462173	0.01656060665845871	0.3770502209663391
233	sadness	../syntropy_project/models/model_10	../syntropy_project/models/model_10	nervousness	0.4872945547103882	0.021120764315128326	0.012417607009410858	0.041363928467035294	0.11217474192380905	0.014838610775768757	0.4872945547103882	0.028694216161966324	0.04241575673222542	0.14938758313655853	0.026377901434898376	0.041078370064496994	0.022836022078990936
234	joy	../syntropy_project/models/model_10	../syntropy_project/models/model_10	joy	0.4396156966686249	0.08469770103693008	0.2426355630159378	0.4396156966686249	0.19326800107955933	0.03259918838739395	0.001253400812856853	0.0013504860689863563	0.0011121573625132442	0.0009370780899189413	0.001460767351090908	0.0008173675742000341	0.0002526853932067752
235	confusion	../syntropy_project/models/model_10	../syntropy_project/models/model_10	nervousness	0.2526838779449463	0.09519027918577194	0.009047580882906914	0.030319448560476303	0.07714720815420151	0.045016590505838394	0.2526838779449463	0.0727231502532959	0.20334133505821228	0.03907721862196922	0.036658529192209244	0.023722538724541664	0.11507223546504974
236	neutral	../syntropy_project/models/model_10	../syntropy_project/models/model_10	excitement	0.6732960343360901	0.08625262975692749	0.6732960343360901	0.11051597446203232	0.09987576305866241	0.014444858767092228	0.012162584811449051	0.00045098940609022975	0.0010201404802501202	0.0006607963587157428	0.00045331919682212174	0.00039199754246510565	0.00047485565301030874
237	joy	../syntropy_project/models/model_10	../syntropy_project/models/model_10	joy	0.571651816368103	0.09410616010427475	0.15171177685260773	0.571651816368103	0.16578088700771332	0.007559831719845533	0.003722043242305517	0.00045454647624865174	0.0007436575833708048	0.0027284000534564257	0.0005654681008309126	0.0006713137263432145	0.00030407734448090196
238	neutral	../syntropy_project/models/model_10	../syntropy_project/models/model_10	nervousness	0.5603124499320984	0.01280795969069004	0.006255447398871183	0.016632845625281334	0.03903328627347946	0.013659225776791573	0.5603124499320984	0.03565836697816849	0.03446267545223236	0.0403132326900959	0.02562456950545311	0.16962969303131104	0.04561024531722069
239	neutral	../syntropy_project/models/model_10	../syntropy_project/models/model_10	excitement	0.38433408737182617	0.30863654613494873	0.38433408737182617	0.1417682021856308	0.14171260595321655	0.005000860430300236	0.01522099506109953	0.000557919789571315	0.0005943093565292656	0.0006318840896710753	0.000389969878597185	0.0005075138178654015	0.0006451603840105236
240	nervousness	../syntropy_project/models/model_10	../syntropy_project/models/model_10	nervousness	0.9069288969039917	0.0023515860084444284	0.0013262415304780006	0.0018120183376595378	0.003367881290614605	0.0009406631579622626	0.9069288969039917	0.00456684036180377	0.0038455496542155743	0.015425204299390316	0.004663637839257717	0.038648176938295364	0.016123343259096146
241	pride	../syntropy_project/models/model_10	../syntropy_project/models/model_10	pride	0.6257508993148804	0.6257508993148804	0.2393854409456253	0.08264652639627457	0.026840774342417717	0.009448492899537086	0.012219826690852642	0.0008960313280113041	0.00042038134415633976	0.0006277657230384648	0.0004940470680594444	0.0004452801658771932	0.0008246621582657099
242	joy	../syntropy_project/models/model_10	../syntropy_project/models/model_10	nervousness	0.52338045835495	0.22089651226997375	0.057463325560092926	0.06560347229242325	0.04040947183966637	0.011916043236851692	0.52338045835495	0.010974731296300888	0.008487051352858543	0.019885828718543053	0.009009802713990211	0.008320730179548264	0.023652544245123863
243	joy	../syntropy_project/models/model_10	../syntropy_project/models/model_10	joy	0.41868314146995544	0.09980787336826324	0.20790350437164307	0.41868314146995544	0.25949984788894653	0.008776213973760605	0.002387078944593668	0.00046785836457274854	0.0005715002189390361	0.0010593527695164084	0.0004027705581393093	0.0002566837356425822	0.00018407446623314172
244	nervousness	../syntropy_project/models/model_10	../syntropy_project/models/model_10	neutral	0.5731422305107117	0.0359940230846405	0.14137297868728638	0.22556932270526886	0.5731422305107117	0.01502697542309761	0.0035404928494244814	0.0003801367711275816	0.0014130179770290852	0.0017953213537111878	0.0006506459321826696	0.0008758383919484913	0.0002389782457612455
245	joy	../syntropy_project/models/model_10	../syntropy_project/models/model_10	joy	0.43215441703796387	0.14438943564891815	0.17807233333587646	0.43215441703796387	0.22990185022354126	0.008377034217119217	0.003682873211801052	0.000447655824245885	0.0004866775998380035	0.0014994442462921143	0.00043182054650969803	0.00032553618075326085	0.00023092316405382007
246	neutral	../syntropy_project/models/model_10	../syntropy_project/models/model_10	excitement	0.5661887526512146	0.1695476919412613	0.5661887526512146	0.12005622684955597	0.1063058078289032	0.02180575020611286	0.010804171673953533	0.0006474553956650198	0.0013346855994313955	0.0006938033038750291	0.000873797747772187	0.0007003654027357697	0.0010415379656478763
247	excitement	../syntropy_project/models/model_10	../syntropy_project/models/model_10	joy	0.36232802271842957	0.08844287693500519	0.3135571777820587	0.36232802271842957	0.20341455936431885	0.026535963639616966	0.0010254138614982367	0.0008539923001080751	0.0008974368683993816	0.0011561044957488775	0.0009147728560492396	0.0005838006618432701	0.00028993631713092327
248	excitement	../syntropy_project/models/model_10	../syntropy_project/models/model_10	neutral	0.3419937789440155	0.20258168876171112	0.08061433583498001	0.2313418686389923	0.3419937789440155	0.0661238580942154	0.032860226929187775	0.006208447739481926	0.012656818144023418	0.008428657427430153	0.0038991819601505995	0.006613426376134157	0.006677699275314808
249	excitement	../syntropy_project/models/model_10	../syntropy_project/models/model_10	joy	0.46133002638816833	0.19595491886138916	0.217428520321846	0.46133002638816833	0.1177239716053009	0.0036381061654537916	0.0019441962940618396	0.0003090683021582663	0.0003489264054223895	0.0007711557555012405	0.00020602784934453666	0.00015622987120877951	0.00018882266886066645
250	pride	../syntropy_project/models/model_10	../syntropy_project/models/model_10	joy	0.31152886152267456	0.22256629168987274	0.21200856566429138	0.31152886152267456	0.2172708958387375	0.028190137818455696	0.0027042324654757977	0.0012996423756703734	0.0011367532424628735	0.0012388284085318446	0.0009826535824686289	0.000700899341609329	0.00037229980807751417
251	nervousness	../syntropy_project/models/model_10	../syntropy_project/models/model_10	nervousness	0.4975535273551941	0.016531486064195633	0.0041090515442192554	0.02018863335251808	0.05167175829410553	0.012359008193016052	0.4975535273551941	0.029229430481791496	0.049639541655778885	0.043637439608573914	0.013794111087918282	0.2457859069108963	0.015500182285904884
252	excitement	../syntropy_project/models/model_10	../syntropy_project/models/model_10	pride	0.28048133850097656	0.28048133850097656	0.21348224580287933	0.16373760998249054	0.19878333806991577	0.016503484919667244	0.10144456475973129	0.0017993758665397763	0.00465793302282691	0.008474014699459076	0.0032100051175802946	0.0035405687522143126	0.0038854621816426516
253	pride	../syntropy_project/models/model_10	../syntropy_project/models/model_10	pride	0.7739538550376892	0.7739538550376892	0.07285984605550766	0.06275606155395508	0.024379227310419083	0.010942250490188599	0.043549928814172745	0.0032462505623698235	0.0010123503161594272	0.002454102970659733	0.0012836359674111009	0.0012786425650119781	0.0022837906144559383
254	pride	../syntropy_project/models/model_10	../syntropy_project/models/model_10	joy	0.522370457649231	0.12017298489809036	0.1998872607946396	0.522370457649231	0.15178978443145752	0.002914609620347619	0.0014313836582005024	0.00020365162345115095	0.0002970708010252565	0.0005258002784103155	0.00017348820983897895	0.000127505642012693	0.0001059986389009282
255	confusion	../syntropy_project/models/model_10	../syntropy_project/models/model_10	confusion	0.4866032004356384	0.012387793511152267	0.001741262967698276	0.01326818484812975	0.019359925761818886	0.03625001385807991	0.21057075262069702	0.07566403597593307	0.4866032004356384	0.06099867448210716	0.021005623042583466	0.03384910151362419	0.02830136939883232
256	surprise	../syntropy_project/models/model_10	../syntropy_project/models/model_10	neutral	0.40550997853279114	0.17358602583408356	0.1875348687171936	0.08782495558261871	0.40550997853279114	0.01224026083946228	0.11549600958824158	0.0016623566625639796	0.0043724230490624905	0.003725015325471759	0.0020725480280816555	0.002994814421981573	0.002980784047394991
257	confusion	../syntropy_project/models/model_10	../syntropy_project/models/model_10	nervousness	0.38413843512535095	0.016819776967167854	0.005958646535873413	0.02351866476237774	0.06112607568502426	0.018222445622086525	0.38413843512535095	0.04954128712415695	0.11638681590557098	0.09079696238040924	0.03525274991989136	0.16958290338516235	0.028655240312218666
258	joy	../syntropy_project/models/model_10	../syntropy_project/models/model_10	joy	0.3562454581260681	0.2887977063655853	0.25303885340690613	0.3562454581260681	0.07229741662740707	0.007832791656255722	0.01339325588196516	0.0012600093614310026	0.0011502566048875451	0.0021583493798971176	0.0012478798162192106	0.0007130216108635068	0.0018650200217962265
259	pride	../syntropy_project/models/model_10	../syntropy_project/models/model_10	joy	0.3259664475917816	0.29628050327301025	0.1841626614332199	0.3259664475917816	0.16118156909942627	0.019154824316501617	0.007056558504700661	0.0009281648090109229	0.0013196255313232541	0.001831830246374011	0.0008774398011155427	0.0008907400188036263	0.0003496144199743867
260	neutral	../syntropy_project/models/model_10	../syntropy_project/models/model_10	neutral	0.4545345604419708	0.0810215100646019	0.11125457286834717	0.30416759848594666	0.4545345604419708	0.023569490760564804	0.012594620697200298	0.001574530964717269	0.0029668686911463737	0.004670529626309872	0.0016424233326688409	0.0015108665684238076	0.0004924702807329595
261	neutral	../syntropy_project/models/model_10	../syntropy_project/models/model_10	joy	0.3259321451187134	0.2579173445701599	0.22654324769973755	0.3259321451187134	0.15214122831821442	0.026173794642090797	0.0050871046259999275	0.0011040214449167252	0.0012208789121359587	0.0015822779387235641	0.0009603849612176418	0.0008398815989494324	0.0004976845812052488
262	joy	../syntropy_project/models/model_10	../syntropy_project/models/model_10	excitement	0.4661586284637451	0.12275102734565735	0.4661586284637451	0.20627841353416443	0.16305877268314362	0.032101813703775406	0.003573210909962654	0.00159919960424304	0.0015724354889243841	0.000880821084138006	0.0011535383528098464	0.000597439706325531	0.00027463529841043055
263	disgust	../syntropy_project/models/model_10	../syntropy_project/models/model_10	sadness	0.2916944921016693	0.03353537991642952	0.009982419200241566	0.027372125536203384	0.05267069488763809	0.014167867600917816	0.20174379646778107	0.12369513511657715	0.034444864839315414	0.2916944921016693	0.1086219772696495	0.023372886702418327	0.0786982923746109
264	neutral	../syntropy_project/models/model_10	../syntropy_project/models/model_10	excitement	0.37541288137435913	0.11310970038175583	0.37541288137435913	0.3145792782306671	0.16696909070014954	0.02237280085682869	0.002731991931796074	0.0009756027720868587	0.0013990439474582672	0.0007437923923134804	0.0007475941674783826	0.000709234329406172	0.00024892002693377435
265	neutral	../syntropy_project/models/model_10	../syntropy_project/models/model_10	neutral	0.39774298667907715	0.21440327167510986	0.08893289417028427	0.2638169527053833	0.39774298667907715	0.0059806532226502895	0.01830158196389675	0.0009151000413112342	0.001814903924241662	0.0034405533224344254	0.0015162174822762609	0.0019021416082978249	0.001232849434018135
266	joy	../syntropy_project/models/model_10	../syntropy_project/models/model_10	joy	0.4986841380596161	0.09464062750339508	0.10553447902202606	0.4986841380596161	0.2755535840988159	0.01754586026072502	0.0015864316374063492	0.0007628074381500483	0.0011554795783013105	0.0029987755697220564	0.0007005591760389507	0.0006906602648086846	0.00014663847105111927
267	joy	../syntropy_project/models/model_10	../syntropy_project/models/model_10	joy	0.40607672929763794	0.2557608485221863	0.15067553520202637	0.40607672929763794	0.1583201140165329	0.011905184015631676	0.009047498926520348	0.0010151317110285163	0.0011965607991442084	0.0032551258336752653	0.0009958258597180247	0.0008719327161088586	0.000879590108525008
268	joy	../syntropy_project/models/model_10	../syntropy_project/models/model_10	joy	0.36507898569107056	0.07592853903770447	0.24082085490226746	0.36507898569107056	0.2999221980571747	0.012116854079067707	0.002560992259532213	0.0005396464839577675	0.0007914872840046883	0.001291123335249722	0.0004322457534726709	0.0003397407999727875	0.0001773530530044809
269	joy	../syntropy_project/models/model_10	../syntropy_project/models/model_10	joy	0.4108911454677582	0.05692129209637642	0.14450016617774963	0.4108911454677582	0.3663128912448883	0.016329649835824966	0.0014715548604726791	0.00047407805686816573	0.001066516968421638	0.0011120853014290333	0.0004520544898696244	0.0003899596631526947	7.867645035730675e-05
270	neutral	../syntropy_project/models/model_10	../syntropy_project/models/model_10	nervousness	0.3883388340473175	0.07122468948364258	0.008129352703690529	0.04408303648233414	0.074858658015728	0.011500854976475239	0.3883388340473175	0.07485783100128174	0.04121026024222374	0.06363833695650101	0.11251244693994522	0.023795226588845253	0.0858505517244339
271	neutral	../syntropy_project/models/model_10	../syntropy_project/models/model_10	neutral	0.697537899017334	0.05849698930978775	0.05556877702474594	0.05974267050623894	0.697537899017334	0.028614047914743423	0.042304620146751404	0.003403761424124241	0.011367646977305412	0.014909869991242886	0.003200867911800742	0.020419754087924957	0.0044330209493637085
272	excitement	../syntropy_project/models/model_10	../syntropy_project/models/model_10	excitement	0.4504665434360504	0.355622261762619	0.4504665434360504	0.08536749333143234	0.04721987619996071	0.03192998841404915	0.021463502198457718	0.0016892204293981194	0.0006149110267870128	0.0015230156714096665	0.0016692712670192122	0.0007967829587869346	0.0016370783559978008
273	nervousness	../syntropy_project/models/model_10	../syntropy_project/models/model_10	nervousness	0.7303997278213501	0.00827074609696865	0.003917533438652754	0.009051322005689144	0.01681467704474926	0.007920501753687859	0.7303997278213501	0.02484973706305027	0.01623684912919998	0.05251668766140938	0.025131450966000557	0.07361122965812683	0.03127950429916382
274	joy	../syntropy_project/models/model_10	../syntropy_project/models/model_10	pride	0.816584050655365	0.816584050655365	0.10617620497941971	0.010313085280358791	0.009468319825828075	0.009207183495163918	0.04103642329573631	0.0024110341910272837	0.0005331644206307828	0.0008174197282642126	0.0008817695779725909	0.0009294580086134374	0.0016418877057731152
275	surprise	../syntropy_project/models/model_10	../syntropy_project/models/model_10	nervousness	0.3574940264225006	0.027392029762268066	0.019541455432772636	0.05547603219747543	0.20695659518241882	0.034743912518024445	0.3574940264225006	0.0238090381026268	0.04022301360964775	0.07165676355361938	0.02615644596517086	0.11829661577939987	0.01825406588613987
276	excitement	../syntropy_project/models/model_10	../syntropy_project/models/model_10	joy	0.5654757618904114	0.12265519052743912	0.13263580203056335	0.5654757618904114	0.16913902759552002	0.004860639106482267	0.0016180166276171803	0.0006777206435799599	0.0009501579334028065	0.0009723517578095198	0.00043320050463080406	0.000379856996005401	0.00020218554709572345
277	joy	../syntropy_project/models/model_10	../syntropy_project/models/model_10	neutral	0.41911137104034424	0.08623005449771881	0.08557844907045364	0.36326807737350464	0.41911137104034424	0.02346641942858696	0.007332325913012028	0.0024485972244292498	0.005122052971273661	0.00486604031175375	0.0010423636995255947	0.0011543907457962632	0.0003797532117459923
278	pride	../syntropy_project/models/model_10	../syntropy_project/models/model_10	excitement	0.43771177530288696	0.26956212520599365	0.43771177530288696	0.20136132836341858	0.06644052267074585	0.00926861073821783	0.01063749473541975	0.0010909822303801775	0.0008691021357662976	0.0008938012178987265	0.0005304240039549768	0.000331920717144385	0.0013019604375585914
279	embarrassment	../syntropy_project/models/model_10	../syntropy_project/models/model_10	nervousness	0.3692682981491089	0.042894020676612854	0.0017924188869073987	0.0102100670337677	0.015333427116274834	0.012161860242486	0.3692682981491089	0.1983872801065445	0.19374185800552368	0.05664776265621185	0.031012466177344322	0.03227599710226059	0.036274537444114685
280	embarrassment	../syntropy_project/models/model_10	../syntropy_project/models/model_10	nervousness	0.41608718037605286	0.02960251271724701	0.006863159593194723	0.04454957693815231	0.05999793857336044	0.01104640681296587	0.41608718037605286	0.0745764970779419	0.04448636248707771	0.13935422897338867	0.04408358410000801	0.056779853999614716	0.07257269322872162
281	joy	../syntropy_project/models/model_10	../syntropy_project/models/model_10	pride	0.32995304465293884	0.32995304465293884	0.11460967361927032	0.24954575300216675	0.1903296262025833	0.015445894561707973	0.08118090033531189	0.0025979378260672092	0.0047930218279361725	0.006207640282809734	0.0016662676353007555	0.0018682342488318682	0.0018020927673205733
282	excitement	../syntropy_project/models/model_10	../syntropy_project/models/model_10	fear	0.46062561869621277	0.016020268201828003	0.006265232339501381	0.02556934580206871	0.1454002410173416	0.02105393260717392	0.13354668021202087	0.026800207793712616	0.050497278571128845	0.06127820909023285	0.033146634697914124	0.46062561869621277	0.01979636959731579
283	excitement	../syntropy_project/models/model_10	../syntropy_project/models/model_10	excitement	0.3467116355895996	0.1017092615365982	0.3467116355895996	0.24519048631191254	0.0824279859662056	0.21508733928203583	0.0018836269155144691	0.0018644359661266208	0.00236003240570426	0.0007696914835833013	0.0009309089509770274	0.0009266435517929494	0.00013791906530968845
284	pride	../syntropy_project/models/model_10	../syntropy_project/models/model_10	pride	0.34699249267578125	0.34699249267578125	0.0629216879606247	0.21361996233463287	0.33255743980407715	0.00619440758600831	0.02779417857527733	0.001048013917170465	0.0015345488209277391	0.003702066605910659	0.0010598661610856652	0.0016356004634872079	0.0009396275854669511
285	surprise	../syntropy_project/models/model_10	../syntropy_project/models/model_10	surprise	0.8979766368865967	0.009530706331133842	0.019364384934306145	0.00888695940375328	0.02778966724872589	0.8979766368865967	0.0018252586014568806	0.008438912220299244	0.016974806785583496	0.0033598404843360186	0.0036857861559838057	0.0019590421579778194	0.00020787575340364128
286	joy	../syntropy_project/models/model_10	../syntropy_project/models/model_10	excitement	0.42055895924568176	0.07734683156013489	0.42055895924568176	0.38848134875297546	0.09427208453416824	0.015204425901174545	0.0013809733791276813	0.0004947401466779411	0.0005131670041009784	0.0006593199213966727	0.0004910478601232171	0.000433391600381583	0.00016383043839596212
287	joy	../syntropy_project/models/model_10	../syntropy_project/models/model_10	joy	0.5142711997032166	0.16006556153297424	0.10531271249055862	0.5142711997032166	0.19671419262886047	0.01248844712972641	0.003173503326252103	0.0008912341436371207	0.0011313839349895716	0.004074602387845516	0.0007188061717897654	0.0007726910407654941	0.0003856839903164655
288	anger	../syntropy_project/models/model_10	../syntropy_project/models/model_10	nervousness	0.2608949840068817	0.054486263543367386	0.03934204578399658	0.030988261103630066	0.21457494795322418	0.03523573651909828	0.2608949840068817	0.036679573357105255	0.10108931362628937	0.05393707752227783	0.050539206713438034	0.014711543917655945	0.10752109438180923
289	sadness	../syntropy_project/models/model_10	../syntropy_project/models/model_10	embarrassment	0.4636569917201996	0.023440351709723473	0.0014564336743205786	0.003130791475996375	0.00527588278055191	0.0031847830396145582	0.09021205455064774	0.4636569917201996	0.016379481181502342	0.060820821672677994	0.18692702054977417	0.03476959094405174	0.11074578762054443
290	pride	../syntropy_project/models/model_10	../syntropy_project/models/model_10	neutral	0.3148934543132782	0.22046872973442078	0.15373089909553528	0.2756499946117401	0.3148934543132782	0.01495325192809105	0.01149947289377451	0.0012792559573426843	0.0016652039485052228	0.003018361981958151	0.0011771770659834146	0.001065118471160531	0.0005990425706841052
291	neutral	../syntropy_project/models/model_10	../syntropy_project/models/model_10	neutral	0.6347211599349976	0.021713757887482643	0.08969569206237793	0.2394232153892517	0.6347211599349976	0.009747695177793503	0.0007301577134057879	0.00036415772046893835	0.0013317770790308714	0.00103117770049721	0.0004914943710900843	0.0006939138402231038	5.5736934882588685e-05
292	pride	../syntropy_project/models/model_10	../syntropy_project/models/model_10	pride	0.7641310095787048	0.7641310095787048	0.19340617954730988	0.005816904827952385	0.00641998928040266	0.004579481668770313	0.022400720044970512	0.0008165292092598975	0.00010755907715065405	0.00045395104098133743	0.000577208586037159	0.0003061313182115555	0.0009842489380389452
293	embarrassment	../syntropy_project/models/model_10	../syntropy_project/models/model_10	nervousness	0.37185558676719666	0.010003534145653248	0.0015728899743407965	0.010134809650480747	0.016062697395682335	0.011921397410333157	0.37185558676719666	0.0592874176800251	0.3425382673740387	0.061010878533124924	0.03152954578399658	0.03484690189361572	0.04923601821064949
294	joy	../syntropy_project/models/model_10	../syntropy_project/models/model_10	joy	0.45895862579345703	0.16854819655418396	0.1858285665512085	0.45895862579345703	0.16608743369579315	0.013893121853470802	0.002802255330607295	0.0005720185581594706	0.0007192653138190508	0.0013633182970806956	0.00046060970635153353	0.0005140952998772264	0.0002525165327824652
295	neutral	../syntropy_project/models/model_10	../syntropy_project/models/model_10	neutral	0.6931348443031311	0.05934217572212219	0.031620509922504425	0.12860026955604553	0.6931348443031311	0.012389950454235077	0.03620675578713417	0.0015923111932352185	0.012084795162081718	0.010977651923894882	0.0026361518539488316	0.009670749306678772	0.0017438795184716582
296	pride	../syntropy_project/models/model_10	../syntropy_project/models/model_10	pride	0.785355269908905	0.785355269908905	0.17387878894805908	0.012792328372597694	0.006647813133895397	0.0025677469093352556	0.017276043072342873	0.0004011496203020215	8.84217006387189e-05	0.0001899107446661219	0.0002039344108197838	0.0001404200156684965	0.00045826207497157156
297	pride	../syntropy_project/models/model_10	../syntropy_project/models/model_10	neutral	0.37790408730506897	0.14753583073616028	0.04708405211567879	0.3572922945022583	0.37790408730506897	0.010533818043768406	0.0024934662505984306	0.0020202025771141052	0.0015751355094835162	0.0485367551445961	0.0017719743773341179	0.0024269658606499434	0.0008254288695752621
298	excitement	../syntropy_project/models/model_10	../syntropy_project/models/model_10	pride	0.45123371481895447	0.45123371481895447	0.2303122729063034	0.06366178393363953	0.1417480707168579	0.06015404313802719	0.0349704883992672	0.00464971549808979	0.0040193963795900345	0.0032229898497462273	0.0029840790666639805	0.0017778445035219193	0.0012655447935685515
299	pride	../syntropy_project/models/model_10	../syntropy_project/models/model_10	pride	0.8168274164199829	0.8168274164199829	0.129808709025383	0.02129269577562809	0.01295356173068285	0.004827518947422504	0.011963719502091408	0.0007528915302827954	0.0002494582731742412	0.00031910400139167905	0.0002947873726952821	0.00027981039602309465	0.0004302356974221766
300	excitement	../syntropy_project/models/model_10	../syntropy_project/models/model_10	joy	0.41289907693862915	0.2437141239643097	0.2090567946434021	0.41289907693862915	0.1042720153927803	0.016232691705226898	0.0063599152490496635	0.0011465519201010466	0.001987389288842678	0.0020752903074026108	0.0008414248586632311	0.0007396665751002729	0.0006750214961357415
301	pride	../syntropy_project/models/model_10	../syntropy_project/models/model_10	joy	0.458636999130249	0.22306087613105774	0.11809450387954712	0.458636999130249	0.1789279580116272	0.010497499257326126	0.005487828515470028	0.000645203108433634	0.0007348342332988977	0.0027445685118436813	0.0005251453258097172	0.0004073219024576247	0.0002372578310314566
302	pride	../syntropy_project/models/model_10	../syntropy_project/models/model_10	pride	0.681505560874939	0.681505560874939	0.13164786994457245	0.10698399692773819	0.04816799238324165	0.013110666535794735	0.013179062865674496	0.0014108676696196198	0.000531840487383306	0.0012227252591401339	0.0006974000716581941	0.0007160212262533605	0.0008260300965048373
303	joy	../syntropy_project/models/model_10	../syntropy_project/models/model_10	joy	0.4198889434337616	0.1803663671016693	0.1739422082901001	0.4198889434337616	0.19554483890533447	0.017202218994498253	0.005249913781881332	0.0011026057181879878	0.0015996732981875539	0.0033885114826261997	0.000747044978197664	0.000604614382609725	0.000363110622856766
304	joy	../syntropy_project/models/model_10	../syntropy_project/models/model_10	joy	0.6492841243743896	0.05430984869599342	0.10922722518444061	0.6492841243743896	0.1609165221452713	0.01958022452890873	0.0008343483204953372	0.0013571435119956732	0.001339899143204093	0.0018582080956548452	0.000856069556903094	0.00035900724469684064	7.739599095657468e-05
305	pride	../syntropy_project/models/model_10	../syntropy_project/models/model_10	joy	0.5764352083206177	0.15866632759571075	0.08716736733913422	0.5764352083206177	0.15227077901363373	0.011467544361948967	0.004852696321904659	0.0013189485762268305	0.0016243570717051625	0.0027998615987598896	0.001243134494870901	0.0011898679658770561	0.0009639005875214934
306	neutral	../syntropy_project/models/model_10	../syntropy_project/models/model_10	joy	0.3359896242618561	0.3136492371559143	0.0913098156452179	0.3359896242618561	0.22740040719509125	0.009768522344529629	0.010059700347483158	0.000720589014235884	0.0007974831387400627	0.006215065252035856	0.0010764580219984055	0.0013710951898247004	0.0016420575557276607
307	joy	../syntropy_project/models/model_10	../syntropy_project/models/model_10	excitement	0.8694007396697998	0.025350145995616913	0.8694007396697998	0.0364086739718914	0.048344697803258896	0.00884057767689228	0.007676663342863321	0.0003504812193568796	0.0006207343540154397	0.0010334597900509834	0.0007298218552023172	0.0006659409264102578	0.0005780784413218498
308	joy	../syntropy_project/models/model_10	../syntropy_project/models/model_10	excitement	0.47850972414016724	0.0859987884759903	0.47850972414016724	0.2388666421175003	0.12965494394302368	0.0592566542327404	0.0019658433739095926	0.0010558030335232615	0.0008816366898827255	0.0006206544348970056	0.0018704305402934551	0.0010685832239687443	0.00025028493837453425
309	sadness	../syntropy_project/models/model_10	../syntropy_project/models/model_10	nervousness	0.48164352774620056	0.014254620298743248	0.009344405494630337	0.03432073816657066	0.06618800759315491	0.00704240333288908	0.48164352774620056	0.01718907430768013	0.02551191672682762	0.20961453020572662	0.013992929831147194	0.09633318334817886	0.0245645921677351
310	fear	../syntropy_project/models/model_10	../syntropy_project/models/model_10	nervousness	0.2733268737792969	0.022128449752926826	0.016042543575167656	0.029072392731904984	0.06837814301252365	0.04495370760560036	0.2733268737792969	0.06721556186676025	0.05402176082134247	0.12015040963888168	0.14109869301319122	0.10564884543418884	0.05796255171298981
311	pride	../syntropy_project/models/model_10	../syntropy_project/models/model_10	pride	0.42254698276519775	0.42254698276519775	0.31852397322654724	0.1001298800110817	0.07263392210006714	0.04689705744385719	0.02578536421060562	0.003236431395635009	0.0017285404028370976	0.0021725690457969904	0.0021252946462482214	0.0021300590597093105	0.0020899130031466484
312	joy	../syntropy_project/models/model_10	../syntropy_project/models/model_10	pride	0.4000105857849121	0.4000105857849121	0.18308527767658234	0.247026264667511	0.12639261782169342	0.016103902831673622	0.01768156886100769	0.002376687480136752	0.002144105266779661	0.0018777977675199509	0.0015749087324365973	0.0006078412407077849	0.001118469052016735
313	joy	../syntropy_project/models/model_10	../syntropy_project/models/model_10	neutral	0.42409396171569824	0.07347605377435684	0.11767050623893738	0.34817472100257874	0.42409396171569824	0.02867378108203411	0.0019399253651499748	0.0008610255317762494	0.0015459650894626975	0.0021976616699248552	0.000717503484338522	0.0005301327328197658	0.00011875903146574274
314	surprise	../syntropy_project/models/model_10	../syntropy_project/models/model_10	neutral	0.32582053542137146	0.09296075254678726	0.042208246886730194	0.17613938450813293	0.32582053542137146	0.03295309469103813	0.16689075529575348	0.011720689944922924	0.02066683955490589	0.09219497442245483	0.01241565402597189	0.017055902630090714	0.008973191492259502
315	neutral	../syntropy_project/models/model_10	../syntropy_project/models/model_10	neutral	0.6304352283477783	0.033501945436000824	0.04815768077969551	0.0800628662109375	0.6304352283477783	0.04720679670572281	0.0325729064643383	0.013013999909162521	0.034739237278699875	0.025919109582901	0.026963023468852043	0.02342766709625721	0.0039995345287024975
316	joy	../syntropy_project/models/model_10	../syntropy_project/models/model_10	neutral	0.6358402371406555	0.057230766862630844	0.05360342934727669	0.20511649549007416	0.6358402371406555	0.018607812002301216	0.010849710553884506	0.0013994916807860136	0.004249734338372946	0.008539780043065548	0.0020119957625865936	0.0020198144484311342	0.0005307969404384494
317	neutral	../syntropy_project/models/model_10	../syntropy_project/models/model_10	neutral	0.6451038718223572	0.05456693843007088	0.06758467108011246	0.19741809368133545	0.6451038718223572	0.017461568117141724	0.004938697442412376	0.0010517791379243135	0.0030472951475530863	0.005106024444103241	0.0017998324474319816	0.0015495873522013426	0.00037162157241255045
318	neutral	../syntropy_project/models/model_10	../syntropy_project/models/model_10	neutral	0.4393557012081146	0.07313163578510284	0.1225978210568428	0.2850092649459839	0.4393557012081146	0.04729538783431053	0.012711736373603344	0.0016997443744912744	0.004840443376451731	0.004386113490909338	0.004036763682961464	0.00395754911005497	0.0009777935920283198
319	neutral	../syntropy_project/models/model_10	../syntropy_project/models/model_10	neutral	0.6327547430992126	0.06095772236585617	0.050122637301683426	0.20519547164440155	0.6327547430992126	0.02604682743549347	0.009427035227417946	0.001257090363651514	0.0028418288566172123	0.007257206365466118	0.001764250686392188	0.0019498523324728012	0.00042536610271781683
320	pride	../syntropy_project/models/model_10	../syntropy_project/models/model_10	pride	0.3995837867259979	0.3995837867259979	0.23951345682144165	0.1570798009634018	0.07005097717046738	0.06442323327064514	0.03502343222498894	0.00834901537746191	0.00329889846034348	0.00613279128447175	0.004048825707286596	0.0033893242944031954	0.009106479585170746
321	excitement	../syntropy_project/models/model_10	../syntropy_project/models/model_10	neutral	0.3033018410205841	0.1884654313325882	0.17141923308372498	0.29267415404319763	0.3033018410205841	0.026689136400818825	0.008515199646353722	0.000992285436950624	0.0016406802460551262	0.0032004406675696373	0.0009212822187691927	0.0014308847021311522	0.0007494465680792928
322	neutral	../syntropy_project/models/model_10	../syntropy_project/models/model_10	joy	0.396508127450943	0.09884986281394958	0.09486554563045502	0.396508127450943	0.34464502334594727	0.046709999442100525	0.002796788699924946	0.0026148066390305758	0.0042457845993340015	0.004460477735847235	0.002293233061209321	0.001626751385629177	0.0003835433453787118
323	excitement	../syntropy_project/models/model_10	../syntropy_project/models/model_10	joy	0.3854016959667206	0.24405543506145477	0.18884019553661346	0.3854016959667206	0.1584576815366745	0.012931701727211475	0.0053559839725494385	0.0009697171626612544	0.0008792885346338153	0.0016107051633298397	0.000696457689628005	0.0004916375619359314	0.0003095922293141484
324	excitement	../syntropy_project/models/model_10	../syntropy_project/models/model_10	joy	0.40707921981811523	0.16562600433826447	0.28248903155326843	0.40707921981811523	0.13290062546730042	0.00669135432690382	0.0028460328467190266	0.0003241554368287325	0.0003169276169501245	0.001028386177495122	0.0003565434308256954	0.0002102669677697122	0.0001314628025284037
325	neutral	../syntropy_project/models/model_10	../syntropy_project/models/model_10	neutral	0.45068320631980896	0.15829534828662872	0.07405060529708862	0.22456473112106323	0.45068320631980896	0.01100818533450365	0.048631854355335236	0.004055869299918413	0.00550929456949234	0.008436864241957664	0.00549155380576849	0.004922409076243639	0.004350080154836178
326	pride	../syntropy_project/models/model_10	../syntropy_project/models/model_10	joy	0.32202818989753723	0.22117380797863007	0.25071167945861816	0.32202818989753723	0.15428411960601807	0.03602578118443489	0.007004599552601576	0.0022519018966704607	0.0019424718338996172	0.001615701476112008	0.00146244908683002	0.0009916247799992561	0.0005077965906821191
327	surprise	../syntropy_project/models/model_10	../syntropy_project/models/model_10	joy	0.3246328830718994	0.13254384696483612	0.3022284507751465	0.3246328830718994	0.20804086327552795	0.02208615280687809	0.0044534048065543175	0.001160529674962163	0.0013610046589747071	0.0013056887546554208	0.0010881290072575212	0.0006047069909982383	0.0004944123211316764
328	joy	../syntropy_project/models/model_10	../syntropy_project/models/model_10	joy	0.41915854811668396	0.1926659494638443	0.2490151822566986	0.41915854811668396	0.11160655319690704	0.018558571115136147	0.003584797028452158	0.0008391402079723775	0.0010983343236148357	0.0013271474745124578	0.0009976928122341633	0.000673272181302309	0.0004748307401314378
329	excitement	../syntropy_project/models/model_10	../syntropy_project/models/model_10	excitement	0.35708922147750854	0.132171630859375	0.35708922147750854	0.22248485684394836	0.2707536518573761	0.009336620569229126	0.005177902057766914	0.00036877705133520067	0.0006346509326249361	0.0008318520267494023	0.0005109080811962485	0.00040641179657541215	0.0002335169119760394
330	excitement	../syntropy_project/models/model_10	../syntropy_project/models/model_10	joy	0.3372984230518341	0.20919635891914368	0.16505296528339386	0.3372984230518341	0.27709507942199707	0.0052114385180175304	0.0035662695299834013	0.00031342508736997843	0.0005123557639308274	0.0009536621510051191	0.0002961204154416919	0.00030542706372216344	0.00019842133042402565
331	sadness	../syntropy_project/models/model_10	../syntropy_project/models/model_10	sadness	0.32662439346313477	0.018141020089387894	0.02530510351061821	0.06290125846862793	0.061132531613111496	0.050306178629398346	0.19507348537445068	0.044767946004867554	0.04541982337832451	0.32662439346313477	0.09331541508436203	0.04593391343951225	0.031079038977622986
332	neutral	../syntropy_project/models/model_10	../syntropy_project/models/model_10	neutral	0.3973000645637512	0.1804039031267166	0.09820012003183365	0.29578062891960144	0.3973000645637512	0.009412343613803387	0.011163650080561638	0.000845763657707721	0.0016142474487423897	0.002824155380949378	0.0008958373800851405	0.0011259960010647774	0.00043334695510566235
333	surprise	../syntropy_project/models/model_10	../syntropy_project/models/model_10	excitement	0.42635124921798706	0.14841969311237335	0.42635124921798706	0.12200822681188583	0.2504150867462158	0.02899976633489132	0.013042992912232876	0.0016213190974667668	0.0019052207935601473	0.003326121252030134	0.0015843051951378584	0.001408852869644761	0.0009172105346806347
334	joy	../syntropy_project/models/model_10	../syntropy_project/models/model_10	neutral	0.3670295178890228	0.12983831763267517	0.19831207394599915	0.27452942728996277	0.3670295178890228	0.012234985828399658	0.01237905491143465	0.0005387281416915357	0.0011827608104795218	0.00197202293202281	0.0006597624160349369	0.0008797372574917972	0.00044360343599691987
335	neutral	../syntropy_project/models/model_10	../syntropy_project/models/model_10	excitement	0.4998420178890228	0.040234580636024475	0.4998420178890228	0.05314280837774277	0.08087524771690369	0.3026604652404785	0.011396444402635098	0.0017227319767698646	0.004606231115758419	0.0013097332557663321	0.0017115407390519977	0.0016050615813583136	0.000893143005669117
336	joy	../syntropy_project/models/model_10	../syntropy_project/models/model_10	joy	0.42817336320877075	0.055618081241846085	0.20494258403778076	0.42817336320877075	0.29330503940582275	0.013593372888863087	0.0007557182689197361	0.0007219963590614498	0.0007203264976851642	0.0009925205959007144	0.000616230710875243	0.0004292623489163816	0.00013142795069143176
337	nervousness	../syntropy_project/models/model_10	../syntropy_project/models/model_10	sadness	0.41802868247032166	0.025262411683797836	0.019868215546011925	0.049690455198287964	0.030890891328454018	0.011551638133823872	0.27596503496170044	0.025548413395881653	0.010436981916427612	0.41802868247032166	0.05765216052532196	0.019692866131663322	0.05541222542524338
338	pride	../syntropy_project/models/model_10	../syntropy_project/models/model_10	pride	0.7992977499961853	0.7992977499961853	0.11317433416843414	0.01896285079419613	0.014828291721642017	0.009039206430315971	0.039641205221414566	0.0017070049652829766	0.0003951136604882777	0.000824703776743263	0.0005587555351667106	0.0006187426624819636	0.0009519729064777493
339	excitement	../syntropy_project/models/model_10	../syntropy_project/models/model_10	excitement	0.7734569907188416	0.06173469126224518	0.7734569907188416	0.06477220356464386	0.06405343860387802	0.01529716793447733	0.014899862930178642	0.0008135456591844559	0.0013382970355451107	0.0013815602287650108	0.0006775141810066998	0.0007049458799883723	0.0008697219309397042
340	pride	../syntropy_project/models/model_10	../syntropy_project/models/model_10	neutral	0.4342488944530487	0.1934330314397812	0.10306552052497864	0.1719215214252472	0.4342488944530487	0.026641329750418663	0.04892206937074661	0.0017356467433273792	0.0034708003513514996	0.007638382259756327	0.0024791136384010315	0.004072374664247036	0.0023712755646556616
341	excitement	../syntropy_project/models/model_10	../syntropy_project/models/model_10	excitement	0.4459854066371918	0.1277957409620285	0.4459854066371918	0.2200527787208557	0.15880154073238373	0.03844263777136803	0.00277829822152853	0.001129418727941811	0.0011126601602882147	0.0008746326784603298	0.0012715894263237715	0.001231609028764069	0.0005236457800492644
342	excitement	../syntropy_project/models/model_10	../syntropy_project/models/model_10	excitement	0.48926421999931335	0.16365523636341095	0.48926421999931335	0.2418595552444458	0.07810506969690323	0.02158127725124359	0.0024026138707995415	0.000514787738211453	0.0007135794148780406	0.0006998953758738935	0.0004928095149807632	0.0004239907138980925	0.000286945141851902
343	neutral	../syntropy_project/models/model_10	../syntropy_project/models/model_10	neutral	0.39426496624946594	0.18398845195770264	0.03966314718127251	0.13792148232460022	0.39426496624946594	0.04738398641347885	0.0798381119966507	0.02534879744052887	0.026712404564023018	0.02564605325460434	0.007809375412762165	0.02232201397418976	0.009101244620978832
344	neutral	../syntropy_project/models/model_10	../syntropy_project/models/model_10	joy	0.37635233998298645	0.11028362810611725	0.24810129404067993	0.37635233998298645	0.23002919554710388	0.012311975471675396	0.010739114135503769	0.0020032229367643595	0.0019071258138865232	0.004284118767827749	0.0017938939854502678	0.0009088290389627218	0.0012852222425863147
345	pride	../syntropy_project/models/model_10	../syntropy_project/models/model_10	joy	0.379821240901947	0.21131150424480438	0.19496583938598633	0.379821240901947	0.17938406765460968	0.02606372907757759	0.0036541640292853117	0.0007955563487485051	0.0009317055810242891	0.0015141849871724844	0.000645037682261318	0.0006406957400031388	0.0002722650533542037
346	pride	../syntropy_project/models/model_10	../syntropy_project/models/model_10	pride	0.455413818359375	0.455413818359375	0.05136433616280556	0.16204658150672913	0.13311223685741425	0.023382876068353653	0.10858350247144699	0.01387115754187107	0.012649505399167538	0.013948176987469196	0.010719770565629005	0.006593372207134962	0.008314741775393486
347	disgust	../syntropy_project/models/model_10	../syntropy_project/models/model_10	disgust	0.21842361986637115	0.03761481121182442	0.03606273606419563	0.053703296929597855	0.12273691594600677	0.04633571580052376	0.09951871633529663	0.09247881919145584	0.034610211849212646	0.13921016454696655	0.21842361986637115	0.02528158575296402	0.09402330964803696
348	embarrassment	../syntropy_project/models/model_10	../syntropy_project/models/model_10	nervousness	0.8158711791038513	0.007682687137275934	0.005745606031268835	0.008019248023629189	0.018712926656007767	0.004544953349977732	0.8158711791038513	0.009257563389837742	0.00888470932841301	0.030390530824661255	0.009792890399694443	0.05842075124382973	0.02267696149647236
349	joy	../syntropy_project/models/model_10	../syntropy_project/models/model_10	pride	0.31961023807525635	0.31961023807525635	0.18402233719825745	0.28567126393318176	0.15507301688194275	0.027709368616342545	0.016479799523949623	0.0022358610294759274	0.001792742172256112	0.0027956340927630663	0.00211486779153347	0.0013101599179208279	0.0011847488349303603
350	joy	../syntropy_project/models/model_10	../syntropy_project/models/model_10	neutral	0.43057355284690857	0.09615151584148407	0.06831605732440948	0.3171778917312622	0.43057355284690857	0.02316252328455448	0.03024715930223465	0.0030391558539122343	0.005963068921118975	0.017115626484155655	0.004221206996589899	0.00225093774497509	0.0017813695594668388
351	neutral	../syntropy_project/models/model_10	../syntropy_project/models/model_10	neutral	0.4168500304222107	0.13183388113975525	0.18135875463485718	0.24367162585258484	0.4168500304222107	0.016093194484710693	0.00467252591624856	0.0005927513120695949	0.0012206577230244875	0.0016951988218352199	0.0011634675320237875	0.0006612290744669735	0.00018664292292669415
352	disgust	../syntropy_project/models/model_10	../syntropy_project/models/model_10	anger	0.36449500918388367	0.008365562185645103	0.0036093208473175764	0.007381184492260218	0.014748628251254559	0.004753198474645615	0.08334459364414215	0.1124458909034729	0.023482302203774452	0.04348383843898773	0.2842881977558136	0.04960230737924576	0.36449500918388367
353	neutral	../syntropy_project/models/model_10	../syntropy_project/models/model_10	pride	0.3098401725292206	0.3098401725292206	0.12447331100702286	0.26561832427978516	0.2523491680622101	0.0061167022213339806	0.03137936815619469	0.0012651367578655481	0.0016629782039672136	0.00345055409707129	0.0013651663903146982	0.0011949306353926659	0.001284167286939919
354	neutral	../syntropy_project/models/model_10	../syntropy_project/models/model_10	neutral	0.4011363387107849	0.07476495951414108	0.2466651201248169	0.211347296833992	0.4011363387107849	0.0517079196870327	0.0055942232720553875	0.0009905670303851366	0.001824448467232287	0.0022854136768728495	0.0014708827948197722	0.001599290408194065	0.000613542681094259
355	neutral	../syntropy_project/models/model_10	../syntropy_project/models/model_10	neutral	0.5124181509017944	0.11039677262306213	0.03671969845890999	0.15517863631248474	0.5124181509017944	0.015530234202742577	0.08668985962867737	0.011655498296022415	0.009935932233929634	0.03206668794155121	0.018051503226161003	0.007455151528120041	0.0039017933886498213
356	pride	../syntropy_project/models/model_10	../syntropy_project/models/model_10	pride	0.3105446398258209	0.3105446398258209	0.3062651455402374	0.1339791864156723	0.17467202246189117	0.03283652663230896	0.029290450736880302	0.002676913281902671	0.0016685797600075603	0.002590908668935299	0.0022529682610183954	0.0014321435010060668	0.0017905242275446653
357	excitement	../syntropy_project/models/model_10	../syntropy_project/models/model_10	pride	0.5983286499977112	0.5983286499977112	0.28774935007095337	0.04460427165031433	0.02968871407210827	0.010396946221590042	0.024645857512950897	0.0011805492686107755	0.0006573130958713591	0.0006493974942713976	0.0005583363235928118	0.0006059120059944689	0.0009347457671537995
358	nervousness	../syntropy_project/models/model_10	../syntropy_project/models/model_10	joy	0.5201916694641113	0.1987753063440323	0.1403805911540985	0.5201916694641113	0.12210199236869812	0.008052769117057323	0.0054831127636134624	0.0006483105244114995	0.0009006468462757766	0.001983646536245942	0.00046695792116224766	0.0004135090857744217	0.0006014811806380749
359	pride	../syntropy_project/models/model_10	../syntropy_project/models/model_10	neutral	0.30138182640075684	0.23479288816452026	0.11085882782936096	0.19851182401180267	0.30138182640075684	0.03933214768767357	0.06954269111156464	0.011027408763766289	0.008390998467803001	0.009105528704822063	0.006600953172892332	0.005338319577276707	0.0051164752803742886
360	joy	../syntropy_project/models/model_10	../syntropy_project/models/model_10	joy	0.4623490571975708	0.18236877024173737	0.17900781333446503	0.4623490571975708	0.15324091911315918	0.014074059203267097	0.004555904306471348	0.000577386119402945	0.0006882258458063006	0.0017632978269830346	0.0005440458189696074	0.0005505105364136398	0.0002799726789817214
361	neutral	../syntropy_project/models/model_10	../syntropy_project/models/model_10	joy	0.4403854310512543	0.09311367571353912	0.11056467145681381	0.4403854310512543	0.33870038390159607	0.010145301930606365	0.0020188007038086653	0.000500781403388828	0.0009072066750377417	0.0024359002709388733	0.000523287570104003	0.0005341950454749167	0.00017041810497175902
362	confusion	../syntropy_project/models/model_10	../syntropy_project/models/model_10	nervousness	0.5939274430274963	0.03943780064582825	0.010997796431183815	0.018860360607504845	0.04380109906196594	0.011086163111031055	0.5939274430274963	0.04206599295139313	0.020839761942625046	0.07635867595672607	0.033888693898916245	0.034240856766700745	0.07449537515640259
363	joy	../syntropy_project/models/model_10	../syntropy_project/models/model_10	joy	0.40338003635406494	0.12527161836624146	0.04801370948553085	0.40338003635406494	0.3573670983314514	0.019912585616111755	0.020453860983252525	0.002670816145837307	0.003403717651963234	0.014236822724342346	0.001985391601920128	0.002502962714061141	0.000801539106760174
364	pride	../syntropy_project/models/model_10	../syntropy_project/models/model_10	pride	0.6796975135803223	0.6796975135803223	0.17969174683094025	0.043798353523015976	0.022411571815609932	0.014342689886689186	0.05283309146761894	0.0017449200386181474	0.000715885718818754	0.001432881224900484	0.0011736175511032343	0.0008258611196652055	0.0013319345889613032
365	joy	../syntropy_project/models/model_10	../syntropy_project/models/model_10	joy	0.38288044929504395	0.04860725626349449	0.35916778445243835	0.38288044929504395	0.15879276394844055	0.04210040718317032	0.0011339791817590594	0.0014032558538019657	0.0008153117960318923	0.0008902368717826903	0.002031009178608656	0.0018473502714186907	0.0003302586264908314
366	excitement	../syntropy_project/models/model_10	../syntropy_project/models/model_10	excitement	0.8336349725723267	0.04758714139461517	0.8336349725723267	0.028198227286338806	0.03631182760000229	0.037933554500341415	0.012738294899463654	0.0005722810165025294	0.0008145043975673616	0.0004674562660511583	0.0006480474839918315	0.0005034255445934832	0.0005902785342186689
367	neutral	../syntropy_project/models/model_10	../syntropy_project/models/model_10	neutral	0.5989529490470886	0.07328802347183228	0.06462263315916061	0.06080871447920799	0.5989529490470886	0.03636903688311577	0.07577993720769882	0.008341164328157902	0.012596032582223415	0.020121309906244278	0.007041621021926403	0.028848130255937576	0.013230499811470509
368	surprise	../syntropy_project/models/model_10	../syntropy_project/models/model_10	joy	0.3573029935359955	0.19787272810935974	0.2617519795894623	0.3573029935359955	0.14812642335891724	0.02618575468659401	0.0035963484551757574	0.001113586942665279	0.0011074981885030866	0.0013294504024088383	0.0007020204793661833	0.0005711605190299451	0.00033994464320130646
369	joy	../syntropy_project/models/model_10	../syntropy_project/models/model_10	joy	0.36536967754364014	0.2301294505596161	0.25753918290138245	0.36536967754364014	0.1337026208639145	0.006466375198215246	0.003980950452387333	0.0005604825564660132	0.0004849355900660157	0.0006874075625091791	0.0004302326124161482	0.0003336360678076744	0.0003150343254674226
370	excitement	../syntropy_project/models/model_10	../syntropy_project/models/model_10	excitement	0.7926596999168396	0.1227496787905693	0.7926596999168396	0.026251647621393204	0.016688814386725426	0.020828474313020706	0.017966145649552345	0.0004589747986756265	0.00042019758257083595	0.000391981826396659	0.0004210307088214904	0.00034557358594611287	0.0008177597192116082
371	surprise	../syntropy_project/models/model_10	../syntropy_project/models/model_10	surprise	0.8150204420089722	0.019627975299954414	0.038943491876125336	0.022927476093173027	0.06902148574590683	0.8150204420089722	0.006575281266123056	0.004565327428281307	0.013679711148142815	0.0031795953400433064	0.0029479428194463253	0.003210767637938261	0.00030041669378988445
372	neutral	../syntropy_project/models/model_10	../syntropy_project/models/model_10	pride	0.3076036274433136	0.3076036274433136	0.2367270439863205	0.20223750174045563	0.20276066660881042	0.027597524225711823	0.015674512833356857	0.00190277851652354	0.0014181006699800491	0.0016198770608752966	0.0009640601347200572	0.0008618712890893221	0.0006324019632302225
373	neutral	../syntropy_project/models/model_10	../syntropy_project/models/model_10	neutral	0.5630244016647339	0.11419268697500229	0.0782608687877655	0.22278720140457153	0.5630244016647339	0.009191317483782768	0.006364851258695126	0.00047260845894925296	0.0012838649563491344	0.0025174866896122694	0.000561559631023556	0.001072404906153679	0.00027073791716247797
374	surprise	../syntropy_project/models/model_10	../syntropy_project/models/model_10	pride	0.36010318994522095	0.36010318994522095	0.30342307686805725	0.12787559628486633	0.08397110551595688	0.09880678355693817	0.01328277587890625	0.003506609471514821	0.0016157707432284951	0.0025549642741680145	0.002202532719820738	0.0012684161774814129	0.0013891690177842975
375	neutral	../syntropy_project/models/model_10	../syntropy_project/models/model_10	pride	0.328998863697052	0.328998863697052	0.13439048826694489	0.2494678795337677	0.22890204191207886	0.03446242958307266	0.01306802500039339	0.0015580322360619903	0.0023958284873515368	0.00327713368460536	0.001255061593838036	0.0015369097236543894	0.0006872908561490476
376	confusion	../syntropy_project/models/model_10	../syntropy_project/models/model_10	nervousness	0.23449337482452393	0.06787038594484329	0.01010262779891491	0.04050322622060776	0.1299503594636917	0.0347578190267086	0.23449337482452393	0.14191390573978424	0.11797839403152466	0.05368794873356819	0.047273021191358566	0.07776664942502975	0.043702200055122375
377	neutral	../syntropy_project/models/model_10	../syntropy_project/models/model_10	neutral	0.4373403787612915	0.10708720237016678	0.15741999447345734	0.2094917744398117	0.4373403787612915	0.023450171574950218	0.02646123804152012	0.0060053495690226555	0.014427105896174908	0.00781300663948059	0.004543330520391464	0.00365175842307508	0.0023086615838110447
378	excitement	../syntropy_project/models/model_10	../syntropy_project/models/model_10	excitement	0.9340941905975342	0.016577964648604393	0.9340941905975342	0.010432413779199123	0.017756503075361252	0.008675842545926571	0.010645532980561256	0.00018237273616250604	0.00028498758911155164	0.0002548436459619552	0.00023496402718592435	0.0003582397766876966	0.0005021601682528853
379	surprise	../syntropy_project/models/model_10	../syntropy_project/models/model_10	excitement	0.31191572546958923	0.17344996333122253	0.31191572546958923	0.12181857228279114	0.16555282473564148	0.08040349930524826	0.07820552587509155	0.010038281790912151	0.01351255178451538	0.010007187724113464	0.012561381794512272	0.008435294963419437	0.014099267311394215
380	embarrassment	../syntropy_project/models/model_10	../syntropy_project/models/model_10	nervousness	0.27086198329925537	0.024337971583008766	0.004907503724098206	0.014085162431001663	0.04152025282382965	0.007404973264783621	0.27086198329925537	0.18866291642189026	0.037137892097234726	0.04110260307788849	0.19352301955223083	0.08847858756780624	0.08797715604305267
381	joy	../syntropy_project/models/model_10	../syntropy_project/models/model_10	joy	0.562218427658081	0.06450320035219193	0.07487430423498154	0.562218427658081	0.2864854037761688	0.0025324656162410975	0.00249109766446054	0.0011133851949125528	0.0014553334331139922	0.0020670329686254263	0.001056647626683116	0.00046218407806009054	0.0007405955111607909
382	nervousness	../syntropy_project/models/model_10	../syntropy_project/models/model_10	nervousness	0.5046106576919556	0.026196731254458427	0.002788033802062273	0.01333711575716734	0.019016742706298828	0.004235288128256798	0.5046106576919556	0.09109459072351456	0.04551104083657265	0.046033669263124466	0.08162645995616913	0.03179973363876343	0.13375002145767212
383	excitement	../syntropy_project/models/model_10	../syntropy_project/models/model_10	excitement	0.2718102037906647	0.2653734087944031	0.2718102037906647	0.10569843649864197	0.12579113245010376	0.16517113149166107	0.03932197019457817	0.0045043835416436195	0.010319175198674202	0.004817561712116003	0.0017677192809060216	0.0029653965029865503	0.0024594715796411037
384	surprise	../syntropy_project/models/model_10	../syntropy_project/models/model_10	neutral	0.34875744581222534	0.10911858826875687	0.054097533226013184	0.22678667306900024	0.34875744581222534	0.08471395820379257	0.05827860161662102	0.019328758120536804	0.022964170202612877	0.040495820343494415	0.011843585409224033	0.013200944289565086	0.010413944721221924
385	joy	../syntropy_project/models/model_10	../syntropy_project/models/model_10	joy	0.4357938766479492	0.1298990696668625	0.15648804605007172	0.4357938766479492	0.1956806182861328	0.05727340653538704	0.005399711430072784	0.003569719847291708	0.0037193179596215487	0.006177904084324837	0.0031832512468099594	0.0020193050149828196	0.0007957130437716842
386	excitement	../syntropy_project/models/model_10	../syntropy_project/models/model_10	neutral	0.6072615385055542	0.03974410146474838	0.05993906408548355	0.2658763527870178	0.6072615385055542	0.013794498518109322	0.005323822144418955	0.0007310262299142778	0.002133038127794862	0.0034838777501136065	0.000654457660857588	0.0008812731830403209	0.0001770508970366791
387	joy	../syntropy_project/models/model_10	../syntropy_project/models/model_10	joy	0.40471896529197693	0.10124285519123077	0.13774733245372772	0.40471896529197693	0.33950987458229065	0.00790997501462698	0.004206962417811155	0.0005466185975819826	0.0008691854891367257	0.0017802291549742222	0.0006815512315370142	0.0004628092865459621	0.0003236170450691134
388	joy	../syntropy_project/models/model_10	../syntropy_project/models/model_10	joy	0.4689262807369232	0.0964970737695694	0.23050382733345032	0.4689262807369232	0.17106954753398895	0.02399194985628128	0.002464363584294915	0.0012699043145403266	0.0016020351322367787	0.0015823956346139312	0.0010240183910354972	0.000684924132656306	0.00038371310802176595
389	pride	../syntropy_project/models/model_10	../syntropy_project/models/model_10	excitement	0.3055357038974762	0.26985716819763184	0.3055357038974762	0.13569986820220947	0.2134077250957489	0.04904135316610336	0.017554135993123055	0.001942658913321793	0.0018643265357241035	0.002027225913479924	0.001589259598404169	0.001026508747600019	0.00045411038445308805
390	joy	../syntropy_project/models/model_10	../syntropy_project/models/model_10	pride	0.5261223912239075	0.5261223912239075	0.23065772652626038	0.14928816258907318	0.05997805669903755	0.005782085470855236	0.023931363597512245	0.0007544822292402387	0.0006550780381076038	0.0010356169659644365	0.00041290948865935206	0.0004904553643427789	0.0008916234946809709
391	joy	../syntropy_project/models/model_10	../syntropy_project/models/model_10	joy	0.4014601409435272	0.3702946603298187	0.08870019763708115	0.4014601409435272	0.12475761771202087	0.007054890040308237	0.003320554504171014	0.0011834936449304223	0.0006005483446642756	0.0013281313003972173	0.0006500756717287004	0.0004688534827437252	0.00018092260870616883
392	neutral	../syntropy_project/models/model_10	../syntropy_project/models/model_10	joy	0.4127832055091858	0.098778136074543	0.0965447872877121	0.4127832055091858	0.3737048804759979	0.007384683936834335	0.0046007935889065266	0.0003901164454873651	0.000841004541143775	0.003366319229826331	0.00046352841309271753	0.0008236301364377141	0.00031891599064692855
393	pride	../syntropy_project/models/model_10	../syntropy_project/models/model_10	joy	0.4544357657432556	0.23594075441360474	0.16969060897827148	0.4544357657432556	0.13109667599201202	0.005070917308330536	0.0018036316614598036	0.0003045870107598603	0.00026537556550465524	0.0008309612167067826	0.00026656847330741584	0.000178467933437787	0.00011572334915399551
394	excitement	../syntropy_project/models/model_10	../syntropy_project/models/model_10	neutral	0.3209185302257538	0.25617799162864685	0.11392053961753845	0.1754128485918045	0.3209185302257538	0.021575983613729477	0.07588013261556625	0.004334323573857546	0.005521249957382679	0.007808801718056202	0.006454865448176861	0.0037552607245743275	0.00823943316936493
395	surprise	../syntropy_project/models/model_10	../syntropy_project/models/model_10	surprise	0.7144606113433838	0.025409609079360962	0.19163289666175842	0.025968430563807487	0.027322743088006973	0.7144606113433838	0.004256852436810732	0.0021230631973594427	0.0030035581439733505	0.0011137935798615217	0.002361322520300746	0.0018399294931441545	0.0005073018837720156
396	excitement	../syntropy_project/models/model_10	../syntropy_project/models/model_10	joy	0.3844052851200104	0.1414595991373062	0.3114030063152313	0.3844052851200104	0.15183310210704803	0.005477214697748423	0.0027121768798679113	0.0003192370058968663	0.0005633363616652787	0.0010939192725345492	0.00026681291637942195	0.0002720592310652137	0.0001942608942044899
397	excitement	../syntropy_project/models/model_10	../syntropy_project/models/model_10	excitement	0.387520968914032	0.1444147229194641	0.387520968914032	0.2707236409187317	0.16161321103572845	0.025661643594503403	0.005035340785980225	0.0006891706143505871	0.0008832672610878944	0.0018178998725488782	0.0006022724555805326	0.0005840169615112245	0.0004538811626844108
398	joy	../syntropy_project/models/model_10	../syntropy_project/models/model_10	joy	0.6198022961616516	0.09689735621213913	0.16780026257038116	0.6198022961616516	0.09710544347763062	0.007291404064744711	0.00358137977309525	0.0010822945041581988	0.0009235473698936403	0.003573812311515212	0.0007449022377841175	0.000492926046717912	0.0007044321391731501
399	pride	../syntropy_project/models/model_10	../syntropy_project/models/model_10	joy	0.499745637178421	0.12563233077526093	0.09826452285051346	0.499745637178421	0.2367706149816513	0.018271273002028465	0.00777649600058794	0.002253663493320346	0.002559019485488534	0.004793972242623568	0.0020033768378198147	0.0011633941903710365	0.0007657571695744991
400	excitement	../syntropy_project/models/model_10	../syntropy_project/models/model_10	excitement	0.31328877806663513	0.27248072624206543	0.31328877806663513	0.2535097301006317	0.13032476603984833	0.014743720181286335	0.007591265719383955	0.0012859965208917856	0.0011671815300360322	0.0026953318156301975	0.0008861531969159842	0.0010777825955301523	0.0009485399932600558
401	surprise	../syntropy_project/models/model_10	../syntropy_project/models/model_10	surprise	0.6999361515045166	0.0586080327630043	0.11358197033405304	0.025052107870578766	0.05876639857888222	0.6999361515045166	0.013010759837925434	0.005787759553641081	0.01531309261918068	0.0022058181930333376	0.002980242483317852	0.00396764324977994	0.0007899651536718011
402	neutral	../syntropy_project/models/model_10	../syntropy_project/models/model_10	neutral	0.41389110684394836	0.06597168743610382	0.15583211183547974	0.3431526720523834	0.41389110684394836	0.01538690086454153	0.0011563150910660625	0.000675966904964298	0.0015695723704993725	0.0009669126011431217	0.0006396053940989077	0.0006133615970611572	0.0001437144965166226
403	disgust	../syntropy_project/models/model_10	../syntropy_project/models/model_10	disgust	0.2680450975894928	0.041220881044864655	0.007141223642975092	0.028289010748267174	0.06723418086767197	0.008987216278910637	0.1501035988330841	0.13038279116153717	0.0666753426194191	0.04937072843313217	0.2680450975894928	0.027776585891842842	0.15477323532104492
404	joy	../syntropy_project/models/model_10	../syntropy_project/models/model_10	neutral	0.36412280797958374	0.18691301345825195	0.07074040174484253	0.25347259640693665	0.36412280797958374	0.045556601136922836	0.03776053711771965	0.005424175411462784	0.01300332322716713	0.009587474167346954	0.005179082974791527	0.004366147797554731	0.0038737670984119177
405	sadness	../syntropy_project/models/model_10	../syntropy_project/models/model_10	pride	0.2844361364841461	0.2844361364841461	0.04416436329483986	0.22919631004333496	0.2185763418674469	0.048953838646411896	0.039464596658945084	0.017509862780570984	0.015064353123307228	0.07359816879034042	0.00898264441639185	0.010583046823740005	0.009470310062170029
406	pride	../syntropy_project/models/model_10	../syntropy_project/models/model_10	joy	0.5357792377471924	0.14256389439105988	0.0636800229549408	0.5357792377471924	0.22773860394954681	0.015575636178255081	0.005466316360980272	0.0013043794315308332	0.0018749793525785208	0.0039996737614274025	0.0008924707653932273	0.0008260592585429549	0.00029869377613067627
407	joy	../syntropy_project/models/model_10	../syntropy_project/models/model_10	sadness	0.2476857453584671	0.035542093217372894	0.025143234059214592	0.10487347841262817	0.20434841513633728	0.0927794948220253	0.07849258184432983	0.05051448941230774	0.04655179753899574	0.2476857453584671	0.05644582211971283	0.030164455994963646	0.02745835855603218
408	surprise	../syntropy_project/models/model_10	../syntropy_project/models/model_10	joy	0.29238998889923096	0.15783542394638062	0.2868269085884094	0.29238998889923096	0.1828443557024002	0.06070724502205849	0.004894664045423269	0.002865390619263053	0.0030482106376439333	0.002077230717986822	0.0034486541990190744	0.0024589088279753923	0.0006029126234352589
409	excitement	../syntropy_project/models/model_10	../syntropy_project/models/model_10	joy	0.38525983691215515	0.26874029636383057	0.0847192257642746	0.38525983691215515	0.1887424886226654	0.033893585205078125	0.01825842820107937	0.0038107596337795258	0.0073249805718660355	0.00416327640414238	0.002074421616271138	0.0015629492700099945	0.0014497977681457996
410	fear	../syntropy_project/models/model_10	../syntropy_project/models/model_10	fear	0.6459044814109802	0.009162431582808495	0.0033455672673881054	0.014744536951184273	0.06143138185143471	0.012941479682922363	0.0955856516957283	0.013944917358458042	0.04344935715198517	0.0634918138384819	0.026995042338967323	0.6459044814109802	0.00900333933532238
411	joy	../syntropy_project/models/model_10	../syntropy_project/models/model_10	joy	0.5029619932174683	0.08067786693572998	0.17255842685699463	0.5029619932174683	0.2291925996541977	0.009768614545464516	0.0014415744226425886	0.0004934316384606063	0.0004222771094646305	0.0013463188661262393	0.0005964257870800793	0.0004236541863065213	0.00011678869486786425
412	pride	../syntropy_project/models/model_10	../syntropy_project/models/model_10	pride	0.7475005388259888	0.7475005388259888	0.2278316617012024	0.010696420446038246	0.00289296661503613	0.0023795044980943203	0.007030495908111334	0.0006114617572166026	0.00015009615162853152	0.00026294778217561543	0.00019299764244351536	0.0001056467299349606	0.00034528831019997597
413	disgust	../syntropy_project/models/model_10	../syntropy_project/models/model_10	anger	0.5584431886672974	0.00521696824580431	0.005422724410891533	0.009136085398495197	0.02097138576209545	0.004625551402568817	0.05846810340881348	0.02074422687292099	0.01401737704873085	0.14907631278038025	0.1402672976255417	0.013610761612653732	0.5584431886672974
414	excitement	../syntropy_project/models/model_10	../syntropy_project/models/model_10	excitement	0.8126567602157593	0.05554236099123955	0.8126567602157593	0.044642090797424316	0.05882379785180092	0.007940108887851238	0.017417950555682182	0.0002703679201658815	0.0006614242447540164	0.0005702209309674799	0.00030004646396264434	0.0004521254450082779	0.0007227772730402648
415	joy	../syntropy_project/models/model_10	../syntropy_project/models/model_10	pride	0.5142081379890442	0.5142081379890442	0.1889398992061615	0.12987269461154938	0.09598161280155182	0.024072371423244476	0.024527668952941895	0.0053893630392849445	0.006369113456457853	0.0024192489217966795	0.0028664376586675644	0.002630754839628935	0.002722742734476924
416	fear	../syntropy_project/models/model_10	../syntropy_project/models/model_10	nervousness	0.3469948470592499	0.0363638736307621	0.013607692904770374	0.038831859827041626	0.044753655791282654	0.008099064230918884	0.3469948470592499	0.043518684804439545	0.0196206197142601	0.07228320837020874	0.08165385574102402	0.03309084102511406	0.2611818313598633
417	pride	../syntropy_project/models/model_10	../syntropy_project/models/model_10	joy	0.32547351717948914	0.32479578256607056	0.05322299525141716	0.32547351717948914	0.20646481215953827	0.014697492122650146	0.05097082257270813	0.004382016137242317	0.005378339439630508	0.007646873593330383	0.0032533134799450636	0.002485969103872776	0.0012280483497306705
418	pride	../syntropy_project/models/model_10	../syntropy_project/models/model_10	pride	0.4942849278450012	0.4942849278450012	0.06918110698461533	0.09020446985960007	0.08529408276081085	0.026670414954423904	0.1756095141172409	0.011313133873045444	0.011294769123196602	0.011863000690937042	0.007374124135822058	0.006688400637358427	0.01022204477339983
419	joy	../syntropy_project/models/model_10	../syntropy_project/models/model_10	joy	0.34527257084846497	0.20884598791599274	0.13305234909057617	0.34527257084846497	0.28249895572662354	0.011297667399048805	0.01052746083587408	0.0008342767832800746	0.0013229773612692952	0.004007911775261164	0.0008453975315205753	0.0007881883648224175	0.0007063810480758548
420	neutral	../syntropy_project/models/model_10	../syntropy_project/models/model_10	pride	0.5109490156173706	0.5109490156173706	0.20049075782299042	0.12705367803573608	0.08455092459917068	0.010217420756816864	0.05303904041647911	0.0016118708299472928	0.0014198184944689274	0.003001881530508399	0.0024228855036199093	0.001529020257294178	0.003713742597028613
421	pride	../syntropy_project/models/model_10	../syntropy_project/models/model_10	joy	0.5319144129753113	0.12382293492555618	0.08002821356058121	0.5319144129753113	0.24770916998386383	0.008327080868184566	0.002726256847381592	0.0005914920475333929	0.0010093714809045196	0.002429619897156954	0.000714954687282443	0.0005011502071283758	0.00022531498689204454
422	nervousness	../syntropy_project/models/model_10	../syntropy_project/models/model_10	nervousness	0.26497140526771545	0.14766930043697357	0.03893738240003586	0.11813525855541229	0.2297087162733078	0.038791947066783905	0.26497140526771545	0.024940501898527145	0.02487812004983425	0.03767640143632889	0.018101444467902184	0.031336963176727295	0.02485252171754837
423	joy	../syntropy_project/models/model_10	../syntropy_project/models/model_10	joy	0.3644900918006897	0.11840855330228806	0.15915149450302124	0.3644900918006897	0.33724430203437805	0.014144438318908215	0.0015281143132597208	0.0009147549862973392	0.0015786492731422186	0.0011950064217671752	0.0005961701390333474	0.0005526543827727437	0.00019583453831728548
424	neutral	../syntropy_project/models/model_10	../syntropy_project/models/model_10	joy	0.26567956805229187	0.2578287422657013	0.21129369735717773	0.26567956805229187	0.2248637080192566	0.027341464534401894	0.005317289382219315	0.001662439084611833	0.0018096256535500288	0.0014191132504492998	0.0013527482515200973	0.0009690921870060265	0.00046243934775702655
425	joy	../syntropy_project/models/model_10	../syntropy_project/models/model_10	joy	0.6535067558288574	0.07213439792394638	0.08010385930538177	0.6535067558288574	0.1824975311756134	0.006583456881344318	0.0014141766587272286	0.0005381330265663564	0.0010542762465775013	0.0014217480784282088	0.0003847965563181788	0.00026996960514225066	9.094332926906645e-05
426	neutral	../syntropy_project/models/model_10	../syntropy_project/models/model_10	neutral	0.8114987015724182	0.0322025790810585	0.02274436317384243	0.06813973933458328	0.8114987015724182	0.010169568471610546	0.0240359827876091	0.0011925273574888706	0.007643727585673332	0.011516336351633072	0.0018187244422733784	0.007816479541361332	0.0012212510919198394
427	joy	../syntropy_project/models/model_10	../syntropy_project/models/model_10	excitement	0.3035808205604553	0.09061259031295776	0.3035808205604553	0.25718528032302856	0.2737649977207184	0.0562555231153965	0.006148867309093475	0.0019967409316450357	0.0025424757041037083	0.0018502197926864028	0.0018591200932860374	0.0034527841489762068	0.0007505344692617655
428	pride	../syntropy_project/models/model_10	../syntropy_project/models/model_10	joy	0.25877645611763	0.25072619318962097	0.19034700095653534	0.25877645611763	0.1405629813671112	0.03829445317387581	0.07457616180181503	0.007430206052958965	0.003620167961344123	0.011505001224577427	0.0072321477346122265	0.005351843312382698	0.011577336117625237
429	joy	../syntropy_project/models/model_10	../syntropy_project/models/model_10	joy	0.4759269952774048	0.1147785559296608	0.1812615543603897	0.4759269952774048	0.17905496060848236	0.03823607787489891	0.002143672900274396	0.0014964165166020393	0.0012319902889430523	0.003055550856515765	0.0015981042524799705	0.000865167414303869	0.00035095884231850505
430	disgust	../syntropy_project/models/model_10	../syntropy_project/models/model_10	disgust	0.8033754229545593	0.007707936689257622	0.022083982825279236	0.015436286106705666	0.02255821041762829	0.010698827914893627	0.006238027475774288	0.03772006556391716	0.00322143011726439	0.009285960346460342	0.8033754229545593	0.0068558030761778355	0.05481809750199318
431	pride	../syntropy_project/models/model_10	../syntropy_project/models/model_10	excitement	0.29614144563674927	0.29196274280548096	0.29614144563674927	0.0860583484172821	0.09452494978904724	0.13894963264465332	0.05247952416539192	0.0087755611166358	0.01393219642341137	0.003378513501957059	0.0042822090908885	0.00404560100287199	0.005469353869557381
432	excitement	../syntropy_project/models/model_10	../syntropy_project/models/model_10	joy	0.3722189962863922	0.1272173821926117	0.1700761616230011	0.3722189962863922	0.29057738184928894	0.03142046183347702	0.003110941033810377	0.0008376834448426962	0.001309714512899518	0.0016062528593465686	0.0007279349374584854	0.0007015279261395335	0.00019563778187148273
433	joy	../syntropy_project/models/model_10	../syntropy_project/models/model_10	joy	0.4645872712135315	0.13560569286346436	0.09444358199834824	0.4645872712135315	0.2806972861289978	0.01128968596458435	0.004766721744090319	0.0007925602258183062	0.0013884829822927713	0.003880591131746769	0.0008634476107545197	0.0010321418521925807	0.0006525966455228627
434	pride	../syntropy_project/models/model_10	../syntropy_project/models/model_10	pride	0.4298882782459259	0.4298882782459259	0.15481990575790405	0.1805972456932068	0.13475222885608673	0.0277238916605711	0.038206037133932114	0.0035581602714955807	0.0017031260067597032	0.013582662679255009	0.005288589280098677	0.003492362331598997	0.006387563422322273
435	joy	../syntropy_project/models/model_10	../syntropy_project/models/model_10	pride	0.5561612248420715	0.5561612248420715	0.08175628632307053	0.09749805927276611	0.08133703470230103	0.035657525062561035	0.10083600878715515	0.017308754846453667	0.011577137745916843	0.007056942209601402	0.00456270482391119	0.003567168954759836	0.0026810751296579838
436	neutral	../syntropy_project/models/model_10	../syntropy_project/models/model_10	neutral	0.44757017493247986	0.12041234970092773	0.13651999831199646	0.25385594367980957	0.44757017493247986	0.02450667694211006	0.008544174954295158	0.00099069788120687	0.0022010658867657185	0.0027663318905979395	0.0009111395920626819	0.0014186721527948976	0.000302825152175501
437	nervousness	../syntropy_project/models/model_10	../syntropy_project/models/model_10	nervousness	0.2721198797225952	0.01285287830978632	0.009967888705432415	0.020497817546129227	0.05852067843079567	0.02466128021478653	0.2721198797225952	0.04507800191640854	0.0444917269051075	0.1300269216299057	0.08915399760007858	0.24015462398529053	0.05247429758310318
438	neutral	../syntropy_project/models/model_10	../syntropy_project/models/model_10	neutral	0.849692702293396	0.02631024457514286	0.027542216703295708	0.04335993528366089	0.849692702293396	0.009085474535822868	0.014166833832859993	0.0008302946225740016	0.0039279162883758545	0.007505326997488737	0.0020800933707505465	0.013792183250188828	0.001706809620372951
439	excitement	../syntropy_project/models/model_10	../syntropy_project/models/model_10	excitement	0.32501038908958435	0.2109673023223877	0.32501038908958435	0.21976380050182343	0.1839686930179596	0.04870318993926048	0.004174358677119017	0.001497784280218184	0.001905418816022575	0.0011898577213287354	0.0010762696620076895	0.0012356932274997234	0.0005071867490187287
440	excitement	../syntropy_project/models/model_10	../syntropy_project/models/model_10	excitement	0.4757355749607086	0.25972333550453186	0.4757355749607086	0.162796288728714	0.06230199337005615	0.031072845682501793	0.005223771091550589	0.0007117827190086246	0.00041091744787991047	0.00058648397680372	0.0006177588365972042	0.0004502051742747426	0.0003690866578835994
441	neutral	../syntropy_project/models/model_10	../syntropy_project/models/model_10	neutral	0.3406355679035187	0.16150489449501038	0.1954948604106903	0.26145902276039124	0.3406355679035187	0.03040805645287037	0.002709680702537298	0.001551774563267827	0.001252082991413772	0.0014353450387716293	0.0016860546311363578	0.0015661549987271428	0.0002965502499137074
442	pride	../syntropy_project/models/model_10	../syntropy_project/models/model_10	pride	0.6307884454727173	0.6307884454727173	0.22825069725513458	0.06909574568271637	0.0383305698633194	0.015385295264422894	0.014067094773054123	0.0010231022024527192	0.0004665893211495131	0.000594128854572773	0.0006238194182515144	0.00047640036791563034	0.0008981778519228101
443	joy	../syntropy_project/models/model_10	../syntropy_project/models/model_10	neutral	0.5259166359901428	0.022307325154542923	0.0465160496532917	0.3396647870540619	0.5259166359901428	0.03432590886950493	0.004612816032022238	0.0012949201045557857	0.0052538528107106686	0.014500640332698822	0.002328237984329462	0.0029923920519649982	0.00028639810625463724
444	pride	../syntropy_project/models/model_10	../syntropy_project/models/model_10	excitement	0.342020720243454	0.30016738176345825	0.342020720243454	0.18546122312545776	0.14050129055976868	0.011424938216805458	0.013164102099835873	0.0015843133442103863	0.0012971899705007672	0.0010014004074037075	0.001402816385962069	0.0007507145055569708	0.001223983010277152
445	nervousness	../syntropy_project/models/model_10	../syntropy_project/models/model_10	joy	0.4180595278739929	0.14878077805042267	0.12589775025844574	0.4180595278739929	0.24299512803554535	0.028980007395148277	0.019018160179257393	0.0024849972687661648	0.002036767778918147	0.005937445443123579	0.002625915687531233	0.0017524093855172396	0.001431076554581523
446	excitement	../syntropy_project/models/model_10	../syntropy_project/models/model_10	joy	0.33826878666877747	0.1283942312002182	0.17893221974372864	0.33826878666877747	0.3315615952014923	0.008312370628118515	0.009437469765543938	0.0006253063911572099	0.0012962865876033902	0.0015840671258047223	0.0005488362512551248	0.0007109110010787845	0.0003278832882642746
447	pride	../syntropy_project/models/model_10	../syntropy_project/models/model_10	joy	0.3365193009376526	0.22374843060970306	0.12278884649276733	0.3365193009376526	0.2744612991809845	0.013302037492394447	0.016094721853733063	0.0019128299318253994	0.0032101443503051996	0.003184099681675434	0.001966708805412054	0.001491498202085495	0.001320111332461238
448	excitement	../syntropy_project/models/model_10	../syntropy_project/models/model_10	pride	0.5249282121658325	0.5249282121658325	0.36306363344192505	0.044698022305965424	0.020576968789100647	0.022124219685792923	0.02078692801296711	0.0010446052765473723	0.00046370745985768735	0.0006320920074358582	0.000380941666662693	0.00043517249287106097	0.00086551858112216
449	neutral	../syntropy_project/models/model_10	../syntropy_project/models/model_10	joy	0.41366806626319885	0.08246436715126038	0.12006387114524841	0.41366806626319885	0.34604036808013916	0.015814483165740967	0.006162845529615879	0.002022939268499613	0.002920551458373666	0.004951962269842625	0.0029522795230150223	0.0020387452095746994	0.000899503065738827
450	joy	../syntropy_project/models/model_10	../syntropy_project/models/model_10	joy	0.5877602100372314	0.07060512155294418	0.21259747445583344	0.5877602100372314	0.12175886332988739	0.0037004321347922087	0.0015621684724465013	0.00023424136452376842	0.00035014396416954696	0.0008013953920453787	0.00027405028231441975	0.00023914901248645037	0.00011660272866720334
451	surprise	../syntropy_project/models/model_10	../syntropy_project/models/model_10	excitement	0.6250487565994263	0.1137053593993187	0.6250487565994263	0.08191182464361191	0.14843635261058807	0.021521560847759247	0.00508668040856719	0.0007326800259761512	0.0007856896845623851	0.0009645457030273974	0.0007912450237199664	0.000577493745367974	0.00043788013863377273
452	excitement	../syntropy_project/models/model_10	../syntropy_project/models/model_10	joy	0.49048081040382385	0.08466295897960663	0.1336030513048172	0.49048081040382385	0.2646908164024353	0.021856367588043213	0.0007257781107909977	0.0007025187369436026	0.0009957217844203115	0.0011735972948372364	0.00046992607531137764	0.0005502670537680387	8.81380692590028e-05
453	joy	../syntropy_project/models/model_10	../syntropy_project/models/model_10	joy	0.45245420932769775	0.10799968987703323	0.15029224753379822	0.45245420932769775	0.23057137429714203	0.026968371123075485	0.007608181796967983	0.0031943984795361757	0.003470263909548521	0.00985107384622097	0.00314454548060894	0.0034249902237206697	0.0010205827420577407
454	pride	../syntropy_project/models/model_10	../syntropy_project/models/model_10	excitement	0.3603367805480957	0.23787792026996613	0.3603367805480957	0.19426082074642181	0.11278295516967773	0.06512394547462463	0.009237006306648254	0.004127776250243187	0.003050183644518256	0.0016577648930251598	0.00517685804516077	0.003072654362767935	0.0032953345216810703
455	joy	../syntropy_project/models/model_10	../syntropy_project/models/model_10	pride	0.4346189796924591	0.4346189796924591	0.12911877036094666	0.3181431293487549	0.07609746605157852	0.028219513595104218	0.00769867654889822	0.0013413074193522334	0.0007507313275709748	0.0017362162470817566	0.0012019852874800563	0.0006888240459375083	0.00038433296140283346
456	neutral	../syntropy_project/models/model_10	../syntropy_project/models/model_10	neutral	0.5911376476287842	0.05805674195289612	0.05127810686826706	0.20467041432857513	0.5911376476287842	0.06304439902305603	0.009203430265188217	0.0023278838489204645	0.004212857689708471	0.009812461212277412	0.0026400552596896887	0.0032010418362915516	0.0004149723390582949
457	joy	../syntropy_project/models/model_10	../syntropy_project/models/model_10	neutral	0.3650207817554474	0.055653221905231476	0.20204222202301025	0.24427515268325806	0.3650207817554474	0.07906533032655716	0.007130012381821871	0.00964302010834217	0.0036549202632158995	0.007748032920062542	0.013846990652382374	0.00965491309762001	0.0022653210908174515
458	pride	../syntropy_project/models/model_10	../syntropy_project/models/model_10	pride	0.5453166365623474	0.5453166365623474	0.21289211511611938	0.15283001959323883	0.055778924375772476	0.01904725842177868	0.006131463684141636	0.0019779775757342577	0.0009217773913405836	0.0017794518498703837	0.0014854694018140435	0.0006446480401791632	0.001194220851175487
459	nervousness	../syntropy_project/models/model_10	../syntropy_project/models/model_10	excitement	0.7331359386444092	0.07093318551778793	0.7331359386444092	0.08315005153417587	0.07025125622749329	0.01344018243253231	0.023032281547784805	0.0010017084423452616	0.0014435005141422153	0.0008212598622776568	0.0006408885819837451	0.0009861685102805495	0.0011637022253125906
460	joy	../syntropy_project/models/model_10	../syntropy_project/models/model_10	joy	0.4271807372570038	0.061399251222610474	0.17760829627513885	0.4271807372570038	0.3017585575580597	0.024978866800665855	0.0019260545959696174	0.0006598951877094805	0.0008732666610740125	0.0023698851000517607	0.0005349944112822413	0.0005459988606162369	0.00016421539476141334
461	neutral	../syntropy_project/models/model_10	../syntropy_project/models/model_10	neutral	0.4272245764732361	0.11557292193174362	0.0673385038971901	0.3615395724773407	0.4272245764732361	0.012235638685524464	0.005998881068080664	0.0005587603081949055	0.0011202613823115826	0.005866761319339275	0.0005451091565191746	0.0015126189682632685	0.0004864242218900472
462	pride	../syntropy_project/models/model_10	../syntropy_project/models/model_10	joy	0.4158686101436615	0.10351090133190155	0.14982298016548157	0.4158686101436615	0.29250678420066833	0.03042743168771267	0.0020635416731238365	0.0007464535883627832	0.0014517790405079722	0.0023027013521641493	0.0006171178538352251	0.0005470425821840763	0.00013455994485411793
463	joy	../syntropy_project/models/model_10	../syntropy_project/models/model_10	excitement	0.30738577246665955	0.15233352780342102	0.30738577246665955	0.16630156338214874	0.14765533804893494	0.025863096117973328	0.1705092489719391	0.0029454431496560574	0.0041981167159974575	0.00856791902333498	0.0033075539395213127	0.006275822874158621	0.004656571429222822
464	joy	../syntropy_project/models/model_10	../syntropy_project/models/model_10	joy	0.5064118504524231	0.05546259507536888	0.13772115111351013	0.5064118504524231	0.2900553047657013	0.00687070656567812	0.0009073913679458201	0.000305671535898	0.0009716718341223896	0.000632729206699878	0.0003146043745800853	0.00029506188002415	5.121732465340756e-05
465	joy	../syntropy_project/models/model_10	../syntropy_project/models/model_10	joy	0.44727012515068054	0.2481483668088913	0.1587599664926529	0.44727012515068054	0.12318390607833862	0.008664038963615894	0.007898020558059216	0.0011517559178173542	0.001520850113593042	0.001473083277232945	0.0007327586063183844	0.0005161686567589641	0.0006810216582380235
466	pride	../syntropy_project/models/model_10	../syntropy_project/models/model_10	pride	0.7958317399024963	0.7958317399024963	0.14932473003864288	0.018010199069976807	0.013585447333753109	0.004602145403623581	0.016114288941025734	0.0006818086258135736	0.00021208816906437278	0.0005494078504852951	0.00030465322197414935	0.00030422498821280897	0.00047918831114657223
467	excitement	../syntropy_project/models/model_10	../syntropy_project/models/model_10	joy	0.3624558448791504	0.09475483000278473	0.23449841141700745	0.3624558448791504	0.2806567847728729	0.01984257809817791	0.0024635586887598038	0.0008161524310708046	0.001414563856087625	0.00130657444242388	0.000846162554807961	0.0007060893694870174	0.0002385622210567817
468	embarrassment	../syntropy_project/models/model_10	../syntropy_project/models/model_10	disgust	0.4330997169017792	0.016420897096395493	0.01769767887890339	0.021340474486351013	0.05556144937872887	0.026173369958996773	0.06527605652809143	0.08704923838376999	0.01816588081419468	0.1305030882358551	0.4330997169017792	0.022052956745028496	0.10665923357009888
469	surprise	../syntropy_project/models/model_10	../syntropy_project/models/model_10	surprise	0.8668757081031799	0.015721304342150688	0.016332702711224556	0.018120616674423218	0.03071524389088154	0.8668757081031799	0.005323911085724831	0.009558556601405144	0.023354126140475273	0.004464903846383095	0.005147961433976889	0.003880326170474291	0.000504668103531003
470	excitement	../syntropy_project/models/model_10	../syntropy_project/models/model_10	joy	0.3840700387954712	0.10331474244594574	0.1030595675110817	0.3840700387954712	0.3470074534416199	0.03742049261927605	0.005823804531246424	0.0024099284783005714	0.0033275317400693893	0.009120363742113113	0.0018937153508886695	0.0016587682766839862	0.0008936401573009789
471	joy	../syntropy_project/models/model_10	../syntropy_project/models/model_10	joy	0.41219499707221985	0.0803675651550293	0.12295298278331757	0.41219499707221985	0.3188561797142029	0.03499103710055351	0.006207758095115423	0.00342501956038177	0.0035933780018240213	0.00863450113683939	0.004780159797519445	0.0028766810428351164	0.0011197017738595605
472	neutral	../syntropy_project/models/model_10	../syntropy_project/models/model_10	neutral	0.6235514283180237	0.045802801847457886	0.15195776522159576	0.09582316130399704	0.6235514283180237	0.038194846361875534	0.020806806161999702	0.0017605681205168366	0.0048086983151733875	0.006568465381860733	0.0021412598434835672	0.00690504489466548	0.0016791177913546562
473	neutral	../syntropy_project/models/model_10	../syntropy_project/models/model_10	joy	0.4544970989227295	0.08172009140253067	0.1117880716919899	0.4544970989227295	0.3422161042690277	0.005840927828103304	0.0011739510810002685	0.000375022878870368	0.0006554395658895373	0.0010112299351021647	0.0002989727654494345	0.0003279561351519078	9.521657193545252e-05
474	neutral	../syntropy_project/models/model_10	../syntropy_project/models/model_10	neutral	0.47535616159439087	0.11462339013814926	0.08883316069841385	0.2745484411716461	0.47535616159439087	0.02645115740597248	0.0073614660650491714	0.0010283758165314794	0.0016878789756447077	0.005936276633292437	0.0011472721816971898	0.0022683737333863974	0.0007580649689771235
475	pride	../syntropy_project/models/model_10	../syntropy_project/models/model_10	pride	0.782213032245636	0.782213032245636	0.05651282146573067	0.007597331888973713	0.005545387044548988	0.006200471892952919	0.11698421835899353	0.008763141930103302	0.0006346869631670415	0.0018988755764439702	0.002716277027502656	0.0010764301987364888	0.00985722802579403
476	joy	../syntropy_project/models/model_10	../syntropy_project/models/model_10	joy	0.37352654337882996	0.09407640993595123	0.06566979736089706	0.37352654337882996	0.3503034710884094	0.03444971144199371	0.04475289583206177	0.004655600991100073	0.009054179303348064	0.01122877188026905	0.00502359913662076	0.005036675836890936	0.0022223417181521654
477	pride	../syntropy_project/models/model_10	../syntropy_project/models/model_10	pride	0.7258427739143372	0.7258427739143372	0.16821563243865967	0.04809170588850975	0.02505788952112198	0.011685147881507874	0.016501227393746376	0.0015685346443206072	0.0007707032491452992	0.0005328538827598095	0.0005493892240338027	0.0005446500726975501	0.0006395416567102075
478	surprise	../syntropy_project/models/model_10	../syntropy_project/models/model_10	neutral	0.33052200078964233	0.07298234105110168	0.13637413084506989	0.17611613869667053	0.33052200078964233	0.135548397898674	0.07384447008371353	0.00657629081979394	0.011233377270400524	0.02498624660074711	0.00895760953426361	0.017168497666716576	0.005690502468496561
479	fear	../syntropy_project/models/model_10	../syntropy_project/models/model_10	nervousness	0.2902251183986664	0.03895546868443489	0.009179307147860527	0.045859117060899734	0.0496768094599247	0.006129558198153973	0.2902251183986664	0.08383053541183472	0.050240833312273026	0.08040093630552292	0.11876930296421051	0.04211501404643059	0.1846180111169815
480	neutral	../syntropy_project/models/model_10	../syntropy_project/models/model_10	joy	0.4759138226509094	0.05174409970641136	0.11918282508850098	0.4759138226509094	0.3411295413970947	0.007954197935760021	0.001398630440235138	0.00026590554625727236	0.0005010173190385103	0.0012223398080095649	0.0002956643875222653	0.0003074235573876649	8.451939356746152e-05
481	pride	../syntropy_project/models/model_10	../syntropy_project/models/model_10	pride	0.2870083153247833	0.2870083153247833	0.18603377044200897	0.18011170625686646	0.25850093364715576	0.03100816160440445	0.02949327789247036	0.004656538367271423	0.004270350094884634	0.007951706647872925	0.004922996275126934	0.0027933728415519	0.0032488007564097643
482	neutral	../syntropy_project/models/model_10	../syntropy_project/models/model_10	joy	0.3533289134502411	0.18055829405784607	0.09236110746860504	0.3533289134502411	0.2980307340621948	0.05404319614171982	0.005964925978332758	0.002111733891069889	0.0026569960173219442	0.006744478829205036	0.0017544160364195704	0.0015915868571028113	0.0008536303066648543
483	joy	../syntropy_project/models/model_10	../syntropy_project/models/model_10	joy	0.4156431257724762	0.10489916801452637	0.22255383431911469	0.4156431257724762	0.22155606746673584	0.028123874217271805	0.0014654698316007853	0.0011407578131183982	0.0009644008241593838	0.0013372559333220124	0.0012604803778231144	0.0007950110011734068	0.00026046994025819004
484	anger	../syntropy_project/models/model_10	../syntropy_project/models/model_10	anger	0.2880052924156189	0.019797436892986298	0.005004572216421366	0.032064445316791534	0.04688915237784386	0.013520751148462296	0.2289288491010666	0.053196731954813004	0.062035296112298965	0.1076594889163971	0.0965476781129837	0.04635031148791313	0.2880052924156189
485	joy	../syntropy_project/models/model_10	../syntropy_project/models/model_10	excitement	0.40537789463996887	0.2598911225795746	0.40537789463996887	0.23599568009376526	0.060143593698740005	0.015368577092885971	0.015017849393188953	0.0017249076627194881	0.0010829584207385778	0.0007326496415771544	0.0014147128676995635	0.000813281920272857	0.002436808543279767
486	excitement	../syntropy_project/models/model_10	../syntropy_project/models/model_10	excitement	0.7651405334472656	0.09399808198213577	0.7651405334472656	0.05442238226532936	0.04755060002207756	0.016083352267742157	0.018614139407873154	0.0005115462699905038	0.0009328138548880816	0.0008282980415970087	0.0004908219561912119	0.0005900916876271367	0.000837388273794204
487	neutral	../syntropy_project/models/model_10	../syntropy_project/models/model_10	joy	0.42295950651168823	0.15135367214679718	0.1559479534626007	0.42295950651168823	0.24462167918682098	0.017401183024048805	0.0029815915040671825	0.0008255040156655014	0.0011217115679755807	0.0013959992211312056	0.0006144033977761865	0.0005889722961001098	0.00018786548753269017
488	neutral	../syntropy_project/models/model_10	../syntropy_project/models/model_10	neutral	0.4237307608127594	0.12276378273963928	0.0888645127415657	0.3370356857776642	0.4237307608127594	0.016021497547626495	0.004841932095587254	0.0007750789518468082	0.001433990546502173	0.0023601260036230087	0.000509054574649781	0.0014908767770975828	0.00017263722838833928
489	excitement	../syntropy_project/models/model_10	../syntropy_project/models/model_10	joy	0.5393896698951721	0.06706243008375168	0.19642214477062225	0.5393896698951721	0.18058548867702484	0.008863674476742744	0.002139946212992072	0.0007945971447043121	0.00137422326952219	0.0014766029780730605	0.0009021654259413481	0.0006844200543127954	0.0003045123303309083
490	pride	../syntropy_project/models/model_10	../syntropy_project/models/model_10	joy	0.4428568482398987	0.28069353103637695	0.08071737736463547	0.4428568482398987	0.15356989204883575	0.014453450217843056	0.013225250877439976	0.0032278529834002256	0.001971140271052718	0.003546343883499503	0.002780331065878272	0.0014469634043052793	0.001510952366515994
491	pride	../syntropy_project/models/model_10	../syntropy_project/models/model_10	neutral	0.4047342836856842	0.05945670232176781	0.1541098952293396	0.3695772588253021	0.4047342836856842	0.008386030793190002	0.0013311568181961775	0.00026077390066348016	0.0005497597740031779	0.0008348274859599769	0.00034260566462762654	0.00035419987398199737	6.250473234103993e-05
492	pride	../syntropy_project/models/model_10	../syntropy_project/models/model_10	joy	0.40194815397262573	0.15861451625823975	0.10249289870262146	0.40194815397262573	0.3153654634952545	0.008981522172689438	0.0025352193042635918	0.00045825334382243454	0.0009073952678591013	0.005120126064866781	0.0014928793534636497	0.001254997681826353	0.0008285204530693591
493	neutral	../syntropy_project/models/model_10	../syntropy_project/models/model_10	excitement	0.4927229881286621	0.15424250066280365	0.4927229881286621	0.13372553884983063	0.18607881665229797	0.010890482924878597	0.014581779018044472	0.0007501162472181022	0.001647795201279223	0.001009649597108364	0.0009372349013574421	0.0015434437664225698	0.0018695798935368657
494	excitement	../syntropy_project/models/model_10	../syntropy_project/models/model_10	excitement	0.854416012763977	0.03722681477665901	0.854416012763977	0.039698660373687744	0.03753037378191948	0.012717477977275848	0.016034383326768875	0.00033270794665440917	0.0003299771633464843	0.0004596342332661152	0.00036593759432435036	0.00041050344589166343	0.00047748431097716093
495	pride	../syntropy_project/models/model_10	../syntropy_project/models/model_10	pride	0.4728914499282837	0.4728914499282837	0.12228841334581375	0.26442065834999084	0.10999679565429688	0.011153221130371094	0.010042484849691391	0.0011378448689356446	0.0008833944448269904	0.003984089475125074	0.0009760592365637422	0.0011216606944799423	0.0011039671953767538
496	joy	../syntropy_project/models/model_10	../syntropy_project/models/model_10	joy	0.4743117690086365	0.10225945711135864	0.06325922906398773	0.4743117690086365	0.321946382522583	0.017593814060091972	0.007633798290044069	0.0014424842083826661	0.0020034550689160824	0.005875969305634499	0.0018030451610684395	0.0014584651216864586	0.00041221623541787267
497	fear	../syntropy_project/models/model_10	../syntropy_project/models/model_10	nervousness	0.5269840955734253	0.019856126978993416	0.004440605640411377	0.016767047345638275	0.06051626428961754	0.017725877463817596	0.5269840955734253	0.03805535286664963	0.06793637573719025	0.06690622866153717	0.0373898409307003	0.07162182778120041	0.07180032134056091
498	pride	../syntropy_project/models/model_10	../syntropy_project/models/model_10	pride	0.45910927653312683	0.45910927653312683	0.1822076290845871	0.21384626626968384	0.10954766720533371	0.01395978033542633	0.014701052568852901	0.0015166057273745537	0.0012824258301407099	0.0012654481688514352	0.0010835446882992983	0.0006388044566847384	0.0008415095508098602
499	pride	../syntropy_project/models/model_10	../syntropy_project/models/model_10	pride	0.8696787357330322	0.8696787357330322	0.0656643658876419	0.01619155891239643	0.01412915624678135	0.0032008022535592318	0.02542053908109665	0.0016661564586684108	0.00037615097244270146	0.0005586260231211782	0.0009752799523994327	0.0008699438185431063	0.0012687899870797992
500	excitement	../syntropy_project/models/model_10	../syntropy_project/models/model_10	pride	0.6108655333518982	0.6108655333518982	0.32725298404693604	0.015471111983060837	0.009823154658079147	0.014914421364665031	0.01674513891339302	0.0016232909401878715	0.0004198588721919805	0.0004231258644722402	0.0007429044344462454	0.0005859503289684653	0.0011325395898893476
501	neutral	../syntropy_project/models/model_10	../syntropy_project/models/model_10	joy	0.36741963028907776	0.1743946373462677	0.26546284556388855	0.36741963028907776	0.168096125125885	0.009463886730372906	0.008038436993956566	0.0013909838162362576	0.0020801241043955088	0.0009933203691616654	0.0010149641893804073	0.0007639959221705794	0.0008810407598502934
502	neutral	../syntropy_project/models/model_10	../syntropy_project/models/model_10	joy	0.37088650465011597	0.10815630853176117	0.37029752135276794	0.37088650465011597	0.11785219609737396	0.028118323534727097	0.0014672045363113284	0.0006453520618379116	0.0005954692605882883	0.0007816710858605802	0.0005882445257157087	0.00041828342364169657	0.00019297648395877331
503	embarrassment	../syntropy_project/models/model_10	../syntropy_project/models/model_10	disgust	0.31240734457969666	0.03396857529878616	0.039673689752817154	0.1806134581565857	0.09433920681476593	0.009939093142747879	0.03802410885691643	0.12014568597078323	0.021566346287727356	0.044263146817684174	0.31240734457969666	0.017205901443958282	0.08785340189933777
504	pride	../syntropy_project/models/model_10	../syntropy_project/models/model_10	pride	0.6485878229141235	0.6485878229141235	0.1289125680923462	0.08039692044258118	0.07761404663324356	0.02367696352303028	0.029112156480550766	0.0031599493231624365	0.0022728450130671263	0.0017998050898313522	0.0013369314838200808	0.0015131881227716804	0.0016167579451575875
505	pride	../syntropy_project/models/model_10	../syntropy_project/models/model_10	neutral	0.5713314414024353	0.05234920233488083	0.11311814188957214	0.23446382582187653	0.5713314414024353	0.018038854002952576	0.004091962240636349	0.0004884682130068541	0.0012376829981803894	0.002963047241792083	0.0006303309928625822	0.001136341248638928	0.0001507963170297444
506	joy	../syntropy_project/models/model_10	../syntropy_project/models/model_10	joy	0.475960910320282	0.1475972682237625	0.20110423862934113	0.475960910320282	0.16359640657901764	0.0064960867166519165	0.0029049748554825783	0.00033515531686134636	0.000461422634543851	0.0008401788072660565	0.00033902647555805743	0.00021857008687220514	0.00014564127195626497
507	joy	../syntropy_project/models/model_10	../syntropy_project/models/model_10	neutral	0.4975152909755707	0.06331660598516464	0.2055111676454544	0.21722427010536194	0.4975152909755707	0.009189730510115623	0.002276849001646042	0.0007287583430297673	0.0007567518041469157	0.0014099851250648499	0.0010728903580456972	0.0005510205519385636	0.00044675020035356283
508	excitement	../syntropy_project/models/model_10	../syntropy_project/models/model_10	excitement	0.6577036380767822	0.05409327894449234	0.6577036380767822	0.10232740640640259	0.0817030519247055	0.022038497030735016	0.04426444694399834	0.0029481984674930573	0.006005045957863331	0.0074080671183764935	0.004269368946552277	0.0025763174053281546	0.014662673696875572
509	joy	../syntropy_project/models/model_10	../syntropy_project/models/model_10	neutral	0.3457346558570862	0.1967366635799408	0.06554146111011505	0.2770763039588928	0.3457346558570862	0.026352163404226303	0.03718686103820801	0.0037307925522327423	0.003885038197040558	0.03451475873589516	0.0028482102788984776	0.004754098132252693	0.001639054506085813
510	neutral	../syntropy_project/models/model_10	../syntropy_project/models/model_10	joy	0.4337249994277954	0.058420464396476746	0.12518511712551117	0.4337249994277954	0.3627956509590149	0.013865331187844276	0.0015413470100611448	0.0005080171977169812	0.001168384333141148	0.001706099370494485	0.00046952778939157724	0.0005086115561425686	0.00010646649025147781
511	neutral	../syntropy_project/models/model_10	../syntropy_project/models/model_10	neutral	0.46548962593078613	0.16464988887310028	0.09515970945358276	0.2248690128326416	0.46548962593078613	0.01569221541285515	0.014516628347337246	0.0014508815947920084	0.002594663528725505	0.009984128177165985	0.00146651198156178	0.003161069005727768	0.0009656224865466356
512	embarrassment	../syntropy_project/models/model_10	../syntropy_project/models/model_10	anger	0.27006083726882935	0.016236059367656708	0.005327288992702961	0.019654447212815285	0.03629124164581299	0.004115620627999306	0.16592037677764893	0.10040675103664398	0.027604473754763603	0.059256765991449356	0.2564002275466919	0.03872590884566307	0.27006083726882935
513	joy	../syntropy_project/models/model_10	../syntropy_project/models/model_10	joy	0.3733338713645935	0.07976170629262924	0.19025473296642303	0.3733338713645935	0.3131636679172516	0.03585989773273468	0.001201570383273065	0.0012246747501194477	0.0011950326152145863	0.001528812455944717	0.0015982398763298988	0.0007551271701231599	0.00012265033728908747
514	disgust	../syntropy_project/models/model_10	../syntropy_project/models/model_10	nervousness	0.42553970217704773	0.02571980282664299	0.005935463588684797	0.015417276881635189	0.01483787503093481	0.004688380751758814	0.42553970217704773	0.047427669167518616	0.015071236528456211	0.06861978024244308	0.0922158807516098	0.026885338127613068	0.25764164328575134
515	nervousness	../syntropy_project/models/model_10	../syntropy_project/models/model_10	pride	0.8237817287445068	0.8237817287445068	0.11895928531885147	0.00719081424176693	0.0067673963494598866	0.006277595181018114	0.032160308212041855	0.0015864800661802292	0.00026964565040543675	0.0004855549777857959	0.000785188574809581	0.0004669138288591057	0.0012690775329247117
516	neutral	../syntropy_project/models/model_10	../syntropy_project/models/model_10	joy	0.3480807840824127	0.19000783562660217	0.154840886592865	0.3480807840824127	0.2852146029472351	0.014100955799221992	0.0032238122075796127	0.001033143955282867	0.0010747259948402643	0.0009229429415427148	0.0005943073774687946	0.0007392847328446805	0.0001666551106609404
517	pride	../syntropy_project/models/model_10	../syntropy_project/models/model_10	neutral	0.4569908082485199	0.13346953690052032	0.12165849655866623	0.2392236292362213	0.4569908082485199	0.008866972289979458	0.024760901927947998	0.001073236227966845	0.0031407661736011505	0.005515844561159611	0.0012419080594554543	0.0025177185889333487	0.0015401985729113221
518	pride	../syntropy_project/models/model_10	../syntropy_project/models/model_10	excitement	0.6682754755020142	0.05257165804505348	0.6682754755020142	0.1659487634897232	0.08203984051942825	0.02368749864399433	0.0041205137968063354	0.0005407863645814359	0.0009439905406907201	0.0007261083810590208	0.0004230637277942151	0.0004778095171786845	0.00024447496980428696
519	nervousness	../syntropy_project/models/model_10	../syntropy_project/models/model_10	nervousness	0.27048277854919434	0.11879869550466537	0.02881694957613945	0.048327989876270294	0.10450467467308044	0.04675298556685448	0.27048277854919434	0.11121118068695068	0.060324281454086304	0.06812918186187744	0.05455062910914421	0.03171961382031441	0.05638107284903526
520	nervousness	../syntropy_project/models/model_10	../syntropy_project/models/model_10	joy	0.37574610114097595	0.19525006413459778	0.1117442399263382	0.37574610114097595	0.18753553926944733	0.03120323084294796	0.056193917989730835	0.005699797999113798	0.0075707514770329	0.014222153462469578	0.0048749675042927265	0.004453398287296295	0.005505851469933987
521	pride	../syntropy_project/models/model_10	../syntropy_project/models/model_10	joy	0.2898910641670227	0.22884419560432434	0.23102883994579315	0.2898910641670227	0.2046293169260025	0.029096955433487892	0.007528854999691248	0.0026417337357997894	0.0025204175617545843	0.0012881022412329912	0.001056020031683147	0.0007429455290548503	0.0007315597613342106
522	pride	../syntropy_project/models/model_10	../syntropy_project/models/model_10	pride	0.4989513158798218	0.4989513158798218	0.05847325921058655	0.3675619065761566	0.05474529787898064	0.010768409818410873	0.003621103707700968	0.0014870173763483763	0.0008329185075126588	0.0017885795095935464	0.0010614364873617887	0.0004213076608721167	0.0002874951751437038
523	sadness	../syntropy_project/models/model_10	../syntropy_project/models/model_10	sadness	0.8482046723365784	0.003913679625838995	0.006087091751396656	0.021552234888076782	0.030936269089579582	0.006038016639649868	0.021391509100794792	0.00786269549280405	0.006465370301157236	0.8482046723365784	0.023598484694957733	0.015876326709985733	0.00807360839098692
524	pride	../syntropy_project/models/model_10	../syntropy_project/models/model_10	pride	0.5850422382354736	0.5850422382354736	0.19825293123722076	0.05380311980843544	0.06446551531553268	0.019719984382390976	0.04385467618703842	0.002977221505716443	0.0014842948876321316	0.002280439715832472	0.0040969448164105415	0.002678602235391736	0.021343974396586418
525	neutral	../syntropy_project/models/model_10	../syntropy_project/models/model_10	neutral	0.6158649325370789	0.042669735848903656	0.04559194669127464	0.2520657479763031	0.6158649325370789	0.018425678834319115	0.008819499053061008	0.0009132326231338084	0.005054161883890629	0.006868004333227873	0.0010732787195593119	0.0023749428801238537	0.0002788888814393431
526	sadness	../syntropy_project/models/model_10	../syntropy_project/models/model_10	disgust	0.2071903944015503	0.0422632098197937	0.019574398174881935	0.028135396540164948	0.14877596497535706	0.0206295158714056	0.14908650517463684	0.12342646718025208	0.034416742622852325	0.06409233063459396	0.2071903944015503	0.09629712998867035	0.0661119744181633
527	excitement	../syntropy_project/models/model_10	../syntropy_project/models/model_10	excitement	0.8699487447738647	0.020626986399292946	0.8699487447738647	0.010009230114519596	0.05705925077199936	0.012220636010169983	0.026069510728120804	0.00023463710385840386	0.0010206367587670684	0.00047028608969412744	0.0004211202613078058	0.000848546507768333	0.0010704277083277702
528	excitement	../syntropy_project/models/model_10	../syntropy_project/models/model_10	excitement	0.3903181254863739	0.12114744633436203	0.3903181254863739	0.21924492716789246	0.25437238812446594	0.005725305061787367	0.006220179609954357	0.0003280941164121032	0.0005820603109896183	0.0008292141137644649	0.0003379940753802657	0.0004552842292468995	0.00043895866838283837
529	neutral	../syntropy_project/models/model_10	../syntropy_project/models/model_10	neutral	0.7341058254241943	0.03802172467112541	0.04615652188658714	0.1444784253835678	0.7341058254241943	0.01849018596112728	0.00612384919077158	0.0007829542737454176	0.00249121175147593	0.005022942554205656	0.0010206566657871008	0.002955683972686529	0.00035017135087400675
530	nervousness	../syntropy_project/models/model_10	../syntropy_project/models/model_10	disgust	0.2509153187274933	0.02968265488743782	0.01246118638664484	0.02345413528382778	0.04579521343111992	0.01156595814973116	0.1983795315027237	0.07120298594236374	0.0286092646420002	0.23666076362133026	0.2509153187274933	0.02710648998618126	0.06416644155979156
531	joy	../syntropy_project/models/model_10	../syntropy_project/models/model_10	joy	0.38360410928726196	0.2492494285106659	0.12920206785202026	0.38360410928726196	0.2247658371925354	0.004280139226466417	0.004778261762112379	0.0006238899077288806	0.0008076588856056333	0.0013978463830426335	0.0005325744277797639	0.0004664620792027563	0.0002917166566476226
532	joy	../syntropy_project/models/model_10	../syntropy_project/models/model_10	joy	0.42582833766937256	0.06702903658151627	0.09470140933990479	0.42582833766937256	0.3969476521015167	0.010809628292918205	0.0014063800917938352	0.0004511827719397843	0.0009512105607427657	0.0010810313979163766	0.0003495335695333779	0.0003524252097122371	9.214653982780874e-05
533	neutral	../syntropy_project/models/model_10	../syntropy_project/models/model_10	neutral	0.31639018654823303	0.12035588920116425	0.06576260179281235	0.10777808725833893	0.31639018654823303	0.023925714194774628	0.25608840584754944	0.015589873306453228	0.02494867332279682	0.03248303011059761	0.01100895181298256	0.018988408148288727	0.006680231541395187
534	excitement	../syntropy_project/models/model_10	../syntropy_project/models/model_10	excitement	0.31742149591445923	0.15217038989067078	0.31742149591445923	0.22176489233970642	0.27401164174079895	0.025572484359145164	0.0053913346491754055	0.00039969486533664167	0.000965955900028348	0.0009125752840191126	0.0005190041847527027	0.000579550105612725	0.00029095844365656376
535	joy	../syntropy_project/models/model_10	../syntropy_project/models/model_10	joy	0.39951205253601074	0.19023016095161438	0.12939269840717316	0.39951205253601074	0.2502591013908386	0.018813522532582283	0.0041401381604373455	0.0010414590360596776	0.0011317605385556817	0.003637972753494978	0.0007654107757844031	0.0007217137608677149	0.00035402309731580317
536	anger	../syntropy_project/models/model_10	../syntropy_project/models/model_10	nervousness	0.2842055559158325	0.01778031885623932	0.01278270035982132	0.02718205377459526	0.06102864444255829	0.03187928348779678	0.2842055559158325	0.04249245673418045	0.06817752867937088	0.06381748616695404	0.09204462170600891	0.13134635984897614	0.1672629415988922
537	neutral	../syntropy_project/models/model_10	../syntropy_project/models/model_10	neutral	0.6328422427177429	0.06003063544631004	0.12116160243749619	0.17182010412216187	0.6328422427177429	0.006957921199500561	0.003690731478855014	0.00045482965651899576	0.0011031483300030231	0.0009531351970508695	0.0004249168559908867	0.0004165472346358001	0.00014420294610317796
538	pride	../syntropy_project/models/model_10	../syntropy_project/models/model_10	pride	0.8987045288085938	0.8987045288085938	0.0624895878136158	0.006598734762519598	0.0033836369402706623	0.002520231297239661	0.02274247072637081	0.001331954263150692	0.00010647309682099149	0.00023260428861249238	0.0005004562553949654	0.0002565234317444265	0.0011327917454764247
539	joy	../syntropy_project/models/model_10	../syntropy_project/models/model_10	pride	0.3178552985191345	0.3178552985191345	0.115396648645401	0.2523900866508484	0.24610106647014618	0.007834233343601227	0.038703128695487976	0.0012010319624096155	0.0018983063055202365	0.011261411011219025	0.0015542360488325357	0.003111795522272587	0.0026927932631224394
540	joy	../syntropy_project/models/model_10	../syntropy_project/models/model_10	joy	0.3247217833995819	0.19471001625061035	0.31756365299224854	0.3247217833995819	0.08421649038791656	0.055803533643484116	0.009699530899524689	0.0015404769219458103	0.005897856317460537	0.0028140454087406397	0.0011206022463738918	0.0007111496524885297	0.0012009100755676627
541	excitement	../syntropy_project/models/model_10	../syntropy_project/models/model_10	joy	0.5244141817092896	0.04333672672510147	0.09444204717874527	0.5244141817092896	0.29942578077316284	0.028976427391171455	0.0015756012871861458	0.0012198897311463952	0.001999241765588522	0.002681384328752756	0.0009892170783132315	0.0007460372289642692	0.0001933985622599721
542	joy	../syntropy_project/models/model_10	../syntropy_project/models/model_10	joy	0.41914743185043335	0.06683763861656189	0.22194916009902954	0.41914743185043335	0.2621150314807892	0.02436322160065174	0.001100520952604711	0.0006695621414110065	0.0008694134885445237	0.0012522245524451137	0.0007659719558432698	0.0007808998925611377	0.0001489013957325369
543	neutral	../syntropy_project/models/model_10	../syntropy_project/models/model_10	neutral	0.5088804960250854	0.06503099203109741	0.06288517266511917	0.3020104169845581	0.5088804960250854	0.041089389473199844	0.002448965096846223	0.002059507416561246	0.00363331101834774	0.006321257911622524	0.002480244031175971	0.00263700308278203	0.0005232029943726957
544	excitement	../syntropy_project/models/model_10	../syntropy_project/models/model_10	joy	0.3698612153530121	0.1273024082183838	0.3097793459892273	0.3698612153530121	0.17663337290287018	0.011391494423151016	0.0024714148603379726	0.000401140860049054	0.0004195696965325624	0.0008247914956882596	0.00036470789927989244	0.00039676393498666584	0.000153790446347557
545	joy	../syntropy_project/models/model_10	../syntropy_project/models/model_10	joy	0.4307205379009247	0.10323966294527054	0.11910010129213333	0.4307205379009247	0.3163098692893982	0.017896315082907677	0.0035342772025614977	0.0009577201562933624	0.001688757329247892	0.004317952785640955	0.0008865674026310444	0.0009925647173076868	0.0003556167066562921
546	pride	../syntropy_project/models/model_10	../syntropy_project/models/model_10	pride	0.4967119097709656	0.4967119097709656	0.20843882858753204	0.18877846002578735	0.07116290181875229	0.012447177432477474	0.014795258641242981	0.0018142462940886617	0.001495038508437574	0.0013666176237165928	0.0014678825391456485	0.0006663068197667599	0.0008553118677809834
547	excitement	../syntropy_project/models/model_10	../syntropy_project/models/model_10	excitement	0.8358449339866638	0.07805715501308441	0.8358449339866638	0.02664651721715927	0.0214682687073946	0.013364383019506931	0.021014761179685593	0.0005360679933801293	0.000755860295612365	0.0003389367775525898	0.0004899796913377941	0.00043257194920443	0.0010505481623113155
548	neutral	../syntropy_project/models/model_10	../syntropy_project/models/model_10	joy	0.29693418741226196	0.18991656601428986	0.08461020886898041	0.29693418741226196	0.2922692894935608	0.03683846443891525	0.0451689176261425	0.007059668190777302	0.010867465287446976	0.019987529143691063	0.006398998200893402	0.004873931407928467	0.005074719432741404
549	neutral	../syntropy_project/models/model_10	../syntropy_project/models/model_10	joy	0.42174556851387024	0.08545751869678497	0.15247280895709991	0.42174556851387024	0.3262099027633667	0.01047151256352663	0.0010665220906957984	0.0002826721756719053	0.0005388371064327657	0.0011622675228863955	0.0002540867426432669	0.00027829798636958003	6.000036228215322e-05
550	excitement	../syntropy_project/models/model_10	../syntropy_project/models/model_10	excitement	0.5818483233451843	0.05331018939614296	0.5818483233451843	0.2706559896469116	0.05763222277164459	0.03107578493654728	0.0009655032772570848	0.0008811546140350401	0.00040587689727544785	0.00045959895942360163	0.001762121799401939	0.0006282224203459918	0.0003749191528186202
551	neutral	../syntropy_project/models/model_10	../syntropy_project/models/model_10	neutral	0.4222806692123413	0.12713296711444855	0.060074903070926666	0.10758227854967117	0.4222806692123413	0.030265050008893013	0.13141724467277527	0.00872898567467928	0.027273740619421005	0.03660666570067406	0.011563885025680065	0.02619236148893833	0.010881221853196621
552	excitement	../syntropy_project/models/model_10	../syntropy_project/models/model_10	joy	0.3010426163673401	0.25434908270835876	0.24270860850811005	0.3010426163673401	0.17706957459449768	0.004996162839233875	0.016690006479620934	0.000583547109272331	0.0004890872514806688	0.0010748171480372548	0.0003721691609825939	0.00030803223489783704	0.000316357210977003
553	excitement	../syntropy_project/models/model_10	../syntropy_project/models/model_10	surprise	0.7722288370132446	0.029496174305677414	0.13178406655788422	0.023101454600691795	0.029067035764455795	0.7722288370132446	0.003654257860034704	0.002306409180164337	0.003251528600230813	0.001212497940286994	0.002251784782856703	0.0013515379978343844	0.0002943704603239894
554	nervousness	../syntropy_project/models/model_10	../syntropy_project/models/model_10	confusion	0.5500460267066956	0.039089761674404144	0.0026152890641242266	0.014156563207507133	0.02323438785970211	0.049875129014253616	0.16808566451072693	0.07974873483181	0.5500460267066956	0.026002883911132812	0.016369791701436043	0.011055043898522854	0.01972068101167679
555	pride	../syntropy_project/models/model_10	../syntropy_project/models/model_10	joy	0.5116219520568848	0.22681644558906555	0.13878878951072693	0.5116219520568848	0.09897798299789429	0.005166458897292614	0.008996618911623955	0.0011155522661283612	0.0014827237464487553	0.0031308659818023443	0.0011890347814187407	0.0009324927814304829	0.001781068043783307
556	neutral	../syntropy_project/models/model_10	../syntropy_project/models/model_10	neutral	0.4432021677494049	0.09177836775779724	0.04156041890382767	0.1717633306980133	0.4432021677494049	0.06860378384590149	0.06334196031093597	0.00949880201369524	0.02892419695854187	0.05375761166214943	0.005574039649218321	0.017488842830061913	0.004506523255258799
557	pride	../syntropy_project/models/model_10	../syntropy_project/models/model_10	joy	0.35501036047935486	0.19580397009849548	0.13618989288806915	0.35501036047935486	0.2874051332473755	0.01228413823992014	0.007747678551822901	0.0007641901029273868	0.0012971368851140141	0.001795334042981267	0.0007510800496675074	0.0006598130566999316	0.0002912266063503921
558	pride	../syntropy_project/models/model_10	../syntropy_project/models/model_10	pride	0.5208651423454285	0.5208651423454285	0.1503891497850418	0.22547203302383423	0.06418700516223907	0.01913873665034771	0.010630649514496326	0.0018650575075298548	0.0007501491345465183	0.003350958926603198	0.001499231904745102	0.0007027703686617315	0.001149216084741056
559	neutral	../syntropy_project/models/model_10	../syntropy_project/models/model_10	neutral	0.7037522196769714	0.025601450353860855	0.07198911160230637	0.17273151874542236	0.7037522196769714	0.01527401152998209	0.003165757516399026	0.0005054284119978547	0.001768101123161614	0.0032751497346907854	0.0006892593228258193	0.0010910327546298504	0.00015699338109698147
560	neutral	../syntropy_project/models/model_10	../syntropy_project/models/model_10	pride	0.3614926040172577	0.3614926040172577	0.17865782976150513	0.22148345410823822	0.1887151300907135	0.026464922353625298	0.013703148812055588	0.0020716083236038685	0.0030281764920800924	0.0011926956940442324	0.001652669277973473	0.0009510241216048598	0.0005867211148142815
561	excitement	../syntropy_project/models/model_10	../syntropy_project/models/model_10	excitement	0.31223273277282715	0.21472758054733276	0.31223273277282715	0.2042383998632431	0.18152739107608795	0.03326518461108208	0.04299863800406456	0.0015153941931203008	0.002307045040652156	0.0027518784627318382	0.0012395917437970638	0.001452885800972581	0.0017433580942451954
562	neutral	../syntropy_project/models/model_10	../syntropy_project/models/model_10	neutral	0.43923187255859375	0.06264729052782059	0.1380367875099182	0.3451504707336426	0.43923187255859375	0.009630493819713593	0.0022046950180083513	0.00031787052284926176	0.0007015927694737911	0.0012064786860719323	0.00032288458896800876	0.000462675146991387	8.691223774803802e-05
563	joy	../syntropy_project/models/model_10	../syntropy_project/models/model_10	neutral	0.4425743520259857	0.05537167936563492	0.11984036862850189	0.36825457215309143	0.4425743520259857	0.009004386141896248	0.0010478149633854628	0.0005653397529385984	0.0011483291164040565	0.0014047842705622315	0.00034405465703457594	0.00033505368628539145	0.00010921070497715846
564	excitement	../syntropy_project/models/model_10	../syntropy_project/models/model_10	joy	0.2746011018753052	0.2183464914560318	0.2110276222229004	0.2746011018753052	0.2101510465145111	0.05931700021028519	0.012075508944690228	0.0029965343419462442	0.003825497580692172	0.002684301231056452	0.0021377820521593094	0.001471623545512557	0.0013654613867402077
565	neutral	../syntropy_project/models/model_10	../syntropy_project/models/model_10	neutral	0.8430557250976562	0.022945184260606766	0.04281875863671303	0.05888256058096886	0.8430557250976562	0.012726067565381527	0.008813013322651386	0.0005581116420216858	0.00286243692971766	0.0035355512518435717	0.0007341621676459908	0.002820728812366724	0.00024769146693870425
566	excitement	../syntropy_project/models/model_10	../syntropy_project/models/model_10	excitement	0.4695482552051544	0.15406695008277893	0.4695482552051544	0.19804410636425018	0.1426927149295807	0.025500234216451645	0.004637937527149916	0.0015091457171365619	0.0012992725241929293	0.0009990085382014513	0.0007747445488348603	0.0005421892274171114	0.0003853782545775175
567	anger	../syntropy_project/models/model_10	../syntropy_project/models/model_10	anger	0.7129511833190918	0.00574509659782052	0.004176178015768528	0.005847668740898371	0.013021343387663364	0.005711354780942202	0.0215574000030756	0.023465480655431747	0.039611898362636566	0.017771003767848015	0.13952787220478058	0.010613503865897655	0.7129511833190918
568	fear	../syntropy_project/models/model_10	../syntropy_project/models/model_10	joy	0.17553555965423584	0.09945894777774811	0.048894014209508896	0.17553555965423584	0.11193013191223145	0.0911654606461525	0.14298725128173828	0.04047708213329315	0.0431148000061512	0.14820361137390137	0.03226568177342415	0.030110616236925125	0.03585676848888397
569	pride	../syntropy_project/models/model_10	../syntropy_project/models/model_10	pride	0.83149653673172	0.83149653673172	0.04015805572271347	0.015295899473130703	0.01456779707223177	0.009226948022842407	0.07382824271917343	0.006290293298661709	0.0011702979682013392	0.0018565632635727525	0.0011796803446486592	0.001310143037699163	0.003619494615122676
570	neutral	../syntropy_project/models/model_10	../syntropy_project/models/model_10	joy	0.5326271057128906	0.05459476262331009	0.13716502487659454	0.5326271057128906	0.2609683871269226	0.008628882467746735	0.0007558346842415631	0.0011186663759872317	0.0012686169939115644	0.001393544371239841	0.0008672330877743661	0.0005013688933104277	0.00011062562407460064
571	joy	../syntropy_project/models/model_10	../syntropy_project/models/model_10	joy	0.48689374327659607	0.06185644492506981	0.14160968363285065	0.48689374327659607	0.2965867519378662	0.008444366045296192	0.0012771837646141648	0.0005591491353698075	0.0009389826445840299	0.0008011218160390854	0.00043716831714846194	0.00048457036609761417	0.00011080713011324406
572	neutral	../syntropy_project/models/model_10	../syntropy_project/models/model_10	fear	0.595541775226593	0.015373459085822105	0.013840196654200554	0.023993007838726044	0.12537571787834167	0.026412080973386765	0.10606015473604202	0.014809749089181423	0.02098400890827179	0.01770416833460331	0.031208764761686325	0.595541775226593	0.008696962147951126
573	neutral	../syntropy_project/models/model_10	../syntropy_project/models/model_10	neutral	0.3810012638568878	0.13079974055290222	0.09167173504829407	0.2553641200065613	0.3810012638568878	0.05267990007996559	0.029750516638159752	0.011998237110674381	0.018776245415210724	0.014741302467882633	0.005554350093007088	0.004349051509052515	0.0033135602716356516
574	joy	../syntropy_project/models/model_10	../syntropy_project/models/model_10	joy	0.5770161747932434	0.05582166835665703	0.1807287037372589	0.5770161747932434	0.17113277316093445	0.006895529571920633	0.002126500941812992	0.0008763932273723185	0.001460132421925664	0.0015671462751924992	0.0009800564730539918	0.0007521279621869326	0.0006428697961382568
575	excitement	../syntropy_project/models/model_10	../syntropy_project/models/model_10	joy	0.5610032677650452	0.05954965576529503	0.1626206785440445	0.5610032677650452	0.20694167912006378	0.006151474546641111	0.0009607911924831569	0.0004263873561285436	0.0006417653639800847	0.0009293259936384857	0.00037302623968571424	0.00022464555513579398	0.00017720882897265255
576	nervousness	../syntropy_project/models/model_10	../syntropy_project/models/model_10	pride	0.776753306388855	0.776753306388855	0.11945728957653046	0.012328095734119415	0.008946416899561882	0.00790873821824789	0.06420685350894928	0.002927629044279456	0.0007149710436351597	0.0009459631983190775	0.0011747378157451749	0.000727383594494313	0.003908741287887096
577	sadness	../syntropy_project/models/model_10	../syntropy_project/models/model_10	nervousness	0.21099013090133667	0.07385295629501343	0.00801023282110691	0.036131542176008224	0.08580047637224197	0.016953790560364723	0.21099013090133667	0.10687394440174103	0.08307504653930664	0.08527109026908875	0.10074884444475174	0.01868032105267048	0.1736115962266922
578	neutral	../syntropy_project/models/model_10	../syntropy_project/models/model_10	pride	0.4340236783027649	0.4340236783027649	0.2016468197107315	0.1103723868727684	0.2064734250307083	0.00770715344697237	0.03237149864435196	0.0011510449694469571	0.0013155624037608504	0.001213310519233346	0.001000085729174316	0.001453823409974575	0.0012712487950921059
579	excitement	../syntropy_project/models/model_10	../syntropy_project/models/model_10	neutral	0.35892200469970703	0.1687827855348587	0.06630653142929077	0.35575172305107117	0.35892200469970703	0.01940249465405941	0.010611297562718391	0.0022955031599849463	0.003089277306571603	0.008262692019343376	0.002550777979195118	0.0025779122952371836	0.0014470262685790658
580	excitement	../syntropy_project/models/model_10	../syntropy_project/models/model_10	joy	0.3736560344696045	0.12321292608976364	0.29743900895118713	0.3736560344696045	0.17848297953605652	0.019883614033460617	0.0024089289363473654	0.0011463945265859365	0.0011566326720640063	0.0010489493142813444	0.000914165866561234	0.0004146121791563928	0.00023580087872687727
581	excitement	../syntropy_project/models/model_10	../syntropy_project/models/model_10	pride	0.3865877091884613	0.3865877091884613	0.30149710178375244	0.16154608130455017	0.09701043367385864	0.026771366596221924	0.017641665413975716	0.002290142700076103	0.0026994168292731047	0.0011097787646576762	0.0010737060802057385	0.001023841556161642	0.0007488585542887449
582	excitement	../syntropy_project/models/model_10	../syntropy_project/models/model_10	pride	0.5570338368415833	0.5570338368415833	0.3420073091983795	0.04873956739902496	0.024370109662413597	0.016747238114476204	0.0077863470651209354	0.0009791521588340402	0.0003303030098322779	0.0005303059006109834	0.0005798547063022852	0.00040333656943403184	0.0004926948458887637
583	joy	../syntropy_project/models/model_10	../syntropy_project/models/model_10	excitement	0.6222083568572998	0.09242758899927139	0.6222083568572998	0.0857989490032196	0.11550099402666092	0.02632141299545765	0.04804220050573349	0.001079440233297646	0.0021402116399258375	0.0015663387021049857	0.0009633868467062712	0.002460972173139453	0.0014901752583682537
584	nervousness	../syntropy_project/models/model_10	../syntropy_project/models/model_10	nervousness	0.9338540434837341	0.00317684025503695	0.002515264553949237	0.0020782086066901684	0.004829765763133764	0.001304949284531176	0.9338540434837341	0.0035819089971482754	0.002695003990083933	0.008606971241533756	0.0028371145017445087	0.02439284510910511	0.010127109475433826
585	joy	../syntropy_project/models/model_10	../syntropy_project/models/model_10	joy	0.4359768331050873	0.16358019411563873	0.19041426479816437	0.4359768331050873	0.18274138867855072	0.018234005197882652	0.004384538624435663	0.0010203681886196136	0.0013655322836712003	0.0009101066389121115	0.000709054060280323	0.0004135526542086154	0.0002501925628166646
586	joy	../syntropy_project/models/model_10	../syntropy_project/models/model_10	joy	0.35219693183898926	0.11015793681144714	0.14854498207569122	0.35219693183898926	0.3238999545574188	0.04301568865776062	0.0030308114364743233	0.004572174046188593	0.0047055683098733425	0.002572048222646117	0.0039029247127473354	0.002668005647137761	0.0007330350927077234
587	fear	../syntropy_project/models/model_10	../syntropy_project/models/model_10	sadness	0.2115917205810547	0.04414768144488335	0.009984048083424568	0.0704491063952446	0.10725211352109909	0.0582544207572937	0.19835105538368225	0.058138106018304825	0.10719768702983856	0.2115917205810547	0.04131516069173813	0.059762634336948395	0.03355618566274643
588	pride	../syntropy_project/models/model_10	../syntropy_project/models/model_10	pride	0.7566998600959778	0.7566998600959778	0.19506330788135529	0.011290433816611767	0.009433506056666374	0.009031429886817932	0.015563401393592358	0.0010211605112999678	0.0002517413522582501	0.0003953578998334706	0.00046219819341786206	0.00030721400980837643	0.00048037682427093387
589	sadness	../syntropy_project/models/model_10	../syntropy_project/models/model_10	nervousness	0.38023507595062256	0.02007681131362915	0.004595424048602581	0.024499135091900826	0.024757685139775276	0.010117635130882263	0.38023507595062256	0.051640648394823074	0.042776647955179214	0.26059478521347046	0.05413251370191574	0.04940023645758629	0.07717341929674149
590	joy	../syntropy_project/models/model_10	../syntropy_project/models/model_10	neutral	0.5214143991470337	0.03586648777127266	0.09317878633737564	0.3331255614757538	0.5214143991470337	0.012097357772290707	0.0008354873862117529	0.000325200759107247	0.0010775616392493248	0.0013320081634446979	0.00036212793202139437	0.0003336207882966846	5.133718514116481e-05
591	pride	../syntropy_project/models/model_10	../syntropy_project/models/model_10	joy	0.3360116183757782	0.29275447130203247	0.16173820197582245	0.3360116183757782	0.10309431701898575	0.05209857225418091	0.02978414297103882	0.006696219090372324	0.002838290063664317	0.002792973071336746	0.006865374743938446	0.0023768858518451452	0.0029488326981663704
592	anger	../syntropy_project/models/model_10	../syntropy_project/models/model_10	joy	0.7465989589691162	0.030258908867836	0.09185033291578293	0.7465989589691162	0.09656678885221481	0.011218341067433357	0.0023117063101381063	0.003214834723621607	0.005343440920114517	0.002470799721777439	0.00719869788736105	0.0016865329816937447	0.0012806756421923637
593	neutral	../syntropy_project/models/model_10	../syntropy_project/models/model_10	neutral	0.5895046591758728	0.027164749801158905	0.04814477264881134	0.22159790992736816	0.5895046591758728	0.041286859661340714	0.02001872844994068	0.0032324183266609907	0.01282183825969696	0.025590555742383003	0.003962046932429075	0.005391725338995457	0.0012837810209020972
594	joy	../syntropy_project/models/model_10	../syntropy_project/models/model_10	joy	0.5797015428543091	0.08303044736385345	0.0974809005856514	0.5797015428543091	0.20648320019245148	0.02406100369989872	0.0011605253675952554	0.0015398439718410373	0.0016360669396817684	0.00259524118155241	0.0014073883648961782	0.0006622697692364454	0.00024152768310159445
595	neutral	../syntropy_project/models/model_10	../syntropy_project/models/model_10	neutral	0.2603766620159149	0.15507487952709198	0.2581695318222046	0.23872625827789307	0.2603766620159149	0.03738532215356827	0.025904318317770958	0.004357587080448866	0.005411439575254917	0.005515934433788061	0.0023158269468694925	0.0043525719083845615	0.002409677952528
596	pride	../syntropy_project/models/model_10	../syntropy_project/models/model_10	neutral	0.36714279651641846	0.21158365905284882	0.0829579159617424	0.31159722805023193	0.36714279651641846	0.005719910375773907	0.011303750798106194	0.00041497492929920554	0.001138692139647901	0.004873780068010092	0.0009684814722277224	0.0012405639281496406	0.0010582611430436373
597	neutral	../syntropy_project/models/model_10	../syntropy_project/models/model_10	excitement	0.3893663287162781	0.17239588499069214	0.3893663287162781	0.21071112155914307	0.18626384437084198	0.027953248471021652	0.00895016361027956	0.0008639916777610779	0.0009024958708323538	0.0007300107972696424	0.001164090121164918	0.0003451982338447124	0.00035358869354240596
598	joy	../syntropy_project/models/model_10	../syntropy_project/models/model_10	joy	0.36335036158561707	0.12388163059949875	0.1692044883966446	0.36335036158561707	0.32330435514450073	0.012063411995768547	0.0026438471395522356	0.0009852430084720254	0.002017601393163204	0.0010065827518701553	0.000812835234683007	0.0005322431097738445	0.00019739985873457044
599	joy	../syntropy_project/models/model_10	../syntropy_project/models/model_10	joy	0.3655666410923004	0.1432071179151535	0.3097081482410431	0.3655666410923004	0.13051261007785797	0.03905510529875755	0.0024084351025521755	0.002546001225709915	0.0023710732348263264	0.0009204014204442501	0.001679405104368925	0.001473576994612813	0.0005513732903636992
600	pride	../syntropy_project/models/model_10	../syntropy_project/models/model_10	excitement	0.39825037121772766	0.14849072694778442	0.39825037121772766	0.134905144572258	0.16405050456523895	0.07487507164478302	0.045659031718969345	0.004929554648697376	0.009529730305075645	0.004584926646202803	0.003661259077489376	0.004785411991178989	0.00627825316041708
601	excitement	../syntropy_project/models/model_10	../syntropy_project/models/model_10	excitement	0.3589492738246918	0.11495780199766159	0.3589492738246918	0.16991320252418518	0.3303645849227905	0.016700778156518936	0.00567171024158597	0.00045853006304241717	0.0008406288106925786	0.000932319788262248	0.00040146365063264966	0.0006170754786580801	0.00019264880393166095
602	neutral	../syntropy_project/models/model_10	../syntropy_project/models/model_10	neutral	0.40473440289497375	0.06221292167901993	0.1038576290011406	0.40436628460884094	0.40473440289497375	0.01834581233561039	0.0014050643658265471	0.0006278744549490511	0.001427171053364873	0.0017318231984972954	0.0005679404130205512	0.0006019293796271086	0.00012115969002479687
603	embarrassment	../syntropy_project/models/model_10	../syntropy_project/models/model_10	embarrassment	0.40848419070243835	0.04521973431110382	0.005692852661013603	0.02378266304731369	0.03297637403011322	0.009451836347579956	0.12501364946365356	0.40848419070243835	0.0645422711968422	0.048819780349731445	0.12643912434577942	0.026487266644835472	0.08309037983417511
604	confusion	../syntropy_project/models/model_10	../syntropy_project/models/model_10	nervousness	0.27657967805862427	0.02118827775120735	0.006184453144669533	0.02851966954767704	0.04083876684308052	0.013556457124650478	0.27657967805862427	0.059394024312496185	0.061540987342596054	0.2666914761066437	0.0747857615351677	0.049773845821619034	0.10094653815031052
605	pride	../syntropy_project/models/model_10	../syntropy_project/models/model_10	pride	0.32086849212646484	0.32086849212646484	0.041471343487501144	0.25696077942848206	0.19804775714874268	0.03753270208835602	0.08132446557283401	0.01321444008499384	0.014647076837718487	0.01880357600748539	0.006694306619465351	0.007445893250405788	0.0029890635050833225
606	neutral	../syntropy_project/models/model_10	../syntropy_project/models/model_10	neutral	0.4238603413105011	0.14430484175682068	0.11415977776050568	0.2846256196498871	0.4238603413105011	0.015424498356878757	0.010609830729663372	0.0007299366989172995	0.0014562309952452779	0.0025843987241387367	0.0010519592324271798	0.000807032163720578	0.0003855644608847797
607	pride	../syntropy_project/models/model_10	../syntropy_project/models/model_10	excitement	0.4342997372150421	0.2862330675125122	0.4342997372150421	0.059687986969947815	0.10577908158302307	0.05831510201096535	0.03302167356014252	0.003892438719049096	0.0028815162368118763	0.0052471281960606575	0.004814658779650927	0.0019731170032173395	0.003854467999190092
608	excitement	../syntropy_project/models/model_10	../syntropy_project/models/model_10	joy	0.36360985040664673	0.09479784965515137	0.16786010563373566	0.36360985040664673	0.347560316324234	0.010181543417274952	0.006268294993788004	0.0009115228895097971	0.0019724753219634295	0.003624600125476718	0.001217530225403607	0.001494437688961625	0.0005015647038817406
609	joy	../syntropy_project/models/model_10	../syntropy_project/models/model_10	joy	0.445888489484787	0.0833204984664917	0.23635582625865936	0.445888489484787	0.21455174684524536	0.014944691210985184	0.0017695120768621564	0.0005926351877860725	0.0007693686056882143	0.0008485351572744548	0.00047366388025693595	0.0003487388021312654	0.00013628456508740783
610	neutral	../syntropy_project/models/model_10	../syntropy_project/models/model_10	neutral	0.4441187083721161	0.14690856635570526	0.15723976492881775	0.20936085283756256	0.4441187083721161	0.019551442936062813	0.011073635891079903	0.0017701653996482491	0.003891000524163246	0.002727995626628399	0.0012888326309621334	0.0014148795744404197	0.0006541797192767262
611	neutral	../syntropy_project/models/model_10	../syntropy_project/models/model_10	joy	0.4999694526195526	0.08180760592222214	0.10048377513885498	0.4999694526195526	0.29531896114349365	0.011982680298388004	0.0031849334482103586	0.0011954925721511245	0.0019905513618141413	0.002364453626796603	0.0006506875506602228	0.0007849636022001505	0.00026647953200154006
612	joy	../syntropy_project/models/model_10	../syntropy_project/models/model_10	joy	0.454642117023468	0.15445098280906677	0.1549527645111084	0.454642117023468	0.21335889399051666	0.015808383002877235	0.002125935163348913	0.0005950142513029277	0.0006700574886053801	0.0023918666411191225	0.0004413681454025209	0.00038165730074979365	0.0001808929373510182
613	neutral	../syntropy_project/models/model_10	../syntropy_project/models/model_10	neutral	0.45458993315696716	0.05470634996891022	0.04702237248420715	0.4021090865135193	0.45458993315696716	0.015138667076826096	0.008966319262981415	0.0018279856303706765	0.0032038961071521044	0.0075143431313335896	0.0022909126710146666	0.002127590123564005	0.0005026129074394703
614	pride	../syntropy_project/models/model_10	../syntropy_project/models/model_10	joy	0.418319433927536	0.30953145027160645	0.09682635962963104	0.418319433927536	0.1340922862291336	0.020096782594919205	0.0075372387655079365	0.002064921660348773	0.0017382714431732893	0.0054937247186899185	0.0018046476179733872	0.0012508358340710402	0.001244070241227746
615	pride	../syntropy_project/models/model_10	../syntropy_project/models/model_10	excitement	0.3189360201358795	0.28087058663368225	0.3189360201358795	0.12566563487052917	0.14918304979801178	0.08729806542396545	0.018851278349757195	0.004034166224300861	0.004878260660916567	0.003541835118085146	0.00252507533878088	0.0020164204761385918	0.0021996914874762297
616	joy	../syntropy_project/models/model_10	../syntropy_project/models/model_10	pride	0.3826291561126709	0.3826291561126709	0.31706491112709045	0.14547860622406006	0.11746266484260559	0.020114615559577942	0.012705627828836441	0.0010265856981277466	0.0009797057136893272	0.0008549350313842297	0.0006264551193453372	0.0006039527943357825	0.0004527260025497526
617	sadness	../syntropy_project/models/model_10	../syntropy_project/models/model_10	sadness	0.5518277883529663	0.03465331345796585	0.040577128529548645	0.11561127752065659	0.12713700532913208	0.020614253357052803	0.05230792984366417	0.009948182851076126	0.00898075196892023	0.5518277883529663	0.016066649928689003	0.013240351341664791	0.009035328403115273
618	joy	../syntropy_project/models/model_10	../syntropy_project/models/model_10	neutral	0.39572420716285706	0.06377860903739929	0.14925222098827362	0.3635790944099426	0.39572420716285706	0.021187802776694298	0.001692695659585297	0.0005817556520923972	0.0009786359732970595	0.0015917500713840127	0.000773471430875361	0.0007242907886393368	0.0001355121348751709
619	joy	../syntropy_project/models/model_10	../syntropy_project/models/model_10	joy	0.415583997964859	0.18963828682899475	0.2709948718547821	0.415583997964859	0.10002367943525314	0.019006172195076942	0.0016612750478088856	0.0004957813653163612	0.00037723101559095085	0.0013808647636324167	0.0003698923683259636	0.00028964781085960567	0.00017824952374212444
620	joy	../syntropy_project/models/model_10	../syntropy_project/models/model_10	joy	0.5669915676116943	0.15032239258289337	0.1319519579410553	0.5669915676116943	0.12972736358642578	0.012279627844691277	0.0043301815167069435	0.0005869021988473833	0.0006664533284492791	0.0019700312986969948	0.0004704621387645602	0.00047537582577206194	0.00022764092136640102
621	nervousness	../syntropy_project/models/model_10	../syntropy_project/models/model_10	nervousness	0.8322573900222778	0.009016107767820358	0.005769045557826757	0.008306684903800488	0.019720036536455154	0.005220294930040836	0.8322573900222778	0.009291071444749832	0.012045776471495628	0.03229096159338951	0.008034792728722095	0.036758191883563995	0.021289627999067307
622	joy	../syntropy_project/models/model_10	../syntropy_project/models/model_10	neutral	0.5626645088195801	0.026736656203866005	0.05460772663354874	0.3411811888217926	0.5626645088195801	0.009344775229692459	0.00105799431912601	0.0003311631444375962	0.0011498573003336787	0.002009567804634571	0.0004448425897862762	0.00042521237628534436	4.644935324904509e-05
623	excitement	../syntropy_project/models/model_10	../syntropy_project/models/model_10	joy	0.354147344827652	0.3013611435890198	0.25591981410980225	0.354147344827652	0.07609590888023376	0.006568960379809141	0.003559412667527795	0.0005503373104147613	0.0003396539541427046	0.0005596693372353911	0.00041152804624289274	0.00020873951143585145	0.00027737009804695845
624	neutral	../syntropy_project/models/model_10	../syntropy_project/models/model_10	joy	0.2612415850162506	0.25362876057624817	0.21843883395195007	0.2612415850162506	0.2243877500295639	0.031764667481184006	0.004594700876623392	0.001433404628187418	0.001513308729045093	0.0011627919739112258	0.0007918745977804065	0.000723052304238081	0.0003193052252754569
625	neutral	../syntropy_project/models/model_10	../syntropy_project/models/model_10	neutral	0.48237311840057373	0.07645469903945923	0.056691497564315796	0.36852505803108215	0.48237311840057373	0.006463514640927315	0.0028681918047368526	0.00044383405474945903	0.0010987748391926289	0.0036652872804552317	0.0004993561888113618	0.0007442666683346033	0.00017237219435628504
626	nervousness	../syntropy_project/models/model_10	../syntropy_project/models/model_10	nervousness	0.8780527114868164	0.0067673963494598866	0.005724303424358368	0.004624499473720789	0.008589062839746475	0.0027576161082834005	0.8780527114868164	0.00537149328738451	0.0035910296719521284	0.014760490506887436	0.005434769671410322	0.04726516455411911	0.01706128567457199
627	joy	../syntropy_project/models/model_10	../syntropy_project/models/model_10	joy	0.32805049419403076	0.14428694546222687	0.2250245064496994	0.32805049419403076	0.12643766403198242	0.03330003470182419	0.10075076669454575	0.0038502211682498455	0.00665467930957675	0.014787556603550911	0.0058465562760829926	0.004842139780521393	0.006168354768306017
628	excitement	../syntropy_project/models/model_10	../syntropy_project/models/model_10	joy	0.4848068952560425	0.12364058941602707	0.16991834342479706	0.4848068952560425	0.20246440172195435	0.01113363541662693	0.002992156660184264	0.0009368546889163554	0.0009183830115944147	0.0015553407138213515	0.0008297753520309925	0.000513567472808063	0.0002899634127970785
629	fear	../syntropy_project/models/model_10	../syntropy_project/models/model_10	neutral	0.36469629406929016	0.2020110785961151	0.03268934786319733	0.3542056679725647	0.36469629406929016	0.015310748480260372	0.008390134200453758	0.002424767008051276	0.0035066944546997547	0.006888092029839754	0.003350042039528489	0.002157818526029587	0.004369415808469057
630	excitement	../syntropy_project/models/model_10	../syntropy_project/models/model_10	neutral	0.294096440076828	0.16725605726242065	0.2515408992767334	0.2616592347621918	0.294096440076828	0.009452755562961102	0.008990276604890823	0.0006723699625581503	0.0011242551263421774	0.002206483157351613	0.0012553195701912045	0.0008317409665323794	0.0009141663322225213
631	excitement	../syntropy_project/models/model_10	../syntropy_project/models/model_10	excitement	0.734102725982666	0.1313881129026413	0.734102725982666	0.05110013857483864	0.03713957592844963	0.01569022424519062	0.026423675939440727	0.0007501820218749344	0.0006605156231671572	0.0007300205761566758	0.00043756209197454154	0.0005640583112835884	0.0010132919996976852
632	joy	../syntropy_project/models/model_10	../syntropy_project/models/model_10	joy	0.44020235538482666	0.1260312795639038	0.12891535460948944	0.44020235538482666	0.2868485748767853	0.012295377440750599	0.0019363710889592767	0.0006099460297264159	0.0009792749769985676	0.0010572283063083887	0.0004533931496553123	0.0005272210109978914	0.00014374121383298188
633	pride	../syntropy_project/models/model_10	../syntropy_project/models/model_10	pride	0.34664013981819153	0.34664013981819153	0.09024851769208908	0.2100101262331009	0.27027374505996704	0.02817542292177677	0.028250161558389664	0.002264350187033415	0.0023337944876402617	0.012582897208631039	0.0029137174133211374	0.0034175249747931957	0.0028895570430904627
634	joy	../syntropy_project/models/model_10	../syntropy_project/models/model_10	neutral	0.504821240901947	0.09434442967176437	0.15188400447368622	0.2100212574005127	0.504821240901947	0.012290424667298794	0.010990898124873638	0.0010163275292143226	0.003340373747050762	0.004145016893744469	0.002640430349856615	0.0032179420813918114	0.001287571620196104
635	pride	../syntropy_project/models/model_10	../syntropy_project/models/model_10	joy	0.49569037556648254	0.11428769677877426	0.13798530399799347	0.49569037556648254	0.2139062136411667	0.024762112647294998	0.004059684928506613	0.0012008310295641422	0.0016887509264051914	0.0036680197808891535	0.0013577280333265662	0.0009350475738756359	0.00045823692926205695
636	nervousness	../syntropy_project/models/model_10	../syntropy_project/models/model_10	nervousness	0.6231216788291931	0.012997329235076904	0.003765332279726863	0.008517668582499027	0.02641935646533966	0.002866895403712988	0.6231216788291931	0.034601613879203796	0.019208945333957672	0.03966739773750305	0.08213329315185547	0.03549318015575409	0.1112072542309761
637	joy	../syntropy_project/models/model_10	../syntropy_project/models/model_10	joy	0.36626288294792175	0.20589898526668549	0.15379440784454346	0.36626288294792175	0.23326817154884338	0.018137075006961823	0.013131332583725452	0.0007819663151167333	0.001309791929088533	0.00522933853790164	0.0006039508152753115	0.001140212407335639	0.0004419730103109032
638	neutral	../syntropy_project/models/model_10	../syntropy_project/models/model_10	excitement	0.31960541009902954	0.0974612683057785	0.31960541009902954	0.25148671865463257	0.29423633217811584	0.024555761367082596	0.006047078408300877	0.0009505513007752597	0.002117178402841091	0.0017049916787073016	0.000705373240634799	0.0007875561132095754	0.00034176307963207364
639	surprise	../syntropy_project/models/model_10	../syntropy_project/models/model_10	surprise	0.6996564269065857	0.06281706690788269	0.047400303184986115	0.0475352518260479	0.05224273353815079	0.6996564269065857	0.026281489059329033	0.013901344500482082	0.03170875832438469	0.007490578573197126	0.005323982331901789	0.003986845258623362	0.0016551550943404436
640	joy	../syntropy_project/models/model_10	../syntropy_project/models/model_10	joy	0.5122910737991333	0.14999373257160187	0.11274934560060501	0.5122910737991333	0.1964898258447647	0.019304310902953148	0.003260931698605418	0.0009010618668980896	0.001242134952917695	0.0024749445728957653	0.0006021506851539016	0.0004971378366462886	0.00019325880566611886
641	surprise	../syntropy_project/models/model_10	../syntropy_project/models/model_10	joy	0.358135461807251	0.15559479594230652	0.10189878195524216	0.358135461807251	0.3346748948097229	0.03605038300156593	0.004372867289930582	0.001576113048940897	0.002067118650302291	0.002827172167599201	0.001335318316705525	0.001174718257971108	0.0002923633437603712
642	nervousness	../syntropy_project/models/model_10	../syntropy_project/models/model_10	nervousness	0.850951611995697	0.004116275813430548	0.0025481751654297113	0.004591050092130899	0.008380734361708164	0.0026164802256971598	0.850951611995697	0.007026982959359884	0.00945733580738306	0.01941736601293087	0.007868490181863308	0.05840664356946945	0.024618906900286674
643	neutral	../syntropy_project/models/model_10	../syntropy_project/models/model_10	neutral	0.7965653538703918	0.02310664765536785	0.046847693622112274	0.1098405048251152	0.7965653538703918	0.012274669483304024	0.0023089125752449036	0.0006747405859641731	0.0032412451691925526	0.0024011547211557627	0.0011065423022955656	0.0014234466943889856	0.00020913206390105188
644	excitement	../syntropy_project/models/model_10	../syntropy_project/models/model_10	neutral	0.48120811581611633	0.06673773378133774	0.07263436913490295	0.1625693440437317	0.48120811581611633	0.03426726534962654	0.02165846712887287	0.02262670360505581	0.018979111686348915	0.022895487025380135	0.06894394010305405	0.012380920350551605	0.015098555013537407
645	joy	../syntropy_project/models/model_10	../syntropy_project/models/model_10	joy	0.5108720064163208	0.08233513683080673	0.2111939787864685	0.5108720064163208	0.17404794692993164	0.012100270949304104	0.002962350845336914	0.0012867319164797664	0.001113081001676619	0.0021533092949539423	0.0008952647331170738	0.0005336929461918771	0.0005062564741820097
646	pride	../syntropy_project/models/model_10	../syntropy_project/models/model_10	excitement	0.3084680438041687	0.2085135579109192	0.3084680438041687	0.3063421845436096	0.1417938470840454	0.025250175967812538	0.002898162230849266	0.0018111926037818193	0.0013005959335714579	0.0008919032989069819	0.0015696322079747915	0.0007277849945239723	0.0004327755596023053
647	sadness	../syntropy_project/models/model_10	../syntropy_project/models/model_10	nervousness	0.5909549593925476	0.030783945694565773	0.0077962856739759445	0.027717938646674156	0.062005989253520966	0.008234181441366673	0.5909549593925476	0.03249440714716911	0.017328185960650444	0.10222683846950531	0.031674060970544815	0.05881727859377861	0.029965979978442192
648	neutral	../syntropy_project/models/model_10	../syntropy_project/models/model_10	neutral	0.5704314708709717	0.09404174238443375	0.05708298087120056	0.1980748325586319	0.5704314708709717	0.04032987356185913	0.009853469207882881	0.003757494268938899	0.0045667183585464954	0.011856299825012684	0.003201837418600917	0.0048082005232572556	0.00199499842710793
649	joy	../syntropy_project/models/model_10	../syntropy_project/models/model_10	neutral	0.47254666686058044	0.056377723813056946	0.0990963727235794	0.34110549092292786	0.47254666686058044	0.020063083618879318	0.0036133176181465387	0.0006944347987882793	0.0014162511797621846	0.003279512980952859	0.0007746093324385583	0.0008247372461482882	0.00020769443653989583
650	confusion	../syntropy_project/models/model_10	../syntropy_project/models/model_10	nervousness	0.6514578461647034	0.009253357537090778	0.002114132745191455	0.011500169523060322	0.019730692729353905	0.007531921379268169	0.6514578461647034	0.02172788418829441	0.12907607853412628	0.06296443194150925	0.013433742336928844	0.0467398576438427	0.024469884112477303
651	excitement	../syntropy_project/models/model_10	../syntropy_project/models/model_10	joy	0.43751978874206543	0.09330914914608002	0.1380152702331543	0.43751978874206543	0.29650428891181946	0.026518382132053375	0.0022595073096454144	0.0007311186054721475	0.0011374200694262981	0.002287406474351883	0.0006941779283806682	0.000749266124330461	0.00027421838603913784
652	pride	../syntropy_project/models/model_10	../syntropy_project/models/model_10	joy	0.31900107860565186	0.21509221196174622	0.13118471205234528	0.31900107860565186	0.3084498643875122	0.008113820105791092	0.010142569430172443	0.0008412692113779485	0.001707622897811234	0.0025751504581421614	0.0013597701909020543	0.0009073230321519077	0.0006246144184842706
653	surprise	../syntropy_project/models/model_10	../syntropy_project/models/model_10	surprise	0.8073309659957886	0.03309338167309761	0.06353162229061127	0.02532336674630642	0.03755210340023041	0.8073309659957886	0.006869278382509947	0.005533750634640455	0.013132027350366116	0.0027054925449192524	0.002396682044491172	0.0021559465676546097	0.0003752587945200503
654	excitement	../syntropy_project/models/model_10	../syntropy_project/models/model_10	excitement	0.6478954553604126	0.11332597583532333	0.6478954553604126	0.08012741804122925	0.12693555653095245	0.014621264301240444	0.013607360422611237	0.0006136024021543562	0.000705287791788578	0.0006793779321014881	0.0005659725866280496	0.0006076155696064234	0.00031506919185630977
655	excitement	../syntropy_project/models/model_10	../syntropy_project/models/model_10	excitement	0.8011430501937866	0.13156867027282715	0.8011430501937866	0.008328613825142384	0.011709293350577354	0.008175184018909931	0.03688476234674454	0.0002840205852407962	0.00021509200450964272	0.00031742246937938035	0.0002731599670369178	0.00034120111376978457	0.0007595937349833548
656	joy	../syntropy_project/models/model_10	../syntropy_project/models/model_10	joy	0.4177137315273285	0.2274979203939438	0.19633479416370392	0.4177137315273285	0.12734386324882507	0.02494523487985134	0.002372879534959793	0.0006298544467426836	0.0006328106392174959	0.0013558970531448722	0.0005174286779947579	0.0004990705056115985	0.0001565887505421415
657	confusion	../syntropy_project/models/model_10	../syntropy_project/models/model_10	nervousness	0.45981794595718384	0.01749042607843876	0.006223935168236494	0.02060428261756897	0.046207208186388016	0.004531059414148331	0.45981794595718384	0.04349328950047493	0.028435776010155678	0.06673326343297958	0.10683722794055939	0.036971315741539	0.16265426576137543
658	neutral	../syntropy_project/models/model_10	../syntropy_project/models/model_10	neutral	0.5534859895706177	0.03339709714055061	0.10084328800439835	0.26778221130371094	0.5534859895706177	0.027043700218200684	0.004563627298921347	0.0010901824571192265	0.0030476918909698725	0.005754920653998852	0.0011015089694410563	0.0016675115330144763	0.00022226797591429204
659	embarrassment	../syntropy_project/models/model_10	../syntropy_project/models/model_10	embarrassment	0.37401217222213745	0.02774236723780632	0.004743075929582119	0.019029056653380394	0.028219370171427727	0.030444543808698654	0.09741675853729248	0.37401217222213745	0.1350395381450653	0.13336683809757233	0.041189953684806824	0.01787826605141163	0.09091801941394806
660	joy	../syntropy_project/models/model_10	../syntropy_project/models/model_10	pride	0.2892001271247864	0.2892001271247864	0.052154336124658585	0.17709125578403473	0.12235907465219498	0.011039704084396362	0.21889767050743103	0.01551680639386177	0.00843511801213026	0.04475479945540428	0.016437875106930733	0.006980558857321739	0.03713265806436539
661	joy	../syntropy_project/models/model_10	../syntropy_project/models/model_10	joy	0.3720606565475464	0.2471134215593338	0.18034414947032928	0.3720606565475464	0.18787626922130585	0.004565900191664696	0.005005529150366783	0.0005352291627787054	0.00044657362741418183	0.0010499166091904044	0.0004402681952342391	0.000279368570772931	0.00028282482526265085
662	nervousness	../syntropy_project/models/model_10	../syntropy_project/models/model_10	nervousness	0.24534115195274353	0.21283017098903656	0.0556664764881134	0.1804698258638382	0.1728101372718811	0.018526794388890266	0.24534115195274353	0.016023553907871246	0.01019585132598877	0.038211241364479065	0.017319725826382637	0.007632975932210684	0.024972103536128998
663	neutral	../syntropy_project/models/model_10	../syntropy_project/models/model_10	neutral	0.3693321943283081	0.12058759480714798	0.042811110615730286	0.34250542521476746	0.3693321943283081	0.027560831978917122	0.01705407164990902	0.01584024727344513	0.04119928553700447	0.009835584089159966	0.00648588826879859	0.004404945764690638	0.0023827471304684877
664	surprise	../syntropy_project/models/model_10	../syntropy_project/models/model_10	nervousness	0.6496515274047852	0.016676563769578934	0.007494619116187096	0.009169713594019413	0.0258589219301939	0.036879923194646835	0.6496515274047852	0.03205437213182449	0.040204308927059174	0.03783012181520462	0.02680300548672676	0.0769355371594429	0.04044145345687866
665	joy	../syntropy_project/models/model_10	../syntropy_project/models/model_10	neutral	0.37404683232307434	0.1109885722398758	0.19037340581417084	0.277910441160202	0.37404683232307434	0.03283274546265602	0.005251183174550533	0.0012802665587514639	0.0022635406348854303	0.0025960395578294992	0.0009271731250919402	0.001148619339801371	0.00038110645255073905
666	joy	../syntropy_project/models/model_10	../syntropy_project/models/model_10	neutral	0.4730965197086334	0.10157018899917603	0.10597744584083557	0.30169978737831116	0.4730965197086334	0.010612426325678825	0.0022993506863713264	0.0007108791032806039	0.0014701297041028738	0.0013160129310563207	0.0006324583082459867	0.00047636267845518887	0.00013842374028172344
667	neutral	../syntropy_project/models/model_10	../syntropy_project/models/model_10	neutral	0.8196380734443665	0.014545910060405731	0.040618062019348145	0.09620434790849686	0.8196380734443665	0.019680282101035118	0.0021692346781492233	0.00041237409459427	0.002279964741319418	0.002360542304813862	0.0005788198905065656	0.001432183780707419	8.015348430490121e-05
668	neutral	../syntropy_project/models/model_10	../syntropy_project/models/model_10	joy	0.44621801376342773	0.3031437397003174	0.07857605069875717	0.44621801376342773	0.14561811089515686	0.014318697154521942	0.004968442488461733	0.0013514639576897025	0.0013938328484073281	0.0023930587340146303	0.0007091027800925076	0.0009528925875201821	0.00035657896660268307
669	pride	../syntropy_project/models/model_10	../syntropy_project/models/model_10	pride	0.3179052770137787	0.3179052770137787	0.1895880103111267	0.28768977522850037	0.17912818491458893	0.007145644631236792	0.01236078143119812	0.0011848442954942584	0.001154993660748005	0.0013637890806421638	0.0006787655875086784	0.001096519990824163	0.0007033533765934408
670	nervousness	../syntropy_project/models/model_10	../syntropy_project/models/model_10	nervousness	0.47592949867248535	0.03509178385138512	0.006016978062689304	0.023903336375951767	0.026659157127141953	0.003917081281542778	0.47592949867248535	0.05530772730708122	0.023920731619000435	0.12688294053077698	0.06495203822851181	0.02292807400226593	0.13449060916900635
671	pride	../syntropy_project/models/model_10	../syntropy_project/models/model_10	pride	0.7532913088798523	0.7532913088798523	0.2050444483757019	0.011866863816976547	0.008941908366978168	0.003338558366522193	0.015553208068013191	0.0005952324718236923	0.00015838471881579608	0.00030159851303324103	0.0002906857989728451	0.0002041889529209584	0.0004136401985306293
672	neutral	../syntropy_project/models/model_10	../syntropy_project/models/model_10	neutral	0.5992233753204346	0.04545679688453674	0.0582866370677948	0.28232094645500183	0.5992233753204346	0.005451286677271128	0.003417785745114088	0.0003640486975200474	0.001408686162903905	0.002361080376431346	0.0005858318763785064	0.0008362199296243489	0.0002873452613130212
673	excitement	../syntropy_project/models/model_10	../syntropy_project/models/model_10	excitement	0.3610207140445709	0.18276111781597137	0.3610207140445709	0.16269542276859283	0.22672779858112335	0.041910044848918915	0.014885532669723034	0.0020500593818724155	0.0028130982536822557	0.001512952265329659	0.001405237941071391	0.0012762857368215919	0.0009418014087714255
674	neutral	../syntropy_project/models/model_10	../syntropy_project/models/model_10	neutral	0.43301302194595337	0.0807420015335083	0.06965167820453644	0.39627712965011597	0.43301302194595337	0.01169692724943161	0.0031770039349794388	0.0007305575418286026	0.001557055744342506	0.0017862358363345265	0.00047527634887956083	0.0007702682632952929	0.00012288989091757685
675	pride	../syntropy_project/models/model_10	../syntropy_project/models/model_10	pride	0.45013347268104553	0.45013347268104553	0.253255158662796	0.16326755285263062	0.10360971093177795	0.011630958877503872	0.014437711797654629	0.0008788475533947349	0.0007002906058914959	0.0006767218583263457	0.0005628399085253477	0.0004666222375817597	0.0003801634011324495
676	neutral	../syntropy_project/models/model_10	../syntropy_project/models/model_10	joy	0.4234831929206848	0.23886485397815704	0.07562173902988434	0.4234831929206848	0.21572907269001007	0.013454160653054714	0.014503254555165768	0.002419464522972703	0.0026750080287456512	0.005994983483105898	0.002449377439916134	0.002288897056132555	0.002515985630452633
677	excitement	../syntropy_project/models/model_10	../syntropy_project/models/model_10	joy	0.37063494324684143	0.21796682476997375	0.3103446066379547	0.37063494324684143	0.07577802240848541	0.008382576517760754	0.009216086938977242	0.0008387714042328298	0.0007575291092507541	0.0024491706863045692	0.0007009293767623603	0.0009705442353151739	0.0019600430969148874
678	surprise	../syntropy_project/models/model_10	../syntropy_project/models/model_10	nervousness	0.23580701649188995	0.03569832071661949	0.018867406994104385	0.03329168260097504	0.04312857612967491	0.01796187087893486	0.23580701649188995	0.10997550189495087	0.04024488478899002	0.07832721620798111	0.1633676141500473	0.04797976836562157	0.1753500998020172
679	anger	../syntropy_project/models/model_10	../syntropy_project/models/model_10	neutral	0.43276503682136536	0.04706321284174919	0.1006217896938324	0.2829703986644745	0.43276503682136536	0.08674222230911255	0.01544590201228857	0.003326922655105591	0.005354002583771944	0.013509659096598625	0.004260567016899586	0.006589989643543959	0.0013503642985597253
680	excitement	../syntropy_project/models/model_10	../syntropy_project/models/model_10	neutral	0.31670045852661133	0.23335443437099457	0.14180640876293182	0.27601176500320435	0.31670045852661133	0.014383583329617977	0.010207321494817734	0.0007836000877432525	0.0013727659825235605	0.003263709833845496	0.0007366423960775137	0.0008307457319460809	0.0005486365989781916
681	joy	../syntropy_project/models/model_10	../syntropy_project/models/model_10	joy	0.5328599214553833	0.07825646549463272	0.11182061582803726	0.5328599214553833	0.26145413517951965	0.00777724152430892	0.002041573403403163	0.0008659570012241602	0.0010174097260460258	0.0025357825215905905	0.0006651678122580051	0.0005204027984291315	0.00018537369032856077
682	joy	../syntropy_project/models/model_10	../syntropy_project/models/model_10	joy	0.47374269366264343	0.09957582503557205	0.18041443824768066	0.47374269366264343	0.23351693153381348	0.006222439929842949	0.002041539177298546	0.000364650331903249	0.0010248345788568258	0.0019258350366726518	0.00042371038580313325	0.0004623690329026431	0.00028462469344958663
683	neutral	../syntropy_project/models/model_10	../syntropy_project/models/model_10	neutral	0.3388916552066803	0.06035296618938446	0.01663113944232464	0.056195203214883804	0.3388916552066803	0.04505879059433937	0.11353391408920288	0.023617859929800034	0.05206893011927605	0.06486890465021133	0.017636485397815704	0.17624427378177643	0.034899841994047165
684	joy	../syntropy_project/models/model_10	../syntropy_project/models/model_10	pride	0.4664961099624634	0.4664961099624634	0.18043281137943268	0.26066553592681885	0.0678611621260643	0.007926671765744686	0.011442488990724087	0.0013445591321215034	0.0008042366243898869	0.0009222799562849104	0.0009077354334294796	0.0004213190986774862	0.0007751635857857764
685	joy	../syntropy_project/models/model_10	../syntropy_project/models/model_10	joy	0.45880359411239624	0.1078416258096695	0.1360924243927002	0.45880359411239624	0.28448057174682617	0.00800612848252058	0.0013780054869130254	0.0005261466722004116	0.0007359342416748405	0.001277583884075284	0.00034925833460874856	0.00037176054320298135	0.00013695322559215128
686	neutral	../syntropy_project/models/model_10	../syntropy_project/models/model_10	pride	0.355167418718338	0.355167418718338	0.1247570812702179	0.21672238409519196	0.19517047703266144	0.04167374595999718	0.04195723682641983	0.005129377823323011	0.008489277213811874	0.004371355753391981	0.002213367260992527	0.0026523603592067957	0.001695855287835002
687	neutral	../syntropy_project/models/model_10	../syntropy_project/models/model_10	joy	0.6545329689979553	0.08716470748186111	0.11767110228538513	0.6545329689979553	0.11384079605340958	0.019696589559316635	0.0013560160296037793	0.0009335764916613698	0.0011663486948236823	0.0020690110977739096	0.0007480616332031786	0.0005355554749257863	0.00028521704371087253
688	neutral	../syntropy_project/models/model_10	../syntropy_project/models/model_10	neutral	0.7576416730880737	0.026019738987088203	0.04195219278335571	0.12509410083293915	0.7576416730880737	0.01814369298517704	0.012607136741280556	0.0012317746877670288	0.0044222366996109486	0.007854566909372807	0.001623981399461627	0.0030770280864089727	0.0003318688250146806
689	neutral	../syntropy_project/models/model_10	../syntropy_project/models/model_10	nervousness	0.7693523168563843	0.008117654360830784	0.0035060339141637087	0.007548683788627386	0.0163139458745718	0.003128930227831006	0.7693523168563843	0.02012821100652218	0.01204886194318533	0.02871718443930149	0.02111872471868992	0.053631797432899475	0.056387804448604584
690	joy	../syntropy_project/models/model_10	../syntropy_project/models/model_10	excitement	0.5216001272201538	0.20900622010231018	0.5216001272201538	0.13852760195732117	0.0642215684056282	0.0444672517478466	0.01276538334786892	0.0020312462002038956	0.001446698559448123	0.0012404172448441386	0.0020108388271182775	0.001358349691145122	0.0013242256827652454
691	pride	../syntropy_project/models/model_10	../syntropy_project/models/model_10	pride	0.6929786205291748	0.6929786205291748	0.24510298669338226	0.017050493508577347	0.009961331263184547	0.009099087677896023	0.022214375436306	0.0010721548460423946	0.00031821324955672026	0.00040690237074159086	0.0004897250910289586	0.0004250566998962313	0.0008810172439552844
692	excitement	../syntropy_project/models/model_10	../syntropy_project/models/model_10	joy	0.513167679309845	0.13246707618236542	0.12464302778244019	0.513167679309845	0.21089404821395874	0.011008326895534992	0.0032120016403496265	0.0005958572728559375	0.0011207518400624394	0.0015339209930971265	0.0006569498800672591	0.00048614878323860466	0.00021414211369119585
693	neutral	../syntropy_project/models/model_10	../syntropy_project/models/model_10	joy	0.3633762300014496	0.13271722197532654	0.13961616158485413	0.3633762300014496	0.32613837718963623	0.013798189349472523	0.0104233892634511	0.0016820195596665144	0.0030970252119004726	0.005734797101467848	0.0010844575008377433	0.0014042238472029567	0.0009279413498006761
694	neutral	../syntropy_project/models/model_10	../syntropy_project/models/model_10	neutral	0.7937482595443726	0.03319348394870758	0.03486219421029091	0.055075421929359436	0.7937482595443726	0.023718031123280525	0.025972431525588036	0.002258067484945059	0.011062884703278542	0.0079204635694623	0.0032014555763453245	0.008006799966096878	0.0009803356369957328
695	surprise	../syntropy_project/models/model_10	../syntropy_project/models/model_10	surprise	0.863618016242981	0.02159687504172325	0.03589698672294617	0.010206936858594418	0.026761258020997047	0.863618016242981	0.007329738698899746	0.00829789973795414	0.01662440039217472	0.002550937468186021	0.0038728895597159863	0.002730252221226692	0.0005139198037795722
696	pride	../syntropy_project/models/model_10	../syntropy_project/models/model_10	neutral	0.5414255261421204	0.10589604079723358	0.14534184336662292	0.16488386690616608	0.5414255261421204	0.017366716638207436	0.015609406866133213	0.0008741836063563824	0.0023059463128447533	0.0030856409575790167	0.000782170332968235	0.0018940774025395513	0.0005345222307369113
697	excitement	../syntropy_project/models/model_10	../syntropy_project/models/model_10	neutral	0.3487198054790497	0.14073079824447632	0.14115706086158752	0.28846731781959534	0.3487198054790497	0.026565246284008026	0.026116639375686646	0.0022926402743905783	0.004469540901482105	0.01204204373061657	0.0033509477507323027	0.004047409165650606	0.002040563151240349
698	joy	../syntropy_project/models/model_10	../syntropy_project/models/model_10	neutral	0.39691704511642456	0.13024531304836273	0.09953715652227402	0.30230170488357544	0.39691704511642456	0.029722822830080986	0.015625998377799988	0.003448562230914831	0.006490820087492466	0.008446238934993744	0.0031792663503438234	0.0030234986916184425	0.0010615382343530655
699	neutral	../syntropy_project/models/model_10	../syntropy_project/models/model_10	neutral	0.3476269543170929	0.15968872606754303	0.08065139502286911	0.20625735819339752	0.3476269543170929	0.05265442281961441	0.08577398955821991	0.008899928070604801	0.011468675918877125	0.02822130173444748	0.007727971766144037	0.006788190919905901	0.004241120535880327
700	joy	../syntropy_project/models/model_10	../syntropy_project/models/model_10	joy	0.5608994364738464	0.11707004904747009	0.0782313421368599	0.5608994364738464	0.22702987492084503	0.005503470543771982	0.00516459159553051	0.0004863945650868118	0.0008481520344503224	0.0031919179018586874	0.0005839061341248453	0.000693460286129266	0.0002974452800117433
701	pride	../syntropy_project/models/model_10	../syntropy_project/models/model_10	joy	0.39179447293281555	0.23323777318000793	0.12375861406326294	0.39179447293281555	0.22654929757118225	0.009407103061676025	0.008170204237103462	0.000959741766564548	0.001277571078389883	0.0029480832163244486	0.0006927583599463105	0.0007216081139631569	0.0004827065276913345
702	joy	../syntropy_project/models/model_10	../syntropy_project/models/model_10	joy	0.4624727666378021	0.04628017172217369	0.1057007759809494	0.4624727666378021	0.3509710133075714	0.01617487333714962	0.005957660730928183	0.0010667723836377263	0.00203512329608202	0.006204979494214058	0.0014733662828803062	0.001344486721791327	0.0003179969498887658
703	excitement	../syntropy_project/models/model_10	../syntropy_project/models/model_10	excitement	0.2662169337272644	0.21757899224758148	0.2662169337272644	0.25192415714263916	0.2202773541212082	0.03305007889866829	0.004953449591994286	0.0012740815291181207	0.0011984045850113034	0.0013854538556188345	0.0009019259014166892	0.0009178755572065711	0.0003213004965800792
704	anger	../syntropy_project/models/model_10	../syntropy_project/models/model_10	disgust	0.29564541578292847	0.013880500569939613	0.020666299387812614	0.018451256677508354	0.04832461103796959	0.02764509804546833	0.1355607956647873	0.03772367909550667	0.01935071498155594	0.07891350239515305	0.29564541578292847	0.19974011182785034	0.10409801453351974
705	pride	../syntropy_project/models/model_10	../syntropy_project/models/model_10	pride	0.4063706696033478	0.4063706696033478	0.16504159569740295	0.16503505408763885	0.19822894036769867	0.02219044417142868	0.034205563366413116	0.0019187422003597021	0.0012566905934363604	0.0016020550392568111	0.0013713953085243702	0.0015081119490787387	0.001270674867555499
706	joy	../syntropy_project/models/model_10	../syntropy_project/models/model_10	neutral	0.5583926439285278	0.035377707332372665	0.08402585983276367	0.288995623588562	0.5583926439285278	0.025103023275732994	0.0018818493699654937	0.0004901920910924673	0.0013105915859341621	0.002571035409346223	0.0006851633079349995	0.001071964274160564	9.424504241906106e-05
707	joy	../syntropy_project/models/model_10	../syntropy_project/models/model_10	joy	0.41000279784202576	0.1206144243478775	0.13809095323085785	0.41000279784202576	0.2976699769496918	0.024083564057946205	0.0014299353351816535	0.0011681793257594109	0.001463500433601439	0.003595378017053008	0.0007870920817367733	0.0008627590723335743	0.00023136028903536499
708	joy	../syntropy_project/models/model_10	../syntropy_project/models/model_10	joy	0.34485331177711487	0.11129064857959747	0.19802916049957275	0.34485331177711487	0.3310951590538025	0.00865984708070755	0.0028567591216415167	0.0005151529330760241	0.0006550443358719349	0.0009006069740280509	0.0005287719541229308	0.00046380810090340674	0.000151696935063228
709	excitement	../syntropy_project/models/model_10	../syntropy_project/models/model_10	pride	0.5082477331161499	0.5082477331161499	0.4456222653388977	0.008844573982059956	0.006988095585256815	0.013672877103090286	0.011851189658045769	0.0011915297945961356	0.0003836928226519376	0.0003547505766618997	0.0008823280804790556	0.0006601589266210794	0.0013007298111915588
710	excitement	../syntropy_project/models/model_10	../syntropy_project/models/model_10	joy	0.5455039739608765	0.125204935669899	0.19602416455745697	0.5455039739608765	0.11493727564811707	0.010510957799851894	0.003343758638948202	0.0005442961701191962	0.0007618256495334208	0.0017570072086527944	0.00043400106369517744	0.0006874518003314734	0.000290267780655995
711	excitement	../syntropy_project/models/model_10	../syntropy_project/models/model_10	excitement	0.47723904252052307	0.14124812185764313	0.47723904252052307	0.06758907437324524	0.08658552914857864	0.05788663774728775	0.11917520314455032	0.005971343256533146	0.008013618178665638	0.005044673103839159	0.006015766877681017	0.006838977802544832	0.01839195378124714
712	neutral	../syntropy_project/models/model_10	../syntropy_project/models/model_10	neutral	0.3552842438220978	0.09536653757095337	0.11366377770900726	0.33314967155456543	0.3552842438220978	0.06907900422811508	0.0037648959551006556	0.004675327334553003	0.003969378769397736	0.008543873205780983	0.006942335050553083	0.004421351011842489	0.001139591564424336
713	excitement	../syntropy_project/models/model_10	../syntropy_project/models/model_10	excitement	0.32725000381469727	0.23900745809078217	0.32725000381469727	0.2570575177669525	0.1521383374929428	0.018466288223862648	0.0032720561139285564	0.0005476551013998687	0.0004616162914317101	0.0006590313860215247	0.000514405663125217	0.0004553011676762253	0.0001703305315459147
714	pride	../syntropy_project/models/model_10	../syntropy_project/models/model_10	pride	0.2992786765098572	0.2992786765098572	0.13617509603500366	0.12624134123325348	0.176180899143219	0.09684833884239197	0.08705519139766693	0.01984991319477558	0.010955192148685455	0.015609734691679478	0.013168955221772194	0.010041292756795883	0.008595245890319347
715	excitement	../syntropy_project/models/model_10	../syntropy_project/models/model_10	excitement	0.368179589509964	0.31487220525741577	0.368179589509964	0.16780953109264374	0.08220399171113968	0.04304371401667595	0.011528335511684418	0.0027349377050995827	0.004264689050614834	0.0012096855789422989	0.0011057199444621801	0.0011207396164536476	0.001926896977238357
716	excitement	../syntropy_project/models/model_10	../syntropy_project/models/model_10	excitement	0.6403717994689941	0.056911107152700424	0.6403717994689941	0.16837115585803986	0.06718418747186661	0.05483414977788925	0.002725668018683791	0.0021826045121997595	0.0011601513251662254	0.001233432674780488	0.0019571478478610516	0.0017593689262866974	0.0013092586304992437
717	neutral	../syntropy_project/models/model_10	../syntropy_project/models/model_10	neutral	0.3337562382221222	0.19247384369373322	0.3213420510292053	0.07482881844043732	0.3337562382221222	0.033389054238796234	0.01570911332964897	0.0060533382929861546	0.010301191359758377	0.0022502713836729527	0.0020612888038158417	0.004092953633517027	0.003741747699677944
718	excitement	../syntropy_project/models/model_10	../syntropy_project/models/model_10	pride	0.47886285185813904	0.47886285185813904	0.4305698573589325	0.028840847313404083	0.037832051515579224	0.009449456818401814	0.011334693990647793	0.0007020747289061546	0.0004941573133692145	0.00045514098019339144	0.00045322670484893024	0.0004928097478114069	0.0005127519252710044
719	pride	../syntropy_project/models/model_10	../syntropy_project/models/model_10	joy	0.5490490794181824	0.13350968062877655	0.1276688128709793	0.5490490794181824	0.17410080134868622	0.00934656709432602	0.002329014241695404	0.000670294335577637	0.0007387423538602889	0.0014818960335105658	0.00044050547876395285	0.00042929203482344747	0.00023530644830316305
720	excitement	../syntropy_project/models/model_10	../syntropy_project/models/model_10	excitement	0.7460805177688599	0.07601618766784668	0.7460805177688599	0.04166576266288757	0.04990052059292793	0.0211394801735878	0.052462950348854065	0.000956210249569267	0.0015410941559821367	0.0011461233953014016	0.0016458211466670036	0.0014867670834064484	0.0059587229043245316
721	anger	../syntropy_project/models/model_10	../syntropy_project/models/model_10	nervousness	0.43517038226127625	0.010053605772554874	0.00550647359341383	0.012314705178141594	0.05149262398481369	0.010649594478309155	0.43517038226127625	0.02737843059003353	0.048285871744155884	0.12964104115962982	0.032535504549741745	0.17444436252117157	0.0625273659825325
722	pride	../syntropy_project/models/model_10	../syntropy_project/models/model_10	excitement	0.4007652997970581	0.15641896426677704	0.4007652997970581	0.216312974691391	0.20446650683879852	0.014115176163613796	0.004397010896354914	0.0005684695788659155	0.0006145150400698185	0.0008393251337110996	0.0006728651933372021	0.0006135622970759869	0.00021534733241423965
723	neutral	../syntropy_project/models/model_10	../syntropy_project/models/model_10	joy	0.30946671962738037	0.1747039258480072	0.19693706929683685	0.30946671962738037	0.26688316464424133	0.03997897356748581	0.0048743076622486115	0.001330144121311605	0.0014916639775037766	0.0020346499513834715	0.0010140020167455077	0.0009304190170951188	0.0003548788372427225
724	neutral	../syntropy_project/models/model_10	../syntropy_project/models/model_10	joy	0.39974460005760193	0.2743362486362457	0.12873905897140503	0.39974460005760193	0.18389753997325897	0.00580050190910697	0.004184025805443525	0.000534163205884397	0.0005955129745416343	0.0012292158789932728	0.00033028979669325054	0.0003616287431214005	0.00024726003175601363
725	neutral	../syntropy_project/models/model_10	../syntropy_project/models/model_10	neutral	0.7076719999313354	0.021980758756399155	0.04926673695445061	0.17382864654064178	0.7076719999313354	0.022799795493483543	0.006034418474882841	0.0012776411604136229	0.0035718344151973724	0.008861604146659374	0.0020492628682404757	0.0023634356912225485	0.0002938134712167084
726	pride	../syntropy_project/models/model_10	../syntropy_project/models/model_10	joy	0.5003178119659424	0.088025763630867	0.280010461807251	0.5003178119659424	0.11335555464029312	0.01410957146435976	0.0013062803773209453	0.0006126880762167275	0.0006295872153714299	0.0007335064001381397	0.00046308565651997924	0.0002709838154260069	0.0001646106829866767
727	excitement	../syntropy_project/models/model_10	../syntropy_project/models/model_10	excitement	0.4169843792915344	0.21116092801094055	0.4169843792915344	0.21927474439144135	0.11682718992233276	0.014421232044696808	0.01345390360802412	0.0013363375328481197	0.0017367933178320527	0.0014999405248090625	0.0010711385402828455	0.0009000548161566257	0.0013334654504433274
728	joy	../syntropy_project/models/model_10	../syntropy_project/models/model_10	joy	0.3831690549850464	0.07204706221818924	0.15471413731575012	0.3831690549850464	0.37479639053344727	0.009466590359807014	0.0017044900450855494	0.0006677135825157166	0.0013580278027802706	0.0010295789688825607	0.0004753023968078196	0.00041564524872228503	0.00015601397899445146
729	nervousness	../syntropy_project/models/model_10	../syntropy_project/models/model_10	surprise	0.3617251515388489	0.15352235734462738	0.12547867000102997	0.08352603763341904	0.15656757354736328	0.3617251515388489	0.05811692774295807	0.013121518306434155	0.02096676640212536	0.006785180885344744	0.004124421626329422	0.008871437981724739	0.007193938363343477
730	sadness	../syntropy_project/models/model_10	../syntropy_project/models/model_10	sadness	0.2723676562309265	0.057768553495407104	0.01675453968346119	0.0980767160654068	0.09222980588674545	0.043658625334501266	0.17805463075637817	0.048031285405159	0.040855277329683304	0.2723676562309265	0.07690060138702393	0.03920445963740349	0.03609789162874222
731	pride	../syntropy_project/models/model_10	../syntropy_project/models/model_10	joy	0.37441807985305786	0.18686072528362274	0.13287125527858734	0.37441807985305786	0.25202885270118713	0.03535212576389313	0.006557718850672245	0.0010978870559483767	0.0011492061894387007	0.007085849065333605	0.0008120604325085878	0.0013308972120285034	0.00043528355308808386
732	pride	../syntropy_project/models/model_10	../syntropy_project/models/model_10	excitement	0.3725793957710266	0.18528343737125397	0.3725793957710266	0.2974707782268524	0.11341065913438797	0.023225996643304825	0.0037600465584546328	0.001077474793419242	0.0008106869645416737	0.0008771151769906282	0.000750084756873548	0.0004286192706786096	0.00032573804492130876
733	nervousness	../syntropy_project/models/model_10	../syntropy_project/models/model_10	nervousness	0.8136640787124634	0.008089986629784107	0.00539507856592536	0.008841225877404213	0.014467972330749035	0.008127139881253242	0.8136640787124634	0.011545729823410511	0.017461586743593216	0.03782782331109047	0.0075191929936409	0.05067427083849907	0.01638595014810562
734	neutral	../syntropy_project/models/model_10	../syntropy_project/models/model_10	neutral	0.4683886170387268	0.18514730036258698	0.1474277526140213	0.13207297027111053	0.4683886170387268	0.018038880079984665	0.03713928163051605	0.0008735819137655199	0.0027800367679446936	0.003524116240441799	0.0012468419736251235	0.002476283349096775	0.0008843524265103042
735	nervousness	../syntropy_project/models/model_10	../syntropy_project/models/model_10	neutral	0.4503691792488098	0.08448737114667892	0.0644194558262825	0.17119498550891876	0.4503691792488098	0.013437618501484394	0.17091520130634308	0.004030347336083651	0.005288529209792614	0.01878421939909458	0.004638939164578915	0.008463292382657528	0.00397083256393671
736	excitement	../syntropy_project/models/model_10	../syntropy_project/models/model_10	joy	0.42493733763694763	0.11203955113887787	0.05658703297376633	0.42493733763694763	0.3477610647678375	0.006687491666525602	0.028538992628455162	0.002773403422906995	0.0035469629801809788	0.006475171539932489	0.003528391942381859	0.004580364096909761	0.0025442426558583975
737	neutral	../syntropy_project/models/model_10	../syntropy_project/models/model_10	joy	0.28370749950408936	0.06308861076831818	0.03866059333086014	0.28370749950408936	0.2687486410140991	0.03264538198709488	0.12403809279203415	0.016615644097328186	0.024104813113808632	0.09532839059829712	0.011490670032799244	0.03493024781346321	0.006641327403485775
738	excitement	../syntropy_project/models/model_10	../syntropy_project/models/model_10	neutral	0.44964003562927246	0.11577825248241425	0.25798118114471436	0.12262752652168274	0.44964003562927246	0.014072802849113941	0.03274799883365631	0.0005929882754571736	0.0015589939430356026	0.0018622714560478926	0.0007395445718429983	0.0015315618366003036	0.0008669184171594679
739	joy	../syntropy_project/models/model_10	../syntropy_project/models/model_10	neutral	0.402239590883255	0.07842903584241867	0.06189218908548355	0.208588108420372	0.402239590883255	0.03404795378446579	0.10073714703321457	0.011112615466117859	0.011690213344991207	0.05144420266151428	0.015004700049757957	0.01682993397116661	0.007984332740306854
740	joy	../syntropy_project/models/model_10	../syntropy_project/models/model_10	neutral	0.411773681640625	0.09808017313480377	0.05416656658053398	0.2835870087146759	0.411773681640625	0.028948260471224785	0.05335763096809387	0.0059041790664196014	0.011092999950051308	0.02916058897972107	0.007654479704797268	0.01314594317227602	0.0031285006552934647
741	surprise	../syntropy_project/models/model_10	../syntropy_project/models/model_10	surprise	0.6397395730018616	0.01837911456823349	0.042806193232536316	0.013467575423419476	0.03377320617437363	0.6397395730018616	0.013231155462563038	0.03786124289035797	0.041749440133571625	0.009393010288476944	0.12095338851213455	0.022533338516950607	0.006112725008279085
742	neutral	../syntropy_project/models/model_10	../syntropy_project/models/model_10	joy	0.40734556317329407	0.10992829501628876	0.2189931422472	0.40734556317329407	0.21641506254673004	0.026384323835372925	0.004741908982396126	0.0021482398733496666	0.0019776872359216213	0.004244096111506224	0.0035819176118820906	0.001829246524721384	0.0024104409385472536
743	pride	../syntropy_project/models/model_10	../syntropy_project/models/model_10	pride	0.8362505435943604	0.8362505435943604	0.13213984668254852	0.014351842924952507	0.0037165454123169184	0.002457837574183941	0.009166872128844261	0.0006470995722338557	9.371455234941095e-05	0.00022457787417806685	0.00023907945433165878	0.00014917057706043124	0.0005630039377138019
744	pride	../syntropy_project/models/model_10	../syntropy_project/models/model_10	excitement	0.42077144980430603	0.24082867801189423	0.42077144980430603	0.1386374831199646	0.1414397656917572	0.015169855207204819	0.03409388288855553	0.0013632331974804401	0.002341639716178179	0.0012839108239859343	0.0009666784317232668	0.0011868346482515335	0.001916653709486127
745	nervousness	../syntropy_project/models/model_10	../syntropy_project/models/model_10	neutral	0.3350558578968048	0.2045840173959732	0.08104798197746277	0.13023333251476288	0.3350558578968048	0.04143771901726723	0.14140041172504425	0.010771147906780243	0.01693256013095379	0.01192290335893631	0.008589784614741802	0.0068536000326275826	0.011170603334903717
746	excitement	../syntropy_project/models/model_10	../syntropy_project/models/model_10	excitement	0.3922867178916931	0.32070761919021606	0.3922867178916931	0.1708514392375946	0.08666171133518219	0.01686975359916687	0.006384913809597492	0.0019616782665252686	0.0011163594899699092	0.0007699576090089977	0.0010729583445936441	0.000435042631579563	0.0008818801725283265
747	nervousness	../syntropy_project/models/model_10	../syntropy_project/models/model_10	nervousness	0.7966958284378052	0.009192869067192078	0.004753400105983019	0.009617863222956657	0.026941195130348206	0.0038277548737823963	0.7966958284378052	0.008585337549448013	0.012112515047192574	0.030192798003554344	0.012560633942484856	0.06180252134799957	0.023717191070318222
748	joy	../syntropy_project/models/model_10	../syntropy_project/models/model_10	nervousness	0.2596498727798462	0.05506184697151184	0.02095532789826393	0.09293808043003082	0.19891217350959778	0.06399554014205933	0.2596498727798462	0.03541586175560951	0.0707227811217308	0.1008325144648552	0.025873452425003052	0.06446317583322525	0.011179364286363125
749	joy	../syntropy_project/models/model_10	../syntropy_project/models/model_10	joy	0.4377313256263733	0.1589726358652115	0.04795299470424652	0.4377313256263733	0.20400270819664001	0.03659598156809807	0.025371544063091278	0.009336700662970543	0.0122284647077322	0.04714488983154297	0.006186868529766798	0.00763712590560317	0.006838798988610506
750	joy	../syntropy_project/models/model_10	../syntropy_project/models/model_10	joy	0.3355419635772705	0.19320885837078094	0.0995829701423645	0.3355419635772705	0.25537389516830444	0.07001927495002747	0.01968364790081978	0.004214376676827669	0.0075089456513524055	0.008364907465875149	0.002868680050596595	0.0025267915334552526	0.0011056155199185014
751	joy	../syntropy_project/models/model_10	../syntropy_project/models/model_10	joy	0.47739842534065247	0.14647555351257324	0.08882767707109451	0.47739842534065247	0.25616520643234253	0.013944883830845356	0.0061607444658875465	0.0012173937866464257	0.0023503496777266264	0.004602235276252031	0.0011540071573108435	0.0010652616620063782	0.0006382256397046149
752	fear	../syntropy_project/models/model_10	../syntropy_project/models/model_10	nervousness	0.19756551086902618	0.0717950165271759	0.01680617220699787	0.033964794129133224	0.06432648003101349	0.03166839852929115	0.19756551086902618	0.12859296798706055	0.056297361850738525	0.05380617082118988	0.1169835552573204	0.04371330142021179	0.1844802051782608
753	excitement	../syntropy_project/models/model_10	../syntropy_project/models/model_10	excitement	0.33795347809791565	0.21679027378559113	0.33795347809791565	0.13391844928264618	0.0898749902844429	0.17591406404972076	0.018390007317066193	0.004978146404027939	0.005329643841832876	0.005889532156288624	0.006631975993514061	0.001917162793688476	0.0024121946189552546
754	neutral	../syntropy_project/models/model_10	../syntropy_project/models/model_10	neutral	0.5534718036651611	0.0246684979647398	0.0829981118440628	0.32041898369789124	0.5534718036651611	0.013067090883851051	0.001173539785668254	0.00042207477963529527	0.0012783011188730597	0.0014361529611051083	0.0005139722488820553	0.000490196980535984	6.127655797172338e-05
755	neutral	../syntropy_project/models/model_10	../syntropy_project/models/model_10	joy	0.4025309681892395	0.07345759123563766	0.12201870232820511	0.4025309681892395	0.3812713623046875	0.015840232372283936	0.001173612428829074	0.0004653923097066581	0.000911105249542743	0.0012864865129813552	0.0004334963741712272	0.0005228700465522707	8.816867193672806e-05
756	embarrassment	../syntropy_project/models/model_10	../syntropy_project/models/model_10	pride	0.4031386971473694	0.4031386971473694	0.028674041852355003	0.12237425148487091	0.07315513491630554	0.02401334047317505	0.21629175543785095	0.04350249096751213	0.02209874615073204	0.01588839665055275	0.016412779688835144	0.010643979534506798	0.023806395009160042
757	pride	../syntropy_project/models/model_10	../syntropy_project/models/model_10	pride	0.8001797199249268	0.8001797199249268	0.1560908555984497	0.008991561830043793	0.006956557743251324	0.004314299672842026	0.020532604306936264	0.0009106171200983226	0.00018882626318372786	0.00029310875106602907	0.0004974632174707949	0.00024551982642151415	0.0007987991557456553
758	neutral	../syntropy_project/models/model_10	../syntropy_project/models/model_10	neutral	0.31433865427970886	0.23757226765155792	0.08519835770130157	0.28359130024909973	0.31433865427970886	0.02783338539302349	0.017258597537875175	0.0017158373957499862	0.002702756319195032	0.020526094362139702	0.002426707884296775	0.003840801538899541	0.0029953443445265293
759	joy	../syntropy_project/models/model_10	../syntropy_project/models/model_10	neutral	0.25432687997817993	0.1595291793346405	0.2217375636100769	0.23309004306793213	0.25432687997817993	0.07403533160686493	0.009995747357606888	0.008296641521155834	0.006700003519654274	0.005289409309625626	0.013665367849171162	0.005016496870666742	0.008317346684634686
760	joy	../syntropy_project/models/model_10	../syntropy_project/models/model_10	joy	0.4351423382759094	0.17648334801197052	0.2486107498407364	0.4351423382759094	0.1283867359161377	0.00705860136076808	0.0023514237254858017	0.00032382080098614097	0.00032137311063706875	0.0006229199352674186	0.000311099283862859	0.0002353403251618147	0.00015233889280352741
761	excitement	../syntropy_project/models/model_10	../syntropy_project/models/model_10	excitement	0.4558218717575073	0.15376807749271393	0.4558218717575073	0.2420651912689209	0.11228182166814804	0.023025598376989365	0.006392679177224636	0.0015877265250310302	0.0014790792483836412	0.0011109770275652409	0.001135965809226036	0.0007660880801267922	0.0005648682708851993
762	joy	../syntropy_project/models/model_10	../syntropy_project/models/model_10	excitement	0.3438127934932709	0.10409960895776749	0.3438127934932709	0.2846784293651581	0.21280880272388458	0.04150482639670372	0.00380713795311749	0.0013719191774725914	0.0029404934030026197	0.001847036532126367	0.0012306204298511147	0.0014222395839169621	0.00047604271094314754
763	neutral	../syntropy_project/models/model_10	../syntropy_project/models/model_10	joy	0.5219201445579529	0.11045477539300919	0.09058111160993576	0.5219201445579529	0.2567160725593567	0.010556958615779877	0.003307347185909748	0.0006441610166803002	0.0010443726787343621	0.003006526967510581	0.0007453779689967632	0.0007114881882444024	0.0003116721345577389
764	neutral	../syntropy_project/models/model_10	../syntropy_project/models/model_10	neutral	0.5298500657081604	0.0743478536605835	0.04373512044548988	0.12655459344387054	0.5298500657081604	0.01586168259382248	0.1031668558716774	0.006721962243318558	0.01708066090941429	0.03488735109567642	0.01500740461051464	0.021085646003484726	0.01170081552118063
765	sadness	../syntropy_project/models/model_10	../syntropy_project/models/model_10	nervousness	0.2322772890329361	0.08072639256715775	0.012364690192043781	0.03776491433382034	0.09696060419082642	0.03463403508067131	0.2322772890329361	0.093433678150177	0.04646383225917816	0.19584576785564423	0.07780251652002335	0.023954253643751144	0.06777194887399673
766	neutral	../syntropy_project/models/model_10	../syntropy_project/models/model_10	neutral	0.7727736234664917	0.04384056106209755	0.020977262407541275	0.14347513020038605	0.7727736234664917	0.004563932307064533	0.005444407928735018	0.000658326898701489	0.0016960800858214498	0.00211124774068594	0.0007168028387241066	0.003548338310793042	0.00019441118638496846
767	excitement	../syntropy_project/models/model_10	../syntropy_project/models/model_10	excitement	0.3600914478302002	0.3059122562408447	0.3600914478302002	0.23341596126556396	0.0772550106048584	0.010526708327233791	0.007592891808599234	0.0013380424352362752	0.0007523546810261905	0.0010448509128764272	0.0010272079380229115	0.0005320431664586067	0.0005112029612064362
768	fear	../syntropy_project/models/model_10	../syntropy_project/models/model_10	sadness	0.29454177618026733	0.03750428184866905	0.008001921698451042	0.024158678948879242	0.04019678756594658	0.007068216800689697	0.14559075236320496	0.10800454765558243	0.022602220997214317	0.29454177618026733	0.1774594783782959	0.025459349155426025	0.10941196978092194
769	surprise	../syntropy_project/models/model_10	../syntropy_project/models/model_10	pride	0.5273788571357727	0.5273788571357727	0.12123693525791168	0.21285727620124817	0.09560751169919968	0.017305726185441017	0.01847163960337639	0.0016337524866685271	0.0008971565985120833	0.0015414748340845108	0.001052836887538433	0.0010909916600212455	0.0009257890051230788
770	excitement	../syntropy_project/models/model_10	../syntropy_project/models/model_10	joy	0.4340791404247284	0.08976390957832336	0.17059001326560974	0.4340791404247284	0.25847968459129333	0.03459089994430542	0.003832400543615222	0.0019192793406546116	0.001425377675332129	0.001921116141602397	0.0015982985496520996	0.001395472208969295	0.00040434213588014245
771	neutral	../syntropy_project/models/model_10	../syntropy_project/models/model_10	neutral	0.3585375249385834	0.07389993220567703	0.060888346284627914	0.20622049272060394	0.3585375249385834	0.03181755915284157	0.12593860924243927	0.012870339676737785	0.018447238951921463	0.06754086166620255	0.02278711088001728	0.015069691464304924	0.005982278846204281
772	excitement	../syntropy_project/models/model_10	../syntropy_project/models/model_10	joy	0.3863390386104584	0.21409136056900024	0.23576907813549042	0.3863390386104584	0.15055610239505768	0.006706444546580315	0.004057660698890686	0.00036321935476735234	0.0004906494868919253	0.000823574373498559	0.0003109213139396161	0.0002735178859438747	0.00021847525204066187
773	neutral	../syntropy_project/models/model_10	../syntropy_project/models/model_10	neutral	0.5767332315444946	0.09191857278347015	0.028986627236008644	0.10013579577207565	0.5767332315444946	0.0666595920920372	0.023571573197841644	0.015073083341121674	0.053327810019254684	0.020338591188192368	0.014232437126338482	0.006152985151857138	0.002869726624339819
774	nervousness	../syntropy_project/models/model_10	../syntropy_project/models/model_10	anger	0.5922919511795044	0.015240793116390705	0.0033443933352828026	0.007156778126955032	0.007986243814229965	0.0018377340165898204	0.20519064366817474	0.040862347930669785	0.007135981693863869	0.033360060304403305	0.07913552224636078	0.0064575099386274815	0.5922919511795044
775	joy	../syntropy_project/models/model_10	../syntropy_project/models/model_10	joy	0.324160099029541	0.1491095870733261	0.21002884209156036	0.324160099029541	0.21939988434314728	0.07671024650335312	0.005198031663894653	0.0029058323707431555	0.005852977279573679	0.003038435708731413	0.0017732311971485615	0.0014526440063491464	0.0003702101530507207
776	joy	../syntropy_project/models/model_10	../syntropy_project/models/model_10	joy	0.42912033200263977	0.08391522616147995	0.1301725208759308	0.42912033200263977	0.3427852392196655	0.009593239985406399	0.0014449163572862744	0.00034956555464304984	0.0005937719834037125	0.0012176277814432979	0.000381317688152194	0.0003343454154673964	9.189809497911483e-05
777	pride	../syntropy_project/models/model_10	../syntropy_project/models/model_10	pride	0.5152431726455688	0.5152431726455688	0.2613389194011688	0.07969334721565247	0.059739693999290466	0.031092386692762375	0.041580308228731155	0.0032556226942688227	0.0017619043355807662	0.001326106139458716	0.0017713828710839152	0.001210107933729887	0.0019870661199092865
778	pride	../syntropy_project/models/model_10	../syntropy_project/models/model_10	pride	0.8061766624450684	0.8061766624450684	0.15414392948150635	0.011441937647759914	0.008321741595864296	0.0047005824744701385	0.012578265741467476	0.0007690718048252165	0.00016514971503056586	0.0004483490774873644	0.0004525870317593217	0.00025405402993783355	0.0005477815284393728
779	pride	../syntropy_project/models/model_10	../syntropy_project/models/model_10	pride	0.7323803305625916	0.7323803305625916	0.2119320183992386	0.022191332653164864	0.012011231854557991	0.004329510498791933	0.014568588696420193	0.0006852498627267778	0.00021793940686620772	0.0004119953664485365	0.0003318599483463913	0.00024451391072943807	0.0006954199634492397
780	excitement	../syntropy_project/models/model_10	../syntropy_project/models/model_10	excitement	0.48463600873947144	0.16743925213813782	0.48463600873947144	0.2050127387046814	0.11245226114988327	0.024778315797448158	0.00226677767932415	0.0005589546053670347	0.0007776548154652119	0.0007102661766111851	0.0007444527000188828	0.0003575003647711128	0.00026593063375912607
781	nervousness	../syntropy_project/models/model_10	../syntropy_project/models/model_10	nervousness	0.38054975867271423	0.211326465010643	0.009983310475945473	0.10499636828899384	0.04998929798603058	0.01729995757341385	0.38054975867271423	0.059319332242012024	0.09631790965795517	0.02387426048517227	0.014569046907126904	0.008459387347102165	0.023314960300922394
782	neutral	../syntropy_project/models/model_10	../syntropy_project/models/model_10	pride	0.812167763710022	0.812167763710022	0.0607643686234951	0.07588530331850052	0.034671884030103683	0.002879166277125478	0.009746895171701908	0.0012228010455146432	0.0004146606079302728	0.0006833511288277805	0.0005222547915764153	0.0003987727395724505	0.0006428085034713149
783	confusion	../syntropy_project/models/model_10	../syntropy_project/models/model_10	neutral	0.26531699299812317	0.07736300677061081	0.030095895752310753	0.15710894763469696	0.26531699299812317	0.040553491562604904	0.18873454630374908	0.019479423761367798	0.04881136491894722	0.12480000406503677	0.017116736620664597	0.017377128824591637	0.013242390938103199
784	nervousness	../syntropy_project/models/model_10	../syntropy_project/models/model_10	nervousness	0.6719732284545898	0.02128445729613304	0.009362589567899704	0.02395091950893402	0.034651611000299454	0.005518533289432526	0.6719732284545898	0.025127027183771133	0.021946070715785027	0.04496930539608002	0.016905363649129868	0.10169930011034012	0.022611694410443306
785	joy	../syntropy_project/models/model_10	../syntropy_project/models/model_10	joy	0.4127437174320221	0.1548987627029419	0.1844409555196762	0.4127437174320221	0.21340270340442657	0.025909192860126495	0.002700227778404951	0.0009175381856039166	0.0014841222437098622	0.0018319159280508757	0.0006820262060500681	0.0007216187659651041	0.00026727767544798553
786	joy	../syntropy_project/models/model_10	../syntropy_project/models/model_10	joy	0.31845369935035706	0.31824079155921936	0.21802252531051636	0.31845369935035706	0.12539251148700714	0.0056730005890131	0.009466441348195076	0.0008747687097638845	0.0009659974020905793	0.0011503015412017703	0.0005684792995452881	0.00047088676365092397	0.0007205649162642658
787	nervousness	../syntropy_project/models/model_10	../syntropy_project/models/model_10	nervousness	0.5473335385322571	0.02223302237689495	0.0038883257657289505	0.013860638253390789	0.02678799256682396	0.004514283034950495	0.5473335385322571	0.05436118692159653	0.02478191629052162	0.035009488463401794	0.07308819144964218	0.025543058291077614	0.16859836876392365
788	neutral	../syntropy_project/models/model_10	../syntropy_project/models/model_10	neutral	0.6222191452980042	0.06056760251522064	0.04365792125463486	0.11364952474832535	0.6222191452980042	0.015772851184010506	0.08790161460638046	0.003877834649756551	0.009476847015321255	0.020021602511405945	0.004818933084607124	0.015619778074324131	0.002416332019492984
789	neutral	../syntropy_project/models/model_10	../syntropy_project/models/model_10	neutral	0.5549096465110779	0.03135054185986519	0.161955326795578	0.2297189086675644	0.5549096465110779	0.01472790353000164	0.002028150949627161	0.0003204873646609485	0.0020775864832103252	0.0019895387813448906	0.0003749425522983074	0.0004950847360305488	5.18862834724132e-05
790	embarrassment	../syntropy_project/models/model_10	../syntropy_project/models/model_10	nervousness	0.23976606130599976	0.0503271259367466	0.010768143460154533	0.038355693221092224	0.06991042196750641	0.037828415632247925	0.23976606130599976	0.12303987145423889	0.07948238402605057	0.10966131836175919	0.0918184444308281	0.09325067698955536	0.05579150840640068
791	nervousness	../syntropy_project/models/model_10	../syntropy_project/models/model_10	nervousness	0.4368608891963959	0.0827566534280777	0.06283453106880188	0.05624699592590332	0.10891295969486237	0.03934222087264061	0.4368608891963959	0.04679560661315918	0.02772660180926323	0.04590857774019241	0.030566740781068802	0.029836494475603104	0.032211776822805405
792	neutral	../syntropy_project/models/model_10	../syntropy_project/models/model_10	neutral	0.5269656777381897	0.06543281674385071	0.037828344851732254	0.27181386947631836	0.5269656777381897	0.021836237981915474	0.02320093661546707	0.007948912680149078	0.01109295804053545	0.020080627873539925	0.008368944749236107	0.004017403814941645	0.0014132801443338394
793	excitement	../syntropy_project/models/model_10	../syntropy_project/models/model_10	pride	0.5132526159286499	0.5132526159286499	0.3155154883861542	0.08414103090763092	0.047212131321430206	0.019298315048217773	0.012886802665889263	0.0020060897804796696	0.0012491514207795262	0.0012675134930759668	0.001148583716712892	0.0007019160548225045	0.0013202944537624717
794	joy	../syntropy_project/models/model_10	../syntropy_project/models/model_10	joy	0.6464471220970154	0.05426161363720894	0.12033935636281967	0.6464471220970154	0.1511790007352829	0.020472191274166107	0.0006696254131384194	0.0012066449271515012	0.00116897898260504	0.002061861800029874	0.0013334356481209397	0.0006345239235088229	0.0002256926236441359
795	neutral	../syntropy_project/models/model_10	../syntropy_project/models/model_10	neutral	0.5295357704162598	0.12521927058696747	0.0398453064262867	0.17245838046073914	0.5295357704162598	0.0478435717523098	0.032309629023075104	0.00856607686728239	0.014625371433794498	0.015796832740306854	0.006721876095980406	0.005150526762008667	0.0019274160731583834
796	neutral	../syntropy_project/models/model_10	../syntropy_project/models/model_10	neutral	0.5750003457069397	0.039313118904829025	0.09504779428243637	0.26978519558906555	0.5750003457069397	0.012986394576728344	0.0024453280493617058	0.00035391119308769703	0.0011407159036025405	0.00214035133831203	0.0006816626992076635	0.0009534711134620011	0.00015177768364083022
797	pride	../syntropy_project/models/model_10	../syntropy_project/models/model_10	neutral	0.31038740277290344	0.2603687345981598	0.04610304906964302	0.08556815981864929	0.31038740277290344	0.02236871048808098	0.11346910148859024	0.01518059242516756	0.032921213656663895	0.03188244625926018	0.019723040983080864	0.01779724285006523	0.044230297207832336
798	neutral	../syntropy_project/models/model_10	../syntropy_project/models/model_10	excitement	0.33146408200263977	0.22476398944854736	0.33146408200263977	0.27479133009910583	0.12740151584148407	0.0293832179158926	0.006821976508945227	0.0009050307562574744	0.0009699307847768068	0.0012953239493072033	0.0008576973923482001	0.0005770918796770275	0.0007688532932661474
799	neutral	../syntropy_project/models/model_10	../syntropy_project/models/model_10	neutral	0.3956241011619568	0.20946049690246582	0.07540351152420044	0.27617260813713074	0.3956241011619568	0.012672011740505695	0.01407611183822155	0.0018991989782080054	0.0034713479690253735	0.0054040513932704926	0.0020129773765802383	0.0026420524809509516	0.001161558902822435
800	excitement	../syntropy_project/models/model_10	../syntropy_project/models/model_10	excitement	0.855301022529602	0.02979990281164646	0.855301022529602	0.019915329292416573	0.03769000992178917	0.026188714429736137	0.025981096550822258	0.0006212173029780388	0.0015137663576751947	0.000606458866968751	0.0006202784134075046	0.0007890330161899328	0.0009731491445563734
801	excitement	../syntropy_project/models/model_10	../syntropy_project/models/model_10	excitement	0.31286075711250305	0.1865471601486206	0.31286075711250305	0.20197409391403198	0.2384932041168213	0.01822926662862301	0.03184468299150467	0.002343748928979039	0.0017903756815940142	0.002287620445713401	0.0015222496585920453	0.0015364744467660785	0.0005703136557713151
802	joy	../syntropy_project/models/model_10	../syntropy_project/models/model_10	neutral	0.7758408784866333	0.01680990681052208	0.03860300034284592	0.15560659766197205	0.7758408784866333	0.00872294045984745	0.0007193980272859335	0.0003066321078222245	0.0012183764483779669	0.0012588046956807375	0.0004023070214316249	0.0004757769638672471	3.546455263858661e-05
803	neutral	../syntropy_project/models/model_10	../syntropy_project/models/model_10	neutral	0.5117576718330383	0.05218162387609482	0.10573006421327591	0.31676843762397766	0.5117576718330383	0.006550758611410856	0.002503597643226385	0.00043830089271068573	0.0011105886660516262	0.0018013693625107408	0.0004870537086389959	0.0005481374100781977	0.00012238475028425455
804	excitement	../syntropy_project/models/model_10	../syntropy_project/models/model_10	pride	0.7491364479064941	0.7491364479064941	0.14739707112312317	0.04476616159081459	0.0244059506803751	0.006155494134873152	0.022847715765237808	0.0012913320679217577	0.0005581598379649222	0.0009192992001771927	0.00063598423730582	0.000545365794096142	0.001341119292192161
805	joy	../syntropy_project/models/model_10	../syntropy_project/models/model_10	neutral	0.5217257738113403	0.04236240312457085	0.1400134563446045	0.27938735485076904	0.5217257738113403	0.012499600648880005	0.0009342699195258319	0.00029220865690149367	0.0007325916667468846	0.0012557106092572212	0.0003755571960937232	0.00036567539791576564	5.5362816056003794e-05
806	joy	../syntropy_project/models/model_10	../syntropy_project/models/model_10	joy	0.433487206697464	0.09038055688142776	0.1459926962852478	0.433487206697464	0.22790871560573578	0.04557790607213974	0.00936821661889553	0.00518308999016881	0.009110023267567158	0.021550986915826797	0.0035208524204790592	0.0051685506477952	0.002751328516751528
807	joy	../syntropy_project/models/model_10	../syntropy_project/models/model_10	joy	0.3911103904247284	0.2630685567855835	0.15249067544937134	0.3911103904247284	0.1809082329273224	0.007510825525969267	0.002435513539239764	0.0004670411872211844	0.0005173782701604068	0.0007456509629264474	0.00029625766910612583	0.00030133058317005634	0.00014805773389525712
808	neutral	../syntropy_project/models/model_10	../syntropy_project/models/model_10	joy	0.36143001914024353	0.1450531929731369	0.2171374261379242	0.36143001914024353	0.21988558769226074	0.04686007276177406	0.002647381741553545	0.001252950867637992	0.001438865321688354	0.0024598294403403997	0.0008907543960958719	0.0007176708313636482	0.00022635501227341592
809	neutral	../syntropy_project/models/model_10	../syntropy_project/models/model_10	nervousness	0.296489953994751	0.13726073503494263	0.03911873698234558	0.07108471542596817	0.24407067894935608	0.01718917116522789	0.296489953994751	0.027417054399847984	0.027517596259713173	0.04713553935289383	0.0318097285926342	0.023538490757346153	0.03736751899123192
810	neutral	../syntropy_project/models/model_10	../syntropy_project/models/model_10	neutral	0.5126593708992004	0.05958801507949829	0.09489449858665466	0.3130575716495514	0.5126593708992004	0.011633210815489292	0.002971308771520853	0.00035263734753243625	0.0009085378260351717	0.0023744867648929358	0.00047727188211865723	0.0009228698909282684	0.00016021625197026879
811	joy	../syntropy_project/models/model_10	../syntropy_project/models/model_10	neutral	0.438822478055954	0.03871149197220802	0.10126849263906479	0.3934175968170166	0.438822478055954	0.0200511422008276	0.0014897219371050596	0.0007305297185666859	0.0020756712183356285	0.002250160789117217	0.0005831412272527814	0.0005195444682613015	8.000418893061578e-05
812	anger	../syntropy_project/models/model_10	../syntropy_project/models/model_10	anger	0.32737213373184204	0.014641356654465199	0.004771160427480936	0.007119297049939632	0.01633942499756813	0.0026556821539998055	0.1532595008611679	0.06940766423940659	0.008288065902888775	0.21735841035842896	0.15051117539405823	0.028276070952415466	0.32737213373184204
813	nervousness	../syntropy_project/models/model_10	../syntropy_project/models/model_10	joy	0.41104647517204285	0.30266767740249634	0.06167815625667572	0.41104647517204285	0.1950380504131317	0.011430163867771626	0.008202258497476578	0.001861640252172947	0.001596390618942678	0.003308332758024335	0.0012336286017671227	0.0013140490045771003	0.0006231237784959376
814	joy	../syntropy_project/models/model_10	../syntropy_project/models/model_10	joy	0.5604212880134583	0.1761268526315689	0.0818725973367691	0.5604212880134583	0.1645677238702774	0.008331581018865108	0.003692435333505273	0.0007032792782410979	0.0007382138865068555	0.002352599985897541	0.000551348552107811	0.00038941000821068883	0.0002526897587813437
815	pride	../syntropy_project/models/model_10	../syntropy_project/models/model_10	pride	0.32437431812286377	0.32437431812286377	0.049586959183216095	0.25737181305885315	0.261788010597229	0.008479292504489422	0.06710141897201538	0.0031283784192055464	0.0038019479252398014	0.013518140651285648	0.0019409932428970933	0.005921939387917519	0.002986751263961196
816	joy	../syntropy_project/models/model_10	../syntropy_project/models/model_10	joy	0.350213885307312	0.1230260506272316	0.20852956175804138	0.350213885307312	0.283711314201355	0.022032475098967552	0.004198823124170303	0.0014163199812173843	0.0019829259254038334	0.0020779757760465145	0.0014954599319025874	0.0009908122010529041	0.0003244142862968147
817	neutral	../syntropy_project/models/model_10	../syntropy_project/models/model_10	neutral	0.608910858631134	0.1043400838971138	0.09125866740942001	0.15306681394577026	0.608910858631134	0.0128221670165658	0.012704107910394669	0.0006616738392040133	0.0018134609563276172	0.008534854277968407	0.0011190067743882537	0.003289417363703251	0.0014789876295253634
818	joy	../syntropy_project/models/model_10	../syntropy_project/models/model_10	joy	0.4722968339920044	0.06675633788108826	0.2843482196331024	0.4722968339920044	0.16071511805057526	0.011099646799266338	0.0019516661996021867	0.0004492596199270338	0.0007798877195455134	0.0008289851830340922	0.0003371429047547281	0.00028748970362357795	0.00014940321852918714
819	neutral	../syntropy_project/models/model_10	../syntropy_project/models/model_10	pride	0.5132530331611633	0.5132530331611633	0.16069011390209198	0.20789413154125214	0.09550788253545761	0.007466393988579512	0.011150311678647995	0.0008470357861369848	0.0005920804105699062	0.0011271724943071604	0.0004633460775949061	0.0005847046850249171	0.0004237984830979258
820	neutral	../syntropy_project/models/model_10	../syntropy_project/models/model_10	neutral	0.5032824277877808	0.04579637199640274	0.2056308090686798	0.23225773870944977	0.5032824277877808	0.008584047667682171	0.0018668253906071186	0.00024019699776545167	0.000535030965693295	0.0010768527863547206	0.00029507369617931545	0.00034673442132771015	8.781446376815438e-05
821	excitement	../syntropy_project/models/model_10	../syntropy_project/models/model_10	pride	0.644283652305603	0.644283652305603	0.2177617996931076	0.06450112164020538	0.05048331618309021	0.005832636263221502	0.014160789549350739	0.0008464301354251802	0.0004766784841194749	0.00033174161217175424	0.0003576741146389395	0.000436004571383819	0.0005281379562802613
822	neutral	../syntropy_project/models/model_10	../syntropy_project/models/model_10	neutral	0.5326730608940125	0.047448694705963135	0.11492538452148438	0.28333258628845215	0.5326730608940125	0.014804990962147713	0.001787553890608251	0.0006386357126757503	0.00175735994707793	0.0013794918777421117	0.000614217366091907	0.0005456703947857022	9.229560964740813e-05
823	excitement	../syntropy_project/models/model_10	../syntropy_project/models/model_10	neutral	0.27248117327690125	0.08914177864789963	0.06195281073451042	0.27101486921310425	0.27248117327690125	0.042107272893190384	0.03942331299185753	0.013117396272718906	0.014387239702045918	0.1730065792798996	0.009470549412071705	0.008402818813920021	0.0054942043498158455
824	neutral	../syntropy_project/models/model_10	../syntropy_project/models/model_10	joy	0.37945467233657837	0.169952854514122	0.1717366725206375	0.37945467233657837	0.2431342750787735	0.024168038740754128	0.00423952704295516	0.001459952793084085	0.0019301946740597486	0.001675479463301599	0.0008496295195072889	0.0009995170403271914	0.0003991737903561443
825	excitement	../syntropy_project/models/model_10	../syntropy_project/models/model_10	joy	0.4123908281326294	0.05226203054189682	0.1378418505191803	0.4123908281326294	0.37211117148399353	0.017280517145991325	0.0016639531822875142	0.0008564022718928754	0.0010731349466368556	0.0027713661547750235	0.0007929911953397095	0.0007417204324156046	0.0002139681892003864
826	excitement	../syntropy_project/models/model_10	../syntropy_project/models/model_10	pride	0.5100661516189575	0.5100661516189575	0.225918710231781	0.1501948982477188	0.0755581259727478	0.0163873340934515	0.01752096228301525	0.0010373033583164215	0.0006765031139366329	0.0009213542798534036	0.00061601068591699	0.0004118148353882134	0.0006909138755872846
827	neutral	../syntropy_project/models/model_10	../syntropy_project/models/model_10	neutral	0.7134205102920532	0.013927214778959751	0.02703149802982807	0.21522784233093262	0.7134205102920532	0.015065574087202549	0.0016271548811346292	0.0005035917274653912	0.002639809623360634	0.006754851900041103	0.0013199043460190296	0.0022469968535006046	0.000235106359468773
828	fear	../syntropy_project/models/model_10	../syntropy_project/models/model_10	nervousness	0.24678897857666016	0.06081056967377663	0.006080701015889645	0.014433890581130981	0.07983697205781937	0.010886692441999912	0.24678897857666016	0.07853410392999649	0.11573714762926102	0.0537128783762455	0.09520430862903595	0.037379492074251175	0.2005942314863205
829	sadness	../syntropy_project/models/model_10	../syntropy_project/models/model_10	surprise	0.339282363653183	0.11157125234603882	0.16717974841594696	0.19106723368167877	0.13373829424381256	0.339282363653183	0.014346403069794178	0.008390954695641994	0.01309991255402565	0.012625317089259624	0.0028721129056066275	0.004210652783513069	0.0016157552599906921
830	surprise	../syntropy_project/models/model_10	../syntropy_project/models/model_10	joy	0.3639674186706543	0.16245543956756592	0.12194639444351196	0.3639674186706543	0.26423051953315735	0.059425197541713715	0.010378757491707802	0.002452318789437413	0.003395284991711378	0.006577677093446255	0.002200427930802107	0.0020985461305826902	0.0008718491299077868
831	joy	../syntropy_project/models/model_10	../syntropy_project/models/model_10	neutral	0.33303558826446533	0.059381917119026184	0.06032942980527878	0.31951627135276794	0.33303558826446533	0.014262929558753967	0.047231532633304596	0.004658730234950781	0.006218877155333757	0.13811549544334412	0.007270722184330225	0.006766408681869507	0.003212148789316416
832	pride	../syntropy_project/models/model_10	../syntropy_project/models/model_10	pride	0.6297197341918945	0.6297197341918945	0.09104719012975693	0.1609216332435608	0.05510672181844711	0.004227817989885807	0.046911079436540604	0.0015596005832776427	0.0013540254440158606	0.0018831446068361402	0.0016378974542021751	0.001112081459723413	0.004519051406532526
833	joy	../syntropy_project/models/model_10	../syntropy_project/models/model_10	joy	0.4712250828742981	0.12930859625339508	0.11441591382026672	0.4712250828742981	0.276926726102829	0.0021522599272429943	0.003304259153082967	0.00026233636890538037	0.0003595218586269766	0.0011006054701283574	0.0002403670223429799	0.0005174244870431721	0.00018695183098316193
834	neutral	../syntropy_project/models/model_10	../syntropy_project/models/model_10	joy	0.5299922227859497	0.09764193743467331	0.08516761660575867	0.5299922227859497	0.27692869305610657	0.005828652530908585	0.0011770653072744608	0.0003895309055224061	0.000622652645688504	0.0013849763199687004	0.0003693917824421078	0.00036753679160028696	0.00012968511146027595
835	sadness	../syntropy_project/models/model_10	../syntropy_project/models/model_10	anger	0.16595077514648438	0.07956409454345703	0.015238212421536446	0.02746863290667534	0.09587278217077255	0.024040119722485542	0.10746968537569046	0.10640924423933029	0.05437169969081879	0.08999626338481903	0.13769333064556122	0.09592515975236893	0.16595077514648438
836	joy	../syntropy_project/models/model_10	../syntropy_project/models/model_10	joy	0.4493555724620819	0.12537281215190887	0.3066827356815338	0.4493555724620819	0.092291921377182	0.016464436426758766	0.003475387580692768	0.0012644975213333964	0.001613545580767095	0.0008433063630945981	0.0010859178146347404	0.0006704407860524952	0.0008794977911747992
837	joy	../syntropy_project/models/model_10	../syntropy_project/models/model_10	pride	0.4210774004459381	0.4210774004459381	0.19101998209953308	0.21936438977718353	0.1426454484462738	0.008404147811233997	0.010751483961939812	0.0013485528761520982	0.0017215041443705559	0.0009907573694363236	0.0009007838671095669	0.0009658748749643564	0.0008097184472717345
838	joy	../syntropy_project/models/model_10	../syntropy_project/models/model_10	joy	0.3390786349773407	0.18896211683750153	0.24609699845314026	0.3390786349773407	0.19674114882946014	0.01851225271821022	0.004422761499881744	0.0011695404537022114	0.0012451284565031528	0.0019137677736580372	0.0009146568481810391	0.00042059709085151553	0.0005223574116826057
839	nervousness	../syntropy_project/models/model_10	../syntropy_project/models/model_10	fear	0.694370687007904	0.012069706805050373	0.0017790792044252157	0.008336897939443588	0.03140720725059509	0.008487196639180183	0.1360340118408203	0.028398174792528152	0.038997799158096313	0.020462198182940483	0.010247291065752506	0.694370687007904	0.009409771300852299
840	joy	../syntropy_project/models/model_10	../syntropy_project/models/model_10	joy	0.358697772026062	0.10530367493629456	0.26037877798080444	0.358697772026062	0.24462737143039703	0.022112544625997543	0.0025162554811686277	0.0009491626406088471	0.0015099382726475596	0.0021639224141836166	0.0008424695115536451	0.0007566735148429871	0.00014150676724966615
841	excitement	../syntropy_project/models/model_10	../syntropy_project/models/model_10	joy	0.3835250735282898	0.16815976798534393	0.1612083911895752	0.3835250735282898	0.25631052255630493	0.014518879354000092	0.009842583909630775	0.0007275900570675731	0.0009088432998396456	0.0025926451198756695	0.0007959016365930438	0.0007799981976859272	0.0006298024673014879
842	neutral	../syntropy_project/models/model_10	../syntropy_project/models/model_10	neutral	0.19373027980327606	0.050107426941394806	0.02564191445708275	0.04968321695923805	0.19373027980327606	0.06217445433139801	0.14334402978420258	0.09202956408262253	0.15544548630714417	0.09177349507808685	0.06189034879207611	0.03715255483984947	0.037027206271886826
843	confusion	../syntropy_project/models/model_10	../syntropy_project/models/model_10	fear	0.43771037459373474	0.012883000075817108	0.006540234200656414	0.020509954541921616	0.11211138218641281	0.01835065521299839	0.17563192546367645	0.030520940199494362	0.05406012013554573	0.043018314987421036	0.06003076210618019	0.43771037459373474	0.028632333502173424
844	sadness	../syntropy_project/models/model_10	../syntropy_project/models/model_10	sadness	0.4087938666343689	0.01172319334000349	0.004256848711520433	0.021074719727039337	0.032663363963365555	0.018932512030005455	0.2366589456796646	0.052290696650743484	0.06590026617050171	0.4087938666343689	0.05872331187129021	0.0499408096075058	0.03904140368103981
845	pride	../syntropy_project/models/model_10	../syntropy_project/models/model_10	neutral	0.3314937651157379	0.2513972818851471	0.1906498223543167	0.17563170194625854	0.3314937651157379	0.013121755793690681	0.02920720726251602	0.0008408497087657452	0.0016010393155738711	0.002752161817625165	0.0009735580533742905	0.001651223748922348	0.0006796121597290039
846	joy	../syntropy_project/models/model_10	../syntropy_project/models/model_10	neutral	0.4718424379825592	0.1216641217470169	0.12712882459163666	0.25781506299972534	0.4718424379825592	0.009112122468650341	0.007632458582520485	0.00042000325629487634	0.0010538303758949041	0.0019341646693646908	0.0004761396558023989	0.0006787481252104044	0.0002420594246359542
847	joy	../syntropy_project/models/model_10	../syntropy_project/models/model_10	joy	0.5144990086555481	0.1733221709728241	0.06553033739328384	0.5144990086555481	0.12109509855508804	0.031577881425619125	0.02789418399333954	0.004151562228798866	0.00313411932438612	0.04720276594161987	0.005203780718147755	0.003312222193926573	0.0030768183059990406
848	excitement	../syntropy_project/models/model_10	../syntropy_project/models/model_10	pride	0.4741979241371155	0.4741979241371155	0.27570441365242004	0.108713798224926	0.07813539355993271	0.02139887586236	0.032565630972385406	0.0012470720103010535	0.0012901860754936934	0.002486712299287319	0.0013073727022856474	0.000929269241169095	0.0020233155228197575
849	neutral	../syntropy_project/models/model_10	../syntropy_project/models/model_10	neutral	0.5874966979026794	0.08019813895225525	0.08360540866851807	0.19292138516902924	0.5874966979026794	0.02495463378727436	0.014241412281990051	0.0017417736817151308	0.0030357204377651215	0.0054587130434811115	0.001537696341983974	0.004285220522433519	0.0005230997339822352
850	neutral	../syntropy_project/models/model_10	../syntropy_project/models/model_10	neutral	0.6807613968849182	0.05354749411344528	0.07619744539260864	0.16908210515975952	0.6807613968849182	0.012219616211950779	0.0026779561303555965	0.0003908353392034769	0.001252507558092475	0.0021420125849545	0.000647589098662138	0.000909175374545157	0.00017188336641993374
851	neutral	../syntropy_project/models/model_10	../syntropy_project/models/model_10	joy	0.47395139932632446	0.09198655188083649	0.1809055507183075	0.47395139932632446	0.23926475644111633	0.009771695360541344	0.0011154842795804143	0.00044716772390529513	0.0005416113999672234	0.0013048610417172313	0.00034530917764641345	0.00026671140221878886	9.886342741083354e-05
852	joy	../syntropy_project/models/model_10	../syntropy_project/models/model_10	joy	0.3792375922203064	0.1991623193025589	0.11117157340049744	0.3792375922203064	0.23568648099899292	0.04254293069243431	0.009515209123492241	0.004145188722759485	0.004232542123645544	0.004568425938487053	0.004386435262858868	0.003137600375339389	0.0022137779742479324
853	neutral	../syntropy_project/models/model_10	../syntropy_project/models/model_10	joy	0.32605937123298645	0.10118608176708221	0.20200781524181366	0.32605937123298645	0.19622363150119781	0.07157433778047562	0.03100922890007496	0.009085915051400661	0.00948965735733509	0.018143458291888237	0.018910545855760574	0.0113351596519351	0.004974731709808111
854	neutral	../syntropy_project/models/model_10	../syntropy_project/models/model_10	neutral	0.31178927421569824	0.1943502426147461	0.13405612111091614	0.1584596037864685	0.31178927421569824	0.1491725891828537	0.014045766554772854	0.009077324531972408	0.010245551355183125	0.007092474494129419	0.004795110784471035	0.005268579348921776	0.001647321623750031
855	fear	../syntropy_project/models/model_10	../syntropy_project/models/model_10	nervousness	0.8346176743507385	0.0035703391768038273	0.002551083220168948	0.00342083303257823	0.007935675792396069	0.002234159968793392	0.8346176743507385	0.006055651232600212	0.0072622401639819145	0.020703546702861786	0.0053114937618374825	0.08242711424827576	0.023910140618681908
856	joy	../syntropy_project/models/model_10	../syntropy_project/models/model_10	joy	0.367371529340744	0.16724097728729248	0.13328558206558228	0.367371529340744	0.2689149081707001	0.043313805013895035	0.007425063289701939	0.001668080105446279	0.0026516318321228027	0.003751334035769105	0.00202194694429636	0.001746533322148025	0.0006086481735110283
857	excitement	../syntropy_project/models/model_10	../syntropy_project/models/model_10	neutral	0.3121207058429718	0.13125550746917725	0.08582427352666855	0.1421106606721878	0.3121207058429718	0.025164227932691574	0.11296967417001724	0.015197287313640118	0.01351100578904152	0.04502062499523163	0.05754942446947098	0.029446862637996674	0.029829703271389008
858	pride	../syntropy_project/models/model_10	../syntropy_project/models/model_10	neutral	0.4035291373729706	0.07554026693105698	0.10395171493291855	0.15774311125278473	0.4035291373729706	0.08557393401861191	0.06715451180934906	0.01178951095789671	0.008745226077735424	0.03479314222931862	0.017383692786097527	0.024001121520996094	0.00979456678032875
859	joy	../syntropy_project/models/model_10	../syntropy_project/models/model_10	joy	0.4755857586860657	0.23549838364124298	0.0788249745965004	0.4755857586860657	0.19396603107452393	0.0074155027978122234	0.003629110287874937	0.0009517087019048631	0.0009989504469558597	0.0013582543469965458	0.0008453435148112476	0.0006245629629120231	0.00030140270246192813
860	confusion	../syntropy_project/models/model_10	../syntropy_project/models/model_10	confusion	0.7584057450294495	0.008570150472223759	0.0009668997372500598	0.00965129490941763	0.015268150717020035	0.011202513240277767	0.08684378862380981	0.04389028996229172	0.7584057450294495	0.021216707304120064	0.010319244116544724	0.014060133136808872	0.01960509829223156
861	pride	../syntropy_project/models/model_10	../syntropy_project/models/model_10	pride	0.8361966013908386	0.8361966013908386	0.08810891956090927	0.009353039786219597	0.005143169313669205	0.0065692453645169735	0.044280923902988434	0.003521621460095048	0.00038870450225658715	0.0010718655539676547	0.001373069710098207	0.0005167392664588988	0.003476191544905305
862	surprise	../syntropy_project/models/model_10	../syntropy_project/models/model_10	neutral	0.515608012676239	0.07800333946943283	0.07249269634485245	0.20827431976795197	0.515608012676239	0.06491538137197495	0.01911887153983116	0.004748151637613773	0.004918758291751146	0.012432893738150597	0.010817007161676884	0.00540204718708992	0.0032686281483620405
863	pride	../syntropy_project/models/model_10	../syntropy_project/models/model_10	pride	0.5440962314605713	0.5440962314605713	0.23639602959156036	0.12386973202228546	0.047713108360767365	0.02583223395049572	0.014814551919698715	0.0020352620631456375	0.0007093699532561004	0.00163764669559896	0.0012261109659448266	0.0007880835328251123	0.0008815446635708213
864	pride	../syntropy_project/models/model_10	../syntropy_project/models/model_10	pride	0.8015549778938293	0.8015549778938293	0.05418489873409271	0.00515966909006238	0.0025107027031481266	0.004098115023225546	0.10865655541419983	0.006633386947214603	0.000315234181471169	0.0010002469643950462	0.0025325247552245855	0.0009346478036604822	0.012419111095368862
865	excitement	../syntropy_project/models/model_10	../syntropy_project/models/model_10	excitement	0.4046662747859955	0.08096586167812347	0.4046662747859955	0.16414432227611542	0.31248414516448975	0.01828954368829727	0.013671664521098137	0.0005185247864574194	0.0014766636304557323	0.0014539766125380993	0.0006018331623636186	0.001291822292841971	0.0004354182747192681
866	neutral	../syntropy_project/models/model_10	../syntropy_project/models/model_10	pride	0.42036688327789307	0.42036688327789307	0.1359475702047348	0.16512224078178406	0.20397444069385529	0.028635863214731216	0.018401257693767548	0.0035018755588680506	0.004692840855568647	0.0055352551862597466	0.004532146267592907	0.005805247463285923	0.003484394634142518
867	pride	../syntropy_project/models/model_10	../syntropy_project/models/model_10	excitement	0.35579630732536316	0.3218664526939392	0.35579630732536316	0.05186333879828453	0.05856280401349068	0.006045625079423189	0.1890069842338562	0.002377916593104601	0.002776963170617819	0.0014547962928190827	0.0011757437605410814	0.0015792583581060171	0.00749373622238636
868	excitement	../syntropy_project/models/model_10	../syntropy_project/models/model_10	excitement	0.4638713002204895	0.3165929615497589	0.4638713002204895	0.1177242249250412	0.05431026592850685	0.022714514285326004	0.01590191200375557	0.002462533302605152	0.0013311142101883888	0.001132018631324172	0.0015272495802491903	0.0009299785015173256	0.0015019022393971682
869	joy	../syntropy_project/models/model_10	../syntropy_project/models/model_10	joy	0.4971652030944824	0.054784663021564484	0.08028729259967804	0.4971652030944824	0.35529085993766785	0.007917171344161034	0.0007147406577132642	0.00040279689710587263	0.0008116083336062729	0.0017499953974038363	0.00044525961857289076	0.00030873011564835906	0.00012169515684945509
870	neutral	../syntropy_project/models/model_10	../syntropy_project/models/model_10	excitement	0.37883415818214417	0.12800872325897217	0.37883415818214417	0.1590210646390915	0.1079520583152771	0.10202289372682571	0.08203917741775513	0.0069712018594145775	0.019074207171797752	0.004023759160190821	0.0032698737923055887	0.003995157778263092	0.00478775380179286
871	excitement	../syntropy_project/models/model_10	../syntropy_project/models/model_10	pride	0.30336153507232666	0.30336153507232666	0.259392112493515	0.2397090494632721	0.1762649267911911	0.009653430432081223	0.00815626047551632	0.0007036153110675514	0.0007524798857048154	0.0006977274315431714	0.0005574352690018713	0.000382663041818887	0.00036884035216644406
872	fear	../syntropy_project/models/model_10	../syntropy_project/models/model_10	nervousness	0.32843244075775146	0.01597895473241806	0.009904112666845322	0.018498117104172707	0.07474583387374878	0.010278689675033092	0.32843244075775146	0.026980508118867874	0.02480379119515419	0.056771352887153625	0.07629193365573883	0.2485257387161255	0.10878844559192657
873	pride	../syntropy_project/models/model_10	../syntropy_project/models/model_10	joy	0.5655632019042969	0.10500127822160721	0.16861189901828766	0.5655632019042969	0.12689797580242157	0.015195091255009174	0.0058152684941887856	0.0028004839550703764	0.0015593627467751503	0.0038192712236195803	0.0021160482428967953	0.0013951468281447887	0.0012249480932950974
874	excitement	../syntropy_project/models/model_10	../syntropy_project/models/model_10	excitement	0.34784775972366333	0.260993093252182	0.34784775972366333	0.10179421305656433	0.15979909896850586	0.0385470911860466	0.06880998611450195	0.0027061414439231157	0.003776759607717395	0.004089886788278818	0.0035352848935872316	0.0030533778481185436	0.00504722073674202
875	surprise	../syntropy_project/models/model_10	../syntropy_project/models/model_10	pride	0.3837234377861023	0.3837234377861023	0.22983510792255402	0.20796553790569305	0.1369127333164215	0.023737134411931038	0.01073513738811016	0.0014230286469683051	0.001991636585444212	0.0012729938607662916	0.000846313894726336	0.0008611663361079991	0.0006958299782127142
876	nervousness	../syntropy_project/models/model_10	../syntropy_project/models/model_10	nervousness	0.6583191156387329	0.007222880143672228	0.004347009118646383	0.008410369977355003	0.018145794048905373	0.006495640613138676	0.6583191156387329	0.0230113472789526	0.02497895061969757	0.057505179196596146	0.04603635519742966	0.09222107380628586	0.05330634117126465
877	joy	../syntropy_project/models/model_10	../syntropy_project/models/model_10	excitement	0.31546786427497864	0.2401442974805832	0.31546786427497864	0.2633771598339081	0.10279768705368042	0.06586608290672302	0.005805554799735546	0.001981463748961687	0.0010365773923695087	0.0009118567686527967	0.00128176249563694	0.0007578480872325599	0.0005718562752008438
878	neutral	../syntropy_project/models/model_10	../syntropy_project/models/model_10	neutral	0.5949099659919739	0.10996163636445999	0.1010458841919899	0.15871988236904144	0.5949099659919739	0.02018769457936287	0.007847125642001629	0.00073839514516294	0.002166521968320012	0.0017990070628002286	0.0008765181410126388	0.001437816652469337	0.00030963472090661526
879	pride	../syntropy_project/models/model_10	../syntropy_project/models/model_10	surprise	0.536607563495636	0.07017187774181366	0.1430881768465042	0.10480589419603348	0.07883208990097046	0.536607563495636	0.01087759155780077	0.014499658718705177	0.013487137854099274	0.003954734653234482	0.01689797267317772	0.0033077350817620754	0.0034695526119321585
880	pride	../syntropy_project/models/model_10	../syntropy_project/models/model_10	pride	0.4298710823059082	0.4298710823059082	0.2618881165981293	0.16193224489688873	0.09934019297361374	0.013433140702545643	0.02745032124221325	0.0011708661913871765	0.0007128125289455056	0.0016008667880669236	0.0009329165914095938	0.000845627742819488	0.0008217717986553907
881	nervousness	../syntropy_project/models/model_10	../syntropy_project/models/model_10	nervousness	0.5622745156288147	0.11936774104833603	0.016692625358700752	0.06602392345666885	0.05338478833436966	0.007415545638650656	0.5622745156288147	0.02005242370069027	0.0206318162381649	0.06226293742656708	0.017799073830246925	0.017032526433467865	0.03706207126379013
882	joy	../syntropy_project/models/model_10	../syntropy_project/models/model_10	joy	0.30585232377052307	0.22473224997520447	0.1642274111509323	0.30585232377052307	0.20129302144050598	0.0870409607887268	0.006016714032739401	0.0023167007602751255	0.0021977645810693502	0.003277800977230072	0.0015658853808417916	0.001099998946301639	0.0003791407507378608
883	sadness	../syntropy_project/models/model_10	../syntropy_project/models/model_10	anger	0.4188116490840912	0.017158519476652145	0.0059416284784674644	0.024805305525660515	0.04380186274647713	0.012173747643828392	0.13522271811962128	0.023255694657564163	0.030307427048683167	0.21669134497642517	0.05976022407412529	0.012070011347532272	0.4188116490840912
884	joy	../syntropy_project/models/model_10	../syntropy_project/models/model_10	joy	0.5023910403251648	0.19979332387447357	0.11421463638544083	0.5023910403251648	0.16877774894237518	0.01028464175760746	0.0016308397753164172	0.0004594554484356195	0.00045349844731390476	0.0012814984656870365	0.00034542399225756526	0.0002946870226878673	7.33256310923025e-05
885	joy	../syntropy_project/models/model_10	../syntropy_project/models/model_10	joy	0.482092946767807	0.1058044284582138	0.1566610038280487	0.482092946767807	0.23929797112941742	0.010999328456819057	0.0013908544788137078	0.00057008903240785	0.0006635113968513906	0.001396555220708251	0.0005187105271033943	0.00041571780457161367	0.00018891146464738995
886	neutral	../syntropy_project/models/model_10	../syntropy_project/models/model_10	neutral	0.6697521209716797	0.04501562565565109	0.07667825371026993	0.1952120065689087	0.6697521209716797	0.008037486113607883	0.0024028923362493515	0.0002995129907503724	0.0008048573508858681	0.0010134238982573152	0.0002793238090816885	0.00044704621541313827	5.737168248742819e-05
887	joy	../syntropy_project/models/model_10	../syntropy_project/models/model_10	joy	0.44426649808883667	0.15870806574821472	0.18020698428153992	0.44426649808883667	0.20511630177497864	0.0067568072117865086	0.0026319141034036875	0.00033314930624328554	0.0004574658232741058	0.0008102359715849161	0.0002840072847902775	0.0003063526819460094	0.00012223731027916074
888	neutral	../syntropy_project/models/model_10	../syntropy_project/models/model_10	joy	0.2647540867328644	0.2047785371541977	0.08469352126121521	0.2647540867328644	0.2606710195541382	0.08391012251377106	0.015138709917664528	0.020130714401602745	0.012751634232699871	0.014097526669502258	0.026883427053689957	0.007676659617573023	0.0045141070149838924
889	joy	../syntropy_project/models/model_10	../syntropy_project/models/model_10	joy	0.41031572222709656	0.3367258310317993	0.059335995465517044	0.41031572222709656	0.16072499752044678	0.01476605236530304	0.007813479751348495	0.0019177799113094807	0.0016628989251330495	0.003343892516568303	0.0011590310605242848	0.001522646052762866	0.0007115668850019574
890	pride	../syntropy_project/models/model_10	../syntropy_project/models/model_10	joy	0.6116883754730225	0.13135237991809845	0.10799626260995865	0.6116883754730225	0.1402970403432846	0.004335703793913126	0.0017735939472913742	0.00035094478516839445	0.0005077004316262901	0.0011808875715360045	0.0002249508397653699	0.00019261463603470474	9.958438022295013e-05
891	pride	../syntropy_project/models/model_10	../syntropy_project/models/model_10	joy	0.47391411662101746	0.21396587789058685	0.10482826083898544	0.47391411662101746	0.18386593461036682	0.013768461532890797	0.0036484496667981148	0.001145545276813209	0.0013213872443884611	0.0017384885577484965	0.0008746773237362504	0.0005546563188545406	0.00037415424594655633
892	excitement	../syntropy_project/models/model_10	../syntropy_project/models/model_10	neutral	0.2831786572933197	0.1664181798696518	0.2750953435897827	0.2500283718109131	0.2831786572933197	0.01712184026837349	0.0035553635098040104	0.00072145537706092	0.0011050701141357422	0.0012127356603741646	0.0008267138036899269	0.0004981012316420674	0.00023805063392501324
893	joy	../syntropy_project/models/model_10	../syntropy_project/models/model_10	neutral	0.3886059522628784	0.13682301342487335	0.1618034541606903	0.2606939673423767	0.3886059522628784	0.026688378304243088	0.009901322424411774	0.0025404931511729956	0.0031746882013976574	0.0027795876376330853	0.0024813087657094	0.0030550367664545774	0.0014526966260746121
894	anger	../syntropy_project/models/model_10	../syntropy_project/models/model_10	nervousness	0.7837482690811157	0.010220885276794434	0.0014159033307805657	0.004054826684296131	0.006916549056768417	0.0018827262101694942	0.7837482690811157	0.018518628552556038	0.016155481338500977	0.02159251645207405	0.012783310376107693	0.04988235980272293	0.07282844185829163
895	excitement	../syntropy_project/models/model_10	../syntropy_project/models/model_10	joy	0.5185228586196899	0.22653910517692566	0.16363218426704407	0.5185228586196899	0.07829900085926056	0.00576795032247901	0.002902657026425004	0.0004250789643265307	0.0005241891485638916	0.0018199468031525612	0.0006291175377555192	0.0003545606741681695	0.000583372893743217
896	excitement	../syntropy_project/models/model_10	../syntropy_project/models/model_10	excitement	0.4920333921909332	0.12706787884235382	0.4920333921909332	0.2355431169271469	0.10946401953697205	0.027868663892149925	0.0031894289422780275	0.0010285587050020695	0.000956669042352587	0.0007733177044428885	0.0008768388070166111	0.0007797441794537008	0.00041838519973680377
897	pride	../syntropy_project/models/model_10	../syntropy_project/models/model_10	pride	0.6395597457885742	0.6395597457885742	0.159102663397789	0.047453925013542175	0.03721679747104645	0.01623626984655857	0.08041661232709885	0.004713564645498991	0.0023805429227650166	0.002487624529749155	0.0019979181233793497	0.0021645405795425177	0.006269751116633415
898	disgust	../syntropy_project/models/model_10	../syntropy_project/models/model_10	disgust	0.6657273769378662	0.0058679948560893536	0.006817827001214027	0.005567666608840227	0.016460692510008812	0.006523654796183109	0.045264218002557755	0.051520008593797684	0.009167015552520752	0.04897278547286987	0.6657273769378662	0.0608367882668972	0.07727404683828354
899	joy	../syntropy_project/models/model_10	../syntropy_project/models/model_10	joy	0.28945523500442505	0.22967344522476196	0.2639082670211792	0.28945523500442505	0.16764232516288757	0.037458308041095734	0.005006531719118357	0.0012604233343154192	0.001068944577127695	0.0016792898532003164	0.0011232118122279644	0.0011843342799693346	0.0005396691267378628
900	sadness	../syntropy_project/models/model_10	../syntropy_project/models/model_10	joy	0.29953038692474365	0.2176809012889862	0.12251927703619003	0.29953038692474365	0.27421680092811584	0.03841058164834976	0.00989077053964138	0.003790644695982337	0.0037893273402005434	0.022126836702227592	0.0024698481429368258	0.0035267870407551527	0.0020478744991123676
901	joy	../syntropy_project/models/model_10	../syntropy_project/models/model_10	joy	0.5724817514419556	0.09388429671525955	0.060689717531204224	0.5724817514419556	0.24905744194984436	0.010348573327064514	0.003163854358717799	0.0008874709019437432	0.001278401119634509	0.005877345334738493	0.0009625006932765245	0.0009672700543887913	0.00040127322426997125
902	surprise	../syntropy_project/models/model_10	../syntropy_project/models/model_10	neutral	0.5046809911727905	0.036550093442201614	0.06573187559843063	0.3725813627243042	0.5046809911727905	0.01497463695704937	0.0009770483011379838	0.0004199375689495355	0.0011951836058869958	0.002029881114140153	0.0003767359594348818	0.00042947116889990866	5.282520578475669e-05
903	nervousness	../syntropy_project/models/model_10	../syntropy_project/models/model_10	nervousness	0.7057490348815918	0.02983143925666809	0.009139727801084518	0.02579629048705101	0.03205186501145363	0.009829165413975716	0.7057490348815918	0.027119772508740425	0.024152182042598724	0.07555527240037918	0.016818847507238388	0.013213060796260834	0.030743377283215523
904	neutral	../syntropy_project/models/model_10	../syntropy_project/models/model_10	pride	0.3750506639480591	0.3750506639480591	0.158142551779747	0.31549951434135437	0.12668880820274353	0.011700637638568878	0.006082385312765837	0.001161728403531015	0.001058391877450049	0.0020467343274503946	0.0008142985170707107	0.0006560790352523327	0.0010982243111357093
905	excitement	../syntropy_project/models/model_10	../syntropy_project/models/model_10	excitement	0.48431551456451416	0.037741295993328094	0.48431551456451416	0.22435441613197327	0.24383258819580078	0.006236867979168892	0.0016353080281987786	0.00021848776668775827	0.000688167114276439	0.0003993492864537984	0.00023362049250863492	0.0002708081738092005	7.357836875598878e-05
906	pride	../syntropy_project/models/model_10	../syntropy_project/models/model_10	pride	0.7910841107368469	0.7910841107368469	0.13265332579612732	0.020484264940023422	0.01270684041082859	0.00639677420258522	0.032790910452604294	0.0010317604755982757	0.00029313392587937415	0.0005721893394365907	0.0005118615226820111	0.00040923268534243107	0.0010656685335561633
907	excitement	../syntropy_project/models/model_10	../syntropy_project/models/model_10	excitement	0.8318221569061279	0.04742618277668953	0.8318221569061279	0.043185971677303314	0.05116873234510422	0.010107503272593021	0.013132684864103794	0.0004134690389037132	0.0008828045101836324	0.0005026802537031472	0.0004167977604083717	0.00038227165350690484	0.0005586931947618723
908	nervousness	../syntropy_project/models/model_10	../syntropy_project/models/model_10	nervousness	0.3759509325027466	0.11748123914003372	0.022761857137084007	0.026549912989139557	0.052221402525901794	0.013994998298585415	0.3759509325027466	0.03511344641447067	0.06775588542222977	0.026330890133976936	0.024422738701105118	0.02123509719967842	0.2161816656589508
909	neutral	../syntropy_project/models/model_10	../syntropy_project/models/model_10	neutral	0.5026705265045166	0.055835168808698654	0.030914010480046272	0.38073283433914185	0.5026705265045166	0.012578140012919903	0.003929887432605028	0.0009721769602037966	0.0019544283859431744	0.006639854982495308	0.0012656606268137693	0.002234645886346698	0.00027262672665528953
910	joy	../syntropy_project/models/model_10	../syntropy_project/models/model_10	joy	0.48286932706832886	0.09948018938302994	0.13338646292686462	0.48286932706832886	0.23350925743579865	0.03602386638522148	0.0029861386865377426	0.0016050953418016434	0.0010306561598554254	0.005784448701888323	0.0014424016699194908	0.0011379116913303733	0.0007443408248946071
911	pride	../syntropy_project/models/model_10	../syntropy_project/models/model_10	pride	0.9042257070541382	0.9042257070541382	0.06607620418071747	0.009392648003995419	0.0033882122952491045	0.0022747404873371124	0.012567948549985886	0.0007168565061874688	7.592210749862716e-05	0.00022798788268119097	0.00023679375590290874	0.00016840633179526776	0.0006485829362645745
912	neutral	../syntropy_project/models/model_10	../syntropy_project/models/model_10	neutral	0.7131652235984802	0.020280564203858376	0.0561387725174427	0.1954817920923233	0.7131652235984802	0.006163962185382843	0.002711139852181077	0.0003044655895791948	0.0017127866158261895	0.0026325229555368423	0.0004669035552069545	0.0008364464738406241	0.00010545788245508447
913	joy	../syntropy_project/models/model_10	../syntropy_project/models/model_10	joy	0.39851003885269165	0.14897653460502625	0.13201290369033813	0.39851003885269165	0.29249608516693115	0.018528765067458153	0.003394113155081868	0.0007162848487496376	0.0010757195996120572	0.002670648042112589	0.0006652690353803337	0.0007387874647974968	0.0002147714258171618
914	joy	../syntropy_project/models/model_10	../syntropy_project/models/model_10	neutral	0.4620867967605591	0.08492609113454819	0.20391646027565002	0.22356024384498596	0.4620867967605591	0.01779266819357872	0.0034189121797680855	0.000546802650205791	0.0013273347867652774	0.0012348844902589917	0.0005255431169643998	0.0004911277210339904	0.00017320321057923138
915	joy	../syntropy_project/models/model_10	../syntropy_project/models/model_10	joy	0.28615114092826843	0.2612370252609253	0.23021572828292847	0.28615114092826843	0.1667957901954651	0.042643699795007706	0.005350911989808083	0.0011363310040906072	0.0008655355195514858	0.0027953768149018288	0.0011078320676460862	0.0010357943829149008	0.0006648484850302339
916	confusion	../syntropy_project/models/model_10	../syntropy_project/models/model_10	surprise	0.5368927121162415	0.03266096115112305	0.057718247175216675	0.06530459970235825	0.189226433634758	0.5368927121162415	0.024622470140457153	0.013226650655269623	0.04442620649933815	0.014498489908874035	0.010098634287714958	0.009677364490926266	0.0016472910065203905
917	neutral	../syntropy_project/models/model_10	../syntropy_project/models/model_10	pride	0.7875807881355286	0.7875807881355286	0.17338046431541443	0.005640080664306879	0.006985499989241362	0.006280190777033567	0.0168624110519886	0.0010176480282098055	0.0001921649236464873	0.0002674632996786386	0.0004880147462245077	0.00045781259541399777	0.000847544870339334
918	neutral	../syntropy_project/models/model_10	../syntropy_project/models/model_10	neutral	0.7578511238098145	0.017428569495677948	0.053647976368665695	0.16098134219646454	0.7578511238098145	0.006404114421457052	0.0005794638418592513	0.0002522859431337565	0.0010907273972406983	0.0010744574246928096	0.0003315831418149173	0.00030879018595442176	4.966625419910997e-05
919	pride	../syntropy_project/models/model_10	../syntropy_project/models/model_10	joy	0.4296051859855652	0.1364433765411377	0.1092003732919693	0.4296051859855652	0.3014407455921173	0.016101708635687828	0.002397789852693677	0.0006591844139620662	0.001024242490530014	0.0019884707871824503	0.0004347502253949642	0.0005419434164650738	0.00016214596689678729
920	neutral	../syntropy_project/models/model_10	../syntropy_project/models/model_10	joy	0.47980594635009766	0.2041272073984146	0.11062484234571457	0.47980594635009766	0.18599286675453186	0.005452737677842379	0.00751801673322916	0.0004577228974085301	0.0007954576867632568	0.0036628011148422956	0.0005543947918340564	0.0005375121254473925	0.0004703450249508023
921	excitement	../syntropy_project/models/model_10	../syntropy_project/models/model_10	excitement	0.6008098721504211	0.07035233080387115	0.6008098721504211	0.2115248292684555	0.09871676564216614	0.015476733446121216	0.001219961792230606	0.00042856798972934484	0.00026625217287801206	0.00029278272995725274	0.00042814190965145826	0.0003398573026061058	0.00014392130833584815
922	anger	../syntropy_project/models/model_10	../syntropy_project/models/model_10	anger	0.3916582465171814	0.01998816803097725	0.008937587030231953	0.007473834790289402	0.024326909333467484	0.02058272436261177	0.038432423025369644	0.12085288017988205	0.018533959984779358	0.033990465104579926	0.2785511314868927	0.036671657115221024	0.3916582465171814
923	neutral	../syntropy_project/models/model_10	../syntropy_project/models/model_10	joy	0.3701481223106384	0.10368026793003082	0.08727970719337463	0.3701481223106384	0.3421420753002167	0.03671306371688843	0.027776438742876053	0.004486634396016598	0.006849424913525581	0.011503960005939007	0.004334680736064911	0.003382256021723151	0.0017033314798027277
924	joy	../syntropy_project/models/model_10	../syntropy_project/models/model_10	neutral	0.6331216096878052	0.04999417066574097	0.08261118829250336	0.20238874852657318	0.6331216096878052	0.022054264321923256	0.0028709175530821085	0.0007238750695250928	0.0017024610424414277	0.0026648284401744604	0.0006850113277323544	0.0010530974250286818	0.0001298625866184011
925	neutral	../syntropy_project/models/model_10	../syntropy_project/models/model_10	neutral	0.48228558897972107	0.11329241842031479	0.11637640744447708	0.177880197763443	0.48228558897972107	0.06508849561214447	0.014751491136848927	0.00639996537938714	0.006269574631005526	0.006882353685796261	0.005162703339010477	0.004828603006899357	0.0007821655017323792
926	excitement	../syntropy_project/models/model_10	../syntropy_project/models/model_10	joy	0.5192672610282898	0.10544617474079132	0.16389088332653046	0.5192672610282898	0.19452983140945435	0.011463591828942299	0.0016268041217699647	0.0005316617316566408	0.000692465400788933	0.0014677537837997079	0.0003435751423239708	0.0005447136936709285	0.00019534173770807683
927	joy	../syntropy_project/models/model_10	../syntropy_project/models/model_10	neutral	0.39788949489593506	0.06505358964204788	0.11679234355688095	0.3931885063648224	0.39788949489593506	0.012635501101613045	0.004940539598464966	0.0009128273231908679	0.003504631808027625	0.0028688989114016294	0.0009256693883799016	0.0009612595313228667	0.0003267370630055666
928	pride	../syntropy_project/models/model_10	../syntropy_project/models/model_10	pride	0.46259257197380066	0.46259257197380066	0.13886722922325134	0.2357950210571289	0.13921600580215454	0.008703944273293018	0.00996425747871399	0.0012219523778185248	0.0010509664425626397	0.0009807241149246693	0.0006224793032743037	0.0004974992480129004	0.00048738406621851027
929	neutral	../syntropy_project/models/model_10	../syntropy_project/models/model_10	neutral	0.37550976872444153	0.26131972670555115	0.12268684059381485	0.13664256036281586	0.37550976872444153	0.0321953222155571	0.05186445266008377	0.002464151009917259	0.006585946772247553	0.0030384256970137358	0.0019289699848741293	0.004001024179160595	0.0017627858323976398
930	joy	../syntropy_project/models/model_10	../syntropy_project/models/model_10	neutral	0.4028521776199341	0.080717533826828	0.07621563225984573	0.2639370560646057	0.4028521776199341	0.03423522412776947	0.047492146492004395	0.013163323514163494	0.0088580884039402	0.04145937040448189	0.01429277565330267	0.009337078779935837	0.0074396575801074505
931	nervousness	../syntropy_project/models/model_10	../syntropy_project/models/model_10	nervousness	0.7215543985366821	0.011150668375194073	0.010490098968148232	0.01541984360665083	0.027028530836105347	0.007655640598386526	0.7215543985366821	0.016014371067285538	0.013657688163220882	0.044396549463272095	0.022255990654230118	0.08119785785675049	0.029178394004702568
932	joy	../syntropy_project/models/model_10	../syntropy_project/models/model_10	joy	0.355851411819458	0.20753329992294312	0.15096811950206757	0.355851411819458	0.2391992211341858	0.035110022872686386	0.004202669020742178	0.0012774181086570024	0.0013583891559392214	0.002498338697478175	0.000898372323717922	0.0007509705028496683	0.00035164799191989005
933	pride	../syntropy_project/models/model_10	../syntropy_project/models/model_10	joy	0.4161170721054077	0.09289636462926865	0.1534525454044342	0.4161170721054077	0.3221113979816437	0.010702671483159065	0.0012778770178556442	0.00048551216605119407	0.0008598754648119211	0.0012012869119644165	0.0003870665095746517	0.00040437610005028546	0.00010389273666078225
934	neutral	../syntropy_project/models/model_10	../syntropy_project/models/model_10	neutral	0.3907783627510071	0.09704022109508514	0.11534757167100906	0.37466177344322205	0.3907783627510071	0.010470114648342133	0.005992120131850243	0.0005449592135846615	0.0010841705370694399	0.002545529045164585	0.0004598576051648706	0.0008117449469864368	0.00026348873507231474
935	neutral	../syntropy_project/models/model_10	../syntropy_project/models/model_10	joy	0.3118612766265869	0.16875751316547394	0.2121974676847458	0.3118612766265869	0.258665531873703	0.033796221017837524	0.0060218749567866325	0.0019040664192289114	0.002698703669011593	0.0018415999365970492	0.000977946911007166	0.0007985965348780155	0.00047928316053003073
936	pride	../syntropy_project/models/model_10	../syntropy_project/models/model_10	pride	0.3778984844684601	0.3778984844684601	0.09674695134162903	0.19023001194000244	0.16566672921180725	0.05035199224948883	0.06056666374206543	0.010941378772258759	0.005468550603836775	0.014759175479412079	0.010663003660738468	0.005205686669796705	0.011501354165375233
937	nervousness	../syntropy_project/models/model_10	../syntropy_project/models/model_10	nervousness	0.712394654750824	0.01105037983506918	0.00589759461581707	0.010957861319184303	0.02570214867591858	0.009008878841996193	0.712394654750824	0.01634516939520836	0.024264292791485786	0.03383477404713631	0.011824321001768112	0.11801299452781677	0.02070700190961361
938	joy	../syntropy_project/models/model_10	../syntropy_project/models/model_10	pride	0.5109754800796509	0.5109754800796509	0.1246088296175003	0.21873365342617035	0.10032153874635696	0.0213578250259161	0.01631115935742855	0.002035261131823063	0.0014229322550818324	0.0014321093913167715	0.0011111926287412643	0.0010844585485756397	0.0006056430866010487
939	excitement	../syntropy_project/models/model_10	../syntropy_project/models/model_10	excitement	0.38568198680877686	0.15734383463859558	0.38568198680877686	0.29363876581192017	0.14135929942131042	0.016202641651034355	0.0025623347610235214	0.0007567615248262882	0.0006116690929047763	0.0005591369117610157	0.0006141257472336292	0.0003961208276450634	0.0002734260924626142
940	excitement	../syntropy_project/models/model_10	../syntropy_project/models/model_10	joy	0.3746543526649475	0.21006785333156586	0.22933824360370636	0.3746543526649475	0.17183034121990204	0.008941976353526115	0.0027891616337001324	0.0003978984314016998	0.0005054727662354708	0.0007757774437777698	0.000327718211337924	0.00025540520437061787	0.00011580161663005129
941	joy	../syntropy_project/models/model_10	../syntropy_project/models/model_10	joy	0.43748483061790466	0.2102392613887787	0.14756721258163452	0.43748483061790466	0.17746387422084808	0.015449319034814835	0.004965858068317175	0.0013554930919781327	0.0012391385389491916	0.0018509370274841785	0.0012291590683162212	0.0007435050792992115	0.0004112953902222216
942	excitement	../syntropy_project/models/model_10	../syntropy_project/models/model_10	joy	0.4415874183177948	0.11398408561944962	0.18354448676109314	0.4415874183177948	0.24480266869068146	0.007041080854833126	0.0041949632577598095	0.000678948825225234	0.0010515630710870028	0.0015256715705618262	0.0006649848073720932	0.0006817143876105547	0.00024247067631222308
943	pride	../syntropy_project/models/model_10	../syntropy_project/models/model_10	excitement	0.44129011034965515	0.25980186462402344	0.44129011034965515	0.150090754032135	0.10696122795343399	0.023572277277708054	0.010893692262470722	0.0017324831569567323	0.0010391038376837969	0.000852608063723892	0.0014089993201196194	0.001371297868900001	0.0009855616372078657
944	excitement	../syntropy_project/models/model_10	../syntropy_project/models/model_10	pride	0.33499592542648315	0.33499592542648315	0.29972368478775024	0.133335679769516	0.18397726118564606	0.012964319437742233	0.02636852115392685	0.0010331730591133237	0.0018990222597494721	0.002350417897105217	0.0008795384783297777	0.0008072542259469628	0.0016652692575007677
945	joy	../syntropy_project/models/model_10	../syntropy_project/models/model_10	joy	0.5769749879837036	0.1205049604177475	0.14073948562145233	0.5769749879837036	0.12928132712841034	0.01281348243355751	0.008634315803647041	0.0024887279141694307	0.0017034622142091393	0.0037132275756448507	0.000838300387840718	0.0015236460603773594	0.0007841181359253824
946	neutral	../syntropy_project/models/model_10	../syntropy_project/models/model_10	neutral	0.3919130563735962	0.12788419425487518	0.23756273090839386	0.2233061045408249	0.3919130563735962	0.009240399114787579	0.005700450390577316	0.0009418345871381462	0.001022130367346108	0.0011719343019649386	0.0006888246862217784	0.0004028458788525313	0.00016536435578018427
947	neutral	../syntropy_project/models/model_10	../syntropy_project/models/model_10	neutral	0.30330413579940796	0.02161196619272232	0.03727874904870987	0.04909716919064522	0.30330413579940796	0.021552391350269318	0.0545208640396595	0.0191162321716547	0.015373626723885536	0.04475735127925873	0.20230890810489655	0.1499549150466919	0.0811237245798111
948	pride	../syntropy_project/models/model_10	../syntropy_project/models/model_10	pride	0.463575154542923	0.463575154542923	0.25878843665122986	0.15225058794021606	0.06690908223390579	0.014055722393095493	0.034904059022665024	0.0019700718112289906	0.001343453535810113	0.001876944676041603	0.0014774841256439686	0.0008169416105374694	0.002032171469181776
949	surprise	../syntropy_project/models/model_10	../syntropy_project/models/model_10	neutral	0.328637957572937	0.18904481828212738	0.14740310609340668	0.29110950231552124	0.328637957572937	0.030850423499941826	0.006380908656865358	0.0011703638592734933	0.0016246838495135307	0.0022973273880779743	0.0006066957721486688	0.0006751550827175379	0.00019911283743567765
950	pride	../syntropy_project/models/model_10	../syntropy_project/models/model_10	joy	0.45446038246154785	0.14840908348560333	0.11427632719278336	0.45446038246154785	0.24886372685432434	0.018070587888360023	0.005811980925500393	0.00192392582539469	0.0020971435587853193	0.0028127615805715322	0.0014474837807938457	0.0012113259872421622	0.0006153066642582417
951	nervousness	../syntropy_project/models/model_10	../syntropy_project/models/model_10	nervousness	0.367689311504364	0.033291906118392944	0.008392427116632462	0.01857393980026245	0.019568175077438354	0.0061609442345798016	0.367689311504364	0.11701197177171707	0.019419459626078606	0.0777096226811409	0.1463252305984497	0.04029621556401253	0.14556078612804413
952	pride	../syntropy_project/models/model_10	../syntropy_project/models/model_10	pride	0.339255154132843	0.339255154132843	0.17019379138946533	0.2683824598789215	0.125962033867836	0.07005544751882553	0.00991516001522541	0.003168045077472925	0.0032254974357783794	0.003299261908978224	0.0026306279469281435	0.0023542563430964947	0.0015581727493554354
953	neutral	../syntropy_project/models/model_10	../syntropy_project/models/model_10	nervousness	0.4750872552394867	0.026002326980233192	0.022458340972661972	0.05382925271987915	0.10267491638660431	0.025606848299503326	0.4750872552394867	0.01689491793513298	0.04763242229819298	0.09556418657302856	0.011591930873692036	0.10333219170570374	0.0193253792822361
954	excitement	../syntropy_project/models/model_10	../syntropy_project/models/model_10	pride	0.5855453014373779	0.5855453014373779	0.34039849042892456	0.02621285803616047	0.02145756222307682	0.01430450938642025	0.009003828279674053	0.0009160003392025828	0.00033382352557964623	0.0004170677566435188	0.000535441329702735	0.0004557692736852914	0.0004193407075945288
955	joy	../syntropy_project/models/model_10	../syntropy_project/models/model_10	joy	0.4516673684120178	0.13959959149360657	0.17474974691867828	0.4516673684120178	0.2022572159767151	0.015295497141778469	0.006151782348752022	0.001992227276787162	0.0023113777860999107	0.0021883363369852304	0.0015135417925193906	0.0012476376723498106	0.0010256667155772448
956	pride	../syntropy_project/models/model_10	../syntropy_project/models/model_10	pride	0.41342324018478394	0.41342324018478394	0.33548206090927124	0.13490520417690277	0.08561691641807556	0.005166783928871155	0.02166399173438549	0.000774524814914912	0.00082450604531914	0.0005150804063305259	0.00044893694575876	0.0003210220893379301	0.0008578098495490849
957	excitement	../syntropy_project/models/model_10	../syntropy_project/models/model_10	joy	0.3448750674724579	0.11351677775382996	0.3233364522457123	0.3448750674724579	0.1969149112701416	0.013891458511352539	0.0034875129349529743	0.000779439345933497	0.0009781377157196403	0.0013294910313561559	0.0004184342687949538	0.0002956830139737576	0.00017668874352239072
958	joy	../syntropy_project/models/model_10	../syntropy_project/models/model_10	joy	0.39545494318008423	0.10250526666641235	0.1372719556093216	0.39545494318008423	0.3459416925907135	0.014730207622051239	0.0010345637565478683	0.0004919384373351932	0.0007534784381277859	0.0010188556043431163	0.00037260563112795353	0.0003412644437048584	8.31754005048424e-05
959	surprise	../syntropy_project/models/model_10	../syntropy_project/models/model_10	joy	0.37871983647346497	0.15717798471450806	0.16819873452186584	0.37871983647346497	0.21987371146678925	0.04973303899168968	0.006780850235372782	0.004071405623108149	0.004766394384205341	0.003992806188762188	0.003508357098326087	0.0018495492404326797	0.0013272056821733713
960	excitement	../syntropy_project/models/model_10	../syntropy_project/models/model_10	nervousness	0.18590056896209717	0.06558781862258911	0.022844234481453896	0.12428118288516998	0.10327620059251785	0.010666192509233952	0.18590056896209717	0.11120937764644623	0.05267952382564545	0.12266170978546143	0.10019302368164062	0.024706218391656876	0.07599389553070068
961	nervousness	../syntropy_project/models/model_10	../syntropy_project/models/model_10	pride	0.423518568277359	0.423518568277359	0.21110185980796814	0.09661195427179337	0.08064205944538116	0.02045711874961853	0.13143382966518402	0.005586204584687948	0.005088109523057938	0.00779087096452713	0.004669087007641792	0.002666193526238203	0.010434075258672237
962	neutral	../syntropy_project/models/model_10	../syntropy_project/models/model_10	neutral	0.7826091051101685	0.01128724217414856	0.0400252491235733	0.15389898419380188	0.7826091051101685	0.006491643376648426	0.001000873395241797	0.0002961483842227608	0.00118201260920614	0.001802647951990366	0.0005038725212216377	0.000833336787763983	6.883308378746733e-05
963	surprise	../syntropy_project/models/model_10	../syntropy_project/models/model_10	neutral	0.5115828514099121	0.045702651143074036	0.04062618687748909	0.27575862407684326	0.5115828514099121	0.06487862020730972	0.008890965022146702	0.005470475647598505	0.01336650364100933	0.023652564734220505	0.004511100705713034	0.004806247539818287	0.0007532244198955595
964	joy	../syntropy_project/models/model_10	../syntropy_project/models/model_10	pride	0.32718899846076965	0.32718899846076965	0.10179358720779419	0.3141710162162781	0.1441699117422104	0.04093054309487343	0.04302167519927025	0.00589922908693552	0.005471297539770603	0.008814413100481033	0.0042227087542414665	0.0021429688204079866	0.0021737448405474424
965	confusion	../syntropy_project/models/model_10	../syntropy_project/models/model_10	joy	0.4215297996997833	0.19044411182403564	0.14627185463905334	0.4215297996997833	0.1444627046585083	0.032190803438425064	0.028314806520938873	0.006941130384802818	0.004834973718971014	0.008904028683900833	0.006637547630816698	0.004641291219741106	0.0048269182443618774
966	joy	../syntropy_project/models/model_10	../syntropy_project/models/model_10	confusion	0.7348378300666809	0.012409219518303871	0.0014482300030067563	0.006595635786652565	0.023052377626299858	0.0182443019002676	0.05516243353486061	0.05007005110383034	0.7348378300666809	0.017817961052060127	0.015964455902576447	0.008462631143629551	0.05593492463231087
967	pride	../syntropy_project/models/model_10	../syntropy_project/models/model_10	pride	0.7594904899597168	0.7594904899597168	0.1986694633960724	0.013366108760237694	0.008653205819427967	0.003136328887194395	0.01486536581069231	0.00047641241690143943	0.00011330672714393586	0.000294696306809783	0.00024695839965716004	0.00018868298502638936	0.0004989836597815156
968	nervousness	../syntropy_project/models/model_10	../syntropy_project/models/model_10	nervousness	0.8209013342857361	0.04339222609996796	0.008563720621168613	0.0072124311700463295	0.011370801366865635	0.008397727273404598	0.8209013342857361	0.01909581571817398	0.011471630074083805	0.018799476325511932	0.008635526522994041	0.02219187282025814	0.019967563450336456
969	excitement	../syntropy_project/models/model_10	../syntropy_project/models/model_10	excitement	0.39562904834747314	0.36092662811279297	0.39562904834747314	0.1345536708831787	0.07048817723989487	0.007557946722954512	0.025020340457558632	0.0009896535193547606	0.0010942864464595914	0.0014423370594158769	0.0005614075344055891	0.0005491373012773693	0.00118734291754663
970	pride	../syntropy_project/models/model_10	../syntropy_project/models/model_10	neutral	0.4464411735534668	0.04755515605211258	0.10929347574710846	0.37837135791778564	0.4464411735534668	0.01365337148308754	0.0008662432082928717	0.00046717593795619905	0.000981528777629137	0.0014271262334659696	0.0003958761226385832	0.0004390459507703781	0.0001085668700397946
971	sadness	../syntropy_project/models/model_10	../syntropy_project/models/model_10	sadness	0.3254747688770294	0.04583529010415077	0.04857354238629341	0.1674819439649582	0.19082623720169067	0.03888385370373726	0.054088469594717026	0.024998128414154053	0.024103999137878418	0.3254747688770294	0.034984756261110306	0.025354381650686264	0.01939464919269085
972	joy	../syntropy_project/models/model_10	../syntropy_project/models/model_10	joy	0.3013719916343689	0.1578923761844635	0.09366952627897263	0.3013719916343689	0.19019901752471924	0.06437047570943832	0.04997875913977623	0.017487291246652603	0.017360953614115715	0.07194347679615021	0.01053257193416357	0.01350450050085783	0.011689165607094765
973	confusion	../syntropy_project/models/model_10	../syntropy_project/models/model_10	excitement	0.5374420285224915	0.07977758347988129	0.5374420285224915	0.04986084625124931	0.08484135568141937	0.06830000132322311	0.14768341183662415	0.0039030436892062426	0.008177582174539566	0.004243940580636263	0.003109274199232459	0.005848184693604708	0.006812795996665955
974	excitement	../syntropy_project/models/model_10	../syntropy_project/models/model_10	pride	0.3238712251186371	0.3238712251186371	0.2319604456424713	0.25266143679618835	0.150576651096344	0.00882964488118887	0.026098378002643585	0.0008870702004060149	0.0011337990872561932	0.0017613103846088052	0.0006338749080896378	0.00071738037513569	0.0008686695946380496
975	pride	../syntropy_project/models/model_10	../syntropy_project/models/model_10	pride	0.3762247562408447	0.3762247562408447	0.08294367045164108	0.255487322807312	0.24232038855552673	0.010899677872657776	0.01329831499606371	0.0020905956625938416	0.005285282153636217	0.005220486782491207	0.0011974922381341457	0.002228945028036833	0.002803125185891986
976	pride	../syntropy_project/models/model_10	../syntropy_project/models/model_10	joy	0.30891087651252747	0.2558461129665375	0.15988647937774658	0.30891087651252747	0.22277647256851196	0.03444817662239075	0.007406456395983696	0.0014805018436163664	0.0019000123720616102	0.003960637841373682	0.0017024163389578462	0.0011055923532694578	0.0005762861692346632
977	joy	../syntropy_project/models/model_10	../syntropy_project/models/model_10	pride	0.39161133766174316	0.39161133766174316	0.146040678024292	0.26969337463378906	0.12517939507961273	0.043831247836351395	0.011901915073394775	0.0021290851291269064	0.0016368333017453551	0.003496285993605852	0.0015900888247415423	0.0016086113173514605	0.0012810323387384415
978	excitement	../syntropy_project/models/model_10	../syntropy_project/models/model_10	excitement	0.3739151358604431	0.09951907396316528	0.3739151358604431	0.29778438806533813	0.18518805503845215	0.034699101001024246	0.003451399737969041	0.0010484972735866904	0.0010462828213348985	0.0008460153476335108	0.001361352507956326	0.0007993974140845239	0.0003412496007513255
979	joy	../syntropy_project/models/model_10	../syntropy_project/models/model_10	anger	0.23435631394386292	0.10073991119861603	0.10107190907001495	0.08141589909791946	0.13147835433483124	0.06758156418800354	0.03797818347811699	0.033529385924339294	0.009489607997238636	0.019018039107322693	0.17590999603271484	0.007430815603584051	0.23435631394386292
980	confusion	../syntropy_project/models/model_10	../syntropy_project/models/model_10	nervousness	0.26129138469696045	0.08387074619531631	0.006315888836979866	0.0289930272847414	0.06874915212392807	0.028367694467306137	0.26129138469696045	0.09970664978027344	0.2324972003698349	0.05505066737532616	0.0344427153468132	0.035409316420555115	0.06530555337667465
981	joy	../syntropy_project/models/model_10	../syntropy_project/models/model_10	joy	0.5464146137237549	0.1259213536977768	0.15674933791160583	0.5464146137237549	0.1451614946126938	0.013728995807468891	0.003905026474967599	0.0009608260588720441	0.0012196529423817992	0.003229473950341344	0.0012782193953171372	0.0006885396433062851	0.0007423629867844284
982	pride	../syntropy_project/models/model_10	../syntropy_project/models/model_10	pride	0.4774276316165924	0.4774276316165924	0.08155327290296555	0.19894464313983917	0.17934249341487885	0.02414870448410511	0.02248484082520008	0.003828647080808878	0.003967978060245514	0.0025592269375920296	0.0016291920328512788	0.002366803353652358	0.001746477442793548
983	excitement	../syntropy_project/models/model_10	../syntropy_project/models/model_10	excitement	0.6831463575363159	0.07695575058460236	0.6831463575363159	0.09379944950342178	0.06585878133773804	0.0445701889693737	0.023792289197444916	0.0016281685093417764	0.0031593076419085264	0.0024985913187265396	0.0014018045039847493	0.0015636105090379715	0.0016256767557933927
984	joy	../syntropy_project/models/model_10	../syntropy_project/models/model_10	joy	0.37240105867385864	0.22304432094097137	0.1776493787765503	0.37240105867385864	0.2118229866027832	0.005479725543409586	0.006003413815051317	0.0006511577521450818	0.0007391553954221308	0.0010936397593468428	0.0004185192519798875	0.00044982018880546093	0.00024698948254808784
985	neutral	../syntropy_project/models/model_10	../syntropy_project/models/model_10	neutral	0.3593524098396301	0.10281290113925934	0.15688645839691162	0.3536410927772522	0.3593524098396301	0.01566615141928196	0.004207908641546965	0.0014482736587524414	0.0014238946605473757	0.0020933938212692738	0.0012249709106981754	0.0009443411836400628	0.00029822043143212795
986	pride	../syntropy_project/models/model_10	../syntropy_project/models/model_10	joy	0.40063586831092834	0.2083597481250763	0.23922227323055267	0.40063586831092834	0.11962544918060303	0.02113438956439495	0.002811610931530595	0.0022428478114306927	0.0018999924650415778	0.0010920919012278318	0.001532035879790783	0.0008820117800496519	0.0005616557318717241
987	excitement	../syntropy_project/models/model_10	../syntropy_project/models/model_10	excitement	0.44256919622421265	0.1873302012681961	0.44256919622421265	0.17242850363254547	0.13378578424453735	0.026876922696828842	0.019432000815868378	0.001943316776305437	0.0015476917615160346	0.005366114899516106	0.003981838934123516	0.002125731436535716	0.002612700220197439
988	neutral	../syntropy_project/models/model_10	../syntropy_project/models/model_10	excitement	0.409506618976593	0.1218111664056778	0.409506618976593	0.18666963279247284	0.2460625022649765	0.01607862114906311	0.014825018122792244	0.0006829210906289518	0.0011512578930705786	0.001352914609014988	0.0005646356148645282	0.0006104353815317154	0.0006841590511612594
989	joy	../syntropy_project/models/model_10	../syntropy_project/models/model_10	joy	0.37445950508117676	0.17287622392177582	0.2911527752876282	0.37445950508117676	0.10536012798547745	0.047423724085092545	0.003044969867914915	0.0011558184633031487	0.0008196202688850462	0.0015884701861068606	0.0009011924848891795	0.000995705253444612	0.0002219407178927213
990	pride	../syntropy_project/models/model_10	../syntropy_project/models/model_10	joy	0.4018326699733734	0.35774433612823486	0.043887924402952194	0.4018326699733734	0.16718874871730804	0.010975740849971771	0.005960359703749418	0.002051941817626357	0.001465798239223659	0.005100466310977936	0.0014665406197309494	0.0012838715920224786	0.0010416223667562008
991	neutral	../syntropy_project/models/model_10	../syntropy_project/models/model_10	joy	0.41401249170303345	0.21131253242492676	0.21759606897830963	0.41401249170303345	0.1323692947626114	0.014598372392356396	0.00239767087623477	0.0008449272718280554	0.0005121224676258862	0.004997344687581062	0.0005178831052035093	0.0005116538377478719	0.00032964753336273134
992	joy	../syntropy_project/models/model_10	../syntropy_project/models/model_10	joy	0.36856257915496826	0.14683844149112701	0.23867669701576233	0.36856257915496826	0.2159464806318283	0.021842110902071	0.0023005953989923	0.001325341872870922	0.0010418936144560575	0.0015580850886180997	0.0009288856526836753	0.0006906826165504754	0.0002882086264435202
993	pride	../syntropy_project/models/model_10	../syntropy_project/models/model_10	pride	0.406970351934433	0.406970351934433	0.09262880682945251	0.2279912233352661	0.21673938632011414	0.021356573328375816	0.02105121687054634	0.002743376651778817	0.0040290141478180885	0.0025504252407699823	0.0017223006580024958	0.001470426213927567	0.0007468583644367754
994	neutral	../syntropy_project/models/model_10	../syntropy_project/models/model_10	neutral	0.33401548862457275	0.080159991979599	0.21238906681537628	0.33238497376441956	0.33401548862457275	0.028477970510721207	0.0019620610401034355	0.0016726568574085832	0.0017027053982019424	0.003533740993589163	0.0015563822817057371	0.001343430601991713	0.0008015857310965657
995	excitement	../syntropy_project/models/model_10	../syntropy_project/models/model_10	pride	0.6944783329963684	0.6944783329963684	0.26229327917099	0.013057230971753597	0.010220251977443695	0.004663720261305571	0.012604113668203354	0.0006828703335486352	0.00025965593522414565	0.00029747336520813406	0.00042824645061045885	0.0003299460222478956	0.0006848872289992869
996	neutral	../syntropy_project/models/model_10	../syntropy_project/models/model_10	neutral	0.6128700971603394	0.05354814603924751	0.035354189574718475	0.13763432204723358	0.6128700971603394	0.09392642974853516	0.013083981350064278	0.007569473702460527	0.01626874879002571	0.01531156711280346	0.005786363501101732	0.007883245125412941	0.0007634609937667847
997	joy	../syntropy_project/models/model_10	../syntropy_project/models/model_10	joy	0.5436334609985352	0.07911571860313416	0.11739276349544525	0.5436334609985352	0.23104532063007355	0.022779326885938644	0.0014567163307219744	0.000589080445934087	0.0009462361340411007	0.002040575724095106	0.000504694355186075	0.0003961002512369305	9.995688742492348e-05
998	pride	../syntropy_project/models/model_10	../syntropy_project/models/model_10	pride	0.4260445833206177	0.4260445833206177	0.16850823163986206	0.2742805480957031	0.12004417926073074	0.004003976471722126	0.002914177253842354	0.001424145302735269	0.0006309835007414222	0.0005115735693834722	0.001027154503390193	0.00033672901918180287	0.00027377024525776505
999	nervousness	../syntropy_project/models/model_10	../syntropy_project/models/model_10	nervousness	0.5001295208930969	0.011192544363439083	0.0037641655653715134	0.02206026017665863	0.0415026992559433	0.016123050823807716	0.5001295208930969	0.04197811335325241	0.19140097498893738	0.08838526904582977	0.02921861782670021	0.01718706637620926	0.03705768659710884
1000	joy	../syntropy_project/models/model_10	../syntropy_project/models/model_10	joy	0.37406641244888306	0.07137303799390793	0.20575840771198273	0.37406641244888306	0.29107344150543213	0.04858148843050003	0.0010246504098176956	0.001654903287999332	0.0013951893197372556	0.0018685905961319804	0.0018867767648771405	0.0009965987410396338	0.0003204895183444023
1001	excitement	../syntropy_project/models/model_10	../syntropy_project/models/model_10	joy	0.3692390024662018	0.03849676996469498	0.36889365315437317	0.3692390024662018	0.19055701792240143	0.024526335299015045	0.0009274375042878091	0.0012100490275770426	0.0007712410879321396	0.0008982669678516686	0.002852101344615221	0.001223221537657082	0.00040482080657966435
1002	pride	../syntropy_project/models/model_10	../syntropy_project/models/model_10	neutral	0.6997015476226807	0.0722188875079155	0.053433917462825775	0.07288644462823868	0.6997015476226807	0.007550292648375034	0.07870585471391678	0.0012166551314294338	0.002850570483133197	0.0031876591965556145	0.0011607235064730048	0.006477077025920153	0.0006103978375904262
1003	excitement	../syntropy_project/models/model_10	../syntropy_project/models/model_10	joy	0.3251749277114868	0.21046291291713715	0.22370249032974243	0.3251749277114868	0.22193501889705658	0.008656341582536697	0.007177823688834906	0.00038384247454814613	0.0005994531675241888	0.0009530234383419156	0.000354100571712479	0.0003818646655417979	0.00021828616445418447
1004	neutral	../syntropy_project/models/model_10	../syntropy_project/models/model_10	neutral	0.5515422821044922	0.05646966025233269	0.09409628808498383	0.2659003734588623	0.5515422821044922	0.01955992914736271	0.004751383326947689	0.0007522133528254926	0.0020184656605124474	0.002665269188582897	0.0009262420353479683	0.0010768097126856446	0.00024112100072670728
1005	pride	../syntropy_project/models/model_10	../syntropy_project/models/model_10	pride	0.5537280440330505	0.5537280440330505	0.17353497445583344	0.10795069485902786	0.12641581892967224	0.011725015938282013	0.01941198855638504	0.0016151143936440349	0.0015772293554618955	0.0011125673772767186	0.001055106520652771	0.001075276522897184	0.0007980457739904523
1006	sadness	../syntropy_project/models/model_10	../syntropy_project/models/model_10	disgust	0.4493394196033478	0.012814558111131191	0.013483124785125256	0.009690538980066776	0.030466515570878983	0.008530277758836746	0.07732641696929932	0.038849327713251114	0.010633626021444798	0.05304950848221779	0.4493394196033478	0.030350949615240097	0.2654658555984497
1007	excitement	../syntropy_project/models/model_10	../syntropy_project/models/model_10	joy	0.4735516309738159	0.07446824014186859	0.18575741350650787	0.4735516309738159	0.2499818503856659	0.008639546111226082	0.002776301233097911	0.0007453968282788992	0.0010429851245135069	0.0017200651345774531	0.0005654921405948699	0.0004388456291053444	0.000312221294734627
1008	pride	../syntropy_project/models/model_10	../syntropy_project/models/model_10	pride	0.8529452085494995	0.8529452085494995	0.088563472032547	0.027125637978315353	0.011904372833669186	0.0015465954784303904	0.015953633934259415	0.0005260034231469035	0.00017606721667107195	0.00024652661522850394	0.00022089778212830424	0.0002052316558547318	0.0005863161641173065
1009	surprise	../syntropy_project/models/model_10	../syntropy_project/models/model_10	joy	0.37620267271995544	0.12471785396337509	0.29364967346191406	0.37620267271995544	0.1492304801940918	0.04637490585446358	0.0037698091473430395	0.0009403138537891209	0.0011200535809621215	0.0020096274092793465	0.0009209146373905241	0.0007599664968438447	0.0003036432317458093
1010	excitement	../syntropy_project/models/model_10	../syntropy_project/models/model_10	excitement	0.5601620674133301	0.15090665221214294	0.5601620674133301	0.07689321041107178	0.12591859698295593	0.05378398299217224	0.017463482916355133	0.0021434295922517776	0.0029641862493008375	0.003772520925849676	0.0023992753122001886	0.001433355500921607	0.0021592911798506975
1011	embarrassment	../syntropy_project/models/model_10	../syntropy_project/models/model_10	pride	0.5356780290603638	0.5356780290603638	0.1011667475104332	0.09243783354759216	0.15390343964099884	0.014601734466850758	0.08059769868850708	0.003160350024700165	0.005013887770473957	0.0031906701624393463	0.001841894118115306	0.004701939411461353	0.0037058622110635042
1012	neutral	../syntropy_project/models/model_10	../syntropy_project/models/model_10	joy	0.5486618876457214	0.1999121904373169	0.06287873536348343	0.5486618876457214	0.16101613640785217	0.01226456556469202	0.005984258837997913	0.00169531034771353	0.0014781416393816471	0.0036205649375915527	0.0011654275003820658	0.0008368665585294366	0.00048598836292512715
1013	neutral	../syntropy_project/models/model_10	../syntropy_project/models/model_10	neutral	0.6041689515113831	0.018453454598784447	0.085540771484375	0.2674846053123474	0.6041689515113831	0.015895375981926918	0.0014235986163839698	0.0003275572962593287	0.0011829040013253689	0.0030527913477271795	0.0014496028888970613	0.000937284086830914	8.311846613651142e-05
1014	joy	../syntropy_project/models/model_10	../syntropy_project/models/model_10	joy	0.32576635479927063	0.11074219644069672	0.08137640357017517	0.32576635479927063	0.26742592453956604	0.02316521853208542	0.04974992945790291	0.03323168307542801	0.018707435578107834	0.030125752091407776	0.022442905232310295	0.013184398412704468	0.024081842973828316
1015	joy	../syntropy_project/models/model_10	../syntropy_project/models/model_10	neutral	0.47423234581947327	0.05103923752903938	0.09913259744644165	0.36075201630592346	0.47423234581947327	0.008942079730331898	0.0022628791630268097	0.00038142260746099055	0.0009297488140873611	0.0013748963829129934	0.00041527897701598704	0.0004285332397557795	0.0001089384822989814
1016	pride	../syntropy_project/models/model_10	../syntropy_project/models/model_10	pride	0.7525885701179504	0.7525885701179504	0.12456246465444565	0.022427204996347427	0.0299660786986351	0.015404806472361088	0.048486266285181046	0.0021669757552444935	0.0008863716502673924	0.0008056333754211664	0.0006873515085317194	0.000777978973928839	0.0012402060674503446
1017	nervousness	../syntropy_project/models/model_10	../syntropy_project/models/model_10	neutral	0.8475034236907959	0.016292495653033257	0.0566990002989769	0.062134724110364914	0.8475034236907959	0.00829034298658371	0.004151501227170229	0.0001777694415068254	0.00104699342045933	0.0020765019580721855	0.00047187370364554226	0.0010483682854101062	0.00010695436503738165
1018	pride	../syntropy_project/models/model_10	../syntropy_project/models/model_10	joy	0.35180968046188354	0.17681464552879333	0.23007269203662872	0.35180968046188354	0.18785852193832397	0.036726560443639755	0.00516223581507802	0.002778941998258233	0.002294889185577631	0.0017327506793662906	0.0021582453045994043	0.0015651292633265257	0.0010256735840812325
1019	pride	../syntropy_project/models/model_10	../syntropy_project/models/model_10	joy	0.3508177101612091	0.3100821375846863	0.1941687911748886	0.3508177101612091	0.11168330162763596	0.017030544579029083	0.005659229122102261	0.0022186876740306616	0.0013843014603480697	0.0039616841822862625	0.0012802921701222658	0.0008834218606352806	0.0008299459586851299
1020	anger	../syntropy_project/models/model_10	../syntropy_project/models/model_10	anger	0.9015296697616577	0.001965825678780675	0.0022278570104390383	0.0015675618778914213	0.003307389561086893	0.0008162060985341668	0.026418523862957954	0.004096600692719221	0.0016825167695060372	0.012072631157934666	0.03837835043668747	0.005936896428465843	0.9015296697616577
1021	excitement	../syntropy_project/models/model_10	../syntropy_project/models/model_10	joy	0.4284074306488037	0.22162342071533203	0.15012289583683014	0.4284074306488037	0.18682672083377838	0.006630076095461845	0.0037671641912311316	0.0005262899212539196	0.0005118531989865005	0.0008012872422114015	0.00032412048312835395	0.0002951781207229942	0.00016357969434466213
1022	joy	../syntropy_project/models/model_10	../syntropy_project/models/model_10	joy	0.38182514905929565	0.2023526281118393	0.21369878947734833	0.38182514905929565	0.1727769821882248	0.012194709852337837	0.008053142577409744	0.0016285707242786884	0.002214409178122878	0.0021564781200140715	0.0011685058707371354	0.0010237362002953887	0.0009069756488315761
1023	neutral	../syntropy_project/models/model_10	../syntropy_project/models/model_10	neutral	0.49870213866233826	0.022835027426481247	0.1084430143237114	0.3521081209182739	0.49870213866233826	0.010430469177663326	0.0020668418146669865	0.0004266399482730776	0.0013005816144868731	0.002068019937723875	0.0006302943220362067	0.0008686083019711077	0.00012019320274703205
1024	surprise	../syntropy_project/models/model_10	../syntropy_project/models/model_10	joy	0.35175567865371704	0.1708475947380066	0.296052485704422	0.35175567865371704	0.1513596922159195	0.01946408674120903	0.004698944743722677	0.0008385374676436186	0.0006571945850737393	0.002328171394765377	0.0008166285115294158	0.0005095553351566195	0.0006714677438139915
1025	disgust	../syntropy_project/models/model_10	../syntropy_project/models/model_10	disgust	0.8228404521942139	0.004482744727283716	0.015155719593167305	0.010119246318936348	0.017234986647963524	0.007886158302426338	0.008109460584819317	0.025021763518452644	0.004656946752220392	0.0109346192330122	0.8228404521942139	0.023032106459140778	0.050525713711977005
1026	excitement	../syntropy_project/models/model_10	../syntropy_project/models/model_10	joy	0.531871497631073	0.08804163336753845	0.193746417760849	0.531871497631073	0.17604586482048035	0.005555950105190277	0.0012007514014840126	0.0006632384029217064	0.0009016743279062212	0.0011443650582805276	0.0002980100398417562	0.0003364035510458052	0.00019423957564868033
1027	joy	../syntropy_project/models/model_10	../syntropy_project/models/model_10	joy	0.5323547124862671	0.1474505066871643	0.15381909906864166	0.5323547124862671	0.14441202580928802	0.004680473357439041	0.011029749177396297	0.0007150627789087594	0.0010134364711120725	0.002446502447128296	0.0005678664892911911	0.000727833597920835	0.000782740768045187
1028	neutral	../syntropy_project/models/model_10	../syntropy_project/models/model_10	excitement	0.3129897117614746	0.10798639804124832	0.3129897117614746	0.3071482479572296	0.2517807185649872	0.014954236336052418	0.0016470215050503612	0.0005280842888168991	0.0006588629330508411	0.0011306429514661431	0.0004449832485988736	0.0005406453856267035	0.00019049864204134792
1029	pride	../syntropy_project/models/model_10	../syntropy_project/models/model_10	excitement	0.7408973574638367	0.06983651220798492	0.7408973574638367	0.08860943466424942	0.07711078226566315	0.007790291681885719	0.011800872161984444	0.0005953746731393039	0.0009029973880387843	0.0007810361566953361	0.0005508784670382738	0.0007058655610308051	0.0004185412253718823
1030	excitement	../syntropy_project/models/model_10	../syntropy_project/models/model_10	joy	0.3452930152416229	0.32865750789642334	0.09468572586774826	0.3452930152416229	0.19181972742080688	0.014867281541228294	0.008467793464660645	0.0019241900881752372	0.0015588065143674612	0.007926135323941708	0.0014066591393202543	0.0015159954782575369	0.0018770851893350482
1031	neutral	../syntropy_project/models/model_10	../syntropy_project/models/model_10	neutral	0.5497153997421265	0.05188834294676781	0.11433874070644379	0.2635194957256317	0.5497153997421265	0.009310966357588768	0.004368596710264683	0.0004790254170075059	0.0012708784779533744	0.0027838493697345257	0.0007825533975847065	0.0012243558885529637	0.0003178074839524925
1032	pride	../syntropy_project/models/model_10	../syntropy_project/models/model_10	neutral	0.41142499446868896	0.08182260394096375	0.11726926267147064	0.34465065598487854	0.41142499446868896	0.0348966121673584	0.0017028118018060923	0.0011111125349998474	0.002170483348891139	0.0028178924694657326	0.0009119954775087535	0.0009904262842610478	0.00023127315216697752
1033	pride	../syntropy_project/models/model_10	../syntropy_project/models/model_10	pride	0.341509073972702	0.341509073972702	0.10657738149166107	0.28202202916145325	0.18462827801704407	0.01701868511736393	0.04640965908765793	0.0029020977672189474	0.0025809775106608868	0.0055126105435192585	0.0019640529062598944	0.005804596934467554	0.003070606617256999
1034	neutral	../syntropy_project/models/model_10	../syntropy_project/models/model_10	joy	0.5010673999786377	0.1201777458190918	0.10887503623962402	0.5010673999786377	0.2259131371974945	0.009050562046468258	0.011801665648818016	0.0019409498199820518	0.0021082928869873285	0.008136345073580742	0.004326280672103167	0.0019033338176086545	0.0046992069110274315
1035	nervousness	../syntropy_project/models/model_10	../syntropy_project/models/model_10	nervousness	0.8499733805656433	0.006620762404054403	0.0017957023810595274	0.0036740486975759268	0.005453135352581739	0.0017924404237419367	0.8499733805656433	0.014447174035012722	0.011449873447418213	0.019609685987234116	0.013290378265082836	0.024048857390880585	0.04784466698765755
1036	excitement	../syntropy_project/models/model_10	../syntropy_project/models/model_10	excitement	0.6128385663032532	0.07936558127403259	0.6128385663032532	0.09152901917695999	0.11861111223697662	0.051454946398735046	0.027760138735175133	0.002771246014162898	0.006515758577734232	0.002932632341980934	0.0018518083961680532	0.0021152806002646685	0.002253894694149494
1037	anger	../syntropy_project/models/model_10	../syntropy_project/models/model_10	anger	0.5161644220352173	0.0076475078240036964	0.004569715820252895	0.006276861764490604	0.010692820884287357	0.0067536733113229275	0.17691059410572052	0.04380298778414726	0.027692731469869614	0.0435798205435276	0.1380443125963211	0.01786458119750023	0.5161644220352173
1038	neutral	../syntropy_project/models/model_10	../syntropy_project/models/model_10	neutral	0.5250425934791565	0.10394177585840225	0.13757893443107605	0.17646272480487823	0.5250425934791565	0.020535564050078392	0.022325346246361732	0.0016036279266700149	0.0038222556468099356	0.0034981886856257915	0.001671158941462636	0.002468384336680174	0.001049399608746171
1039	surprise	../syntropy_project/models/model_10	../syntropy_project/models/model_10	excitement	0.2663547992706299	0.08336830139160156	0.2663547992706299	0.26086172461509705	0.15824046730995178	0.20922183990478516	0.009038077667355537	0.0022121022921055555	0.0026738897431641817	0.002497117966413498	0.001926055527292192	0.0027780691161751747	0.0008276127045974135
1040	surprise	../syntropy_project/models/model_10	../syntropy_project/models/model_10	excitement	0.391897052526474	0.1240391880273819	0.391897052526474	0.17080657184123993	0.21920093894004822	0.05931346118450165	0.013321302831172943	0.0046054162085056305	0.00842334609478712	0.002503232564777136	0.002280047396197915	0.0024446716997772455	0.0011647981591522694
1041	embarrassment	../syntropy_project/models/model_10	../syntropy_project/models/model_10	embarrassment	0.8200482130050659	0.01216265931725502	0.0005928556201979518	0.003807350294664502	0.002494749380275607	0.001432975521311164	0.03116242215037346	0.8200482130050659	0.010835674591362476	0.010803285986185074	0.07533985376358032	0.007472327444702387	0.023847607895731926
1042	excitement	../syntropy_project/models/model_10	../syntropy_project/models/model_10	pride	0.37268874049186707	0.37268874049186707	0.13138476014137268	0.11173296719789505	0.10266468673944473	0.05639245733618736	0.16708919405937195	0.011302300728857517	0.0101509690284729	0.009474683552980423	0.006848203018307686	0.007626790553331375	0.012644258327782154
1043	pride	../syntropy_project/models/model_10	../syntropy_project/models/model_10	neutral	0.24571220576763153	0.18062472343444824	0.21797534823417664	0.21403682231903076	0.24571220576763153	0.09372211247682571	0.012395055964589119	0.006323992274701595	0.013620837591588497	0.005494725424796343	0.005503391847014427	0.0034199391957372427	0.0011709516402333975
1044	surprise	../syntropy_project/models/model_10	../syntropy_project/models/model_10	neutral	0.362801194190979	0.16693267226219177	0.2104450762271881	0.1532692015171051	0.362801194190979	0.05939570814371109	0.017858661711215973	0.0033838467206805944	0.005694370251148939	0.007076205685734749	0.003929904196411371	0.00449718302115798	0.00471594138070941
1045	joy	../syntropy_project/models/model_10	../syntropy_project/models/model_10	joy	0.4099137485027313	0.18121647834777832	0.22006048262119293	0.4099137485027313	0.17460650205612183	0.006763847544789314	0.003944589290767908	0.0005409424193203449	0.0006198363844305277	0.0014168333727866411	0.00042719836346805096	0.00030026002787053585	0.00018919272406492382
1046	nervousness	../syntropy_project/models/model_10	../syntropy_project/models/model_10	nervousness	0.4692562222480774	0.034485843032598495	0.005624324083328247	0.031021641567349434	0.08931799232959747	0.015700101852416992	0.4692562222480774	0.032558899372816086	0.1602911800146103	0.08507338166236877	0.01912626624107361	0.02633698843419552	0.031207114458084106
1047	pride	../syntropy_project/models/model_10	../syntropy_project/models/model_10	pride	0.8918530941009521	0.8918530941009521	0.08327078819274902	0.0048568351194262505	0.0021753418259322643	0.0032485825940966606	0.011566190049052238	0.001164312707260251	0.00010267099423799664	0.00018088672368321568	0.0003290287859272212	0.0002887966111302376	0.0009635458118282259
1048	neutral	../syntropy_project/models/model_10	../syntropy_project/models/model_10	joy	0.38979652523994446	0.07558462023735046	0.21131585538387299	0.38979652523994446	0.28718331456184387	0.02669493295252323	0.001740880194120109	0.001043936936184764	0.001308706239797175	0.003034512046724558	0.000961132172960788	0.0010565670672804117	0.0002790136495605111
1049	joy	../syntropy_project/models/model_10	../syntropy_project/models/model_10	joy	0.66472989320755	0.07312758266925812	0.062262631952762604	0.66472989320755	0.17478856444358826	0.012051688507199287	0.002845935057848692	0.0014279382303357124	0.002469692612066865	0.003554324619472027	0.001221704063937068	0.000987641396932304	0.0005323103396221995
1050	joy	../syntropy_project/models/model_10	../syntropy_project/models/model_10	joy	0.42848947644233704	0.19864054024219513	0.12066233903169632	0.42848947644233704	0.22903349995613098	0.006981424521654844	0.011359079740941525	0.0007180538959801197	0.0009769927710294724	0.0018018744885921478	0.000555920647457242	0.0005022973637096584	0.0002785438555292785
1051	excitement	../syntropy_project/models/model_10	../syntropy_project/models/model_10	excitement	0.8250068426132202	0.051371730864048004	0.8250068426132202	0.015660878270864487	0.029117267578840256	0.02439051680266857	0.04723546281456947	0.0006044108886271715	0.0011427869321778417	0.001271882327273488	0.0009018454584293067	0.0009455216932110488	0.002350911032408476
1052	joy	../syntropy_project/models/model_10	../syntropy_project/models/model_10	joy	0.6481523513793945	0.04964262992143631	0.14563743770122528	0.6481523513793945	0.1398756206035614	0.006663195788860321	0.003107999451458454	0.0011925206054002047	0.0016648578457534313	0.001778805279172957	0.0008681167964823544	0.0005632794345729053	0.0008532099309377372
1053	joy	../syntropy_project/models/model_10	../syntropy_project/models/model_10	joy	0.3955116271972656	0.11609814316034317	0.20242078602313995	0.3955116271972656	0.25756487250328064	0.02158513106405735	0.002133067464455962	0.000676712195854634	0.0010216573718935251	0.001475868746638298	0.0006363242864608765	0.0006481438758783042	0.0002276726154377684
1054	anger	../syntropy_project/models/model_10	../syntropy_project/models/model_10	anger	0.635432779788971	0.013446835801005363	0.0027012412901967764	0.0068460488691926	0.006633291952311993	0.0016554328612983227	0.21599264442920685	0.019004078581929207	0.00708529818803072	0.03552601486444473	0.04038750007748604	0.015288854949176311	0.635432779788971
1055	nervousness	../syntropy_project/models/model_10	../syntropy_project/models/model_10	nervousness	0.39087486267089844	0.3297368586063385	0.1373441368341446	0.05431896820664406	0.03897710517048836	0.016971535980701447	0.39087486267089844	0.006092759780585766	0.003029744839295745	0.0036895964294672012	0.00366631499491632	0.0058682383969426155	0.009429827332496643
1056	joy	../syntropy_project/models/model_10	../syntropy_project/models/model_10	neutral	0.467991441488266	0.1316235214471817	0.09145034104585648	0.17402344942092896	0.467991441488266	0.012146350927650928	0.08413204550743103	0.002104680985212326	0.005498316138982773	0.017467813566327095	0.005547164008021355	0.005244364030659199	0.0027704283129423857
1057	joy	../syntropy_project/models/model_10	../syntropy_project/models/model_10	joy	0.5350620746612549	0.0345393531024456	0.1993241310119629	0.5350620746612549	0.22155031561851501	0.005666028242558241	0.0005420612287707627	0.0006069651572033763	0.0009945436613634229	0.0009062433382496238	0.00041907181730493903	0.0002849087759386748	0.00010428454697830603
1058	sadness	../syntropy_project/models/model_10	../syntropy_project/models/model_10	sadness	0.5844458341598511	0.012304668314754963	0.006866603158414364	0.035775668919086456	0.0465351864695549	0.009402641095221043	0.19246338307857513	0.016010262072086334	0.016551094129681587	0.5844458341598511	0.02616877295076847	0.024989452213048935	0.028486404567956924
1059	pride	../syntropy_project/models/model_10	../syntropy_project/models/model_10	joy	0.34146648645401	0.23156939446926117	0.0454087033867836	0.34146648645401	0.21701344847679138	0.032784294337034225	0.04213507100939751	0.005849007051438093	0.007771436125040054	0.05712251365184784	0.0063092694617807865	0.00643950654193759	0.006130785681307316
1060	excitement	../syntropy_project/models/model_10	../syntropy_project/models/model_10	joy	0.435359925031662	0.11840333044528961	0.21086221933364868	0.435359925031662	0.22162508964538574	0.008643027395009995	0.0025317666586488485	0.00033363638794980943	0.0005141104338690639	0.0009934293339028955	0.00029551301850005984	0.0002970320056192577	0.00014096006634645164
1061	joy	../syntropy_project/models/model_10	../syntropy_project/models/model_10	joy	0.47316083312034607	0.11905782669782639	0.10963691771030426	0.47316083312034607	0.2711416184902191	0.014116085134446621	0.0046295300126075745	0.0011915394570678473	0.001179199549369514	0.003388223936781287	0.000912911316845566	0.001093665137887001	0.0004916605539619923
1062	fear	../syntropy_project/models/model_10	../syntropy_project/models/model_10	nervousness	0.7951619029045105	0.007581647019833326	0.000965655199252069	0.0022907510865479708	0.006083473097532988	0.005015707574784756	0.7951619029045105	0.023874085396528244	0.027524415403604507	0.007069592364132404	0.008285828866064548	0.09710109233856201	0.019045894965529442
1063	neutral	../syntropy_project/models/model_10	../syntropy_project/models/model_10	joy	0.4398146867752075	0.16522741317749023	0.11894697695970535	0.4398146867752075	0.24909654259681702	0.014630853198468685	0.004343070555478334	0.0007898442563600838	0.0011099523399025202	0.003940042108297348	0.0009154239087365568	0.000746517616789788	0.00043865881161764264
1064	neutral	../syntropy_project/models/model_10	../syntropy_project/models/model_10	joy	0.4415687322616577	0.2464618980884552	0.1485632359981537	0.4415687322616577	0.15285561978816986	0.004543936811387539	0.003388183657079935	0.00040396791882812977	0.00043275990174151957	0.0009541019680909812	0.0003136534942314029	0.0003083890478592366	0.00020543493155855685
1065	excitement	../syntropy_project/models/model_10	../syntropy_project/models/model_10	joy	0.3488854467868805	0.11173646152019501	0.28609177470207214	0.3488854467868805	0.20412199199199677	0.034522056579589844	0.004113991744816303	0.0015011999057605863	0.0015692670131102204	0.002687956904992461	0.0023346070665866137	0.001173896249383688	0.0012613612925633788
1066	joy	../syntropy_project/models/model_10	../syntropy_project/models/model_10	joy	0.2729940116405487	0.21599267423152924	0.24594059586524963	0.2729940116405487	0.10311000049114227	0.08179032057523727	0.03526832535862923	0.004830659367144108	0.0036473486106842756	0.007830199785530567	0.006471050903201103	0.005469254683703184	0.01665552891790867
1067	joy	../syntropy_project/models/model_10	../syntropy_project/models/model_10	neutral	0.32467782497406006	0.17819128930568695	0.09081768989562988	0.24043972790241241	0.32467782497406006	0.03465787321329117	0.06568089872598648	0.005500445608049631	0.004138545133173466	0.03885253891348839	0.008261128328740597	0.005583935417234898	0.0031981400679796934
1068	pride	../syntropy_project/models/model_10	../syntropy_project/models/model_10	joy	0.49331966042518616	0.26803338527679443	0.09611628949642181	0.49331966042518616	0.12565453350543976	0.007809859234839678	0.0046685840934515	0.0007180733955465257	0.0006550183752551675	0.0017823517555370927	0.000541582761798054	0.0004730995569843799	0.00022755583631806076
1069	confusion	../syntropy_project/models/model_10	../syntropy_project/models/model_10	confusion	0.4599339962005615	0.017281869426369667	0.0012856280663982034	0.005715806968510151	0.009752613492310047	0.018809989094734192	0.14223183691501617	0.15692266821861267	0.4599339962005615	0.021058140322566032	0.051184676587581635	0.022062890231609344	0.0937599241733551
1070	neutral	../syntropy_project/models/model_10	../syntropy_project/models/model_10	neutral	0.5480794310569763	0.12788669764995575	0.04773204028606415	0.17988313734531403	0.5480794310569763	0.030157266184687614	0.0170943234115839	0.002866374561563134	0.006654876284301281	0.014507473446428776	0.008121351711452007	0.0069572413340210915	0.010059748776257038
1071	surprise	../syntropy_project/models/model_10	../syntropy_project/models/model_10	surprise	0.6893547177314758	0.049602851271629333	0.1409280151128769	0.053385235369205475	0.04422223940491676	0.6893547177314758	0.0060229310765862465	0.003701053559780121	0.004638786893337965	0.001572881592437625	0.0032924474216997623	0.002616460435092449	0.0006624513189308345
1072	neutral	../syntropy_project/models/model_10	../syntropy_project/models/model_10	neutral	0.7658852934837341	0.018688097596168518	0.02437044121325016	0.031700924038887024	0.7658852934837341	0.016378536820411682	0.05765393748879433	0.003502635285258293	0.021685903891921043	0.017467323690652847	0.006412884686142206	0.03062109649181366	0.005632917862385511
1073	excitement	../syntropy_project/models/model_10	../syntropy_project/models/model_10	excitement	0.4044005274772644	0.21477478742599487	0.4044005274772644	0.22364044189453125	0.11281594634056091	0.03187165409326553	0.00854204036295414	0.0007777886348776519	0.0006760896649211645	0.0008927491144277155	0.0006621403153985739	0.0006342867272906005	0.00031147809932008386
1074	joy	../syntropy_project/models/model_10	../syntropy_project/models/model_10	pride	0.45595091581344604	0.45595091581344604	0.33106520771980286	0.13100674748420715	0.044293489307165146	0.02567860297858715	0.006761610042303801	0.0015015285462141037	0.0008697202429175377	0.0008422008249908686	0.0008005681447684765	0.0006496718269772828	0.0005797520861960948
1075	nervousness	../syntropy_project/models/model_10	../syntropy_project/models/model_10	nervousness	0.39766958355903625	0.14404205977916718	0.056009441614151	0.15491709113121033	0.16113552451133728	0.020986812189221382	0.39766958355903625	0.0076672835275530815	0.009996172040700912	0.020909976214170456	0.006375792436301708	0.013374492526054382	0.006915767211467028
1076	neutral	../syntropy_project/models/model_10	../syntropy_project/models/model_10	neutral	0.4523160755634308	0.03922102600336075	0.14279577136039734	0.3413284122943878	0.4523160755634308	0.01737600937485695	0.0013675523223355412	0.0007117860950529575	0.0016419284511357546	0.0013005896471440792	0.0009117345325648785	0.0008659624145366251	0.0001631114282645285
1077	joy	../syntropy_project/models/model_10	../syntropy_project/models/model_10	joy	0.4316968023777008	0.1388111263513565	0.1333877295255661	0.4316968023777008	0.2826148569583893	0.006810178514569998	0.002721283817663789	0.00039315083995461464	0.0007117528584785759	0.001871956279501319	0.00048099659034051	0.00032736273715272546	0.00017288370872847736
1078	pride	../syntropy_project/models/model_10	../syntropy_project/models/model_10	pride	0.5509098768234253	0.5509098768234253	0.16922146081924438	0.10429641604423523	0.08438039571046829	0.027431517839431763	0.046289727091789246	0.00367953279055655	0.0027235308662056923	0.003136022249236703	0.002960899146273732	0.0023846079129725695	0.0025860380847007036
1079	joy	../syntropy_project/models/model_10	../syntropy_project/models/model_10	joy	0.3881068229675293	0.137541264295578	0.12416807562112808	0.3881068229675293	0.31205445528030396	0.023191191256046295	0.004721215460449457	0.0020591176580637693	0.0034007648937404156	0.0020624115131795406	0.0011178042041137815	0.0010296221589669585	0.000547246600035578
1080	anger	../syntropy_project/models/model_10	../syntropy_project/models/model_10	nervousness	0.6863633990287781	0.012808973900973797	0.005527608562260866	0.010996333323419094	0.022236404940485954	0.00596330501139164	0.6863633990287781	0.024677054956555367	0.01768292486667633	0.04833075404167175	0.025966178625822067	0.07995735853910446	0.0594896525144577
1081	neutral	../syntropy_project/models/model_10	../syntropy_project/models/model_10	neutral	0.5734784603118896	0.07140018045902252	0.0586392804980278	0.2694680690765381	0.5734784603118896	0.013937784358859062	0.0035933812614530325	0.0007890800479799509	0.0017193303210660815	0.004529186524450779	0.000862208369653672	0.0012805809965357184	0.0003025004407390952
1082	pride	../syntropy_project/models/model_10	../syntropy_project/models/model_10	pride	0.8744341731071472	0.8744341731071472	0.0805998295545578	0.009078510105609894	0.005495941732078791	0.003985191695392132	0.022825537249445915	0.0012684101238846779	0.0001638172980165109	0.0002926905872300267	0.0005379626527428627	0.00027874051011167467	0.0010391726391389966
1083	pride	../syntropy_project/models/model_10	../syntropy_project/models/model_10	pride	0.5099223256111145	0.5099223256111145	0.19707529246807098	0.14753161370754242	0.05500775948166847	0.01919271983206272	0.04581032693386078	0.005774844437837601	0.0018877352122217417	0.005522226914763451	0.004610737785696983	0.002439265139400959	0.005225091706961393
1084	joy	../syntropy_project/models/model_10	../syntropy_project/models/model_10	joy	0.4697704315185547	0.11651276051998138	0.2211001217365265	0.4697704315185547	0.14686067402362823	0.034014154225587845	0.002490718849003315	0.002089032204821706	0.0016015844885259867	0.0029305326752364635	0.0013148117577657104	0.0010469619883224368	0.0002681549231056124
1085	confusion	../syntropy_project/models/model_10	../syntropy_project/models/model_10	confusion	0.790725588798523	0.014140574261546135	0.001034572604112327	0.00697946036234498	0.014678161591291428	0.010882441885769367	0.03339473903179169	0.07173968106508255	0.790725588798523	0.009850772097706795	0.01736077107489109	0.013001035898923874	0.016212178394198418
1086	joy	../syntropy_project/models/model_10	../syntropy_project/models/model_10	joy	0.5055664777755737	0.08120524883270264	0.09708213806152344	0.5055664777755737	0.2995810806751251	0.010610928758978844	0.001106505747884512	0.0006499578594230115	0.0014271915424615145	0.00156042177695781	0.0004921341314911842	0.0005460352986119688	0.0001718872954370454
1087	pride	../syntropy_project/models/model_10	../syntropy_project/models/model_10	joy	0.5091866254806519	0.10536042600870132	0.11641781032085419	0.5091866254806519	0.25355464220046997	0.006142539903521538	0.0028852340765297413	0.0006285675917752087	0.001436274847947061	0.00277409004047513	0.000509197823703289	0.0006688891444355249	0.00043568265391513705
1088	excitement	../syntropy_project/models/model_10	../syntropy_project/models/model_10	joy	0.4094146490097046	0.09129290282726288	0.1318361908197403	0.4094146490097046	0.3265420198440552	0.02698126807808876	0.0035967291332781315	0.0017331093549728394	0.00199303962290287	0.0024364078417420387	0.0021347475703805685	0.0013960611540824175	0.0006428682245314121
1089	pride	../syntropy_project/models/model_10	../syntropy_project/models/model_10	joy	0.41797471046447754	0.14014193415641785	0.1546340435743332	0.41797471046447754	0.24244961142539978	0.030490156263113022	0.004572861362248659	0.001940425019711256	0.0026477708015590906	0.002080710371956229	0.0015780208632349968	0.0009832963114604354	0.0005064382567070425
1090	pride	../syntropy_project/models/model_10	../syntropy_project/models/model_10	joy	0.44795548915863037	0.2596510052680969	0.09364587813615799	0.44795548915863037	0.1592329442501068	0.01581977680325508	0.01008654572069645	0.002378385979682207	0.004319624975323677	0.0021022146102041006	0.0022203917615115643	0.0011431247694417834	0.001444648252800107
1091	neutral	../syntropy_project/models/model_10	../syntropy_project/models/model_10	neutral	0.8033832311630249	0.022685034200549126	0.06964193284511566	0.08459927141666412	0.8033832311630249	0.009842625819146633	0.0034040240570902824	0.00043857350829057395	0.0015219179913401604	0.00202442635782063	0.0005601232405751944	0.0017487183213233948	0.0001501833467045799
1092	surprise	../syntropy_project/models/model_10	../syntropy_project/models/model_10	joy	0.4469137191772461	0.06320671737194061	0.24982821941375732	0.4469137191772461	0.19134631752967834	0.04096526652574539	0.0010578747605904937	0.0012306474382057786	0.0011052070185542107	0.0013062735088169575	0.0015582419000566006	0.001236239681020379	0.00024529467918910086
1093	excitement	../syntropy_project/models/model_10	../syntropy_project/models/model_10	joy	0.3759573698043823	0.10449254512786865	0.2007521390914917	0.3759573698043823	0.28992411494255066	0.020942386239767075	0.0019658845849335194	0.0011154507519677281	0.0014143971493467689	0.0011382366064935923	0.0011106358142569661	0.0009451124351471663	0.0002417210052954033
1094	neutral	../syntropy_project/models/model_10	../syntropy_project/models/model_10	pride	0.8062148094177246	0.8062148094177246	0.16612711548805237	0.008833704516291618	0.006687472574412823	0.0035090562887489796	0.006898423191159964	0.00046794177615083754	9.308933658758178e-05	0.0002849987067747861	0.0002446837315801531	0.0002119967684848234	0.00042667106026783586
1095	surprise	../syntropy_project/models/model_10	../syntropy_project/models/model_10	joy	0.296707421541214	0.16531655192375183	0.2661615014076233	0.296707421541214	0.20090655982494354	0.05680728703737259	0.003191838739439845	0.002337316982448101	0.0016515388851985335	0.0020655333064496517	0.00234042527154088	0.0017941121477633715	0.0007199003593996167
1096	neutral	../syntropy_project/models/model_10	../syntropy_project/models/model_10	neutral	0.652607798576355	0.0442727655172348	0.048795972019433975	0.1692553609609604	0.652607798576355	0.02394053526222706	0.024091431871056557	0.002445186721161008	0.004653040319681168	0.02010132372379303	0.0029023720417171717	0.005748955067247152	0.0011852426687255502
1097	joy	../syntropy_project/models/model_10	../syntropy_project/models/model_10	joy	0.4557732343673706	0.13020160794258118	0.221480593085289	0.4557732343673706	0.16716139018535614	0.017045211046934128	0.001626624958589673	0.0017136035021394491	0.0022047257516533136	0.0006585256196558475	0.0013310209615156054	0.0005667860386893153	0.00023673415125813335
1098	pride	../syntropy_project/models/model_10	../syntropy_project/models/model_10	joy	0.5377519130706787	0.1155182346701622	0.1615597903728485	0.5377519130706787	0.17666217684745789	0.004489309620112181	0.0012487465282902122	0.00040400103898718953	0.000702522462233901	0.0008090912597253919	0.00035866230609826744	0.00035980448592454195	0.0001358191657345742
1099	pride	../syntropy_project/models/model_10	../syntropy_project/models/model_10	neutral	0.5870656371116638	0.046884264796972275	0.05784521996974945	0.2840406596660614	0.5870656371116638	0.01244516484439373	0.004131279420107603	0.0007222563726827502	0.0017075593350455165	0.0035019973292946815	0.0007880677585490048	0.0007502653752453625	0.0001175568177131936
1100	joy	../syntropy_project/models/model_10	../syntropy_project/models/model_10	neutral	0.635976254940033	0.02663034200668335	0.04869087040424347	0.25635093450546265	0.635976254940033	0.01876158080995083	0.002917553298175335	0.0008176879491657019	0.0023966103326529264	0.004706943407654762	0.0011019313242286444	0.0015139178140088916	0.0001353645056951791
1101	pride	../syntropy_project/models/model_10	../syntropy_project/models/model_10	joy	0.39999788999557495	0.2182999849319458	0.18051554262638092	0.39999788999557495	0.19034038484096527	0.003877500304952264	0.004112389404326677	0.0005094460211694241	0.0006933131953701377	0.0007255992386490107	0.0003513074479997158	0.0003905957273673266	0.0001861881755758077
1102	nervousness	../syntropy_project/models/model_10	../syntropy_project/models/model_10	nervousness	0.9092155694961548	0.008025369606912136	0.0014378591440618038	0.0019428915111348033	0.003711269935593009	0.0021351883187890053	0.9092155694961548	0.010082901455461979	0.007938734255731106	0.0030342473182827234	0.0033043252769857645	0.03840262442827225	0.0107690105214715
1103	neutral	../syntropy_project/models/model_10	../syntropy_project/models/model_10	neutral	0.41411375999450684	0.1501770317554474	0.1712062656879425	0.23970384895801544	0.41411375999450684	0.011730809696018696	0.00830580573529005	0.000708996260073036	0.0013122042873874307	0.0012190680718049407	0.0006247505662031472	0.0006807820755057037	0.00021669942361768335
1104	neutral	../syntropy_project/models/model_10	../syntropy_project/models/model_10	neutral	0.4263494908809662	0.06909217685461044	0.06530638039112091	0.424900621175766	0.4263494908809662	0.008032144978642464	0.0017937503289431334	0.0006057097925804555	0.0010336954146623611	0.0017826365074142814	0.0004924993845634162	0.00048694174620322883	0.00012392176722642034
1105	neutral	../syntropy_project/models/model_10	../syntropy_project/models/model_10	neutral	0.4670080244541168	0.04045392945408821	0.20350900292396545	0.25501322746276855	0.4670080244541168	0.016439121216535568	0.00797143206000328	0.0007076415349729359	0.0018943926552310586	0.004181385040283203	0.0011378801427781582	0.0010502786608412862	0.0006337062804959714
1106	pride	../syntropy_project/models/model_10	../syntropy_project/models/model_10	pride	0.5380757451057434	0.5380757451057434	0.08060130476951599	0.16876228153705597	0.10168030858039856	0.009535570628941059	0.0835472047328949	0.0027999873273074627	0.0029571782797574997	0.004103001207113266	0.00211544893682003	0.002395403804257512	0.003426613751798868
1107	excitement	../syntropy_project/models/model_10	../syntropy_project/models/model_10	disgust	0.3401845097541809	0.04832441732287407	0.03399380296468735	0.04620765894651413	0.06942132115364075	0.011717766523361206	0.12112350761890411	0.06821136176586151	0.02332550846040249	0.04851871356368065	0.3401845097541809	0.04943438246846199	0.13953691720962524
1108	neutral	../syntropy_project/models/model_10	../syntropy_project/models/model_10	neutral	0.5839166045188904	0.029977619647979736	0.12381947785615921	0.2432127594947815	0.5839166045188904	0.014111138880252838	0.0017111897468566895	0.0003238075296394527	0.0008773318259045482	0.0010149816516786814	0.00032040607766248286	0.000648287998046726	6.640269566560164e-05
1109	joy	../syntropy_project/models/model_10	../syntropy_project/models/model_10	neutral	0.3176623582839966	0.21507135033607483	0.11977218091487885	0.2448909431695938	0.3176623582839966	0.014859825372695923	0.046597275882959366	0.0035646832548081875	0.004449041094630957	0.016855787485837936	0.006057580467313528	0.006139000412076712	0.0040800245478749275
1110	joy	../syntropy_project/models/model_10	../syntropy_project/models/model_10	joy	0.518988847732544	0.12030485272407532	0.09390883147716522	0.518988847732544	0.24976323544979095	0.006490699481219053	0.004414835013449192	0.00046460030716843903	0.000921024358831346	0.0030502912122756243	0.0007248097099363804	0.000614893448073417	0.0003530663962010294
1111	excitement	../syntropy_project/models/model_10	../syntropy_project/models/model_10	neutral	0.42105019092559814	0.11735716462135315	0.14808493852615356	0.2770349085330963	0.42105019092559814	0.024864552542567253	0.006155664101243019	0.00069936562795192	0.001160362153314054	0.0018926500342786312	0.000644120795186609	0.0008350755670107901	0.00022100526257418096
1112	surprise	../syntropy_project/models/model_10	../syntropy_project/models/model_10	pride	0.19918882846832275	0.19918882846832275	0.0764060690999031	0.07736843079328537	0.17098160088062286	0.17106619477272034	0.155025914311409	0.023039136081933975	0.07407968491315842	0.014642936177551746	0.008212583139538765	0.0172149445861578	0.01277365256100893
1113	pride	../syntropy_project/models/model_10	../syntropy_project/models/model_10	joy	0.49530819058418274	0.24571172893047333	0.07743856310844421	0.49530819058418274	0.16301609575748444	0.006988425273448229	0.0036754102911800146	0.001417311723344028	0.0013921530917286873	0.0027382285334169865	0.0008429577574133873	0.000708258303347975	0.000762706680689007
1114	joy	../syntropy_project/models/model_10	../syntropy_project/models/model_10	neutral	0.4363032281398773	0.07981596142053604	0.07975301146507263	0.34317243099212646	0.4363032281398773	0.035732656717300415	0.008677517995238304	0.001904635806567967	0.0034306994639337063	0.006882714573293924	0.001533924718387425	0.0022515023592859507	0.0005417527281679213
1115	neutral	../syntropy_project/models/model_10	../syntropy_project/models/model_10	neutral	0.6389336585998535	0.0728791281580925	0.04675817862153053	0.11594769358634949	0.6389336585998535	0.03279949352145195	0.044178590178489685	0.003989112097769976	0.008119849488139153	0.016990547999739647	0.003936367109417915	0.012654675170779228	0.0028126609977334738
1116	pride	../syntropy_project/models/model_10	../syntropy_project/models/model_10	pride	0.7490523457527161	0.7490523457527161	0.19369783997535706	0.024484042078256607	0.007582804188132286	0.0018946329364553094	0.020986506715416908	0.0007718392880633473	0.00011038692173315212	0.00026327246450819075	0.00022819126024842262	0.0002443304692860693	0.0006838592817075551
1117	neutral	../syntropy_project/models/model_10	../syntropy_project/models/model_10	neutral	0.47315913438796997	0.016643555834889412	0.09801432490348816	0.3950991630554199	0.47315913438796997	0.01281957607716322	0.0004469136183615774	0.0003991604608017951	0.0011719425674527884	0.0014752630377188325	0.00041475374018773437	0.00033467335742898285	2.1619667677441612e-05
1118	disgust	../syntropy_project/models/model_10	../syntropy_project/models/model_10	anger	0.23330986499786377	0.025590965524315834	0.004208127502351999	0.01596088521182537	0.015270261093974113	0.0048431954346597195	0.22664979100227356	0.1467393934726715	0.02701866254210472	0.06917077302932739	0.20434287190437317	0.026895128190517426	0.23330986499786377
1119	joy	../syntropy_project/models/model_10	../syntropy_project/models/model_10	joy	0.467081755399704	0.1492530256509781	0.1111116111278534	0.467081755399704	0.2349342703819275	0.02015761099755764	0.007045553997159004	0.0009794889483600855	0.0016504107043147087	0.004872072022408247	0.0008859162335284054	0.0010177645599469543	0.0010105714900419116
1120	surprise	../syntropy_project/models/model_10	../syntropy_project/models/model_10	surprise	0.8299357891082764	0.03098786063492298	0.035412341356277466	0.014007028192281723	0.026476263999938965	0.8299357891082764	0.014871315099298954	0.010992302559316158	0.025304429233074188	0.0026730853132903576	0.0047691818326711655	0.003305767197161913	0.001264727907255292
1121	joy	../syntropy_project/models/model_10	../syntropy_project/models/model_10	joy	0.30681657791137695	0.12345925718545914	0.19288960099220276	0.30681657791137695	0.26943981647491455	0.07419082522392273	0.009410548023879528	0.0035318040754646063	0.007171960081905127	0.00479654036462307	0.003291940316557884	0.0029415928293019533	0.002059562597423792
1122	neutral	../syntropy_project/models/model_10	../syntropy_project/models/model_10	neutral	0.5073015093803406	0.08260630071163177	0.05298250541090965	0.32622551918029785	0.5073015093803406	0.0074359942227602005	0.006583501119166613	0.0006012532394379377	0.0019004771020263433	0.009816945530474186	0.0012075002305209637	0.0022465756628662348	0.0010918918997049332
1123	pride	../syntropy_project/models/model_10	../syntropy_project/models/model_10	pride	0.6811202764511108	0.6811202764511108	0.13923697173595428	0.009736336767673492	0.00965825654566288	0.06061199679970741	0.08197948336601257	0.007129743695259094	0.001964242197573185	0.0018358308589085937	0.0018030708888545632	0.0016342729795724154	0.003289545886218548
1124	joy	../syntropy_project/models/model_10	../syntropy_project/models/model_10	excitement	0.35969415307044983	0.20189812779426575	0.35969415307044983	0.2623862028121948	0.12002070993185043	0.04647231847047806	0.004086225759238005	0.001033343025483191	0.0008855389896780252	0.001643890980631113	0.0007288018241524696	0.000725760473869741	0.00042486071470193565
1125	surprise	../syntropy_project/models/model_10	../syntropy_project/models/model_10	pride	0.3227376937866211	0.3227376937866211	0.04875735193490982	0.1851692944765091	0.12852148711681366	0.07256130874156952	0.12084368616342545	0.026546068489551544	0.023509230464696884	0.038347214460372925	0.014792310073971748	0.008416078984737396	0.009798224084079266
1126	neutral	../syntropy_project/models/model_10	../syntropy_project/models/model_10	neutral	0.49862945079803467	0.03773004934191704	0.06539182364940643	0.3489612936973572	0.49862945079803467	0.030911864712834358	0.003501820145174861	0.0012763605918735266	0.0030325257685035467	0.007173714693635702	0.0013267291942611337	0.0017761023482307792	0.0002882564440369606
1127	joy	../syntropy_project/models/model_10	../syntropy_project/models/model_10	nervousness	0.27954044938087463	0.025821223855018616	0.016204973682761192	0.050181787461042404	0.05292785167694092	0.02025935798883438	0.27954044938087463	0.03489397466182709	0.039333276450634	0.2613447606563568	0.045125510543584824	0.09452945739030838	0.07983748614788055
1128	excitement	../syntropy_project/models/model_10	../syntropy_project/models/model_10	joy	0.4182863235473633	0.08511919528245926	0.3465505838394165	0.4182863235473633	0.1316634714603424	0.014584686607122421	0.0011420281371101737	0.0005482375272549689	0.0004394738934934139	0.0005116669926792383	0.0005414030165411532	0.0004260412242729217	0.000186807825230062
1129	anger	../syntropy_project/models/model_10	../syntropy_project/models/model_10	disgust	0.47976136207580566	0.02413596585392952	0.007690201047807932	0.010793332941830158	0.03779672831296921	0.006369338370859623	0.053927965462207794	0.09694250673055649	0.01552836038172245	0.01338166929781437	0.47976136207580566	0.01539440918713808	0.2382780909538269
1130	joy	../syntropy_project/models/model_10	../syntropy_project/models/model_10	joy	0.5516183972358704	0.07931239157915115	0.15967513620853424	0.5516183972358704	0.18963545560836792	0.014180405996739864	0.0012986579677090049	0.0008468794403597713	0.0010763281024992466	0.0011537530226632953	0.0005435419734567404	0.0004740394069813192	0.00018502857710700482
1131	pride	../syntropy_project/models/model_10	../syntropy_project/models/model_10	neutral	0.28055500984191895	0.20847538113594055	0.07024484127759933	0.21926701068878174	0.28055500984191895	0.046580083668231964	0.060766369104385376	0.01810404285788536	0.014151258394122124	0.03233139589428902	0.029540004208683968	0.008532673120498657	0.011451942846179008
1132	pride	../syntropy_project/models/model_10	../syntropy_project/models/model_10	pride	0.29249483346939087	0.29249483346939087	0.24093006551265717	0.1929686814546585	0.15861709415912628	0.080991230905056	0.012640900909900665	0.005944397766143084	0.004665679764002562	0.0034924938809126616	0.0031463121995329857	0.002082610270008445	0.0020256643183529377
1133	neutral	../syntropy_project/models/model_10	../syntropy_project/models/model_10	joy	0.5066555142402649	0.1752031296491623	0.13479749858379364	0.5066555142402649	0.1632538139820099	0.010753504000604153	0.0036941207945346832	0.0008246483630500734	0.0009737298241816461	0.00215696869418025	0.0007967593846842647	0.0004990376764908433	0.00039121907320804894
1134	sadness	../syntropy_project/models/model_10	../syntropy_project/models/model_10	nervousness	0.6682884693145752	0.006857303902506828	0.006310042925179005	0.010411819443106651	0.011174439452588558	0.005214573349803686	0.6682884693145752	0.01478599850088358	0.012525416910648346	0.1649165153503418	0.015325576066970825	0.059923626482486725	0.024266274645924568
1135	fear	../syntropy_project/models/model_10	../syntropy_project/models/model_10	confusion	0.3427165448665619	0.01184913795441389	0.002295779064297676	0.0065086097456514835	0.014186905696988106	0.011867141351103783	0.29227158427238464	0.0668758749961853	0.3427165448665619	0.058907344937324524	0.03274689242243767	0.023408718407154083	0.13636545836925507
1136	joy	../syntropy_project/models/model_10	../syntropy_project/models/model_10	surprise	0.5278205871582031	0.06750498712062836	0.12196585536003113	0.11059873551130295	0.08482524007558823	0.5278205871582031	0.014965228736400604	0.014824572019279003	0.040074434131383896	0.005521434359252453	0.0049303327687084675	0.005274360533803701	0.0016943244263529778
1137	pride	../syntropy_project/models/model_10	../syntropy_project/models/model_10	pride	0.6748595237731934	0.6748595237731934	0.10205572098493576	0.026103200390934944	0.014957836829125881	0.014414068311452866	0.14808766543865204	0.004793659318238497	0.0017534217331558466	0.0020939488895237446	0.0030223499052226543	0.002230521757155657	0.0056281122379004955
1138	excitement	../syntropy_project/models/model_10	../syntropy_project/models/model_10	excitement	0.44524049758911133	0.107594333589077	0.44524049758911133	0.2426980882883072	0.13508513569831848	0.0547025129199028	0.004384626634418964	0.001946781761944294	0.0021313168108463287	0.0011440753005445004	0.0024553972762078047	0.0015581711195409298	0.0010591174941509962
1139	excitement	../syntropy_project/models/model_10	../syntropy_project/models/model_10	joy	0.46887269616127014	0.07699602097272873	0.1030137836933136	0.46887269616127014	0.3375326693058014	0.008743437007069588	0.0019489942351356149	0.0003539128811098635	0.0006021906156092882	0.0012562884949147701	0.0003066795179620385	0.00028127277619205415	9.205808601109311e-05
1140	excitement	../syntropy_project/models/model_10	../syntropy_project/models/model_10	joy	0.3728645443916321	0.044527266174554825	0.3430061638355255	0.3728645443916321	0.18687523901462555	0.04362102597951889	0.0007040358614176512	0.0013928720727562904	0.001630681217648089	0.0010238348040729761	0.0025863589253276587	0.001527490676380694	0.00024045690952334553
1141	excitement	../syntropy_project/models/model_10	../syntropy_project/models/model_10	pride	0.42198875546455383	0.42198875546455383	0.18761888146400452	0.24930785596370697	0.11496726423501968	0.014852358028292656	0.006606980226933956	0.0010882836068049073	0.0008123202715069056	0.0011450385209172964	0.0005983642186038196	0.0005449246382340789	0.00046901311725378036
1142	pride	../syntropy_project/models/model_10	../syntropy_project/models/model_10	pride	0.7479939460754395	0.7479939460754395	0.21148785948753357	0.0032110002357512712	0.004289351869374514	0.006824806798249483	0.023091712966561317	0.0010488253319635987	0.00014007535355631262	0.00026810201234184206	0.0005067172460258007	0.0003129615215584636	0.0008246483630500734
1143	confusion	../syntropy_project/models/model_10	../syntropy_project/models/model_10	nervousness	0.2537187933921814	0.12902666628360748	0.019365428015589714	0.083739273250103	0.12290151417255402	0.02404041774570942	0.2537187933921814	0.04910784587264061	0.10390418767929077	0.11838209629058838	0.035146161913871765	0.023889845237135887	0.03677771985530853
1144	disgust	../syntropy_project/models/model_10	../syntropy_project/models/model_10	disgust	0.6758901476860046	0.006240592338144779	0.009983538649976254	0.006145428866147995	0.02546258643269539	0.02084437757730484	0.02151794731616974	0.04740222543478012	0.02363063395023346	0.024032648652791977	0.6758901476860046	0.06966016441583633	0.06918978691101074
1145	pride	../syntropy_project/models/model_10	../syntropy_project/models/model_10	pride	0.30911487340927124	0.30911487340927124	0.11520790308713913	0.2920970022678375	0.2076513171195984	0.020263608545064926	0.035560980439186096	0.00257700658403337	0.004843999166041613	0.005379049573093653	0.0037110308185219765	0.0015604166546836495	0.002032734453678131
