textid	target	model	tokenizer	predicted	prob	nervousness	excitement	sadness	joy	neutral	fear	pride	surprise	anger	embarrassment	confusion	disgust
0	joy	../syntropy_project/models/model1_0	../syntropy_project/models/model1_0	nervousness	0.6209779381752014	0.6209779381752014	0.2810993790626526	0.03329325467348099	0.03183876723051071	0.01152637880295515	0.01050469558686018	0.005029684863984585	0.002044116612523794	0.0011190243531018496	0.0010212365305051208	0.0009328645537607372	0.0006126761436462402
1	neutral	../syntropy_project/models/model1_0	../syntropy_project/models/model1_0	joy	0.4108685255050659	0.09135549515485764	0.2297959327697754	0.048228874802589417	0.4108685255050659	0.17565977573394775	0.004047835245728493	0.029830163344740868	0.0029945902060717344	0.0015493826940655708	0.0012929808581247926	0.0036131953820586205	0.0007632356719113886
2	joy	../syntropy_project/models/model1_0	../syntropy_project/models/model1_0	joy	0.9774268865585327	0.00011283377534709871	0.01602129079401493	0.0018597956513985991	0.9774268865585327	0.0018024476012215018	3.0498942578560673e-05	0.001888777012936771	0.00035063736140727997	2.289663279952947e-05	0.00021145401115063578	0.0002239986351924017	4.840689871343784e-05
3	neutral	../syntropy_project/models/model1_0	../syntropy_project/models/model1_0	joy	0.6328936219215393	0.0008960569393821061	0.3179282248020172	0.007894639857113361	0.6328936219215393	0.022155866026878357	0.00025041933986358345	0.010797924362123013	0.005210626404732466	0.00012170455738669261	0.0009704535477794707	0.0006186237442307174	0.00026187370531260967
4	joy	../syntropy_project/models/model1_0	../syntropy_project/models/model1_0	joy	0.8985902667045593	0.002165064914152026	0.037121471017599106	0.0292823426425457	0.8985902667045593	0.005898413714021444	0.000228598146350123	0.02472410351037979	0.0004152183828409761	0.0004459363117348403	0.0007091331644915044	0.0002515097730793059	0.0001679332199273631
5	nervousness	../syntropy_project/models/model1_0	../syntropy_project/models/model1_0	sadness	0.9845394492149353	0.005909178406000137	0.0004990357556380332	0.9845394492149353	0.002685094950720668	0.0015466426266357303	0.0006691839662380517	0.0002814466424752027	0.0002282637287862599	0.0008814122411422431	0.001164230634458363	0.00039358489448204637	0.0012024232419207692
6	pride	../syntropy_project/models/model1_0	../syntropy_project/models/model1_0	excitement	0.6608407497406006	0.0008645047200843692	0.6608407497406006	0.009342587552964687	0.03851065784692764	0.24668312072753906	0.0007865945808589458	0.0019798288121819496	0.03664633631706238	0.00015592236013617367	0.0007389269885607064	0.0030172814149409533	0.000433505920227617
7	pride	../syntropy_project/models/model1_0	../syntropy_project/models/model1_0	pride	0.9772432446479797	0.0017091080080717802	0.0012964789057150483	0.001104670693166554	0.011813392862677574	0.0005358691560104489	9.502888860879466e-05	0.9772432446479797	0.00037860526936128736	0.00022590774460695684	0.005442585796117783	9.2727379524149e-05	6.234453030629084e-05
8	pride	../syntropy_project/models/model1_0	../syntropy_project/models/model1_0	joy	0.3728720247745514	0.02857165038585663	0.07232847809791565	0.35192129015922546	0.3728720247745514	0.09131105244159698	0.005316255148500204	0.018542565405368805	0.005717827007174492	0.007777393329888582	0.014608546160161495	0.010327139869332314	0.020705802366137505
9	joy	../syntropy_project/models/model1_0	../syntropy_project/models/model1_0	joy	0.541567325592041	0.007230599410831928	0.22636400163173676	0.0501515157520771	0.541567325592041	0.06491990387439728	0.002367932116612792	0.08725590258836746	0.01271863654255867	0.0013012844137847424	0.003936755936592817	0.0010779337026178837	0.0011082537239417434
10	joy	../syntropy_project/models/model1_0	../syntropy_project/models/model1_0	joy	0.6275441646575928	0.0019553808961063623	0.18906287848949432	0.08941297233104706	0.6275441646575928	0.059543196111917496	0.0011556046083569527	0.015368087217211723	0.010109114460647106	0.0007942085503600538	0.002805324736982584	0.0009183874353766441	0.0013306447071954608
11	joy	../syntropy_project/models/model1_0	../syntropy_project/models/model1_0	joy	0.8014683723449707	9.911661618389189e-05	0.1838528960943222	0.002201561350375414	0.8014683723449707	0.002685947809368372	3.376749373273924e-05	0.008317220024764538	0.00092866993509233	5.821321974508464e-05	0.00020691825193352997	7.838698365958408e-05	6.888686766615137e-05
12	pride	../syntropy_project/models/model1_0	../syntropy_project/models/model1_0	joy	0.5369328260421753	0.004504495300352573	0.09341049194335938	0.22450685501098633	0.5369328260421753	0.03546171635389328	0.0022776895202696323	0.08585937321186066	0.0025762461591511965	0.0021754498593509197	0.008275018073618412	0.00279378448612988	0.0012260741787031293
13	excitement	../syntropy_project/models/model1_0	../syntropy_project/models/model1_0	excitement	0.48417413234710693	0.0039375857450068	0.48417413234710693	0.0031724697910249233	0.45298445224761963	0.016775764524936676	0.000578107894398272	0.023724576458334923	0.011878346092998981	0.00025494597502984107	0.001579492585733533	0.0004878632607869804	0.00045227486407384276
14	excitement	../syntropy_project/models/model1_0	../syntropy_project/models/model1_0	joy	0.7952728271484375	0.0097142169252038	0.119110606610775	0.008051483891904354	0.7952728271484375	0.0184138473123312	0.0003016217960976064	0.0451919361948967	0.0012117888545617461	0.0006844915333203971	0.0012465256731957197	0.0005618383875116706	0.00023888367286417633
15	pride	../syntropy_project/models/model1_0	../syntropy_project/models/model1_0	joy	0.89357590675354	0.0005101492861285806	0.08579276502132416	0.003368162550032139	0.89357590675354	0.0067262426018714905	0.0001052279258146882	0.00826452486217022	0.0008377888589166105	0.00011116022506030276	0.00032867566915228963	0.000278822670225054	0.00010052157449536026
16	neutral	../syntropy_project/models/model1_0	../syntropy_project/models/model1_0	joy	0.5022937059402466	0.0010272995568811893	0.46725115180015564	0.0023739736061543226	0.5022937059402466	0.013582499697804451	0.00013777076674159616	0.010188492946326733	0.0020195976831018925	0.0004232689389027655	0.00028792733792215586	0.00025023575290106237	0.00016406622307840735
17	sadness	../syntropy_project/models/model1_0	../syntropy_project/models/model1_0	sadness	0.9554610848426819	0.01607206091284752	0.0009585864609107375	0.9554610848426819	0.007383420132100582	0.007279546931385994	0.00649286899715662	0.0004129191511310637	0.0013302741572260857	0.0002535931416787207	0.0013363553443923593	0.0015220545465126634	0.001497227349318564
18	nervousness	../syntropy_project/models/model1_0	../syntropy_project/models/model1_0	neutral	0.5248666405677795	0.02732987515628338	0.020869966596364975	0.2397211343050003	0.0325937420129776	0.5248666405677795	0.01252083107829094	0.005078508052974939	0.013543592765927315	0.001995543483644724	0.018078170716762543	0.09937169402837753	0.004030389711260796
19	joy	../syntropy_project/models/model1_0	../syntropy_project/models/model1_0	sadness	0.5657156705856323	0.005088791251182556	0.0829414576292038	0.5657156705856323	0.08248575776815414	0.09112552553415298	0.011417608708143234	0.01020685862749815	0.12945759296417236	0.0011179459979757667	0.011507849209010601	0.006646567489951849	0.002288348041474819
20	excitement	../syntropy_project/models/model1_0	../syntropy_project/models/model1_0	joy	0.36020126938819885	0.004084500018507242	0.25939396023750305	0.1556241810321808	0.36020126938819885	0.11680421233177185	0.0036207218654453754	0.054513756185770035	0.036696478724479675	0.0005282271304167807	0.004801000002771616	0.0017951081972569227	0.001936611020937562
21	joy	../syntropy_project/models/model1_0	../syntropy_project/models/model1_0	joy	0.46950763463974	0.003015338210389018	0.35004541277885437	0.07577478140592575	0.46950763463974	0.05822011083364487	0.0014280424220487475	0.02584232948720455	0.011561674065887928	0.0003316036891192198	0.002193024381995201	0.001451518153771758	0.000628467823844403
22	surprise	../syntropy_project/models/model1_0	../syntropy_project/models/model1_0	sadness	0.40421420335769653	0.0663621723651886	0.0016700888518244028	0.40421420335769653	0.007227493450045586	0.03402717038989067	0.014862454496324062	0.004430567380040884	0.0007328701321966946	0.28308406472206116	0.10403253883123398	0.011332748457789421	0.06802356988191605
23	joy	../syntropy_project/models/model1_0	../syntropy_project/models/model1_0	joy	0.9519453644752502	0.0017456806963309646	0.008825595490634441	0.019314615055918694	0.9519453644752502	0.006997955963015556	0.0001743463653838262	0.007179145235568285	0.000806047988589853	0.00015326670836657286	0.0015095026465132833	0.0010788521030917764	0.0002696155570447445
24	joy	../syntropy_project/models/model1_0	../syntropy_project/models/model1_0	joy	0.9022666811943054	0.0024257637560367584	0.05050351843237877	0.002857445739209652	0.9022666811943054	0.018668703734874725	0.0002621023159008473	0.016974830999970436	0.002127092331647873	0.0003168158291373402	0.0015169305261224508	0.0017967505846172571	0.0002832407772075385
25	excitement	../syntropy_project/models/model1_0	../syntropy_project/models/model1_0	joy	0.8752976059913635	0.0016706687165424228	0.08971051126718521	0.004963900428265333	0.8752976059913635	0.010698695667088032	0.0005231665563769639	0.012664394453167915	0.0013252225471660495	0.0002432690525893122	0.0015558734303340316	0.0009740725508891046	0.00037265289574861526
26	disgust	../syntropy_project/models/model1_0	../syntropy_project/models/model1_0	sadness	0.9217504262924194	0.01739567518234253	0.0032324243802577257	0.9217504262924194	0.00916563905775547	0.010091712698340416	0.013951689004898071	0.00043252180330455303	0.003655641805380583	0.0007369786617346108	0.003790999064221978	0.0016894693253561854	0.014106758870184422
27	excitement	../syntropy_project/models/model1_0	../syntropy_project/models/model1_0	joy	0.47768303751945496	0.005780004430562258	0.06634864956140518	0.2281610518693924	0.47768303751945496	0.07324258983135223	0.007022812496870756	0.11391203850507736	0.002512258244678378	0.005019028205424547	0.013302279636263847	0.005134370177984238	0.0018818243406713009
28	confusion	../syntropy_project/models/model1_0	../syntropy_project/models/model1_0	surprise	0.7404170036315918	0.03676743432879448	0.001310795429162681	0.027788454666733742	0.001551913795992732	0.007800394669175148	0.03671025484800339	0.00227518193423748	0.7404170036315918	0.0009811535710468888	0.04184565320611	0.09783809632062912	0.004713679663836956
29	joy	../syntropy_project/models/model1_0	../syntropy_project/models/model1_0	joy	0.6449645757675171	0.00031007887446321547	0.19541586935520172	0.005394700448960066	0.6449645757675171	0.09650621563196182	0.0024259511847049	0.00786520354449749	0.03801712021231651	0.00018838737742044032	0.0041562942788004875	0.0018151713302358985	0.0029404109809547663
30	excitement	../syntropy_project/models/model1_0	../syntropy_project/models/model1_0	sadness	0.5263457298278809	0.05157988518476486	0.013893300667405128	0.5263457298278809	0.035535719245672226	0.08902835845947266	0.027592364698648453	0.008033405058085918	0.041266508400440216	0.00817787740379572	0.04295996204018593	0.08276292681694031	0.07282394915819168
31	pride	../syntropy_project/models/model1_0	../syntropy_project/models/model1_0	joy	0.9625083804130554	0.0002021007239818573	0.028629440814256668	0.002757801441475749	0.9625083804130554	0.00264020380564034	2.7897838663193397e-05	0.0022889471147209406	0.0002945501764770597	6.264580588322133e-05	0.0002541994326747954	0.0002658444282133132	6.806716555729508e-05
32	nervousness	../syntropy_project/models/model1_0	../syntropy_project/models/model1_0	nervousness	0.7592270970344543	0.7592270970344543	0.001894099055789411	0.026106849312782288	0.0027102583553642035	0.004999539814889431	0.19261471927165985	0.001079709967598319	0.0014734745491296053	0.0013354214606806636	0.003436765633523464	0.0035617626272141933	0.001560307340696454
33	pride	../syntropy_project/models/model1_0	../syntropy_project/models/model1_0	neutral	0.6088534593582153	0.002707291394472122	0.13390187919139862	0.008856263943016529	0.019902152940630913	0.6088534593582153	0.004848225507885218	0.003832461079582572	0.09782879054546356	0.0007855136063881218	0.006968566216528416	0.10813454538583755	0.00338081456720829
34	pride	../syntropy_project/models/model1_0	../syntropy_project/models/model1_0	sadness	0.5632503032684326	0.05556034669280052	0.051200348883867264	0.5632503032684326	0.05114559084177017	0.1823354810476303	0.022925833240151405	0.0038454432506114244	0.03959907591342926	0.003201423678547144	0.008359433151781559	0.006964121945202351	0.011612598784267902
35	anger	../syntropy_project/models/model1_0	../syntropy_project/models/model1_0	anger	0.8116605281829834	0.0015646128449589014	0.0009733055485412478	0.010593821294605732	0.0011428005527704954	0.009323309175670147	0.0032010572031140327	0.0007186296861618757	0.0023839734494686127	0.8116605281829834	0.010456672869622707	0.034622758626937866	0.1133585050702095
36	pride	../syntropy_project/models/model1_0	../syntropy_project/models/model1_0	joy	0.5551139116287231	0.008898586966097355	0.10334967821836472	0.030497344210743904	0.5551139116287231	0.2325860559940338	0.001545423292554915	0.049827396869659424	0.00269619794562459	0.008066404610872269	0.0011900358367711306	0.00224989908747375	0.003979031927883625
37	neutral	../syntropy_project/models/model1_0	../syntropy_project/models/model1_0	joy	0.7566063404083252	0.0013229199685156345	0.21500305831432343	0.002106927102431655	0.7566063404083252	0.007643384393304586	0.00034433958353474736	0.009017668664455414	0.0028470356483012438	0.0008396105258725584	0.0019421143224462867	0.0018063813913613558	0.000520296860486269
38	nervousness	../syntropy_project/models/model1_0	../syntropy_project/models/model1_0	anger	0.6636725664138794	0.053680576384067535	0.0009698581998236477	0.12850847840309143	0.011850285343825817	0.02758563682436943	0.003933423198759556	0.008710886351764202	0.0005052941851317883	0.6636725664138794	0.053962163627147675	0.013134770095348358	0.033486030995845795
39	anger	../syntropy_project/models/model1_0	../syntropy_project/models/model1_0	excitement	0.6696367859840393	0.0035292550455778837	0.6696367859840393	0.0075856903567910194	0.020884541794657707	0.2535865008831024	0.0003169895790051669	0.0015279314247891307	0.0042470116168260574	0.0006522820913232863	0.00075094576459378	0.03670470416545868	0.0005774112069047987
40	neutral	../syntropy_project/models/model1_0	../syntropy_project/models/model1_0	joy	0.8742507696151733	0.008080333471298218	0.04436955600976944	0.015311785973608494	0.8742507696151733	0.02030743658542633	0.00026259495643898845	0.03331621736288071	0.00017502256378065795	0.0016710233176127076	0.0010823250049725175	0.0007201819098554552	0.0004528370045591146
41	neutral	../syntropy_project/models/model1_0	../syntropy_project/models/model1_0	joy	0.9009630680084229	0.0011133236112073064	0.009779758751392365	0.012753890827298164	0.9009630680084229	0.009963915683329105	0.00042636864236555994	0.059615425765514374	0.0002469689934514463	0.0020337263122200966	0.0018545202910900116	0.0006849976489320397	0.0005640338640660048
42	surprise	../syntropy_project/models/model1_0	../syntropy_project/models/model1_0	sadness	0.4728093147277832	0.05126176029443741	0.045061979442834854	0.4728093147277832	0.07298862934112549	0.2800929546356201	0.02624834142625332	0.0017557592364028096	0.034855201840400696	0.0006491695530712605	0.002610339317470789	0.008862148970365524	0.002804430201649666
43	joy	../syntropy_project/models/model1_0	../syntropy_project/models/model1_0	neutral	0.2624180018901825	0.0048822518438100815	0.2467344105243683	0.1383107453584671	0.21836498379707336	0.2624180018901825	0.011330646462738514	0.007001543417572975	0.08523962646722794	0.00041211818461306393	0.007907700724899769	0.008113451302051544	0.009284529834985733
44	joy	../syntropy_project/models/model1_0	../syntropy_project/models/model1_0	joy	0.954125702381134	9.331785986432806e-05	0.03798997774720192	0.0007955495384521782	0.954125702381134	0.003181407693773508	4.735188849736005e-05	0.0026853701565414667	0.00026428274577483535	3.725336864590645e-05	0.0003279908560216427	0.0003695457708090544	8.217377035180107e-05
45	neutral	../syntropy_project/models/model1_0	../syntropy_project/models/model1_0	excitement	0.9797103404998779	4.059343700646423e-05	0.9797103404998779	4.907311813440174e-05	0.005466832313686609	0.002002539113163948	1.5029258065624163e-05	0.00012857530964538455	0.012483017519116402	7.31607542547863e-06	1.770855851646047e-05	5.188366412767209e-05	2.7110158043797128e-05
46	nervousness	../syntropy_project/models/model1_0	../syntropy_project/models/model1_0	pride	0.9945646524429321	0.00044639522093348205	0.0002135403046850115	8.894013444660231e-05	0.0013525063404813409	9.499473526375368e-05	2.8188893338665366e-05	0.9945646524429321	6.124389619799331e-05	0.00015967553190421313	0.0029121660627424717	2.6742696718429215e-05	5.0873204600065947e-05
47	excitement	../syntropy_project/models/model1_0	../syntropy_project/models/model1_0	excitement	0.9948732256889343	0.0001701491855783388	0.9948732256889343	8.983282168628648e-05	0.0033398005180060863	0.0007163412519730628	2.2419344531954266e-05	0.00015804629947524518	0.0005397973000071943	1.485946177126607e-05	1.531398083898239e-05	3.8487600249936804e-05	2.1790834580315277e-05
48	nervousness	../syntropy_project/models/model1_0	../syntropy_project/models/model1_0	excitement	0.8446808457374573	0.00016580508963670582	0.8446808457374573	0.0002978938282467425	0.1520100086927414	0.0012875525280833244	3.883469253196381e-05	0.0005877297953702509	0.0006500344024971128	5.319982301443815e-05	6.708957516821101e-05	0.00012878036068286747	3.2254036341328174e-05
49	joy	../syntropy_project/models/model1_0	../syntropy_project/models/model1_0	excitement	0.48390012979507446	0.008145964704453945	0.48390012979507446	0.009709714911878109	0.4116780757904053	0.03314917907118797	0.0029523386619985104	0.018270201981067657	0.023904846981167793	0.0011574316304177046	0.003875817870721221	0.0017530780751258135	0.0015032872324809432
50	excitement	../syntropy_project/models/model1_0	../syntropy_project/models/model1_0	joy	0.4284302592277527	0.0010466664098203182	0.4045301079750061	0.008889634162187576	0.4284302592277527	0.023773564025759697	0.00033637997694313526	0.11245731264352798	0.01399792730808258	0.0005182689637877047	0.0023320289328694344	0.0035467601846903563	0.0001411757111782208
51	confusion	../syntropy_project/models/model1_0	../syntropy_project/models/model1_0	embarrassment	0.9776929020881653	0.0007348777144216001	6.205466888786759e-06	0.006397216580808163	0.00028695937362499535	0.0008438554359599948	0.00023553904611617327	0.0005195120465941727	6.548241071868688e-05	0.0008074913639575243	0.9776929020881653	0.0020170339848846197	0.010393020696938038
52	excitement	../syntropy_project/models/model1_0	../syntropy_project/models/model1_0	joy	0.5231512784957886	0.0027069842908531427	0.4055638313293457	0.005400257185101509	0.5231512784957886	0.007068786770105362	0.0007939775823615491	0.010982483625411987	0.04192446544766426	0.00019913865253329277	0.001148407463915646	0.0005246064392849803	0.0005357961053960025
53	neutral	../syntropy_project/models/model1_0	../syntropy_project/models/model1_0	joy	0.6320307850837708	6.54107570881024e-05	0.3487485349178314	0.0010638660751283169	0.6320307850837708	0.008505541831254959	0.0001425168156856671	0.003277413547039032	0.005285221617668867	4.895887104794383e-05	0.0003388847107999027	0.00029062674730084836	0.0002022042463067919
54	pride	../syntropy_project/models/model1_0	../syntropy_project/models/model1_0	joy	0.9542961716651917	9.55805808189325e-05	0.030313532799482346	0.002052194206044078	0.9542961716651917	0.00964251346886158	6.96843271725811e-05	0.0020985580049455166	0.00043372507207095623	6.671511800959706e-05	0.0002502190473023802	0.0006024815374985337	7.849942630855367e-05
55	pride	../syntropy_project/models/model1_0	../syntropy_project/models/model1_0	joy	0.8068898916244507	0.001869195606559515	0.08428872376680374	0.008608473464846611	0.8068898916244507	0.009580998681485653	0.00021195107547100633	0.08342913538217545	0.0017176333349198103	0.0013867175439372659	0.001063132775016129	0.0006809999467805028	0.00027318004867993295
56	neutral	../syntropy_project/models/model1_0	../syntropy_project/models/model1_0	joy	0.9352107048034668	0.00038660812424495816	0.04273900017142296	0.0024658176116645336	0.9352107048034668	0.006725530605763197	7.738573185633868e-05	0.01111675426363945	0.0003089277306571603	0.0001222777646034956	0.0004235804663039744	0.0003260871162638068	9.738092194311321e-05
57	joy	../syntropy_project/models/model1_0	../syntropy_project/models/model1_0	joy	0.8381131887435913	0.0005974607774987817	0.11879529058933258	0.004934458062052727	0.8381131887435913	0.00346663361415267	0.0001760047598509118	0.030850939452648163	0.002009730087593198	0.00011949841427849606	0.0005747088580392301	0.00022886622173245996	0.00013321796723175794
58	surprise	../syntropy_project/models/model1_0	../syntropy_project/models/model1_0	joy	0.8523088693618774	0.0004684590676333755	0.10529473423957825	0.00405517453327775	0.8523088693618774	0.021226199343800545	0.0002188364160247147	0.012051711790263653	0.0019403990590944886	0.00020715124264825135	0.0010953922756016254	0.0008500744588673115	0.0002829281147569418
59	sadness	../syntropy_project/models/model1_0	../syntropy_project/models/model1_0	sadness	0.8904474973678589	0.03249416872859001	0.006249847821891308	0.8904474973678589	0.0070807491429150105	0.010545754805207253	0.026987867429852486	0.00046706123976036906	0.007932868786156178	0.0007726660114713013	0.004245027434080839	0.0048240856267511845	0.007952563464641571
60	surprise	../syntropy_project/models/model1_0	../syntropy_project/models/model1_0	excitement	0.5477226376533508	0.0008831219165585935	0.5477226376533508	0.008378488011658192	0.2682742178440094	0.10744982957839966	0.0006228664424270391	0.023773469030857086	0.03726603090763092	0.0005010398454032838	0.002570227487012744	0.001898512477055192	0.000659535638988018
61	neutral	../syntropy_project/models/model1_0	../syntropy_project/models/model1_0	joy	0.8475189805030823	0.0019553317688405514	0.10310349613428116	0.003567146835848689	0.8475189805030823	0.015687165781855583	0.00041933529428206384	0.01990138553082943	0.0036567000206559896	0.00019933113071601838	0.0024286687839776278	0.0012582038762047887	0.00030432885978370905
62	sadness	../syntropy_project/models/model1_0	../syntropy_project/models/model1_0	sadness	0.8581345081329346	0.11227812618017197	0.002130249049514532	0.8581345081329346	0.0023659446742385626	0.001271445071324706	0.016277462244033813	0.0006268384750001132	0.001254471717402339	0.0013125460827723145	0.0021997366566210985	0.001273076399229467	0.000875529833137989
63	pride	../syntropy_project/models/model1_0	../syntropy_project/models/model1_0	joy	0.6496262550354004	0.0005946183227933943	0.2313363254070282	0.007284783758223057	0.6496262550354004	0.06215044483542442	0.00046090211253613234	0.032853223383426666	0.0116893220692873	0.00010688768088584766	0.00242783734574914	0.001000625197775662	0.00046876739361323416
64	neutral	../syntropy_project/models/model1_0	../syntropy_project/models/model1_0	neutral	0.6888552904129028	0.0010084871901199222	0.08347117155790329	0.024340862408280373	0.17943274974822998	0.6888552904129028	0.0011522218119353056	0.0060236635617911816	0.007862751372158527	0.00041557708755135536	0.0008236278081312776	0.004025010392069817	0.0025886574294418097
65	neutral	../syntropy_project/models/model1_0	../syntropy_project/models/model1_0	fear	0.692846417427063	0.03079061768949032	0.005073052830994129	0.09178870171308517	0.010109716095030308	0.014464792795479298	0.692846417427063	0.0009651750442571938	0.0015657555777579546	0.01826372928917408	0.009096233174204826	0.0023403181694447994	0.12269549816846848
66	excitement	../syntropy_project/models/model1_0	../syntropy_project/models/model1_0	joy	0.9450631141662598	0.0002549248456489295	0.0452120378613472	0.001426207018084824	0.9450631141662598	0.0038401843048632145	2.466026671754662e-05	0.0034530970733612776	0.00011578969133552164	0.00012387674360070378	0.00017417469643987715	0.00025964356609620154	5.2274241170380265e-05
67	surprise	../syntropy_project/models/model1_0	../syntropy_project/models/model1_0	nervousness	0.9062280058860779	0.9062280058860779	0.0021461767610162497	0.016464168205857277	0.0010495326714590192	0.002927684923633933	0.02833416871726513	0.002549676224589348	0.009599528275430202	0.009585453197360039	0.012037520296871662	0.006806172430515289	0.00227191555313766
68	surprise	../syntropy_project/models/model1_0	../syntropy_project/models/model1_0	sadness	0.8857606053352356	0.008109452202916145	0.002728233579546213	0.8857606053352356	0.026029866188764572	0.05162584036588669	0.003445565467700362	0.0021173330023884773	0.004649817477911711	0.00027808945742435753	0.0051882304251194	0.008912404999136925	0.0011545591987669468
69	excitement	../syntropy_project/models/model1_0	../syntropy_project/models/model1_0	joy	0.39311620593070984	0.007304213009774685	0.11803478002548218	0.06960655748844147	0.39311620593070984	0.38429149985313416	0.0010962983360514045	0.02128022536635399	0.0015717772766947746	0.0005947150057181716	0.0008034378406591713	0.0018005827441811562	0.0004997687647119164
70	fear	../syntropy_project/models/model1_0	../syntropy_project/models/model1_0	sadness	0.4061400592327118	0.246747687458992	0.009180028922855854	0.4061400592327118	0.009759075939655304	0.031061312183737755	0.1585627794265747	0.0021148398518562317	0.016555292531847954	0.006082289852201939	0.031145509332418442	0.017920849844813347	0.06473030894994736
71	joy	../syntropy_project/models/model1_0	../syntropy_project/models/model1_0	joy	0.9461029171943665	0.0006273785256780684	0.034371402114629745	0.004147122614085674	0.9461029171943665	0.005345831625163555	0.00013023799692746252	0.008136818185448647	0.00028682203264907	8.080479165073484e-05	0.0003563408099580556	0.00032391221611760557	9.036564006237313e-05
72	joy	../syntropy_project/models/model1_0	../syntropy_project/models/model1_0	joy	0.7993484139442444	0.0016916361637413502	0.00868403259664774	0.01246791984885931	0.7993484139442444	0.0041662827134132385	0.000263633526628837	0.16599324345588684	0.0005973467486910522	0.00022172155149746686	0.00571792246773839	0.0004035324091091752	0.0004443833604454994
73	excitement	../syntropy_project/models/model1_0	../syntropy_project/models/model1_0	joy	0.7470992803573608	0.0015444045420736074	0.21294838190078735	0.008381057530641556	0.7470992803573608	0.018179232254624367	0.00031074378057383	0.006761725526303053	0.0027560596354305744	8.837349014356732e-05	0.0006654727039858699	0.0007918662740848958	0.00047353628906421363
74	sadness	../syntropy_project/models/model1_0	../syntropy_project/models/model1_0	disgust	0.3344646692276001	0.03907960280776024	0.00226030801422894	0.1541883647441864	0.007804424036294222	0.11511009931564331	0.07615521550178528	0.006868364289402962	0.0015504388138651848	0.028956936672329903	0.2267952859401703	0.006766312289983034	0.3344646692276001
75	nervousness	../syntropy_project/models/model1_0	../syntropy_project/models/model1_0	anger	0.39690089225769043	0.2545630931854248	0.0009772938210517168	0.1685909628868103	0.007413989398628473	0.018643129616975784	0.007183555979281664	0.004819689318537712	0.0004170991596765816	0.39690089225769043	0.07822856307029724	0.009759084321558475	0.052502717822790146
76	joy	../syntropy_project/models/model1_0	../syntropy_project/models/model1_0	joy	0.9677073359489441	0.0007067077676765621	0.016050485894083977	0.004527912475168705	0.9677073359489441	0.0026450250297784805	7.238108810270205e-05	0.007368159480392933	0.0003013848909176886	7.272302900673822e-05	0.0002571740187704563	0.00023786113888490945	5.280979166855104e-05
77	neutral	../syntropy_project/models/model1_0	../syntropy_project/models/model1_0	sadness	0.41841959953308105	0.10496193170547485	0.009695600718259811	0.41841959953308105	0.19510957598686218	0.20213988423347473	0.014857777394354343	0.014286888763308525	0.003796299220994115	0.003981552552431822	0.0037381364963948727	0.026089107617735863	0.0029237172566354275
78	pride	../syntropy_project/models/model1_0	../syntropy_project/models/model1_0	neutral	0.8545517921447754	0.003175455844029784	0.047347117215394974	0.00821322575211525	0.019618762657046318	0.8545517921447754	0.0029557389207184315	0.016661128029227257	0.011220578104257584	0.027060791850090027	0.0016556453192606568	0.0036181986797600985	0.003921590745449066
79	nervousness	../syntropy_project/models/model1_0	../syntropy_project/models/model1_0	nervousness	0.9674410820007324	0.9674410820007324	0.0021375056821852922	0.009960395283997059	0.0011628313222900033	0.0008623473695479333	0.013523955829441547	0.0006998893804848194	0.00019652620540000498	0.0022797374986112118	0.0007665518205612898	0.0005005798884667456	0.00046858686255291104
80	excitement	../syntropy_project/models/model1_0	../syntropy_project/models/model1_0	joy	0.8513824939727783	0.0001599094393895939	0.12021970003843307	0.0012173531576991081	0.8513824939727783	0.009452314116060734	0.0003636018082033843	0.010212233290076256	0.004241219721734524	0.0003448289062362164	0.0010605000425130129	0.000947105058003217	0.00039871930493973196
81	pride	../syntropy_project/models/model1_0	../syntropy_project/models/model1_0	joy	0.9872744083404541	2.7425510779721662e-05	0.010315396822988987	0.00035677640698850155	0.9872744083404541	0.000788895646110177	1.6002408301574178e-05	0.0009327275329269469	6.301274697761983e-05	1.6867645172169432e-05	6.438174023060128e-05	0.00011267538502579555	3.141257184324786e-05
82	neutral	../syntropy_project/models/model1_0	../syntropy_project/models/model1_0	joy	0.7484828233718872	0.0017615968827158213	0.10739296674728394	0.08269861340522766	0.7484828233718872	0.020010020583868027	0.0014421554515138268	0.021735310554504395	0.012225106358528137	0.0006861460860818624	0.0009854253148660064	0.001587100443430245	0.0009927171049639583
83	excitement	../syntropy_project/models/model1_0	../syntropy_project/models/model1_0	joy	0.9502155184745789	0.0006118093733675778	0.03043782338500023	0.006795065943151712	0.9502155184745789	0.006676505319774151	0.00020589682389982045	0.002882000058889389	0.0005395045154727995	0.0002201421739300713	0.00027714745374396443	0.0009379440452903509	0.0002006092545343563
84	fear	../syntropy_project/models/model1_0	../syntropy_project/models/model1_0	joy	0.6069883704185486	0.001875717076472938	0.00657853065058589	0.046445831656455994	0.6069883704185486	0.23833592236042023	0.0010122223757207394	0.059511490166187286	0.0018825512379407883	0.025448353961110115	0.0037869426887482405	0.004362538922578096	0.00377158191986382
85	joy	../syntropy_project/models/model1_0	../syntropy_project/models/model1_0	joy	0.9457615613937378	0.0007539096986874938	0.040992919355630875	0.004027410410344601	0.9457615613937378	0.0019266718300059438	4.5439956011250615e-05	0.005958464462310076	0.00013623986160382628	0.0001243257720489055	0.00012296490604057908	9.182406211039051e-05	5.829333167639561e-05
86	joy	../syntropy_project/models/model1_0	../syntropy_project/models/model1_0	joy	0.9459373354911804	0.0008535900269635022	0.022042306140065193	0.009936515241861343	0.9459373354911804	0.012791645713150501	0.00016099834465421736	0.005433344282209873	0.00022250974143389612	0.00044482626253739	0.0008161224541254342	0.0011258317390456796	0.00023500256065744907
87	joy	../syntropy_project/models/model1_0	../syntropy_project/models/model1_0	joy	0.9218304753303528	0.001030788873322308	0.040304236114025116	0.01035724114626646	0.9218304753303528	0.004371470306068659	0.00010767967614810914	0.01967712864279747	0.00038496393244713545	0.000664755585603416	0.0006613678415305912	0.0004339830484241247	0.00017575635865796357
88	pride	../syntropy_project/models/model1_0	../syntropy_project/models/model1_0	joy	0.961421549320221	0.0004838585446123034	0.009417429566383362	0.0027816123329102993	0.961421549320221	0.001025113626383245	5.135628452990204e-05	0.023655837401747704	0.000186361008672975	0.00011343798541929573	0.000609126640483737	0.00016972732555586845	8.456607611151412e-05
89	pride	../syntropy_project/models/model1_0	../syntropy_project/models/model1_0	joy	0.9877524375915527	0.00010541755909798667	0.006606869865208864	0.0018669377313926816	0.9877524375915527	0.001386923249810934	2.2781499865232036e-05	0.0017546805320307612	0.00015430006897076964	3.1331819627666846e-05	0.00011191576777491719	0.0001490846771048382	5.736259845434688e-05
90	neutral	../syntropy_project/models/model1_0	../syntropy_project/models/model1_0	excitement	0.9626818299293518	0.00038147647865116596	0.9626818299293518	0.000287486967863515	0.03449641913175583	0.001452465308830142	8.359141247638036e-06	0.00047973357141017914	0.00010867771197808906	4.292267476557754e-05	2.1004980226280168e-05	2.679122371773701e-05	1.278399122384144e-05
91	pride	../syntropy_project/models/model1_0	../syntropy_project/models/model1_0	joy	0.9294145107269287	0.0006261191447265446	0.010558000765740871	0.002076570177450776	0.9294145107269287	0.018346065655350685	0.00040282224654220045	0.029999861493706703	0.0011877535143867135	0.0005306175444275141	0.0037821102887392044	0.002780119189992547	0.00029552512569352984
92	joy	../syntropy_project/models/model1_0	../syntropy_project/models/model1_0	sadness	0.7176212072372437	0.18068057298660278	0.013429463841021061	0.7176212072372437	0.021869461983442307	0.024596014991402626	0.02127169817686081	0.001492166891694069	0.002962874947115779	0.002167781814932823	0.005829669535160065	0.003055295906960964	0.005023852922022343
93	joy	../syntropy_project/models/model1_0	../syntropy_project/models/model1_0	joy	0.9637561440467834	8.106614404823631e-05	0.02773706242442131	0.0017598370322957635	0.9637561440467834	0.003099114168435335	4.046349204145372e-05	0.0028382441960275173	0.00010654511424945667	0.00013166618009563535	0.0001281627337448299	0.0002626290079206228	5.894178684684448e-05
94	pride	../syntropy_project/models/model1_0	../syntropy_project/models/model1_0	joy	0.728901743888855	0.00045298514305613935	0.24804776906967163	0.0008853507461026311	0.728901743888855	0.009821412153542042	0.00010075700265588239	0.009502934291958809	0.00107888865750283	0.0001126840797951445	0.000682680809404701	0.0002598816354293376	0.00015285260451491922
95	pride	../syntropy_project/models/model1_0	../syntropy_project/models/model1_0	surprise	0.979573130607605	1.4720150829816703e-05	0.015387862920761108	0.0001066307959263213	0.0015360781690105796	0.0024156097788363695	5.397358108893968e-05	0.0002452193875797093	0.979573130607605	2.5531214760121657e-06	0.00022278451069723815	0.0003454205289017409	9.600081102689728e-05
96	neutral	../syntropy_project/models/model1_0	../syntropy_project/models/model1_0	joy	0.9588961005210876	0.00019308269838802516	0.029291490092873573	0.0007790870731696486	0.9588961005210876	0.004334684927016497	4.72378233098425e-05	0.005527316592633724	0.0001109152872231789	0.00011899972741957754	0.00036954929237253964	0.00023190413776319474	9.967273945221677e-05
97	excitement	../syntropy_project/models/model1_0	../syntropy_project/models/model1_0	joy	0.6516109704971313	0.0048623476177453995	0.06426607817411423	0.03276115655899048	0.6516109704971313	0.20737461745738983	0.0020241173915565014	0.02231721393764019	0.0021295410115271807	0.0037740718107670546	0.002004623645916581	0.004752482287585735	0.0021228892728686333
98	pride	../syntropy_project/models/model1_0	../syntropy_project/models/model1_0	pride	0.8712998628616333	0.0011839428916573524	0.00177715381141752	0.00037325453013181686	0.12106458097696304	0.00032207852927967906	5.425018389360048e-05	0.8712998628616333	3.914842091035098e-05	0.0006535255233757198	0.0030508555937558413	0.00012127980153309181	6.010975630488247e-05
99	disgust	../syntropy_project/models/model1_0	../syntropy_project/models/model1_0	neutral	0.2726714611053467	0.09143289923667908	0.0036172980908304453	0.25526145100593567	0.04056306183338165	0.2726714611053467	0.021567033603787422	0.01237553171813488	0.0029166939202696085	0.06117531284689903	0.0868385061621666	0.04765966162085533	0.10392111539840698
100	neutral	../syntropy_project/models/model1_0	../syntropy_project/models/model1_0	joy	0.9679656624794006	0.0001779312442522496	0.01441444642841816	0.0051284534856677055	0.9679656624794006	0.00538343982771039	9.536206198390573e-05	0.005614045541733503	0.00034366067848168314	0.00013954441237729043	0.0003135048900730908	0.00027130809030495584	0.00015278074715752155
101	surprise	../syntropy_project/models/model1_0	../syntropy_project/models/model1_0	joy	0.7314676642417908	0.0007348114741034806	0.16058112680912018	0.016665847972035408	0.7314676642417908	0.07424717396497726	0.0006061252788640559	0.005577676929533482	0.007403310388326645	0.00011208442447241396	0.0009901783196255565	0.0011511673219501972	0.0004629575996659696
102	pride	../syntropy_project/models/model1_0	../syntropy_project/models/model1_0	joy	0.958003044128418	0.00010264846787322313	0.030821427702903748	0.0025395227130502462	0.958003044128418	0.004169548396021128	5.213732219999656e-05	0.0028651051688939333	0.0005822124658152461	6.167039828142151e-05	0.0002703434438444674	0.0004247811157256365	0.00010754103277577087
103	joy	../syntropy_project/models/model1_0	../syntropy_project/models/model1_0	joy	0.7174245715141296	0.0001061456132447347	0.20594730973243713	0.002429781947284937	0.7174245715141296	0.04913727566599846	0.0007136369240470231	0.00733856251463294	0.012716489844024181	0.00010339950677007437	0.0016411716351285577	0.0010327788768336177	0.0014089724281802773
104	surprise	../syntropy_project/models/model1_0	../syntropy_project/models/model1_0	joy	0.5782293677330017	0.0017545933369547129	0.36183375120162964	0.002271659905090928	0.5782293677330017	0.005290226545184851	0.0007122040260583162	0.011581305414438248	0.035206377506256104	0.0003762731503229588	0.0016740811988711357	0.0007223989232443273	0.00034779554698616266
105	sadness	../syntropy_project/models/model1_0	../syntropy_project/models/model1_0	sadness	0.9706292748451233	0.008455499075353146	0.0002318660990567878	0.9706292748451233	0.0013375850394368172	0.0033005145378410816	0.004922329448163509	0.00026972228079102933	0.0010926206596195698	0.0005939288530498743	0.0035229886416345835	0.0036302146036177874	0.0020135303493589163
106	nervousness	../syntropy_project/models/model1_0	../syntropy_project/models/model1_0	nervousness	0.962706983089447	0.962706983089447	0.000786022050306201	0.007712274789810181	0.0005248181405477226	0.0007509515271522105	0.023741526529192924	0.00024148414377123117	0.00021893349185120314	0.0018488826462998986	0.0004326394118834287	0.0006072783726267517	0.0004281472065486014
107	pride	../syntropy_project/models/model1_0	../syntropy_project/models/model1_0	excitement	0.7130122184753418	0.0002565119357313961	0.7130122184753418	0.006399428937584162	0.1778295487165451	0.06507384777069092	0.0004068011185154319	0.01782241463661194	0.016629958525300026	0.00018641860515344888	0.0010049296543002129	0.0007831619004718959	0.0005947708850726485
108	pride	../syntropy_project/models/model1_0	../syntropy_project/models/model1_0	joy	0.29538804292678833	0.0022605592384934425	0.27324503660202026	0.11908074468374252	0.29538804292678833	0.2740822732448578	0.0010369067313149571	0.01910964772105217	0.011759523302316666	0.0007151057943701744	0.0013325781328603625	0.0010175092611461878	0.0009720198577269912
109	excitement	../syntropy_project/models/model1_0	../syntropy_project/models/model1_0	surprise	0.9642150402069092	3.701023160829209e-05	0.029912393540143967	0.0001647792087169364	0.0022648111917078495	0.0021522818133234978	0.00010669610492186621	0.00039146089693531394	0.9642150402069092	4.2216556721541565e-06	0.00027052522636950016	0.00029376527527347207	0.00018696680490393192
110	neutral	../syntropy_project/models/model1_0	../syntropy_project/models/model1_0	joy	0.849047064781189	0.0025216173380613327	0.011546473018825054	0.024503562599420547	0.849047064781189	0.012243366800248623	0.0005562961450777948	0.09149771183729172	0.0015862651634961367	0.0011628702050074935	0.0037809633649885654	0.000899875012692064	0.000653923605568707
111	neutral	../syntropy_project/models/model1_0	../syntropy_project/models/model1_0	neutral	0.5644245147705078	0.009977556765079498	0.07514666765928268	0.18639296293258667	0.10711962729692459	0.5644245147705078	0.005449769087135792	0.010220875032246113	0.009175141341984272	0.003018914721906185	0.0065969666466116905	0.01733550801873207	0.00514155114069581
112	joy	../syntropy_project/models/model1_0	../syntropy_project/models/model1_0	joy	0.9754409790039062	8.892334153642878e-05	0.01758885756134987	0.0011327755637466908	0.9754409790039062	0.0015126031357795	2.1277950509102084e-05	0.003709884360432625	0.0002484257856849581	2.939534533652477e-05	0.00010716570977820083	8.355415047844872e-05	3.6048091715201735e-05
113	neutral	../syntropy_project/models/model1_0	../syntropy_project/models/model1_0	excitement	0.8697240352630615	0.0001781171595212072	0.8697240352630615	0.00039597394061274827	0.11205434799194336	0.01240480039268732	0.00011749753321055323	0.0020944392308592796	0.002333476208150387	0.0001218860998051241	0.00011367883416824043	0.00037038125446997583	9.140703332377598e-05
114	joy	../syntropy_project/models/model1_0	../syntropy_project/models/model1_0	joy	0.9684755802154541	1.7040047168848105e-05	0.016582202166318893	0.0013223750283941627	0.9684755802154541	0.011729568243026733	2.384428989898879e-05	0.001107209362089634	0.00022090747370384634	4.156491922913119e-05	0.00014405808178707957	0.0002570144133642316	7.868200191296637e-05
115	neutral	../syntropy_project/models/model1_0	../syntropy_project/models/model1_0	joy	0.48963236808776855	0.001442399574443698	0.2183786779642105	0.03162074834108353	0.48963236808776855	0.2227386087179184	0.0008632273529656231	0.030923711135983467	0.001730782212689519	0.00073034263914451	0.0007675481028854847	0.0006927688955329359	0.0004789297527167946
116	excitement	../syntropy_project/models/model1_0	../syntropy_project/models/model1_0	excitement	0.9926097393035889	0.00015828068717382848	0.9926097393035889	0.00011815972538897768	0.0056235576048493385	0.0009021491277962923	1.3189724086259957e-05	0.0002634736883919686	0.000246018375037238	2.1265292161842808e-05	8.102892024908215e-06	2.5334113161079586e-05	1.0757114068837836e-05
117	excitement	../syntropy_project/models/model1_0	../syntropy_project/models/model1_0	joy	0.8242531418800354	0.0010263306321576238	0.11467248946428299	0.011134718544781208	0.8242531418800354	0.012702756561338902	0.0004775466804858297	0.028933964669704437	0.0019665195140987635	0.0010778894647955894	0.0012233754387125373	0.0021060521248728037	0.00042519636917859316
118	neutral	../syntropy_project/models/model1_0	../syntropy_project/models/model1_0	joy	0.9569016695022583	4.924014501739293e-05	0.03568051755428314	0.0015915019903331995	0.9569016695022583	0.0016830689273774624	4.3241376260994e-05	0.0026990214828401804	0.0007562730461359024	5.941398558206856e-05	0.00023437230265699327	0.0002381026279181242	6.364678120007738e-05
119	neutral	../syntropy_project/models/model1_0	../syntropy_project/models/model1_0	joy	0.9354009628295898	0.0008640773594379425	0.030752751976251602	0.008929122239351273	0.9354009628295898	0.014211347326636314	0.0003036513808183372	0.006003362592309713	0.00014280308096203953	0.0006766528240405023	0.0014010327868163586	0.0006932794349268079	0.0006208696286194026
120	joy	../syntropy_project/models/model1_0	../syntropy_project/models/model1_0	excitement	0.6409485936164856	0.0002387067215749994	0.6409485936164856	0.002327574184164405	0.3224415183067322	0.006267497781664133	0.00041540907113812864	0.004557286389172077	0.02193473093211651	3.39163416356314e-05	0.0004266391333658248	0.0001649295154493302	0.00024309234868269414
121	sadness	../syntropy_project/models/model1_0	../syntropy_project/models/model1_0	neutral	0.799943208694458	0.01275674905627966	0.019457237794995308	0.03273298218846321	0.019970569759607315	0.799943208694458	0.002893581986427307	0.009866530075669289	0.008945848792791367	0.013779358007013798	0.015215958468616009	0.0500139519572258	0.014424072578549385
122	excitement	../syntropy_project/models/model1_0	../syntropy_project/models/model1_0	joy	0.9660418629646301	0.00019078863260801882	0.023143915459513664	0.0021967461798340082	0.9660418629646301	0.0017947315936908126	3.624565215432085e-05	0.005817736964672804	0.0001613757194718346	0.00010208634921582416	0.00022830662783235312	0.00023981338017620146	4.636411176761612e-05
123	excitement	../syntropy_project/models/model1_0	../syntropy_project/models/model1_0	pride	0.9569697976112366	0.0006210875581018627	0.01047666184604168	0.00035200800630263984	0.027139876037836075	0.0005319343181326985	9.418026456842199e-05	0.9569697976112366	0.000523389142472297	0.0003405767783988267	0.0027180444449186325	0.00010018765897257254	0.000132197150378488
124	pride	../syntropy_project/models/model1_0	../syntropy_project/models/model1_0	pride	0.9600796103477478	0.0006992918788455427	0.0011060632532462478	0.00036952903610654175	0.023486832156777382	0.0006343345157802105	6.586377276107669e-05	0.9600796103477478	0.00010157941142097116	0.0021900993306189775	0.010812710970640182	0.00023385054373648018	0.00022030620311852545
125	pride	../syntropy_project/models/model1_0	../syntropy_project/models/model1_0	pride	0.9514440298080444	0.000964665727224201	0.0026634843088686466	0.0012032721424475312	0.03833898901939392	0.001018116483464837	0.00013684158329851925	0.9514440298080444	0.00023299016174860299	0.0004513977328315377	0.003322782926261425	9.719905938254669e-05	0.0001263768645003438
126	neutral	../syntropy_project/models/model1_0	../syntropy_project/models/model1_0	joy	0.9740805625915527	0.0006356558878906071	0.01235745195299387	0.0020663312170654535	0.9740805625915527	0.0023043083492666483	4.931326839141548e-05	0.007908579893410206	5.291409252095036e-05	0.00016545268590562046	0.00020266159845050424	0.00013261358253657818	4.4166077714180574e-05
127	neutral	../syntropy_project/models/model1_0	../syntropy_project/models/model1_0	joy	0.3843148350715637	0.006937788333743811	0.03171563521027565	0.3690151572227478	0.3843148350715637	0.15519759058952332	0.003939427901059389	0.034793224185705185	0.0012369636679068208	0.007178142201155424	0.001393285347148776	0.002468166872859001	0.0018098094733431935
128	joy	../syntropy_project/models/model1_0	../syntropy_project/models/model1_0	joy	0.9207049012184143	0.00041947668069042265	0.06773294508457184	0.00219405977986753	0.9207049012184143	0.0014935131184756756	0.00010589112935122102	0.00631700037047267	0.00041475851321592927	0.00010138187644770369	0.00018719231593422592	0.00023836278705857694	9.052693349076435e-05
129	pride	../syntropy_project/models/model1_0	../syntropy_project/models/model1_0	joy	0.3280266225337982	0.009140904992818832	0.14641979336738586	0.25256678462028503	0.3280266225337982	0.17318491637706757	0.0036799521185457706	0.07763010263442993	0.0034935912117362022	0.0016189789166674018	0.001832338748499751	0.0014514897484332323	0.0009545337525196373
130	neutral	../syntropy_project/models/model1_0	../syntropy_project/models/model1_0	joy	0.9803141355514526	0.0002660932659637183	0.01189756765961647	0.0030561776366084814	0.9803141355514526	0.0014702130574733019	2.274871621921193e-05	0.0026265743654221296	2.7934418540098704e-05	8.263878407888114e-05	0.00011607405031099916	9.049085929291323e-05	2.934943222498987e-05
131	anger	../syntropy_project/models/model1_0	../syntropy_project/models/model1_0	fear	0.5072539448738098	0.2132759392261505	0.007656922098249197	0.12605787813663483	0.010994420386850834	0.04556484892964363	0.5072539448738098	0.0019123958190903068	0.019928934052586555	0.01013521570712328	0.010545361787080765	0.03158143535256386	0.015092738904058933
132	joy	../syntropy_project/models/model1_0	../syntropy_project/models/model1_0	joy	0.7495045065879822	0.0006106951041147113	0.2119777351617813	0.0033555766567587852	0.7495045065879822	0.005617596674710512	0.0002941372513305396	0.02331615425646305	0.0029695085249841213	0.0006240050424821675	0.0006965197972021997	0.0005916344816796482	0.0004419898905325681
133	joy	../syntropy_project/models/model1_0	../syntropy_project/models/model1_0	joy	0.941496729850769	0.0004451167187653482	0.03524280712008476	0.010145398788154125	0.941496729850769	0.005322086159139872	0.00011127976176794618	0.006167469546198845	0.00029523190460167825	0.00018993954290635884	0.0002631223760545254	0.00018080325389746577	0.00014010367158334702
134	joy	../syntropy_project/models/model1_0	../syntropy_project/models/model1_0	joy	0.716023325920105	0.005721456836909056	0.04726529121398926	0.06803369522094727	0.716023325920105	0.010354900732636452	0.00038436410250142217	0.14681947231292725	0.0010737818665802479	0.0010887517128139734	0.002454890636727214	0.0004050698771607131	0.0003750825999304652
135	pride	../syntropy_project/models/model1_0	../syntropy_project/models/model1_0	joy	0.9297892451286316	0.005111966282129288	0.016650978475809097	0.00632050447165966	0.9297892451286316	0.008040518499910831	0.0003311100881546736	0.026360055431723595	0.0008895269129425287	0.0004735701368190348	0.002798069268465042	0.0028620832599699497	0.0003723353147506714
136	joy	../syntropy_project/models/model1_0	../syntropy_project/models/model1_0	joy	0.9667983651161194	0.0006934354896657169	0.011898310855031013	0.010453233495354652	0.9667983651161194	0.0036927873734384775	0.00015051083755679429	0.005008067470043898	0.00032844001543708146	0.00010486196697456762	0.00041128421435132623	0.00027068654890172184	0.0001900163624668494
137	pride	../syntropy_project/models/model1_0	../syntropy_project/models/model1_0	joy	0.9710795879364014	0.001333335181698203	0.013155405409634113	0.004022242035716772	0.9710795879364014	0.0022332353983074427	0.0003520602185744792	0.006316307466477156	0.0004443126090336591	0.0002794154570437968	0.0003597044851630926	0.000310361705487594	0.00011389358405722305
138	pride	../syntropy_project/models/model1_0	../syntropy_project/models/model1_0	pride	0.9957836866378784	0.0005090133054181933	0.0007092481246218085	0.00013277202378958464	0.00127779773902148	7.237832323880866e-05	1.5875559256528504e-05	0.9957836866378784	7.781488238833845e-05	0.00011546362657099962	0.0012477274285629392	1.4878377442073543e-05	4.327017086325213e-05
139	neutral	../syntropy_project/models/model1_0	../syntropy_project/models/model1_0	sadness	0.9211658239364624	0.003208471927791834	0.004570277873426676	0.9211658239364624	0.04358770698308945	0.016054466366767883	0.0021510093938559294	0.0030083456076681614	0.0016975688049569726	0.0002083709550788626	0.002292110351845622	0.0014340801862999797	0.000621784245595336
140	pride	../syntropy_project/models/model1_0	../syntropy_project/models/model1_0	joy	0.595861554145813	0.0008712024427950382	0.12410873174667358	0.017336731776595116	0.595861554145813	0.14383678138256073	0.0021421576384454966	0.07581090927124023	0.028203630819916725	0.0010534545872360468	0.005122597329318523	0.0036258790642023087	0.002026339527219534
141	pride	../syntropy_project/models/model1_0	../syntropy_project/models/model1_0	pride	0.8910815715789795	0.0022740494459867477	0.006881267298012972	0.0008552106446586549	0.09514927864074707	0.0008111807401292026	7.291581277968362e-05	0.8910815715789795	0.00010294993262505159	0.00040221973904408514	0.0021096616983413696	0.0001796626311261207	8.010503370314837e-05
142	fear	../syntropy_project/models/model1_0	../syntropy_project/models/model1_0	fear	0.8787408471107483	0.029479246586561203	0.0004737246490549296	0.06255271285772324	0.002448228420689702	0.01121894083917141	0.8787408471107483	0.0006323367706499994	0.0025429921224713326	0.0003429670468904078	0.0019383681938052177	0.005677579436451197	0.003952063620090485
143	joy	../syntropy_project/models/model1_0	../syntropy_project/models/model1_0	sadness	0.8398476243019104	0.003498257137835026	0.009058009833097458	0.8398476243019104	0.05258456990122795	0.07146816700696945	0.004925762303173542	0.0018996825674548745	0.009684991091489792	0.0002441753167659044	0.0015237856423482299	0.0028699906542897224	0.002394965151324868
144	excitement	../syntropy_project/models/model1_0	../syntropy_project/models/model1_0	joy	0.8637311458587646	0.004284519236534834	0.05354953929781914	0.04130253568291664	0.8637311458587646	0.02693631313741207	0.00025789710343815386	0.0061576105654239655	0.0007476105238310993	0.00026857518241740763	0.0010383074404671788	0.0013926576357334852	0.0003332392079755664
145	neutral	../syntropy_project/models/model1_0	../syntropy_project/models/model1_0	joy	0.94482421875	0.0006042774766683578	0.033720746636390686	0.004085027612745762	0.94482421875	0.007947638630867004	0.00015440945571754128	0.005460767541080713	0.0004512961604632437	0.0001708162744762376	0.0012170166010037065	0.0012419061968103051	0.00012184740626253188
146	neutral	../syntropy_project/models/model1_0	../syntropy_project/models/model1_0	neutral	0.3832516074180603	0.028957270085811615	0.04456821084022522	0.1793307363986969	0.18586845695972443	0.3832516074180603	0.02565152570605278	0.07630785554647446	0.03393252193927765	0.00543246092274785	0.010972213931381702	0.01106536015868187	0.014661820605397224
147	pride	../syntropy_project/models/model1_0	../syntropy_project/models/model1_0	pride	0.9633462429046631	0.0020417494233697653	0.0012777929659932852	0.0026056943461298943	0.020558752119541168	0.0006909175426699221	0.00012081826571375132	0.9633462429046631	0.00013989578292239457	0.000776920176576823	0.008140156045556068	0.0001914637687150389	0.00010967735579470173
148	pride	../syntropy_project/models/model1_0	../syntropy_project/models/model1_0	joy	0.4630080461502075	0.002846992341801524	0.11647086590528488	0.2816740572452545	0.4630080461502075	0.09820964932441711	0.001580984564498067	0.02744397334754467	0.003231792477890849	0.0006308021256700158	0.001850078464485705	0.001866309205070138	0.0011865687556564808
149	joy	../syntropy_project/models/model1_0	../syntropy_project/models/model1_0	joy	0.9030446410179138	9.135082655120641e-05	0.038157980889081955	0.0014459254452958703	0.9030446410179138	0.03498245030641556	0.0005037271184846759	0.00348282465711236	0.006818437948822975	0.00010375085548730567	0.0029066570568829775	0.006714974995702505	0.001747235539369285
150	neutral	../syntropy_project/models/model1_0	../syntropy_project/models/model1_0	joy	0.8744961619377136	0.00025209260638803244	0.07859509438276291	0.004131180699914694	0.8744961619377136	0.039201878011226654	7.336550334002823e-05	0.0015066751511767507	0.0002688719250727445	9.175726881949231e-05	0.00029670356889255345	0.0009321566321887076	0.00015408478793688118
151	joy	../syntropy_project/models/model1_0	../syntropy_project/models/model1_0	neutral	0.6669933199882507	0.007887441664934158	0.034861527383327484	0.1605192869901657	0.027018610388040543	0.6669933199882507	0.009527158923447132	0.020644137635827065	0.011141883209347725	0.031466688960790634	0.0037395197432488203	0.015742871910333633	0.010457455180585384
152	excitement	../syntropy_project/models/model1_0	../syntropy_project/models/model1_0	joy	0.841360867023468	0.0005361906951293349	0.1303245574235916	0.0035849593114107847	0.841360867023468	0.013460788875818253	0.00011427340359659865	0.008998986333608627	0.0004923144006170332	0.00016093278827611357	0.00044854023144580424	0.00042506519821472466	9.260781371267512e-05
153	joy	../syntropy_project/models/model1_0	../syntropy_project/models/model1_0	joy	0.9531041979789734	0.0003812551440205425	0.025977924466133118	0.0038970555178821087	0.9531041979789734	0.009324349462985992	9.0270463260822e-05	0.005474433768540621	0.00020483882690314204	9.007233165903017e-05	0.000511758029460907	0.0008178977877832949	0.000125932929222472
154	excitement	../syntropy_project/models/model1_0	../syntropy_project/models/model1_0	excitement	0.4877471327781677	0.0007454081787727773	0.4877471327781677	0.001464826986193657	0.39354854822158813	0.03668056055903435	0.0015860178973525763	0.008239777758717537	0.06203197315335274	0.000848111230880022	0.0025722382124513388	0.0023505468852818012	0.002184828743338585
155	surprise	../syntropy_project/models/model1_0	../syntropy_project/models/model1_0	joy	0.7376182675361633	0.0002507304889149964	0.24869714677333832	0.0021015331149101257	0.7376182675361633	0.004337507300078869	3.237984128645621e-05	0.006052394863218069	0.00023457332281395793	0.0002873761986847967	0.00019867770606651902	9.443154704058543e-05	9.498748113401234e-05
156	joy	../syntropy_project/models/model1_0	../syntropy_project/models/model1_0	neutral	0.5927596688270569	0.008757260628044605	0.07883334904909134	0.12291675060987473	0.10492702573537827	0.5927596688270569	0.004988642409443855	0.007096500601619482	0.011408976279199123	0.028125938028097153	0.008858287706971169	0.02151564508676529	0.009811914525926113
157	nervousness	../syntropy_project/models/model1_0	../syntropy_project/models/model1_0	confusion	0.9383907914161682	0.0018875568639487028	0.0002139349380740896	0.0050953347235918045	0.0009341277764178813	0.011029080487787724	0.0011613651877269149	0.0009189252741634846	0.02705012820661068	0.00032359050237573683	0.012262570671737194	0.9383907914161682	0.0007325357291847467
158	pride	../syntropy_project/models/model1_0	../syntropy_project/models/model1_0	joy	0.8037670254707336	0.0007781066233292222	0.1634283810853958	0.001852000947110355	0.8037670254707336	0.01614275947213173	0.00041626428719609976	0.009599285200238228	0.0023002123925834894	0.0001325948687735945	0.0007951027946546674	0.0005101896240375936	0.0002780451613944024
159	joy	../syntropy_project/models/model1_0	../syntropy_project/models/model1_0	joy	0.8637077808380127	0.0008953368524089456	0.12376555055379868	0.0014317426830530167	0.8637077808380127	0.006495597306638956	9.319761738879606e-05	0.0024135452695190907	0.0005848881555721164	5.8779001847142354e-05	0.00015639953198842704	0.00026316329604014754	0.0001339918962912634
160	disgust	../syntropy_project/models/model1_0	../syntropy_project/models/model1_0	sadness	0.6799878478050232	0.08582603186368942	0.0007842651102691889	0.6799878478050232	0.00789421796798706	0.021626630797982216	0.009364960715174675	0.005363114178180695	0.0007448276155628264	0.07627874612808228	0.07678527384996414	0.0064308964647352695	0.028913084417581558
161	neutral	../syntropy_project/models/model1_0	../syntropy_project/models/model1_0	joy	0.8279926776885986	0.0005808703135699034	0.10249529778957367	0.0032936756033450365	0.8279926776885986	0.04597102105617523	0.0003626544785220176	0.00823916494846344	0.007875598967075348	0.00010468561231391504	0.0010465432424098253	0.0016201575053855777	0.0004177397058811039
162	surprise	../syntropy_project/models/model1_0	../syntropy_project/models/model1_0	joy	0.971351683139801	0.00025164580438286066	0.010495607741177082	0.0012720400700345635	0.971351683139801	0.005694647319614887	7.340441516134888e-05	0.0066045611165463924	0.0010059825144708157	0.00023757980670779943	0.0007444945513270795	0.0021875828970223665	8.07370015536435e-05
163	joy	../syntropy_project/models/model1_0	../syntropy_project/models/model1_0	joy	0.6576550602912903	0.004431008826941252	0.1335039734840393	0.011383148841559887	0.6576550602912903	0.017186639830470085	0.0005224244669079781	0.16766603291034698	0.0011429089354351163	0.0027686425019055605	0.002190798055380583	0.001172182965092361	0.0003770850016735494
164	excitement	../syntropy_project/models/model1_0	../syntropy_project/models/model1_0	joy	0.6371601819992065	0.02446858212351799	0.20042453706264496	0.040741536766290665	0.6371601819992065	0.06490341573953629	0.0007993329782038927	0.02313513681292534	0.0020021696109324694	0.0015901956940069795	0.0019339967984706163	0.0023018200881779194	0.0005390581209212542
165	confusion	../syntropy_project/models/model1_0	../syntropy_project/models/model1_0	neutral	0.6751538515090942	0.021982859820127487	0.026615623384714127	0.04431290179491043	0.020008230581879616	0.6751538515090942	0.003842501435428858	0.013337434269487858	0.004960717633366585	0.049531709402799606	0.01659032516181469	0.11743634939193726	0.006227563135325909
166	confusion	../syntropy_project/models/model1_0	../syntropy_project/models/model1_0	confusion	0.8549136519432068	0.00853194110095501	0.0001933830790221691	0.00798046961426735	0.0006900088046677411	0.010901226662099361	0.0027897136751562357	0.0016381083987653255	0.005044999998062849	0.01577131077647209	0.08314604312181473	0.8549136519432068	0.008399317041039467
167	anger	../syntropy_project/models/model1_0	../syntropy_project/models/model1_0	anger	0.7504443526268005	0.0447671040892601	0.0009477502317167819	0.046118926256895065	0.000610459828749299	0.0023137277457863092	0.002735456684604287	0.0009097998845390975	0.0018978110747411847	0.7504443526268005	0.03833397105336189	0.01012455578893423	0.10079613327980042
168	joy	../syntropy_project/models/model1_0	../syntropy_project/models/model1_0	sadness	0.7822014093399048	0.04382441192865372	0.009489299729466438	0.7822014093399048	0.007248204667121172	0.03887787461280823	0.08123065531253815	0.0015956949209794402	0.01029467023909092	0.004259378183633089	0.005296960938721895	0.007918533869087696	0.007762940134853125
169	neutral	../syntropy_project/models/model1_0	../syntropy_project/models/model1_0	joy	0.948158860206604	0.00106406444683671	0.01461387611925602	0.014735652133822441	0.948158860206604	0.005243109073489904	0.000211338498047553	0.006585161667317152	0.0001862391218310222	0.006599499378353357	0.0011241281172260642	0.0005074017681181431	0.0009706553537398577
170	neutral	../syntropy_project/models/model1_0	../syntropy_project/models/model1_0	fear	0.6639317870140076	0.12339475005865097	0.001742780557833612	0.11453241854906082	0.00591606879606843	0.03439577668905258	0.6639317870140076	0.0053665731102228165	0.006905535701662302	0.01084419246762991	0.011766080744564533	0.01601770892739296	0.005186363123357296
171	pride	../syntropy_project/models/model1_0	../syntropy_project/models/model1_0	joy	0.5955579876899719	0.007671609986573458	0.16591958701610565	0.017099523916840553	0.5955579876899719	0.1414419561624527	0.0015499634901061654	0.04740534722805023	0.011741235852241516	0.0006616400205530226	0.003916707821190357	0.005034868139773607	0.0019995507318526506
172	pride	../syntropy_project/models/model1_0	../syntropy_project/models/model1_0	joy	0.41589251160621643	0.010993109084665775	0.24126625061035156	0.06698202341794968	0.41589251160621643	0.22363325953483582	0.0018651410937309265	0.01868400350213051	0.012109518051147461	0.0016868362436071038	0.0027078595012426376	0.0028473197016865015	0.0013322990853339434
173	excitement	../syntropy_project/models/model1_0	../syntropy_project/models/model1_0	neutral	0.42838558554649353	0.10122441500425339	0.064578577876091	0.17822405695915222	0.15184040367603302	0.42838558554649353	0.01854143850505352	0.016862155869603157	0.006951550487428904	0.004442704375833273	0.005294857081025839	0.018762758001685143	0.004891430493444204
174	pride	../syntropy_project/models/model1_0	../syntropy_project/models/model1_0	joy	0.7261677384376526	0.0372769720852375	0.02130955085158348	0.11078737676143646	0.7261677384376526	0.05838287994265556	0.004098671954125166	0.01603466458618641	0.008298078551888466	0.0005167247145436704	0.00563499191775918	0.008552898652851582	0.002939422382041812
175	pride	../syntropy_project/models/model1_0	../syntropy_project/models/model1_0	joy	0.9240100979804993	0.00020241994934622198	0.055479757487773895	0.002160425065085292	0.9240100979804993	0.014617151580750942	9.736977517604828e-05	0.0016270780470222235	0.0004236950189806521	6.492593820439652e-05	0.00041509149014018476	0.0007736411644145846	0.00012840998533647507
176	confusion	../syntropy_project/models/model1_0	../syntropy_project/models/model1_0	nervousness	0.4761941730976105	0.4761941730976105	0.0037431735545396805	0.3997047245502472	0.0060683321207761765	0.02212771214544773	0.038030173629522324	0.004933265037834644	0.0018475642427802086	0.021678248420357704	0.0146402046084404	0.003392638871446252	0.007639715448021889
177	neutral	../syntropy_project/models/model1_0	../syntropy_project/models/model1_0	joy	0.721331775188446	0.0020394306629896164	0.12102455645799637	0.0031919486355036497	0.721331775188446	0.11558939516544342	0.0005861322279088199	0.02315386012196541	0.0031690665055066347	0.0002959687844850123	0.003581118304282427	0.005020256154239178	0.0010164525592699647
178	disgust	../syntropy_project/models/model1_0	../syntropy_project/models/model1_0	sadness	0.8276676535606384	0.08135538548231125	0.005799177568405867	0.8276676535606384	0.005386179778724909	0.014461206272244453	0.033168599009513855	0.0012872935039922595	0.008146414533257484	0.004054778255522251	0.006729887332767248	0.002152695320546627	0.009790780022740364
179	joy	../syntropy_project/models/model1_0	../syntropy_project/models/model1_0	joy	0.9835867285728455	9.303403930971399e-05	0.013433069922029972	0.0006139111355878413	0.9835867285728455	0.0009809626499190927	1.491224338678876e-05	0.000969771237578243	4.566472489386797e-05	4.108898065169342e-05	7.680796989006922e-05	0.00011533497308846563	2.8627426218008623e-05
180	excitement	../syntropy_project/models/model1_0	../syntropy_project/models/model1_0	pride	0.7175784111022949	0.005065211560577154	0.03435622900724411	0.0004502306692302227	0.232557013630867	0.0009295843774452806	0.00011183074093423784	0.7175784111022949	0.0002159758732886985	0.0019240148831158876	0.006322511937469244	0.0004056741017848253	8.337506005773321e-05
181	neutral	../syntropy_project/models/model1_0	../syntropy_project/models/model1_0	joy	0.9037814140319824	0.001126547111198306	0.08210545033216476	0.003587821964174509	0.9037814140319824	0.00465111481025815	0.00010429697431391105	0.00238844845443964	0.0005940591217949986	4.391114998725243e-05	0.0003377437242306769	0.0011684929486364126	0.00011078726674895734
182	pride	../syntropy_project/models/model1_0	../syntropy_project/models/model1_0	joy	0.8867178559303284	0.0034402513410896063	0.07624492794275284	0.001669913763180375	0.8867178559303284	0.00620607752352953	0.0001925543911056593	0.022975565865635872	0.0006620591739192605	0.0001819236931623891	0.0010089321294799447	0.0005440556560643017	0.00015578590682707727
183	excitement	../syntropy_project/models/model1_0	../syntropy_project/models/model1_0	joy	0.9322681427001953	0.005877129267901182	0.02731463499367237	0.011365121230483055	0.9322681427001953	0.013902033679187298	0.00019345094915479422	0.006017780862748623	0.0008200944866985083	0.000217286724364385	0.0010079515632241964	0.0007201963453553617	0.000296277750749141
184	excitement	../syntropy_project/models/model1_0	../syntropy_project/models/model1_0	joy	0.9599971771240234	7.697912224102765e-05	0.03359431028366089	0.0005877740331925452	0.9599971771240234	0.003745271358639002	2.693424903554842e-05	0.0013552344171330333	0.000112900510430336	3.5848974221153185e-05	0.0001840806071413681	0.0002151902881450951	6.836056127212942e-05
185	embarrassment	../syntropy_project/models/model1_0	../syntropy_project/models/model1_0	sadness	0.3305213749408722	0.12491700053215027	0.009055422618985176	0.3305213749408722	0.017304925248026848	0.10238907486200333	0.26541951298713684	0.006103995721787214	0.01924128644168377	0.0038424921222031116	0.03917182236909866	0.019430778920650482	0.06260218471288681
186	surprise	../syntropy_project/models/model1_0	../syntropy_project/models/model1_0	joy	0.8880581259727478	0.0011003378313034773	0.04148079454898834	0.002719996962696314	0.8880581259727478	0.011482695117592812	0.00048734291340224445	0.04451100900769234	0.0034077789168804884	0.0003759119426831603	0.003184819594025612	0.002759127179160714	0.00043210931471548975
187	excitement	../syntropy_project/models/model1_0	../syntropy_project/models/model1_0	joy	0.85145503282547	0.0002145319158444181	0.12285792827606201	0.0012498819269239902	0.85145503282547	0.01698100008070469	0.00010710001515690237	0.003712976351380348	0.0011070704786106944	8.641922613605857e-05	0.0009946086211130023	0.000842197157908231	0.0003911914536729455
188	nervousness	../syntropy_project/models/model1_0	../syntropy_project/models/model1_0	joy	0.7772877812385559	0.11083678156137466	0.03820481896400452	0.03499254956841469	0.7772877812385559	0.00640361662954092	0.0018891894724220037	0.01893136091530323	0.0028473399579524994	0.0010475177550688386	0.0040068295784294605	0.002680707024410367	0.0008715220028534532
189	nervousness	../syntropy_project/models/model1_0	../syntropy_project/models/model1_0	sadness	0.5312023758888245	0.015726597979664803	0.05213778838515282	0.5312023758888245	0.06716006994247437	0.19621345400810242	0.028996260836720467	0.00451243668794632	0.06740187108516693	0.0016037914901971817	0.006378058344125748	0.014645441435277462	0.014021829701960087
190	joy	../syntropy_project/models/model1_0	../syntropy_project/models/model1_0	joy	0.8579322099685669	0.0016436816658824682	0.10363288968801498	0.010098322294652462	0.8579322099685669	0.007723234593868256	0.00014349466073326766	0.01569819450378418	0.0013661835109815001	0.00025016034487634897	0.0009852477815002203	0.0003272825269959867	0.00019915803568437696
191	pride	../syntropy_project/models/model1_0	../syntropy_project/models/model1_0	sadness	0.44358763098716736	0.2680611312389374	0.05993006005883217	0.44358763098716736	0.07367559522390366	0.04500194266438484	0.0404394268989563	0.005439744796603918	0.014251657761633396	0.0180493351072073	0.013043371960520744	0.005262570921331644	0.013257598504424095
192	neutral	../syntropy_project/models/model1_0	../syntropy_project/models/model1_0	joy	0.6446482539176941	0.005684324540197849	0.05282144248485565	0.018497342243790627	0.6446482539176941	0.2153463363647461	0.0059591494500637054	0.01887294091284275	0.007114417385309935	0.002214283449575305	0.0077596791088581085	0.014429830014705658	0.006651925388723612
193	pride	../syntropy_project/models/model1_0	../syntropy_project/models/model1_0	joy	0.5180984735488892	0.00197791145183146	0.11579765379428864	0.015425145626068115	0.5180984735488892	0.2712787091732025	0.0019521445501595736	0.03142116963863373	0.018423398956656456	0.0010716089745983481	0.00927913561463356	0.01328827440738678	0.001986333867534995
194	neutral	../syntropy_project/models/model1_0	../syntropy_project/models/model1_0	fear	0.945181131362915	0.036741308867931366	0.00045717754983343184	0.00458931690081954	0.0012377083767205477	0.0028758980333805084	0.945181131362915	0.00050725182518363	0.0017860338557511568	0.0002771273721009493	0.0020716756116598845	0.0016481787897646427	0.002627153182402253
195	neutral	../syntropy_project/models/model1_0	../syntropy_project/models/model1_0	joy	0.607522189617157	0.029293153434991837	0.013492077589035034	0.11472911387681961	0.607522189617157	0.04094841331243515	0.004037726204842329	0.04670843109488487	0.0009576767915859818	0.07778938859701157	0.0384627990424633	0.00906295608729124	0.016996076330542564
196	neutral	../syntropy_project/models/model1_0	../syntropy_project/models/model1_0	joy	0.6953160166740417	0.0008456491050310433	0.06823630630970001	0.01385850366204977	0.6953160166740417	0.18770219385623932	0.0012570039834827185	0.010602174326777458	0.010171371512115002	0.00022287842875812203	0.004373094532638788	0.006079723592847586	0.0013351438101381063
197	joy	../syntropy_project/models/model1_0	../syntropy_project/models/model1_0	joy	0.93657386302948	0.0007884601945988834	0.025436270982027054	0.01455255039036274	0.93657386302948	0.012004338204860687	0.00015767158765811473	0.008342918939888477	0.0006056693382561207	0.0005289497785270214	0.0003589042171370238	0.0004967288696207106	0.0001536208437755704
198	neutral	../syntropy_project/models/model1_0	../syntropy_project/models/model1_0	joy	0.9882653951644897	4.468920815270394e-05	0.008334091864526272	0.0003469353832770139	0.9882653951644897	0.0009322589030489326	4.153353802394122e-05	0.0013674916699528694	0.00010435627336846665	3.105744326603599e-05	0.00022251633345149457	0.0002657032455317676	4.404237915878184e-05
199	excitement	../syntropy_project/models/model1_0	../syntropy_project/models/model1_0	joy	0.9628338813781738	9.935168782249093e-05	0.03228455036878586	0.00042975018732249737	0.9628338813781738	0.0013482354115694761	2.7578342269407585e-05	0.002405483042821288	0.00014034906052984297	9.610377310309559e-05	0.00014407896378543228	0.00012065016198903322	6.999911420280114e-05
200	excitement	../syntropy_project/models/model1_0	../syntropy_project/models/model1_0	joy	0.9138474464416504	0.0007892599096521735	0.04001269489526749	0.015795083716511726	0.9138474464416504	0.023235101252794266	0.00015228253323584795	0.0033755647018551826	0.0005974225350655615	0.00011371613800292835	0.0005417157663032413	0.0014088621828705072	0.0001309405342908576
201	neutral	../syntropy_project/models/model1_0	../syntropy_project/models/model1_0	nervousness	0.9222667217254639	0.9222667217254639	0.002560628345236182	0.023015636950731277	0.001984011847525835	0.0023348196409642696	0.013775443658232689	0.001075654523447156	0.00037781285936944187	0.02470480091869831	0.004659170284867287	0.0012917150743305683	0.0019535375759005547
202	excitement	../syntropy_project/models/model1_0	../syntropy_project/models/model1_0	joy	0.9634309411048889	0.00013474884326569736	0.031347308307886124	0.0009010631474666297	0.9634309411048889	0.0012392107164487243	1.4217424904927611e-05	0.002562530105933547	0.00011619234282989055	3.37401324941311e-05	0.00010693386138882488	8.185129991034046e-05	3.140139961033128e-05
203	joy	../syntropy_project/models/model1_0	../syntropy_project/models/model1_0	joy	0.9673449993133545	0.0002211728715337813	0.016371985897421837	0.002333155833184719	0.9673449993133545	0.002939819125458598	0.00010069984273286536	0.008149364031851292	0.0010353715624660254	7.158429798437282e-05	0.0008441504323855042	0.0003676032065413892	0.00022011656255926937
204	excitement	../syntropy_project/models/model1_0	../syntropy_project/models/model1_0	excitement	0.9959316849708557	8.255253487732261e-05	0.9959316849708557	3.786634260904975e-05	0.002845342271029949	0.00033597825677134097	1.1257779988227412e-05	0.00014587774057872593	0.0005758758052252233	1.0335232218494639e-05	6.9067532422195654e-06	8.410725968133193e-06	7.98978544480633e-06
205	excitement	../syntropy_project/models/model1_0	../syntropy_project/models/model1_0	excitement	0.9914813041687012	0.00017966624000109732	0.9914813041687012	8.021435496630147e-05	0.007069244980812073	0.0004824096686206758	1.2563129530462902e-05	0.00018916890257969499	0.00045107025653123856	1.654415791563224e-05	1.2651995348278433e-05	1.076656553777866e-05	1.4457176803261973e-05
206	neutral	../syntropy_project/models/model1_0	../syntropy_project/models/model1_0	joy	0.976886510848999	0.00011539085971890017	0.012843829579651356	0.0028020949102938175	0.976886510848999	0.0014960255939513445	2.8493499485193752e-05	0.005164010915905237	0.00024174012651201338	7.509987335652113e-05	0.00017969451437238604	0.000111510613351129	5.5707812862237915e-05
207	joy	../syntropy_project/models/model1_0	../syntropy_project/models/model1_0	neutral	0.46719932556152344	0.004847971256822348	0.12799867987632751	0.012573703192174435	0.2519407272338867	0.46719932556152344	0.008642170578241348	0.0428137443959713	0.01989862322807312	0.002662019105628133	0.011525713838636875	0.04586571082472801	0.004031667951494455
208	joy	../syntropy_project/models/model1_0	../syntropy_project/models/model1_0	joy	0.9277856945991516	0.000546214752830565	0.04590306058526039	0.0032025184482336044	0.9277856945991516	0.01666921004652977	0.0001508856366854161	0.0028302015271037817	0.0008468423038721085	7.514493336202577e-05	0.0007801217143423855	0.0010097661288455129	0.00020035190391354263
209	pride	../syntropy_project/models/model1_0	../syntropy_project/models/model1_0	joy	0.9308600425720215	0.0013106591068208218	0.035302113741636276	0.0035827872343361378	0.9308600425720215	0.007153141312301159	0.00012853533553425223	0.019503561779856682	0.0003514966228976846	0.0002703413483686745	0.0009033014066517353	0.0004746638878714293	0.00015939556760713458
210	pride	../syntropy_project/models/model1_0	../syntropy_project/models/model1_0	sadness	0.3731729984283447	0.09560798853635788	0.09427764266729355	0.3731729984283447	0.061692655086517334	0.06505534052848816	0.04617768153548241	0.07094702869653702	0.13219548761844635	0.00840381532907486	0.038393862545490265	0.008130976930260658	0.005944456905126572
211	pride	../syntropy_project/models/model1_0	../syntropy_project/models/model1_0	pride	0.9966038465499878	0.00024796376237645745	0.0003344726574141532	2.4019827833399177e-05	0.0005117165273986757	6.5482163336128e-05	2.7649786716210656e-05	0.9966038465499878	9.250515722669661e-05	0.00010421842307550833	0.001944393035955727	1.4441288840316702e-05	2.9182558137108572e-05
212	pride	../syntropy_project/models/model1_0	../syntropy_project/models/model1_0	pride	0.9762385487556458	0.0013969227438792586	0.0013040878111496568	0.00041755189886316657	0.01174371037632227	0.00041776179568842053	9.359540126752108e-05	0.9762385487556458	0.00011325022205710411	0.0005551990470848978	0.007532485295087099	6.489052611868829e-05	0.00012196820171084255
213	neutral	../syntropy_project/models/model1_0	../syntropy_project/models/model1_0	neutral	0.4158022105693817	0.10161398351192474	0.0486178956925869	0.14816546440124512	0.12657372653484344	0.4158022105693817	0.051286373287439346	0.03100816160440445	0.031682711094617844	0.005569326225668192	0.010845396667718887	0.02381857857108116	0.005016307812184095
214	pride	../syntropy_project/models/model1_0	../syntropy_project/models/model1_0	pride	0.9966673851013184	0.0007339640287682414	0.0007839278550818563	0.00010380578169133514	0.00042404609848745167	5.548692570300773e-05	1.9302902728668414e-05	0.9966673851013184	0.00010354505502618849	0.00016980098735075444	0.0008941793930716813	9.617743671697099e-06	3.505077620502561e-05
215	fear	../syntropy_project/models/model1_0	../syntropy_project/models/model1_0	nervousness	0.4736875295639038	0.4736875295639038	0.0013738288544118404	0.061194755136966705	0.0025274581275880337	0.008314264938235283	0.009620079770684242	0.001870573265478015	0.013825423084199429	0.00491446815431118	0.03686796873807907	0.38075050711631775	0.005053222179412842
216	joy	../syntropy_project/models/model1_0	../syntropy_project/models/model1_0	joy	0.9638068079948425	0.0014436119236052036	0.02211875095963478	0.0015064948238432407	0.9638068079948425	0.002127252519130707	8.371646254090592e-05	0.007914744317531586	0.00014911654579918832	0.0001539567019790411	0.000405466795200482	0.00019375004922039807	9.640835196478292e-05
217	pride	../syntropy_project/models/model1_0	../syntropy_project/models/model1_0	joy	0.978186309337616	4.651651397580281e-05	0.015904277563095093	0.0010143759427592158	0.978186309337616	0.0012774011120200157	1.0784488040371798e-05	0.0032962318509817123	0.00010779547301353887	1.6573529137531295e-05	8.213373803300783e-05	3.4336171665927395e-05	2.3185362806543708e-05
218	joy	../syntropy_project/models/model1_0	../syntropy_project/models/model1_0	joy	0.9545924663543701	0.00014108553295955062	0.036323219537734985	0.0011085199657827616	0.9545924663543701	0.0011488625314086676	3.484248009044677e-05	0.006069188471883535	0.00021615905279759318	7.55354412831366e-05	0.000168727376149036	8.48844283609651e-05	3.65408013749402e-05
219	neutral	../syntropy_project/models/model1_0	../syntropy_project/models/model1_0	joy	0.9910462498664856	6.153052527224645e-05	0.006037210579961538	0.0005505546578206122	0.9910462498664856	0.0005940996925346553	1.1551544048415963e-05	0.0014746160013601184	4.7094647015910596e-05	2.4278826458612457e-05	7.668478792766109e-05	6.216143810888752e-05	1.3969865904073231e-05
220	joy	../syntropy_project/models/model1_0	../syntropy_project/models/model1_0	joy	0.6144382357597351	0.0031255660578608513	0.15973691642284393	0.03147359937429428	0.6144382357597351	0.1448768973350525	0.00203295168466866	0.018798306584358215	0.008826175704598427	0.0013033567229285836	0.008113331161439419	0.004622387699782848	0.002652256516739726
221	excitement	../syntropy_project/models/model1_0	../syntropy_project/models/model1_0	joy	0.8679868578910828	0.0015701203374192119	0.10514476895332336	0.008686447516083717	0.8679868578910828	0.008825607597827911	0.00010510095307836309	0.004842957016080618	0.0008279963512904942	0.0001562803954584524	0.001097727450542152	0.0005870340391993523	0.0001691769139142707
222	fear	../syntropy_project/models/model1_0	../syntropy_project/models/model1_0	nervousness	0.9627571702003479	0.9627571702003479	0.003962126560509205	0.008218557573854923	0.0009433415834791958	0.001271384535357356	0.017792100086808205	0.0005700765759684145	0.0005599998403340578	0.0025033887941390276	0.0005404272815212607	0.0006894963444210589	0.00019197002984583378
223	embarrassment	../syntropy_project/models/model1_0	../syntropy_project/models/model1_0	embarrassment	0.7210057377815247	0.011683309450745583	0.0012514557456597686	0.09828455746173859	0.012432572431862354	0.04223752021789551	0.008029105141758919	0.0070659625343978405	0.0013472770806401968	0.007932770065963268	0.7210057377815247	0.024175433441996574	0.06455430388450623
224	excitement	../syntropy_project/models/model1_0	../syntropy_project/models/model1_0	excitement	0.9503605961799622	0.00011162892769789323	0.9503605961799622	0.00010740460857050493	0.047890741378068924	0.0007140804082155228	9.097876500163693e-06	0.0005400521913543344	0.00017498250235803425	3.8561112887691706e-05	1.1920365977857728e-05	3.097722219536081e-05	9.987164958147332e-06
225	embarrassment	../syntropy_project/models/model1_0	../syntropy_project/models/model1_0	confusion	0.3415875732898712	0.15306086838245392	0.0019518783083185554	0.1809392124414444	0.005090922117233276	0.08960174769163132	0.06990034878253937	0.007525222841650248	0.06572560220956802	0.0015085118357092142	0.07563430815935135	0.3415875732898712	0.007473885081708431
226	excitement	../syntropy_project/models/model1_0	../syntropy_project/models/model1_0	joy	0.9327332377433777	0.0010843659983947873	0.04436676576733589	0.004280121065676212	0.9327332377433777	0.007073419634252787	0.00021226279204711318	0.007750098127871752	0.00108894903678447	0.00013051764108240604	0.0006891315570101142	0.00044872506987303495	0.00014248964725993574
227	neutral	../syntropy_project/models/model1_0	../syntropy_project/models/model1_0	joy	0.589458703994751	0.010742715559899807	0.03939046338200569	0.2676984965801239	0.589458703994751	0.07139531522989273	0.0014797537587583065	0.012744716368615627	0.002001038519665599	0.00041299022268503904	0.00225767120718956	0.00179400690831244	0.0006241347873583436
228	pride	../syntropy_project/models/model1_0	../syntropy_project/models/model1_0	neutral	0.4050470292568207	0.01811586506664753	0.07611972838640213	0.21424038708209991	0.22462287545204163	0.4050470292568207	0.004530549515038729	0.011923341080546379	0.024344461038708687	0.0031744204461574554	0.002921805251389742	0.007262035273015499	0.00769741740077734
229	excitement	../syntropy_project/models/model1_0	../syntropy_project/models/model1_0	joy	0.9636440277099609	0.000368558889022097	0.013421046547591686	0.001689553027972579	0.9636440277099609	0.002534708008170128	6.296210631262511e-05	0.016659602522850037	0.0002966215251944959	0.00012819452967960387	0.0007715699030086398	0.00032897418714128435	9.417693945579231e-05
230	neutral	../syntropy_project/models/model1_0	../syntropy_project/models/model1_0	joy	0.7456014156341553	0.002321298699826002	0.11102745682001114	0.07997714728116989	0.7456014156341553	0.026354718953371048	0.0006021111039444804	0.022922098636627197	0.006988475099205971	0.0009345653234049678	0.0017490702448412776	0.0008492143824696541	0.0006724440027028322
231	excitement	../syntropy_project/models/model1_0	../syntropy_project/models/model1_0	neutral	0.8131507039070129	0.013585466891527176	0.007675708271563053	0.08429723232984543	0.03154629096388817	0.8131507039070129	0.006027956493198872	0.006783058866858482	0.002663521096110344	0.006234179716557264	0.004566594026982784	0.0208964254707098	0.0025729509070515633
232	excitement	../syntropy_project/models/model1_0	../syntropy_project/models/model1_0	joy	0.9890967011451721	6.308580486802384e-05	0.0054401676170527935	0.0008176104165613651	0.9890967011451721	0.001758578815497458	3.2155199733097106e-05	0.00204946706071496	0.0001564578415127471	2.9722425097133964e-05	0.00017666767234914005	0.0003081785689573735	7.132031169021502e-05
233	neutral	../syntropy_project/models/model1_0	../syntropy_project/models/model1_0	joy	0.9443864822387695	0.000761423259973526	0.02459866553544998	0.0019796325359493494	0.9443864822387695	0.012472100555896759	0.00025279822875745595	0.012276800349354744	0.0009752720361575484	0.0001715460093691945	0.0009998611640185118	0.0009335890063084662	0.00019175081979483366
234	pride	../syntropy_project/models/model1_0	../syntropy_project/models/model1_0	pride	0.8630604147911072	0.00258810562081635	0.034005142748355865	0.001035258057527244	0.09118033200502396	0.0017731609987094998	0.0001620703551452607	0.8630604147911072	0.0002819261862896383	0.0017180928261950612	0.0036023519933223724	0.0004832938138861209	0.00010991169256158173
235	joy	../syntropy_project/models/model1_0	../syntropy_project/models/model1_0	joy	0.973284900188446	0.00013431762636173517	0.017819516360759735	0.0004150562745053321	0.973284900188446	0.00125677022151649	4.5514159864978865e-05	0.0061052823439240456	6.9746958615724e-05	0.0001309056970058009	0.0003968394303228706	0.0002899648097809404	5.1304443331900984e-05
236	joy	../syntropy_project/models/model1_0	../syntropy_project/models/model1_0	joy	0.3741946518421173	0.0010002931812778115	0.2931632399559021	0.03789074346423149	0.3741946518421173	0.25676867365837097	0.0017981596756726503	0.010626261122524738	0.014926380477845669	0.0001043705124175176	0.002379528246819973	0.005732022225856781	0.0014156063552945852
237	joy	../syntropy_project/models/model1_0	../syntropy_project/models/model1_0	joy	0.48998093605041504	0.0036662956699728966	0.09950095415115356	0.12024680525064468	0.48998093605041504	0.2430553138256073	0.003507408546283841	0.015523266978561878	0.010884061455726624	0.0008065509027801454	0.003699943423271179	0.007392974104732275	0.0017354711890220642
238	joy	../syntropy_project/models/model1_0	../syntropy_project/models/model1_0	joy	0.9799953699111938	0.00017713921261020005	0.007864300161600113	0.0025954267475754023	0.9799953699111938	0.003903929842635989	3.332314008730464e-05	0.004777359776198864	0.00010369990923209116	6.674446194665506e-05	0.00024047846090979874	0.00018196116434410214	6.023272726451978e-05
239	neutral	../syntropy_project/models/model1_0	../syntropy_project/models/model1_0	joy	0.9695530533790588	0.00042485829908400774	0.017092783004045486	0.0026960489340126514	0.9695530533790588	0.0023447303101420403	3.760729305213317e-05	0.0072360108606517315	0.00010034581646323204	9.750813478603959e-05	0.0002264519571326673	0.0001434218866052106	4.708867345470935e-05
240	excitement	../syntropy_project/models/model1_0	../syntropy_project/models/model1_0	joy	0.7254243493080139	0.00013913234579376876	0.2701943814754486	0.0003210441500414163	0.7254243493080139	0.0022472175769507885	3.2230018405243754e-05	0.0011266624787822366	0.00014793267473578453	4.822300616069697e-05	7.847951201256365e-05	0.00020307039085309952	3.736680082511157e-05
241	neutral	../syntropy_project/models/model1_0	../syntropy_project/models/model1_0	joy	0.9437532424926758	0.0006859131972305477	0.04171212762594223	0.002781209070235491	0.9437532424926758	0.002339265076443553	5.0646704039536417e-05	0.008025330491364002	0.00012626386887859553	8.912845805753022e-05	0.00019485833763610572	0.00019373194663785398	4.823367635253817e-05
242	excitement	../syntropy_project/models/model1_0	../syntropy_project/models/model1_0	joy	0.5477005839347839	0.007102753035724163	0.10315999388694763	0.20231574773788452	0.5477005839347839	0.10939735919237137	0.001505472231656313	0.01003570668399334	0.00639395322650671	0.0014947826275601983	0.0042789047583937645	0.0051517183892428875	0.0014630727237090468
243	neutral	../syntropy_project/models/model1_0	../syntropy_project/models/model1_0	joy	0.8829790949821472	0.005252034869045019	0.05195535346865654	0.019876062870025635	0.8829790949821472	0.01508719939738512	0.0009329504100605845	0.01884254440665245	0.0020762227941304445	0.000876980135217309	0.0009927998762577772	0.0007761525921523571	0.00035260137519799173
244	neutral	../syntropy_project/models/model1_0	../syntropy_project/models/model1_0	joy	0.9455994367599487	0.00014933256898075342	0.0403120182454586	0.0023675584234297276	0.9455994367599487	0.008583053015172482	6.807223689975217e-05	0.0009566444205120206	0.0011135603999719024	6.666013632639078e-06	0.0002824663242790848	0.00044650232302956283	0.00011473357153590769
245	joy	../syntropy_project/models/model1_0	../syntropy_project/models/model1_0	joy	0.7049888372421265	0.0037431325763463974	0.020916562527418137	0.10267075896263123	0.7049888372421265	0.088828906416893	0.003765211906284094	0.009655474685132504	0.0010700378334149718	0.005272987764328718	0.0296114981174469	0.009226515889167786	0.02025008201599121
246	excitement	../syntropy_project/models/model1_0	../syntropy_project/models/model1_0	joy	0.9382428526878357	0.00017244915943592787	0.053811393678188324	0.0006656732875853777	0.9382428526878357	0.0038845324888825417	5.750380296376534e-05	0.0021846764720976353	0.00022730445198249072	5.905690704821609e-05	0.0002340805804124102	0.00037505239015445113	8.533677464583889e-05
247	joy	../syntropy_project/models/model1_0	../syntropy_project/models/model1_0	neutral	0.7206488251686096	0.012579741887748241	0.045794807374477386	0.08209315687417984	0.07892932742834091	0.7206488251686096	0.011219576932489872	0.015408149920403957	0.02081795036792755	0.0015438995324075222	0.0019306621979922056	0.006196047179400921	0.0028378788847476244
248	joy	../syntropy_project/models/model1_0	../syntropy_project/models/model1_0	joy	0.9764731526374817	0.00011502181587275118	0.019019776955246925	0.0007127282442525029	0.9764731526374817	0.0009245744440704584	3.191692667314783e-05	0.002225144300609827	9.96927046799101e-05	3.417293191887438e-05	0.00017129899060819298	0.00015113406698219478	4.146665014559403e-05
249	joy	../syntropy_project/models/model1_0	../syntropy_project/models/model1_0	joy	0.9691472053527832	0.00012210669228807092	0.02041178196668625	0.0011393254389986396	0.9691472053527832	0.0036961769219487906	6.761674012523144e-05	0.004510791040956974	0.00018921744776889682	3.6624045606004074e-05	0.0003096687141805887	0.00028370085055939853	8.579398854635656e-05
250	neutral	../syntropy_project/models/model1_0	../syntropy_project/models/model1_0	joy	0.9636324048042297	0.00023278116714209318	0.018226860091090202	0.0015681098448112607	0.9636324048042297	0.012123123742640018	0.0001269421773031354	0.0019984268583357334	0.0003743077104445547	4.677041943068616e-05	0.0006396514945663512	0.0008960458217188716	0.0001345401833532378
251	disgust	../syntropy_project/models/model1_0	../syntropy_project/models/model1_0	sadness	0.4961487948894501	0.17409875988960266	0.001530712004750967	0.4961487948894501	0.008365118876099586	0.013891484588384628	0.013608016073703766	0.00579090416431427	0.0007254314259625971	0.2158617228269577	0.03275064751505852	0.0046120816841721535	0.03261631354689598
252	pride	../syntropy_project/models/model1_0	../syntropy_project/models/model1_0	joy	0.9589272141456604	0.0006603692308999598	0.02514176443219185	0.004080997779965401	0.9589272141456604	0.003516488242894411	8.458374213660136e-05	0.006266765296459198	0.0002591218799352646	0.00018560719036031514	0.0004516070184763521	0.00034998837509192526	7.551570161012933e-05
253	joy	../syntropy_project/models/model1_0	../syntropy_project/models/model1_0	joy	0.8659091591835022	0.006782434415072203	0.0056764911860227585	0.09708017110824585	0.8659091591835022	0.006612067110836506	0.0004486713442020118	0.012148094363510609	0.0005044653080403805	0.00038975776988081634	0.0029335315339267254	0.0011521795531734824	0.00036307182745076716
254	joy	../syntropy_project/models/model1_0	../syntropy_project/models/model1_0	joy	0.4926046133041382	0.004001873079687357	0.15393905341625214	0.06846708059310913	0.4926046133041382	0.2431134432554245	0.0017535679508000612	0.02048293687403202	0.005943391006439924	0.0014017464127391577	0.0041160620748996735	0.002233806299045682	0.0019424124620854855
255	nervousness	../syntropy_project/models/model1_0	../syntropy_project/models/model1_0	nervousness	0.8634614944458008	0.8634614944458008	0.0032188338227570057	0.08964719623327255	0.0020096839871257544	0.0025895340368151665	0.016530271619558334	0.0014910410391166806	0.0007218025857582688	0.011616620235145092	0.004608555696904659	0.0019279501866549253	0.0021770333405584097
256	joy	../syntropy_project/models/model1_0	../syntropy_project/models/model1_0	joy	0.9529838562011719	0.00042846519500017166	0.028846459463238716	0.004349542781710625	0.9529838562011719	0.010087522678077221	6.178006151458248e-05	0.0021029284689575434	0.00021814963838551193	3.40525948558934e-05	0.00025811532395891845	0.0005341637297533453	9.484020847594365e-05
257	excitement	../syntropy_project/models/model1_0	../syntropy_project/models/model1_0	joy	0.9761264324188232	6.935343117220327e-05	0.019283661618828773	0.0005653799744322896	0.9761264324188232	0.0008513068314641714	3.068472506129183e-05	0.002641813363879919	0.00011523536522872746	4.1396517190150917e-05	0.00012087934737792239	0.000131511696963571	2.231614234915469e-05
258	pride	../syntropy_project/models/model1_0	../syntropy_project/models/model1_0	sadness	0.838820219039917	0.0005639421287924051	0.008492966182529926	0.838820219039917	0.0739845335483551	0.06575044989585876	0.0017945407889783382	0.007203443441540003	0.0009719151421450078	0.00032774917781352997	0.000941932899877429	0.0006334201316349208	0.000514913466759026
259	excitement	../syntropy_project/models/model1_0	../syntropy_project/models/model1_0	pride	0.9598526358604431	0.001630520331673324	0.019423147663474083	0.0003793666255660355	0.01469449233263731	0.0006893316749483347	7.605871360283345e-05	0.9598526358604431	0.00039309103158302605	0.00044140664977021515	0.0023059286177158356	6.423779268516228e-05	4.984390761819668e-05
260	neutral	../syntropy_project/models/model1_0	../syntropy_project/models/model1_0	joy	0.4416516125202179	0.05223313346505165	0.27490943670272827	0.11842293292284012	0.4416516125202179	0.058352794498205185	0.004440830089151859	0.004043820779770613	0.0249178446829319	0.0014060945250093937	0.004423731938004494	0.013333319686353207	0.0018644732190296054
261	neutral	../syntropy_project/models/model1_0	../syntropy_project/models/model1_0	joy	0.9495999813079834	0.0002098030672641471	0.04248117282986641	0.0025310919154435396	0.9495999813079834	0.0016654882347211242	3.452945384196937e-05	0.002982773119583726	0.00011067152809118852	9.594991570338607e-05	0.0001491925067966804	9.464893082622439e-05	4.46380945504643e-05
262	excitement	../syntropy_project/models/model1_0	../syntropy_project/models/model1_0	joy	0.953476071357727	4.707488915300928e-05	0.042308345437049866	0.0006956544239073992	0.953476071357727	0.0009383533033542335	3.2688647479517385e-05	0.0015720883384346962	0.0005699865287169814	1.740090738167055e-05	0.0001475756143918261	0.00012223345402162522	7.261332211783156e-05
263	neutral	../syntropy_project/models/model1_0	../syntropy_project/models/model1_0	sadness	0.4743860065937042	0.005032460670918226	0.03816404193639755	0.4743860065937042	0.1565818041563034	0.259001761674881	0.0046130889095366	0.04641813784837723	0.006297442130744457	0.0038775813300162554	0.0016945619136095047	0.0021023980807513	0.0018307649297639728
264	excitement	../syntropy_project/models/model1_0	../syntropy_project/models/model1_0	joy	0.9821889996528625	0.00040937087032943964	0.012563706375658512	0.0008151652873493731	0.9821889996528625	0.0009685124387033284	3.582167119020596e-05	0.0022484406363219023	0.00014690330135636032	5.893251727684401e-05	0.0002174197870772332	0.00029620088753290474	5.0606002332642674e-05
265	excitement	../syntropy_project/models/model1_0	../syntropy_project/models/model1_0	joy	0.8302905559539795	0.0039013950154185295	0.062108125537633896	0.0672420859336853	0.8302905559539795	0.02088416926562786	0.0014648556243628263	0.00738539919257164	0.0012110655661672354	0.0008022476104088128	0.0016225929139181972	0.002250869059935212	0.0008365660905838013
266	neutral	../syntropy_project/models/model1_0	../syntropy_project/models/model1_0	joy	0.9807577729225159	5.794801109004766e-05	0.012720971368253231	0.0011668966617435217	0.9807577729225159	0.0036824746057391167	2.7481515644467436e-05	0.0010201934492215514	8.539742702851072e-05	2.6110101316589862e-05	0.0001876366586657241	0.00020937572116963565	5.768885603174567e-05
267	joy	../syntropy_project/models/model1_0	../syntropy_project/models/model1_0	excitement	0.9934542179107666	0.00019319467537570745	0.9934542179107666	8.043720299610868e-05	0.004871285054832697	0.0008242363692261279	1.9162533135386184e-05	0.00023006260744296014	0.0002621177991386503	1.4035153071745299e-05	1.0911820027104113e-05	2.3374474039883353e-05	1.697965490166098e-05
268	neutral	../syntropy_project/models/model1_0	../syntropy_project/models/model1_0	joy	0.9706897735595703	0.00015792409249115735	0.02213314175605774	0.0009780303807929158	0.9706897735595703	0.0037222970277071	5.9467045502969995e-05	0.001161791617050767	0.00018227222608402371	3.9582137105753645e-05	0.00024599069729447365	0.0005509861512109637	7.879471377236769e-05
269	joy	../syntropy_project/models/model1_0	../syntropy_project/models/model1_0	joy	0.560570240020752	3.371687853359617e-05	0.2689151167869568	0.0016720826970413327	0.560570240020752	0.0919361487030983	0.002184532815590501	0.0019873217679560184	0.06705430895090103	6.099203892517835e-05	0.0014121975982561707	0.0011349479900673032	0.0030383546836674213
270	neutral	../syntropy_project/models/model1_0	../syntropy_project/models/model1_0	joy	0.7631866931915283	0.04940104857087135	0.0694032609462738	0.02357502467930317	0.7631866931915283	0.0756201297044754	0.0016828810330480337	0.010421236976981163	0.0012608098331838846	0.0005301284254528582	0.0010614136699587107	0.003075012704357505	0.0007824180065654218
271	neutral	../syntropy_project/models/model1_0	../syntropy_project/models/model1_0	joy	0.7860955595970154	0.0018578633898869157	0.05926945433020592	0.007000779267400503	0.7860955595970154	0.10051161795854568	0.0007486079121008515	0.03626776859164238	0.0030307695269584656	0.0004473462176974863	0.00194209860637784	0.0025072761345654726	0.0003208338748663664
272	pride	../syntropy_project/models/model1_0	../syntropy_project/models/model1_0	excitement	0.9560528993606567	4.897778126178309e-05	0.9560528993606567	0.00011746682866942137	0.041722822934389114	0.001149894087575376	1.2020906979159918e-05	0.0001880517229437828	0.000616594625171274	7.9257488323492e-06	1.9188391888746992e-05	5.069841063232161e-05	1.338795482297428e-05
273	joy	../syntropy_project/models/model1_0	../syntropy_project/models/model1_0	joy	0.7545235753059387	0.0003697761567309499	0.10897745937108994	0.012039057910442352	0.7545235753059387	0.09411495178937912	0.0005289512337185442	0.009936041198670864	0.010382073000073433	8.595557301305234e-05	0.003983052913099527	0.0036895242519676685	0.001369692850857973
274	neutral	../syntropy_project/models/model1_0	../syntropy_project/models/model1_0	joy	0.5741170048713684	0.0011080580297857523	0.28896820545196533	0.04391573742032051	0.5741170048713684	0.023490803316235542	0.0004838214081246406	0.06005876511335373	0.004716626834124327	0.00041511940071359277	0.0018998936284333467	0.00044453173177316785	0.00038134894566610456
275	excitement	../syntropy_project/models/model1_0	../syntropy_project/models/model1_0	joy	0.7389934659004211	0.0016407020157203078	0.17269591987133026	0.015798436477780342	0.7389934659004211	0.016043880954384804	0.0009259686921723187	0.04514548182487488	0.0020281618926674128	0.0034785475581884384	0.0015392566565424204	0.0012009483762085438	0.0005093527724966407
276	neutral	../syntropy_project/models/model1_0	../syntropy_project/models/model1_0	joy	0.7024866342544556	0.0003175481397192925	0.2362726777791977	0.010718242265284061	0.7024866342544556	0.024633074179291725	0.0007850556867197156	0.01411582250148058	0.006840755697339773	0.00017458797083236277	0.0020891588646918535	0.0010981583036482334	0.00046830205246806145
277	neutral	../syntropy_project/models/model1_0	../syntropy_project/models/model1_0	joy	0.46374747157096863	0.0001312198000960052	0.2165648639202118	0.009758121334016323	0.46374747157096863	0.2772749662399292	0.0013089141575619578	0.004678206518292427	0.019868861883878708	0.00020932919869665056	0.001823263126425445	0.0028249567840248346	0.0018098561558872461
278	joy	../syntropy_project/models/model1_0	../syntropy_project/models/model1_0	excitement	0.7184364795684814	0.0003112803096882999	0.7184364795684814	0.0016096456674858928	0.24655210971832275	0.017613651230931282	0.0008962074061855674	0.0037218036595731974	0.009125888347625732	0.00014396250480785966	0.0006913600955158472	0.0005706846714019775	0.0003269861335866153
279	excitement	../syntropy_project/models/model1_0	../syntropy_project/models/model1_0	excitement	0.34255552291870117	0.0003969007811974734	0.34255552291870117	0.006383541040122509	0.306508332490921	0.21246863901615143	0.004544394090771675	0.005921535659581423	0.1071534976363182	0.0006242065574042499	0.004568389151245356	0.0032318958546966314	0.005642998963594437
280	neutral	../syntropy_project/models/model1_0	../syntropy_project/models/model1_0	joy	0.45137476921081543	0.004492110572755337	0.38955867290496826	0.02385341376066208	0.45137476921081543	0.0856303870677948	0.003428452415391803	0.01727355644106865	0.008702317252755165	0.0029753493145108223	0.006271799560636282	0.004967399872839451	0.0014718755846843123
281	pride	../syntropy_project/models/model1_0	../syntropy_project/models/model1_0	pride	0.9771336913108826	0.0007959813228808343	0.011123573407530785	0.00018966621428262442	0.007567788939923048	0.00026756993611343205	7.70791812101379e-05	0.9771336913108826	0.0003951630205847323	0.000203437521122396	0.002118387259542942	6.532535189762712e-05	6.221184594323859e-05
282	pride	../syntropy_project/models/model1_0	../syntropy_project/models/model1_0	joy	0.8408021926879883	0.001230820664204657	0.1189286857843399	0.005862496793270111	0.8408021926879883	0.015042158775031567	0.00030879105906933546	0.01182139478623867	0.0008498536190018058	0.001484071952290833	0.0014151210198178887	0.0017964191501960158	0.00045803398825228214
283	pride	../syntropy_project/models/model1_0	../syntropy_project/models/model1_0	joy	0.9176713824272156	0.0006814348744228482	0.04763619229197502	0.018878597766160965	0.9176713824272156	0.007010011933743954	0.00024722114903852344	0.004342846572399139	0.00029268808430060744	0.0014908326556906104	0.0005237985751591623	0.0008023995324037969	0.00042259416659362614
284	joy	../syntropy_project/models/model1_0	../syntropy_project/models/model1_0	joy	0.919016420841217	0.00014191382797434926	0.07336781919002533	0.0015622772043570876	0.919016420841217	0.001991516910493374	5.4916843510000035e-05	0.0030363500118255615	0.0003336624940857291	0.00012174867151770741	0.00014152229414321482	0.00017799489432945848	5.389396028476767e-05
285	joy	../syntropy_project/models/model1_0	../syntropy_project/models/model1_0	joy	0.8839761018753052	0.0006515742861665785	0.08211694657802582	0.010219749994575977	0.8839761018753052	0.008519431576132774	0.00019866596267092973	0.010627096518874168	0.0009148670942522585	0.0010916769970208406	0.0007068550912663341	0.0005037857918068767	0.00047320855082944036
286	joy	../syntropy_project/models/model1_0	../syntropy_project/models/model1_0	joy	0.9786936044692993	4.502832962316461e-05	0.01817372813820839	0.0007101357914507389	0.9786936044692993	0.000959349621552974	1.907108526211232e-05	0.0010932825971394777	0.0001009766201605089	3.518309677019715e-05	5.4939733672654256e-05	8.098901889752597e-05	3.358254616614431e-05
287	excitement	../syntropy_project/models/model1_0	../syntropy_project/models/model1_0	joy	0.6958432197570801	0.0007163705886341631	0.29007479548454285	0.0020801289938390255	0.6958432197570801	0.007783154956996441	7.407558587146923e-05	0.0026571592316031456	0.00012188134132884443	0.0002781284274533391	0.00011021630780305713	0.00019756992696784437	6.33059607935138e-05
288	joy	../syntropy_project/models/model1_0	../syntropy_project/models/model1_0	neutral	0.4512069821357727	0.0006889150245115161	0.11862437427043915	0.010846897028386593	0.4017305374145508	0.4512069821357727	0.0009463616297580302	0.0030739044304937124	0.0032758102752268314	0.0016177465440705419	0.0018746816786006093	0.005349095445126295	0.0007646745652891695
289	surprise	../syntropy_project/models/model1_0	../syntropy_project/models/model1_0	sadness	0.4382455050945282	0.017443476244807243	0.009366192854940891	0.4382455050945282	0.02520439215004444	0.22623156011104584	0.013857723213732243	0.0040557123720645905	0.028890887275338173	0.001719519728794694	0.05181989446282387	0.17190878093242645	0.011256352998316288
290	excitement	../syntropy_project/models/model1_0	../syntropy_project/models/model1_0	excitement	0.6121256351470947	0.002275932813063264	0.6121256351470947	0.010033768601715565	0.21923208236694336	0.10512853413820267	0.0008835347834974527	0.01692322827875614	0.02869223989546299	0.000379972014343366	0.0020250151865184307	0.0009964666096493602	0.0013036184245720506
291	pride	../syntropy_project/models/model1_0	../syntropy_project/models/model1_0	excitement	0.5492023825645447	0.006569139193743467	0.5492023825645447	0.007399721071124077	0.21615198254585266	0.16221457719802856	0.0020145252346992493	0.018710000440478325	0.027206307277083397	0.0005845167906954885	0.0036285114474594593	0.005221211351454258	0.0010970848379656672
292	pride	../syntropy_project/models/model1_0	../syntropy_project/models/model1_0	joy	0.9855978488922119	0.00013980922813061625	0.006107361055910587	0.0014559052651748061	0.9855978488922119	0.0016815614653751254	1.9653531126095913e-05	0.004487817641347647	8.949514449341223e-05	4.910551069770008e-05	0.00019953065202571452	0.00013253507495392114	3.932140316464938e-05
293	excitement	../syntropy_project/models/model1_0	../syntropy_project/models/model1_0	joy	0.9482841491699219	0.0010422723134979606	0.039652906358242035	0.0035813353024423122	0.9482841491699219	0.004049520939588547	5.360961222322658e-05	0.0022792157251387835	0.00031810495420359075	7.089397695381194e-05	0.00034396053524687886	0.0002673126000445336	5.6611428590258583e-05
294	joy	../syntropy_project/models/model1_0	../syntropy_project/models/model1_0	joy	0.8980050086975098	0.00013559333456214517	0.08237894624471664	0.0015493014361709356	0.8980050086975098	0.008975443430244923	0.0002309458504896611	0.004699543118476868	0.0006742873811163008	0.0006104237399995327	0.0005625635385513306	0.0018436233513057232	0.00033421500120311975
295	pride	../syntropy_project/models/model1_0	../syntropy_project/models/model1_0	pride	0.971988320350647	0.0008243495831266046	0.003589401487261057	0.00047590609756298363	0.015455995686352253	0.0003253155155107379	0.0001157198057626374	0.971988320350647	0.0004983271355740726	0.0005242798360995948	0.005945151671767235	9.747578587848693e-05	0.00015975335554685444
296	confusion	../syntropy_project/models/model1_0	../syntropy_project/models/model1_0	neutral	0.30154192447662354	0.07806806266307831	0.10050494968891144	0.15126946568489075	0.15238116681575775	0.30154192447662354	0.006940398830920458	0.008308487944304943	0.012595245614647865	0.010332592763006687	0.016798529773950577	0.15784026682376862	0.003418853273615241
297	nervousness	../syntropy_project/models/model1_0	../syntropy_project/models/model1_0	sadness	0.929060161113739	0.011011146008968353	0.001388933858834207	0.929060161113739	0.0039988611824810505	0.014413244090974331	0.006514366250485182	0.0008644309127703309	0.001884550554677844	0.0006411400972865522	0.008272442035377026	0.0029787521343678236	0.018971964716911316
298	pride	../syntropy_project/models/model1_0	../syntropy_project/models/model1_0	joy	0.9534531235694885	0.000623729603830725	0.012671497650444508	0.0025349482893943787	0.9534531235694885	0.011282684281468391	0.00018424325389787555	0.017454134300351143	0.00030466049793176353	0.0004751408414449543	0.0004369246889837086	0.00043019631993956864	0.00014882940740790218
299	excitement	../syntropy_project/models/model1_0	../syntropy_project/models/model1_0	pride	0.823406457901001	0.0021689904388040304	0.017530856654047966	0.0017538865795359015	0.14784568548202515	0.0012315474450588226	0.0001165292487712577	0.823406457901001	0.00036823548725806177	0.0006629987037740648	0.0044786445796489716	0.00023237126879394054	0.0002038111415458843
300	joy	../syntropy_project/models/model1_0	../syntropy_project/models/model1_0	sadness	0.7482895851135254	0.016347264871001244	0.03406611829996109	0.7482895851135254	0.13272707164287567	0.044220734387636185	0.0026221906300634146	0.015809016302227974	0.0030143677722662687	0.00026253610849380493	0.0014716116711497307	0.0007250565686263144	0.0004445058584678918
301	neutral	../syntropy_project/models/model1_0	../syntropy_project/models/model1_0	sadness	0.4464524984359741	0.22983962297439575	0.015375137329101562	0.4464524984359741	0.09938319027423859	0.14799067378044128	0.03618551045656204	0.007709061726927757	0.0012234863825142384	0.003562341444194317	0.002216086722910404	0.008345373906195164	0.0017170445062220097
302	nervousness	../syntropy_project/models/model1_0	../syntropy_project/models/model1_0	sadness	0.4087215065956116	0.19961017370224	0.000780006404966116	0.4087215065956116	0.009782996028661728	0.03729714825749397	0.01753119006752968	0.006896157283335924	0.00043464513146318495	0.15959234535694122	0.10135003924369812	0.020540475845336914	0.03746337816119194
303	anger	../syntropy_project/models/model1_0	../syntropy_project/models/model1_0	disgust	0.7232394218444824	0.002852845471352339	0.001569722080603242	0.007116025313735008	0.003964581526815891	0.08602488785982132	0.0018604352371767163	0.004823096562176943	0.0004999515367671847	0.08702008426189423	0.07798223197460175	0.0030468229670077562	0.7232394218444824
304	nervousness	../syntropy_project/models/model1_0	../syntropy_project/models/model1_0	neutral	0.4284193217754364	0.027367454022169113	0.2873363494873047	0.05433741211891174	0.10850384086370468	0.4284193217754364	0.004311371129006147	0.019920069724321365	0.035387422889471054	0.00772652355954051	0.005702967755496502	0.013202480040490627	0.007784699089825153
305	pride	../syntropy_project/models/model1_0	../syntropy_project/models/model1_0	excitement	0.9932591915130615	0.00013221958943177015	0.9932591915130615	0.0001165085777756758	0.005215970799326897	0.0007362277247011662	6.025033599144081e-06	9.405783202964813e-05	0.0003911961102858186	5.896593393117655e-06	6.940011189726647e-06	2.264661088702269e-05	1.3086955732433125e-05
306	sadness	../syntropy_project/models/model1_0	../syntropy_project/models/model1_0	nervousness	0.5634675621986389	0.5634675621986389	0.0014342422364279628	0.36537691950798035	0.006644330453127623	0.008726205676794052	0.03427605703473091	0.0022824665065854788	0.0009628242696635425	0.00296509126201272	0.00775244552642107	0.0019586163107305765	0.004153184127062559
307	anger	../syntropy_project/models/model1_0	../syntropy_project/models/model1_0	disgust	0.24607670307159424	0.014770072884857655	0.009627587161958218	0.08328569680452347	0.010119772516191006	0.2146136462688446	0.0908876359462738	0.01290186122059822	0.06214416027069092	0.07103295624256134	0.1490224003791809	0.03551744297146797	0.24607670307159424
308	fear	../syntropy_project/models/model1_0	../syntropy_project/models/model1_0	sadness	0.7597108483314514	0.04932674765586853	0.0035414567682892084	0.7597108483314514	0.023697644472122192	0.08876977860927582	0.018486155197024345	0.00214750855229795	0.017526818439364433	0.0014367488911375403	0.006055064965039492	0.025460898876190186	0.0038401936180889606
309	neutral	../syntropy_project/models/model1_0	../syntropy_project/models/model1_0	joy	0.6974415183067322	0.033352650701999664	0.05211089551448822	0.14451858401298523	0.6974415183067322	0.039728619158267975	0.0016517270123586059	0.005342104006558657	0.003671088954433799	0.00075751036638394	0.010474219918251038	0.007149332202970982	0.0038017502520233393
310	excitement	../syntropy_project/models/model1_0	../syntropy_project/models/model1_0	sadness	0.8860576748847961	0.01883932203054428	0.0012678949860855937	0.8860576748847961	0.010258716531097889	0.04706642031669617	0.01862994208931923	0.0023529422469437122	0.002327705267816782	0.0009303830447606742	0.005358653608709574	0.0047616418451070786	0.002148668048903346
311	pride	../syntropy_project/models/model1_0	../syntropy_project/models/model1_0	joy	0.5156846642494202	0.003007132327184081	0.10102736204862595	0.0072280243039131165	0.5156846642494202	0.05150170996785164	0.0009275519987568259	0.30048784613609314	0.00609565107151866	0.0008572500082664192	0.00862380675971508	0.0032660155557096004	0.0012930210214108229
312	excitement	../syntropy_project/models/model1_0	../syntropy_project/models/model1_0	joy	0.5818348526954651	0.0005250336835160851	0.3092859387397766	0.003333592088893056	0.5818348526954651	0.04309413209557533	0.001307480619288981	0.022650117054581642	0.030803745612502098	0.0003255408664699644	0.0030582358594983816	0.0029108456801623106	0.0008704923675395548
313	neutral	../syntropy_project/models/model1_0	../syntropy_project/models/model1_0	joy	0.5834349989891052	0.008812685497105122	0.30490729212760925	0.013052319176495075	0.5834349989891052	0.07301250845193863	0.00039836071664467454	0.00881799403578043	0.0014499181415885687	0.0002826263662427664	0.002572735073044896	0.0020451461896300316	0.0012133551063016057
314	joy	../syntropy_project/models/model1_0	../syntropy_project/models/model1_0	joy	0.9489704966545105	0.00011288166570011526	0.04389753192663193	0.0007673519430682063	0.9489704966545105	0.0022224688436836004	6.456669507315382e-05	0.0024867348838597536	0.0007303718593902886	4.9645608669379726e-05	0.00025631117750890553	0.0003349003673065454	0.00010675880184862763
315	excitement	../syntropy_project/models/model1_0	../syntropy_project/models/model1_0	joy	0.9043353199958801	0.0003898146387655288	0.07909183949232101	0.0026730368845164776	0.9043353199958801	0.005578469019383192	0.0002140169672202319	0.004305786918848753	0.0016049345722422004	0.00016366895579267293	0.0006834381492808461	0.0006776737864129245	0.0002820493537001312
316	embarrassment	../syntropy_project/models/model1_0	../syntropy_project/models/model1_0	nervousness	0.9478877782821655	0.9478877782821655	0.010585947893559933	0.02008938044309616	0.0019491430139169097	0.002428470877930522	0.00933204498142004	0.0009734076447784901	0.0007788664661347866	0.0038891416043043137	0.0007353200926445425	0.0007945335237309337	0.0005559633136726916
317	confusion	../syntropy_project/models/model1_0	../syntropy_project/models/model1_0	nervousness	0.5116601586341858	0.5116601586341858	0.003312460845336318	0.15566498041152954	0.007048073690384626	0.017098847776651382	0.2725299596786499	0.00164788868278265	0.005800004117190838	0.0013205866562202573	0.0073258220218122005	0.012405415065586567	0.004185849335044622
318	nervousness	../syntropy_project/models/model1_0	../syntropy_project/models/model1_0	joy	0.8104052543640137	0.006922425236552954	0.039600860327482224	0.07713034749031067	0.8104052543640137	0.029362112283706665	0.0017867416609078646	0.017207911238074303	0.005517973098903894	0.002172257984057069	0.003874882822856307	0.004492472391575575	0.0015268083661794662
319	excitement	../syntropy_project/models/model1_0	../syntropy_project/models/model1_0	joy	0.9221952557563782	0.0013567766873165965	0.0644567534327507	0.0021702288649976254	0.9221952557563782	0.0021377289667725563	6.282865069806576e-05	0.006166904699057341	0.0005575020331889391	0.00021950296650175005	0.0003314974601380527	0.00027596508152782917	6.914632831467316e-05
320	joy	../syntropy_project/models/model1_0	../syntropy_project/models/model1_0	excitement	0.9922405481338501	0.0005203289329074323	0.9922405481338501	0.00012041450827382505	0.005189890973269939	0.0008538293768651783	4.706550680566579e-05	0.0002728345280047506	0.0006327247247099876	3.440746877458878e-05	2.2857078874949366e-05	4.037787948618643e-05	2.4734154067118652e-05
321	surprise	../syntropy_project/models/model1_0	../syntropy_project/models/model1_0	excitement	0.6646398901939392	0.0005394244799390435	0.6646398901939392	0.0013129347935318947	0.2835265100002289	0.026530086994171143	0.0004697815456893295	0.00493468577042222	0.013963229022920132	6.459083670051768e-05	0.001139541156589985	0.0025988188572227955	0.00028053822461515665
322	confusion	../syntropy_project/models/model1_0	../syntropy_project/models/model1_0	sadness	0.5937484502792358	0.04456060379743576	0.006233591120690107	0.5937484502792358	0.03545797988772392	0.19179484248161316	0.013989006169140339	0.004020769149065018	0.006347463466227055	0.0022401262540370226	0.01003523264080286	0.08503465354442596	0.006537340581417084
323	pride	../syntropy_project/models/model1_0	../syntropy_project/models/model1_0	joy	0.8392979502677917	0.0010847977828234434	0.13166208565235138	0.0018318406073376536	0.8392979502677917	0.0020350099075585604	7.43555065128021e-05	0.022109396755695343	0.0007966564153321087	0.0003027038765139878	0.00045929814223200083	0.00022596785856876522	0.00011984021693933755
324	excitement	../syntropy_project/models/model1_0	../syntropy_project/models/model1_0	excitement	0.9839882254600525	8.131492359098047e-05	0.9839882254600525	0.000126932849525474	0.014062728732824326	0.0008896626532077789	1.139086361945374e-05	0.0002697891613934189	0.00048614945262670517	1.1394546163501218e-05	1.4898923836881295e-05	4.848340540775098e-05	8.933247954701073e-06
325	nervousness	../syntropy_project/models/model1_0	../syntropy_project/models/model1_0	nervousness	0.9710519313812256	0.9710519313812256	0.008673695847392082	0.006595963146537542	0.0008805182878859341	0.0005808814312331378	0.008007274009287357	0.0007044596713967621	0.00035777746234089136	0.002267520409077406	0.0003783159772865474	0.00028279030811972916	0.00021881576685700566
326	nervousness	../syntropy_project/models/model1_0	../syntropy_project/models/model1_0	nervousness	0.7501122355461121	0.7501122355461121	0.002286149188876152	0.03660203143954277	0.0042374818585813046	0.007162455935031176	0.17975462973117828	0.0022497070021927357	0.0011347347171977162	0.001644625561311841	0.006484935991466045	0.005591948051005602	0.0027390357572585344
327	joy	../syntropy_project/models/model1_0	../syntropy_project/models/model1_0	joy	0.9702863693237305	0.00012345936556812376	0.02025768533349037	0.0012176180025562644	0.9702863693237305	0.004129764623939991	6.257976201595739e-05	0.002870434196665883	0.00021301169181242585	3.2008709240471944e-05	0.00037336774403229356	0.00036279059713706374	7.089715654728934e-05
328	confusion	../syntropy_project/models/model1_0	../syntropy_project/models/model1_0	sadness	0.8360711932182312	0.045299626886844635	0.0044905622489750385	0.8360711932182312	0.011954264715313911	0.04818330332636833	0.02523825131356716	0.001138576539233327	0.00635466817766428	0.001961509929969907	0.005076147615909576	0.006616325117647648	0.007615550421178341
329	nervousness	../syntropy_project/models/model1_0	../syntropy_project/models/model1_0	sadness	0.5868213176727295	0.1877923607826233	0.0018739792285487056	0.5868213176727295	0.011615894734859467	0.024674609303474426	0.04973410815000534	0.008005646988749504	0.0014032524777576327	0.02595946192741394	0.06953500211238861	0.005926962476223707	0.026657413691282272
330	excitement	../syntropy_project/models/model1_0	../syntropy_project/models/model1_0	excitement	0.7047348618507385	0.0011505626607686281	0.7047348618507385	0.002615175675600767	0.27716147899627686	0.007475260179489851	7.6912714575883e-05	0.0031761510763317347	0.0028718910180032253	0.00015193379658740014	0.00023832936130929738	0.0001992041798075661	0.00014822132652625442
331	pride	../syntropy_project/models/model1_0	../syntropy_project/models/model1_0	joy	0.9068294167518616	0.0032649615313857794	0.06253869831562042	0.0020174176897853613	0.9068294167518616	0.006986509542912245	0.0001259427663171664	0.015440069139003754	0.00031574806780554354	0.0005446757422760129	0.0008401030790992081	0.0009529120870865881	0.0001435921440133825
332	neutral	../syntropy_project/models/model1_0	../syntropy_project/models/model1_0	joy	0.7879192233085632	0.013736709952354431	0.09949060529470444	0.05625008046627045	0.7879192233085632	0.018426431342959404	0.0016549673164263368	0.005072467494755983	0.010122778825461864	0.00023763373610563576	0.0020797213073819876	0.004252008628100157	0.0007572679314762354
333	excitement	../syntropy_project/models/model1_0	../syntropy_project/models/model1_0	joy	0.6603021621704102	0.016110677272081375	0.1314847320318222	0.10438618808984756	0.6603021621704102	0.04882551729679108	0.0016939585329964757	0.01744217984378338	0.008122866041958332	0.0006794754299335182	0.005067653954029083	0.004164352547377348	0.0017202881863340735
334	neutral	../syntropy_project/models/model1_0	../syntropy_project/models/model1_0	joy	0.911769449710846	0.0004500319482758641	0.0724346786737442	0.0038455696776509285	0.911769449710846	0.006115243770182133	9.256127668777481e-05	0.0034847233910113573	0.0010959042701870203	2.4486031179549173e-05	0.0002866680733859539	0.0003237547061871737	7.683603325858712e-05
335	neutral	../syntropy_project/models/model1_0	../syntropy_project/models/model1_0	joy	0.9274415969848633	0.00040663391700945795	0.056796226650476456	0.004934114404022694	0.9274415969848633	0.005640244577080011	0.00010370950622018427	0.003274737624451518	0.0005202204920351505	7.957608613651246e-05	0.00034815294202417135	0.00035333973937667906	0.00010140382801182568
336	joy	../syntropy_project/models/model1_0	../syntropy_project/models/model1_0	joy	0.8398371338844299	0.004503812175244093	0.030909115448594093	0.048173848539590836	0.8398371338844299	0.02405529096722603	0.0007864371291361749	0.01175648532807827	0.029064569622278214	0.0002411320456303656	0.0041297487914562225	0.005641226656734943	0.0009012182126753032
337	pride	../syntropy_project/models/model1_0	../syntropy_project/models/model1_0	joy	0.5321951508522034	0.06704135984182358	0.08457309752702713	0.018613526597619057	0.5321951508522034	0.04331081733107567	0.014087534509599209	0.09843391925096512	0.06376312673091888	0.002700732322409749	0.032293401658535004	0.04191721975803375	0.0010700838174670935
338	neutral	../syntropy_project/models/model1_0	../syntropy_project/models/model1_0	joy	0.8232805132865906	0.01589987240731716	0.06078263744711876	0.0056733195669949055	0.8232805132865906	0.0227801650762558	0.0017756909364834428	0.05371124669909477	0.004077601246535778	0.001759648323059082	0.004529082681983709	0.005144003313034773	0.0005862560356035829
339	neutral	../syntropy_project/models/model1_0	../syntropy_project/models/model1_0	joy	0.6100674867630005	0.0006515938439406455	0.3547922968864441	0.0031374702230095863	0.6100674867630005	0.021460918709635735	0.00021167231898289174	0.003599220421165228	0.002593600656837225	5.403420072980225e-05	0.0010386891663074493	0.002185472520068288	0.00020755543664563447
340	excitement	../syntropy_project/models/model1_0	../syntropy_project/models/model1_0	joy	0.7057257890701294	0.002555438317358494	0.2596549391746521	0.00317029538564384	0.7057257890701294	0.010554241016507149	0.00036330943112261593	0.011702153831720352	0.0045234886929392815	0.00014007053687237203	0.0007724619354121387	0.0006468252395279706	0.00019095808966085315
341	excitement	../syntropy_project/models/model1_0	../syntropy_project/models/model1_0	joy	0.6913443803787231	0.0014373107114806771	0.27660590410232544	0.005567170679569244	0.6913443803787231	0.00389101542532444	0.0002190669474657625	0.0174616277217865	0.0016691391356289387	0.00020667804346885532	0.0008106684545055032	0.0005017015500925481	0.0002853038313332945
342	pride	../syntropy_project/models/model1_0	../syntropy_project/models/model1_0	joy	0.7825250029563904	0.005464695394039154	0.1848401576280594	0.004494887311011553	0.7825250029563904	0.003788172733038664	0.00021855007798876613	0.014063237234950066	0.0009655368630774319	0.001318403403274715	0.0012985806679353118	0.0007967031560838223	0.0002259611792396754
343	excitement	../syntropy_project/models/model1_0	../syntropy_project/models/model1_0	joy	0.7370036244392395	0.0030276004690676928	0.21471264958381653	0.003980438224971294	0.7370036244392395	0.0077215880155563354	0.00017866444250103086	0.03073946200311184	0.0011983370641246438	0.0004964388208463788	0.0004678757395595312	0.0002981643774546683	0.00017524052236694843
344	joy	../syntropy_project/models/model1_0	../syntropy_project/models/model1_0	joy	0.6722313165664673	0.0003245962434448302	0.2956083416938782	0.0013082127552479506	0.6722313165664673	0.009985785000026226	0.0004522994568105787	0.005836653523147106	0.01211435254663229	0.00010671727795852348	0.0009135314030572772	0.0007139650406315923	0.0004042201617266983
345	joy	../syntropy_project/models/model1_0	../syntropy_project/models/model1_0	joy	0.9504836797714233	0.0004524012329056859	0.03299911692738533	0.0033847230952233076	0.9504836797714233	0.005780481267720461	8.22957226773724e-05	0.0055408901534974575	0.0002087691827910021	0.00012826814781874418	0.0005089674377813935	0.00034361478174105287	8.677542064106092e-05
346	neutral	../syntropy_project/models/model1_0	../syntropy_project/models/model1_0	joy	0.930824875831604	0.0007231826893985271	0.024857623502612114	0.0067320894449949265	0.930824875831604	0.02169479802250862	0.00017925669089891016	0.011263865046203136	0.0013376099523156881	0.0003521648177411407	0.0009121111361309886	0.000625741551630199	0.0004966163542121649
347	excitement	../syntropy_project/models/model1_0	../syntropy_project/models/model1_0	joy	0.8293359875679016	0.002190632978454232	0.11537912487983704	0.01593654230237007	0.8293359875679016	0.01668034866452217	0.00045577340642921627	0.015618594363331795	0.0017826067050918937	0.0009451610967516899	0.0006959281745366752	0.0007579721277579665	0.0002213625848526135
348	joy	../syntropy_project/models/model1_0	../syntropy_project/models/model1_0	joy	0.9595414996147156	0.0007332297973334789	0.010307480581104755	0.0017845407128334045	0.9595414996147156	0.001684170332737267	6.80358280078508e-05	0.023078439757227898	0.00014880968956276774	0.00045141304144635797	0.0014479048550128937	0.0005877348012290895	0.00016673652862664312
349	surprise	../syntropy_project/models/model1_0	../syntropy_project/models/model1_0	joy	0.6744905710220337	0.0005242631305009127	0.29339733719825745	0.003424315480515361	0.6744905710220337	0.010138947516679764	0.00022648715821560472	0.010221373289823532	0.006387112662196159	9.976974979508668e-05	0.0005283225909806788	0.0003603090881370008	0.00020113990467507392
350	joy	../syntropy_project/models/model1_0	../syntropy_project/models/model1_0	joy	0.48633870482444763	0.01653396151959896	0.28971484303474426	0.08995167165994644	0.48633870482444763	0.06159840151667595	0.0014173793606460094	0.0490429513156414	0.001048389240168035	0.0007935040630400181	0.0013872770359739661	0.0017951029585674405	0.0003779450780712068
351	joy	../syntropy_project/models/model1_0	../syntropy_project/models/model1_0	joy	0.9621984362602234	0.00012574631546158344	0.03193824365735054	0.0014062178088352084	0.9621984362602234	0.001841499819420278	3.4245033020852134e-05	0.0017627849010750651	6.925647176103666e-05	0.00016722730651963502	0.00017786762327887118	0.00020160751591902226	7.695828389842063e-05
352	joy	../syntropy_project/models/model1_0	../syntropy_project/models/model1_0	joy	0.9743484258651733	6.149327964521945e-05	0.01974998228251934	0.0009708432480692863	0.9743484258651733	0.00314946286380291	2.3831878934288397e-05	0.0011976133100688457	0.0001411739649483934	2.8041289624525234e-05	0.00011870785237988457	0.00017370392743032426	3.6737277696374804e-05
353	joy	../syntropy_project/models/model1_0	../syntropy_project/models/model1_0	joy	0.928417444229126	0.0026955618523061275	0.013552779331803322	0.02473032847046852	0.928417444229126	0.012012406252324581	0.00047528313007205725	0.014591267332434654	0.0004357393772806972	0.0011654453119263053	0.0008327572722919285	0.0007755259284749627	0.00031543837394565344
354	pride	../syntropy_project/models/model1_0	../syntropy_project/models/model1_0	joy	0.9174931645393372	3.0524315661750734e-05	0.07784254103899002	0.00026622979203239083	0.9174931645393372	0.0022971215657889843	2.233901250292547e-05	0.0010768943466246128	0.0004559982044156641	2.464684257574845e-05	0.0001560214295750484	0.000270185963017866	6.433779344661161e-05
355	neutral	../syntropy_project/models/model1_0	../syntropy_project/models/model1_0	joy	0.554344892501831	0.04396451264619827	0.08572578430175781	0.2087586522102356	0.554344892501831	0.06329642981290817	0.007225171197205782	0.011202801950275898	0.006170673295855522	0.0010503141675144434	0.009440246969461441	0.00597260519862175	0.0028479332104325294
356	neutral	../syntropy_project/models/model1_0	../syntropy_project/models/model1_0	joy	0.9349530339241028	0.005069355480372906	0.04709281772375107	0.0026557163801044226	0.9349530339241028	0.0032433122396469116	0.00011741441994672641	0.0053574093617498875	0.00033596399589441717	8.487503509968519e-05	0.0005439843516796827	0.0004284703463781625	0.00011761816858779639
357	sadness	../syntropy_project/models/model1_0	../syntropy_project/models/model1_0	sadness	0.9708731174468994	0.0025019783060997725	0.00032172916689887643	0.9708731174468994	0.0014705706853419542	0.005213297437876463	0.002507117111235857	0.0003540197212714702	0.0001926024997374043	0.012298867106437683	0.0010909390402957797	0.0007420073379762471	0.002433737274259329
358	fear	../syntropy_project/models/model1_0	../syntropy_project/models/model1_0	confusion	0.9474999308586121	0.009185682982206345	4.273136437404901e-05	0.01189104001969099	0.000132499189930968	0.002789729507640004	0.00046855671098455787	0.00031414866680279374	0.0013422664487734437	0.011462049558758736	0.013500998727977276	0.9474999308586121	0.0013704769080504775
359	pride	../syntropy_project/models/model1_0	../syntropy_project/models/model1_0	neutral	0.41988757252693176	0.00030892124050296843	0.16996826231479645	0.010438773781061172	0.26389050483703613	0.41988757252693176	0.003368788631632924	0.0069936891086399555	0.09426654130220413	0.0001675897219683975	0.004980107769370079	0.020012447610497475	0.0057168263010680676
360	excitement	../syntropy_project/models/model1_0	../syntropy_project/models/model1_0	joy	0.7868422269821167	0.0013013812713325024	0.09701207280158997	0.005690089892596006	0.7868422269821167	0.08389440178871155	0.0006515257991850376	0.009451191872358322	0.007272955030202866	0.0005646449862979352	0.0030583729967474937	0.0036403690464794636	0.0006207870319485664
361	excitement	../syntropy_project/models/model1_0	../syntropy_project/models/model1_0	joy	0.577129065990448	0.00038170989137142897	0.3944254517555237	0.0015350691974163055	0.577129065990448	0.011329052969813347	0.0003263963444624096	0.006835896987468004	0.0043014525435864925	0.0001295658148592338	0.001644412986934185	0.0016228931490331888	0.00033909082412719727
362	joy	../syntropy_project/models/model1_0	../syntropy_project/models/model1_0	joy	0.9705662131309509	0.00010246918827760965	0.023947259411215782	0.0011445707641541958	0.9705662131309509	0.0009479712462052703	1.6349009456462227e-05	0.0029305019415915012	0.0001306869089603424	4.211953637422994e-05	9.192754077957943e-05	5.5667609558440745e-05	2.424867489025928e-05
363	neutral	../syntropy_project/models/model1_0	../syntropy_project/models/model1_0	joy	0.9804134964942932	0.00023120874539017677	0.00839973334223032	0.0012426070170477033	0.9804134964942932	0.0006282392423599958	2.7189906177227385e-05	0.008598308078944683	7.44334829505533e-05	6.971450784476474e-05	0.00019771110964938998	8.802181400824338e-05	2.9286413337104023e-05
364	neutral	../syntropy_project/models/model1_0	../syntropy_project/models/model1_0	joy	0.9218340516090393	0.004051378928124905	0.05829647555947304	0.002612479729577899	0.9218340516090393	0.005171351600438356	0.00019412495021242648	0.0055088140070438385	0.0005188193172216415	0.00017476521315984428	0.0005766451358795166	0.0009298202348873019	0.0001312664826400578
365	excitement	../syntropy_project/models/model1_0	../syntropy_project/models/model1_0	joy	0.7413980960845947	0.0011682468466460705	0.1435364931821823	0.023880477994680405	0.7413980960845947	0.04351967200636864	0.00127946597058326	0.02997063845396042	0.00981929525732994	0.0006344073917716742	0.002318053273484111	0.0018610917031764984	0.0006139951292425394
366	excitement	../syntropy_project/models/model1_0	../syntropy_project/models/model1_0	joy	0.9303308129310608	0.0002866434515453875	0.04820168763399124	0.001491782022640109	0.9303308129310608	0.006520404946058989	0.00015371668268926442	0.007700406014919281	0.0037395537365227938	0.000172165033291094	0.0004236905660945922	0.0008178766584023833	0.00016122928354889154
367	pride	../syntropy_project/models/model1_0	../syntropy_project/models/model1_0	pride	0.8176752924919128	0.001346982317045331	0.0071130432188510895	0.00029012744198553264	0.17052848637104034	0.00027945835608989	3.795520751737058e-05	0.8176752924919128	0.00015530336531810462	0.00035939656663686037	0.0020987342577427626	6.31159491604194e-05	5.205608977121301e-05
368	neutral	../syntropy_project/models/model1_0	../syntropy_project/models/model1_0	joy	0.9751465320587158	0.0001701800210867077	0.016341131180524826	0.0014787104446440935	0.9751465320587158	0.0011979354312643409	2.024092282226775e-05	0.005136182066053152	7.050736167002469e-05	0.0001375402498524636	0.00015361967962235212	0.00010357636347180232	4.390009416965768e-05
369	neutral	../syntropy_project/models/model1_0	../syntropy_project/models/model1_0	joy	0.9251675605773926	0.0012429945636540651	0.03428855538368225	0.005708066280931234	0.9251675605773926	0.02226061001420021	0.0003757216618396342	0.0057987431064248085	0.0009344361023977399	0.0002631979004945606	0.0012482731835916638	0.002158055081963539	0.000553829362615943
370	excitement	../syntropy_project/models/model1_0	../syntropy_project/models/model1_0	joy	0.9679575562477112	0.00010595013009151444	0.026059268042445183	0.001309863175265491	0.9679575562477112	0.000994789763353765	1.9489523765514605e-05	0.0030500267166644335	0.00023272544785868376	1.8445763998897746e-05	0.00012207130203023553	8.360922947758809e-05	4.625154542736709e-05
371	sadness	../syntropy_project/models/model1_0	../syntropy_project/models/model1_0	disgust	0.5753684043884277	0.021327076479792595	0.0032154221553355455	0.07133001834154129	0.0024123461917042732	0.02371503971517086	0.01922435872256756	0.0018362466944381595	0.002002270892262459	0.25185632705688477	0.024385953322052956	0.0033264642115682364	0.5753684043884277
372	pride	../syntropy_project/models/model1_0	../syntropy_project/models/model1_0	joy	0.6445529460906982	0.031717877835035324	0.17044119536876678	0.04818979278206825	0.6445529460906982	0.05519549548625946	0.004936945624649525	0.023518139496445656	0.009785240516066551	0.002059267833828926	0.003077810164541006	0.005377259571105242	0.0011480471584945917
373	fear	../syntropy_project/models/model1_0	../syntropy_project/models/model1_0	nervousness	0.8671258687973022	0.8671258687973022	6.798069080105051e-05	0.0009794776560738683	0.00017914832278620452	0.0002977623080369085	0.11189993470907211	0.0009476706618443131	0.001093582366593182	0.0015335094649344683	0.011358993127942085	0.003655293257907033	0.0008607710478827357
374	excitement	../syntropy_project/models/model1_0	../syntropy_project/models/model1_0	joy	0.9610397815704346	0.0001509397552581504	0.030997060239315033	0.0014369009295478463	0.9610397815704346	0.0015678736381232738	1.907588739413768e-05	0.004396809730678797	0.00011718821770045906	6.0028924053767696e-05	0.00010868662502616644	7.398005982395262e-05	3.166009264532477e-05
375	neutral	../syntropy_project/models/model1_0	../syntropy_project/models/model1_0	joy	0.8725807666778564	0.010286225937306881	0.007563790772110224	0.015687694773077965	0.8725807666778564	0.06326598674058914	0.007554261479526758	0.011680546216666698	0.0012231514556333423	0.00031389351352117956	0.0039020651020109653	0.005129918921738863	0.0008116737008094788
376	pride	../syntropy_project/models/model1_0	../syntropy_project/models/model1_0	pride	0.898239016532898	0.0011308419052511454	0.0053719161078333855	0.00046683434629812837	0.09157425165176392	0.0006068089278414845	3.855776958516799e-05	0.898239016532898	5.0096434279112145e-05	0.0007601343095302582	0.001588101265951991	0.00011538349644979462	5.8023604651680216e-05
377	anger	../syntropy_project/models/model1_0	../syntropy_project/models/model1_0	sadness	0.9760401844978333	0.003829370252788067	0.00013341261364985257	0.9760401844978333	0.0006521950126625597	0.006113051902502775	0.0033225691877305508	0.00023023050744086504	0.00020081098773516715	0.0008066293084993958	0.005800739862024784	0.0007472665747627616	0.0021235188469290733
378	nervousness	../syntropy_project/models/model1_0	../syntropy_project/models/model1_0	pride	0.9873484373092651	0.0008380178478546441	0.0004923859960399568	0.00024459391715936363	0.0023705079220235348	0.0002159913128707558	5.530128692043945e-05	0.9873484373092651	8.168223575921729e-05	0.000752874300815165	0.007443880196660757	7.658422691747546e-05	7.968308636918664e-05
379	pride	../syntropy_project/models/model1_0	../syntropy_project/models/model1_0	joy	0.4524548053741455	0.1574721783399582	0.05913478881120682	0.09997761249542236	0.4524548053741455	0.09247951954603195	0.03741338476538658	0.02394895628094673	0.03770459070801735	0.002123242476955056	0.014669758267700672	0.018077343702316284	0.004543837159872055
380	pride	../syntropy_project/models/model1_0	../syntropy_project/models/model1_0	joy	0.9309909343719482	0.002362162573263049	0.008823949843645096	0.006759824231266975	0.9309909343719482	0.01338634081184864	0.0005799368373118341	0.02948603592813015	0.0007990205194801092	0.00034370081266388297	0.0035139438696205616	0.002522923517972231	0.0004312421369832009
381	pride	../syntropy_project/models/model1_0	../syntropy_project/models/model1_0	joy	0.9650081992149353	7.440885383402929e-05	0.031604208052158356	0.00040281665860675275	0.9650081992149353	0.0011897465446963906	2.2283900761976838e-05	0.0013659693067893386	0.00012664096720982343	2.1837453459738754e-05	8.688174420967698e-05	6.772205961169675e-05	2.921012492151931e-05
382	neutral	../syntropy_project/models/model1_0	../syntropy_project/models/model1_0	joy	0.9510362148284912	7.735887629678473e-05	0.04388865828514099	0.0010511514265090227	0.9510362148284912	0.0012941521126776934	1.9776551198447123e-05	0.002180964918807149	0.0001514998875791207	4.1290455556008965e-05	0.00014665440539829433	7.274695963133126e-05	3.953395935241133e-05
383	neutral	../syntropy_project/models/model1_0	../syntropy_project/models/model1_0	joy	0.9657246470451355	7.005380757618695e-05	0.030584732070565224	0.0005860718665644526	0.9657246470451355	0.0010036457097157836	1.9684932340169325e-05	0.0017106017330661416	8.874009654391557e-05	2.1214387743384577e-05	9.905982733471319e-05	6.481470336439088e-05	2.6639350835466757e-05
384	excitement	../syntropy_project/models/model1_0	../syntropy_project/models/model1_0	joy	0.9703086614608765	0.00012537199654616416	0.025248050689697266	0.0008817553170956671	0.9703086614608765	0.0013420034665614367	2.095663694490213e-05	0.001673099584877491	6.005612522130832e-05	4.542700116871856e-05	0.00014401123917195946	0.00011434404586907476	3.6234938306733966e-05
385	pride	../syntropy_project/models/model1_0	../syntropy_project/models/model1_0	excitement	0.6543998718261719	0.00038313280674628913	0.6543998718261719	0.0004181795520707965	0.34025824069976807	0.001610947074368596	5.1599490689113736e-05	0.00197970331646502	0.0004874960577581078	6.75917835906148e-05	0.00012204929953441024	0.00016880559269338846	5.2248073188820854e-05
386	pride	../syntropy_project/models/model1_0	../syntropy_project/models/model1_0	joy	0.6628513336181641	0.01549125649034977	0.29091396927833557	0.002837466076016426	0.6628513336181641	0.004940400365740061	0.00031260892865248024	0.01957567408680916	0.0010331971570849419	0.0008952650823630393	0.0004924719105474651	0.0003778802347369492	0.0002784198441077024
387	neutral	../syntropy_project/models/model1_0	../syntropy_project/models/model1_0	joy	0.4840831160545349	0.018811700865626335	0.09071887284517288	0.2044653296470642	0.4840831160545349	0.11948657035827637	0.004677249118685722	0.044794756919145584	0.008061544969677925	0.008291306905448437	0.010970864444971085	0.002826299984008074	0.0028123685624450445
388	pride	../syntropy_project/models/model1_0	../syntropy_project/models/model1_0	joy	0.3842100203037262	0.020800942555069923	0.33542951941490173	0.017473731189966202	0.3842100203037262	0.07805141806602478	0.002734157955273986	0.1393655389547348	0.011648264713585377	0.0011288948589935899	0.005137367639690638	0.0024571625981479883	0.0015629120171070099
389	excitement	../syntropy_project/models/model1_0	../syntropy_project/models/model1_0	pride	0.9311583638191223	0.0032222906593233347	0.016107628121972084	0.0002986712788697332	0.04227066412568092	0.00042963254963979125	0.0001585607824381441	0.9311583638191223	0.00039073528023436666	0.0011482902336865664	0.004385367035865784	0.0003558991593308747	7.392780389636755e-05
390	excitement	../syntropy_project/models/model1_0	../syntropy_project/models/model1_0	joy	0.6848735213279724	0.006905265152454376	0.10851119458675385	0.009746584109961987	0.6848735213279724	0.02241530455648899	0.0011033498449251056	0.138609379529953	0.006168540101498365	0.0018330177990719676	0.014604596421122551	0.003886572318151593	0.0013427024241536856
391	surprise	../syntropy_project/models/model1_0	../syntropy_project/models/model1_0	joy	0.6762467622756958	0.0024006750900298357	0.2897443473339081	0.002611748641356826	0.6762467622756958	0.006866265553981066	0.00017235887935385108	0.02009761519730091	0.00045526231406256557	0.00030163273913785815	0.0005308625404722989	0.0004904188681393862	8.203165634768084e-05
392	embarrassment	../syntropy_project/models/model1_0	../syntropy_project/models/model1_0	joy	0.34202632308006287	0.011396585963666439	0.10384421050548553	0.1693161576986313	0.34202632308006287	0.1713830679655075	0.024285132065415382	0.016417844220995903	0.05576179921627045	0.003554656868800521	0.03159300982952118	0.012104074470698833	0.05831707641482353
393	excitement	../syntropy_project/models/model1_0	../syntropy_project/models/model1_0	joy	0.9191254377365112	0.0002949082700069994	0.05311903357505798	0.0013770110672339797	0.9191254377365112	0.012829678133130074	0.00040651566814631224	0.006368354894220829	0.002939286408945918	0.00013339608267415315	0.0014877350768074393	0.0013160412199795246	0.0006026775226928294
394	sadness	../syntropy_project/models/model1_0	../syntropy_project/models/model1_0	confusion	0.9772161245346069	0.00042971677612513304	4.813283339899499e-06	0.0004767969367094338	2.4497008780599572e-05	0.0013856131117790937	0.00025306284078396857	0.00014823376841377467	0.0004739871947094798	0.011137654073536396	0.007105277385562658	0.9772161245346069	0.0013442898634821177
395	joy	../syntropy_project/models/model1_0	../syntropy_project/models/model1_0	sadness	0.6934289336204529	0.22939303517341614	0.010229701176285744	0.6934289336204529	0.016435490921139717	0.020973190665245056	0.00720715057104826	0.0021788475569337606	0.002705720951780677	0.0031957863830029964	0.005178684834390879	0.0043436381965875626	0.004729799926280975
396	nervousness	../syntropy_project/models/model1_0	../syntropy_project/models/model1_0	neutral	0.4030592143535614	0.019723614677786827	0.058003019541502	0.13615138828754425	0.31725654006004333	0.4030592143535614	0.008171391673386097	0.01710241101682186	0.01207389123737812	0.0019370387308299541	0.00390959857031703	0.016224566847085953	0.006387276574969292
397	sadness	../syntropy_project/models/model1_0	../syntropy_project/models/model1_0	sadness	0.8113774657249451	0.08718053996562958	0.0018603490898385644	0.8113774657249451	0.00636526383459568	0.031393103301525116	0.032062847167253494	0.0012949664378538728	0.00301102502271533	0.002466205507516861	0.007235765922814608	0.008745638653635979	0.007006747182458639
398	pride	../syntropy_project/models/model1_0	../syntropy_project/models/model1_0	pride	0.9012266993522644	0.0038092099130153656	0.0028008725494146347	0.0003332096675876528	0.08316297829151154	0.00022393093968275934	8.840079681249335e-05	0.9012266993522644	6.0250597016420215e-05	0.001410910626873374	0.006620686501264572	0.00019266974413767457	7.027012907201424e-05
399	nervousness	../syntropy_project/models/model1_0	../syntropy_project/models/model1_0	sadness	0.6088833808898926	0.10392031818628311	0.002013332676142454	0.6088833808898926	0.03198626637458801	0.03274355083703995	0.0354560948908329	0.009439053945243359	0.001044082804583013	0.038684189319610596	0.08522284030914307	0.014156603254377842	0.036450278013944626
400	joy	../syntropy_project/models/model1_0	../syntropy_project/models/model1_0	joy	0.8122208118438721	0.0016373656690120697	0.028401363641023636	0.003576623508706689	0.8122208118438721	0.014352096244692802	0.0004548389697447419	0.12785758078098297	0.005234213545918465	0.0002448237792123109	0.004362591542303562	0.0012058982392773032	0.00045185189810581505
401	pride	../syntropy_project/models/model1_0	../syntropy_project/models/model1_0	joy	0.9046033024787903	0.0005362044903449714	0.05831994116306305	0.0112241730093956	0.9046033024787903	0.007984872907400131	0.00014058603846933693	0.014801327139139175	0.0010019239271059632	0.00027621336630545557	0.0006585099035874009	0.0002866314316634089	0.00016629043966531754
402	joy	../syntropy_project/models/model1_0	../syntropy_project/models/model1_0	joy	0.7627387642860413	0.0003278895455878228	0.20505355298519135	0.004074260592460632	0.7627387642860413	0.0035674634855240583	8.253245323430747e-05	0.013715628534555435	0.005665814969688654	0.0002216634020442143	0.000689780805259943	0.0037123034708201885	0.00015034900570753962
403	anger	../syntropy_project/models/model1_0	../syntropy_project/models/model1_0	nervousness	0.9478276371955872	0.9478276371955872	0.00020120703266002238	0.005551574751734734	0.0004472730797715485	0.0011174374958500266	0.03685224801301956	0.0009543235064484179	0.00019462229101918638	0.002159858588129282	0.002318540820851922	0.0018127355724573135	0.0005626442725770175
404	nervousness	../syntropy_project/models/model1_0	../syntropy_project/models/model1_0	neutral	0.7124537229537964	0.011492890305817127	0.04789089784026146	0.04971450939774513	0.013419939205050468	0.7124537229537964	0.008322622627019882	0.009046726860105991	0.002775596920400858	0.04957215115427971	0.006018343847244978	0.08633048087358475	0.0029622295405715704
405	neutral	../syntropy_project/models/model1_0	../syntropy_project/models/model1_0	joy	0.4580642282962799	0.025952043011784554	0.0425511971116066	0.36634159088134766	0.4580642282962799	0.05767364799976349	0.003488031681627035	0.03674919530749321	0.0012496191775426269	0.0012046161573380232	0.0034571385476738214	0.0027082429733127356	0.0005604050820693374
406	pride	../syntropy_project/models/model1_0	../syntropy_project/models/model1_0	pride	0.9399479627609253	0.0009575444273650646	0.005984053481370211	0.00022799700673203915	0.05073314160108566	0.00033394040656276047	3.501119135762565e-05	0.9399479627609253	0.00011400693620089442	0.0003325401630718261	0.001213939511217177	7.034234295133501e-05	4.9574071454117075e-05
407	excitement	../syntropy_project/models/model1_0	../syntropy_project/models/model1_0	joy	0.8896258473396301	0.0012733376352116466	0.033920202404260635	0.0011366530088707805	0.8896258473396301	0.008530549705028534	0.00033622252522036433	0.05810347571969032	0.001876495429314673	0.00037826402694918215	0.0028855230193585157	0.0017150184139609337	0.00021847068273928016
408	nervousness	../syntropy_project/models/model1_0	../syntropy_project/models/model1_0	joy	0.973484218120575	8.01628120825626e-05	0.01794554479420185	0.0022459609899669886	0.973484218120575	0.002185027813538909	2.9932665711385198e-05	0.003272241447120905	0.0002563595771789551	0.00011155251559102908	0.00016025752120185643	0.00018396812083665282	4.4841061026090756e-05
409	excitement	../syntropy_project/models/model1_0	../syntropy_project/models/model1_0	joy	0.6952447295188904	0.0009723805706016719	0.24900580942630768	0.013088798150420189	0.6952447295188904	0.010272986255586147	0.00025696688680909574	0.017439942806959152	0.011330964975059032	0.0003695720515679568	0.0009756400249898434	0.0006285504787229002	0.0004136094357818365
410	joy	../syntropy_project/models/model1_0	../syntropy_project/models/model1_0	joy	0.5581285357475281	0.0007739030988886952	0.33351367712020874	0.004932992625981569	0.5581285357475281	0.0613228902220726	0.001264018821530044	0.01227476354688406	0.020793236792087555	0.0003626399557106197	0.001872763386927545	0.004055010620504618	0.0007056609028950334
411	joy	../syntropy_project/models/model1_0	../syntropy_project/models/model1_0	joy	0.7543999552726746	0.0009719072841107845	0.20210000872612	0.011727867648005486	0.7543999552726746	0.025078263133764267	0.00032325307256542146	0.001644781557843089	0.000927020562812686	0.00018958502914756536	0.0007165994611568749	0.0017280937172472477	0.0001926973054651171
412	joy	../syntropy_project/models/model1_0	../syntropy_project/models/model1_0	joy	0.6051807403564453	0.0017028653528541327	0.07324044406414032	0.06240299344062805	0.6051807403564453	0.15019077062606812	0.0012378287501633167	0.09495809674263	0.0034847648348659277	0.0024815727956593037	0.00191017659381032	0.0013247189344838262	0.0018849755870178342
413	neutral	../syntropy_project/models/model1_0	../syntropy_project/models/model1_0	joy	0.6574857831001282	0.0005600126460194588	0.2059481292963028	0.012843401171267033	0.6574857831001282	0.058767855167388916	0.0031338115222752094	0.012054717168211937	0.041546594351530075	0.00015482540766242892	0.0029044016264379025	0.001957614440470934	0.002642871579155326
414	neutral	../syntropy_project/models/model1_0	../syntropy_project/models/model1_0	neutral	0.5093159079551697	0.008250176906585693	0.019558453932404518	0.1476898044347763	0.11479087918996811	0.5093159079551697	0.007640954107046127	0.03314613178372383	0.0064330860041081905	0.12071369588375092	0.003632450010627508	0.0069953263737261295	0.021833134815096855
415	joy	../syntropy_project/models/model1_0	../syntropy_project/models/model1_0	sadness	0.9867134690284729	0.002026588888838887	0.0006409967900253832	0.9867134690284729	0.00621532928198576	0.0024231858551502228	0.0006261913804337382	0.0002584986505098641	0.00014725985238328576	0.00013120565563440323	0.00029993202770128846	0.0002712134155444801	0.0002460911055095494
416	joy	../syntropy_project/models/model1_0	../syntropy_project/models/model1_0	joy	0.9730539917945862	8.05865420261398e-05	0.01797889731824398	0.0012634561862796545	0.9730539917945862	0.002073530573397875	1.8290249499841593e-05	0.004932533483952284	0.00023466865241061896	3.504212145344354e-05	0.0001530191657366231	0.00012719679216388613	4.879032712779008e-05
417	pride	../syntropy_project/models/model1_0	../syntropy_project/models/model1_0	neutral	0.5465012788772583	0.0033838483504951	0.04359958693385124	0.08358369022607803	0.2638190984725952	0.5465012788772583	0.003944980911910534	0.028060372918844223	0.007776199374347925	0.008262894116342068	0.0011416268534958363	0.0025720407720655203	0.007354326546192169
418	surprise	../syntropy_project/models/model1_0	../syntropy_project/models/model1_0	neutral	0.6660041809082031	0.0012009615311399102	0.1794680804014206	0.023264536634087563	0.10841194540262222	0.6660041809082031	0.0019497564062476158	0.007280873600393534	0.005810722708702087	0.0015596668235957623	0.0007886094972491264	0.0030263301450759172	0.0012343652779236436
419	pride	../syntropy_project/models/model1_0	../syntropy_project/models/model1_0	joy	0.5849146842956543	0.0011112869251519442	0.3801460266113281	0.004018653184175491	0.5849146842956543	0.019072286784648895	0.00046626993571408093	0.007731687277555466	0.0007283047307282686	0.0003740575339179486	0.0006284504197537899	0.0006425593164749444	0.00016559760842937976
420	neutral	../syntropy_project/models/model1_0	../syntropy_project/models/model1_0	joy	0.5797358751296997	0.061965204775333405	0.27656152844429016	0.009643194265663624	0.5797358751296997	0.03353961184620857	0.0027730795554816723	0.023621637374162674	0.0033689606934785843	0.002650568727403879	0.002351655624806881	0.0028016127180308104	0.0009870035573840141
421	nervousness	../syntropy_project/models/model1_0	../syntropy_project/models/model1_0	joy	0.7125216126441956	0.001567638129927218	0.21658965945243835	0.011171264573931694	0.7125216126441956	0.044603075832128525	0.00021692087466362864	0.011239641346037388	0.0008021473768167198	0.0001807680819183588	0.0003062708710785955	0.0005698678432963789	0.0002312103024451062
422	pride	../syntropy_project/models/model1_0	../syntropy_project/models/model1_0	joy	0.9082089066505432	0.0009107504156418145	0.04938407987356186	0.02833891101181507	0.9082089066505432	0.004842426162213087	7.69681137171574e-05	0.007203518878668547	0.00025960494531318545	0.00015092147805262357	0.0003000693686772138	0.0002187830104958266	0.0001050727951223962
423	pride	../syntropy_project/models/model1_0	../syntropy_project/models/model1_0	joy	0.98450767993927	0.0001059916612575762	0.009051041677594185	0.0005112570361234248	0.98450767993927	0.0012214158196002245	4.2306048271711916e-05	0.00367741915397346	0.0001023207587422803	4.508070560405031e-05	0.0003220398211851716	0.000366741995094344	4.66746641905047e-05
424	joy	../syntropy_project/models/model1_0	../syntropy_project/models/model1_0	joy	0.8138459920883179	0.0033468485344201326	0.10748492926359177	0.03161592036485672	0.8138459920883179	0.0197625532746315	0.0005471101612783968	0.019374733790755272	0.0013374403351917863	0.0007418817258439958	0.0008897988009266555	0.0006028741481713951	0.0004498873313423246
425	pride	../syntropy_project/models/model1_0	../syntropy_project/models/model1_0	joy	0.8617181181907654	0.0009257399360649288	0.025012318044900894	0.002839996013790369	0.8617181181907654	0.024467449635267258	0.0003025812329724431	0.07824455946683884	0.0006079557933844626	0.0011923289857804775	0.0025058574974536896	0.0019202569965273142	0.0002628467627801001
426	excitement	../syntropy_project/models/model1_0	../syntropy_project/models/model1_0	pride	0.9970191717147827	0.00024367865989916027	0.000432208034908399	1.568291372677777e-05	0.0004806900687981397	2.0149363990640268e-05	2.244764800707344e-05	0.9970191717147827	8.947278547566384e-05	0.00022593748872168362	0.001380256493575871	2.1277664927765727e-05	4.90403690491803e-05
427	nervousness	../syntropy_project/models/model1_0	../syntropy_project/models/model1_0	nervousness	0.7651034593582153	0.7651034593582153	0.004994283430278301	0.14499415457248688	0.004820884671062231	0.0045286682434380054	0.04282037168741226	0.001983736641705036	0.0030566963832825422	0.005893942900002003	0.012464935891330242	0.0035960879176855087	0.0057428013533353806
428	joy	../syntropy_project/models/model1_0	../syntropy_project/models/model1_0	joy	0.978053092956543	0.0001617845264263451	0.007563808932900429	0.00365539756603539	0.978053092956543	0.00224143429659307	3.452497549005784e-05	0.007406961172819138	0.00018075670232065022	0.00011351233115419745	0.00034298308310098946	0.000172982836375013	7.26327853044495e-05
429	joy	../syntropy_project/models/model1_0	../syntropy_project/models/model1_0	joy	0.9337840676307678	0.0007994248881004751	0.045073531568050385	0.006258481647819281	0.9337840676307678	0.003948234487324953	8.465903374599293e-05	0.009042004123330116	0.00021599563478957862	0.000267413561232388	0.00020748974930029362	0.00018908502534031868	0.00012958892330061644
430	excitement	../syntropy_project/models/model1_0	../syntropy_project/models/model1_0	neutral	0.7929266095161438	0.00036087509943172336	0.07526984810829163	0.009068982675671577	0.096676766872406	0.7929266095161438	0.0013695884263142943	0.008045190013945103	0.002663237974047661	0.001151542877778411	0.000983860925771296	0.010444624349474907	0.0010388159425929189
431	neutral	../syntropy_project/models/model1_0	../syntropy_project/models/model1_0	pride	0.9977008700370789	0.0002902029955293983	0.0003806576714850962	5.485596921062097e-05	0.0006678712088614702	2.8360847863950767e-05	1.1552358955668751e-05	0.9977008700370789	2.29873439820949e-05	0.0001160671963589266	0.0007080981740728021	5.469749794428935e-06	1.3078595657134429e-05
432	pride	../syntropy_project/models/model1_0	../syntropy_project/models/model1_0	neutral	0.3779386878013611	0.003208381589502096	0.2697494626045227	0.04206296429038048	0.29468780755996704	0.3779386878013611	0.0011385553516447544	0.00650815712288022	0.0016271075000986457	0.0003475684206932783	0.0007148718577809632	0.0012652635341510177	0.0007511062431149185
433	pride	../syntropy_project/models/model1_0	../syntropy_project/models/model1_0	excitement	0.5351163148880005	0.0003660052898339927	0.5351163148880005	0.0019405785715207458	0.34093281626701355	0.06666134297847748	0.0006960495957173407	0.009426090866327286	0.03508434072136879	0.001552086090669036	0.0022599557414650917	0.001837691874243319	0.004126729443669319
434	joy	../syntropy_project/models/model1_0	../syntropy_project/models/model1_0	joy	0.9788358807563782	0.00013388253864832222	0.009108928963541985	0.0029739481396973133	0.9788358807563782	0.002823120215907693	9.107655932893977e-05	0.0043459502048790455	0.00024628598475828767	0.00019294922822155058	0.0006115760188549757	0.0004921231302432716	0.00014422468666452914
435	disgust	../syntropy_project/models/model1_0	../syntropy_project/models/model1_0	disgust	0.5952785611152649	0.01126021333038807	0.001297250622883439	0.18060319125652313	0.0017222120659425855	0.00819929875433445	0.1492418497800827	0.0007491100113838911	0.0028064020443707705	0.008959044702351093	0.03802184388041496	0.0018611032282933593	0.5952785611152649
436	nervousness	../syntropy_project/models/model1_0	../syntropy_project/models/model1_0	joy	0.9551947116851807	0.0003381087153684348	0.021354831755161285	0.00466154795140028	0.9551947116851807	0.01264503039419651	0.0001232948707183823	0.00352501031011343	0.0005444129928946495	0.00016647308075334877	0.0005645144265145063	0.0006464666803367436	0.00023559993132948875
437	neutral	../syntropy_project/models/model1_0	../syntropy_project/models/model1_0	joy	0.693581223487854	0.04945915937423706	0.0754886344075203	0.07237942516803741	0.693581223487854	0.06482300162315369	0.007074863184243441	0.01927383430302143	0.007406548131257296	0.0016472493298351765	0.003536633914336562	0.003647870384156704	0.0016815053531900048
438	excitement	../syntropy_project/models/model1_0	../syntropy_project/models/model1_0	pride	0.8926194906234741	0.001536872354336083	0.00955166295170784	0.0002816096239257604	0.09131338447332382	0.0006078859441913664	0.00013475411105901003	0.8926194906234741	0.0002098104596370831	0.0008292939746752381	0.0025791542138904333	0.00023318022431340069	0.00010301927977707237
439	excitement	../syntropy_project/models/model1_0	../syntropy_project/models/model1_0	joy	0.6276400089263916	0.0005328706465661526	0.22400490939617157	0.008330369368195534	0.6276400089263916	0.11791956424713135	0.0006790320039726794	0.008455261588096619	0.006761568132787943	0.0010263799922540784	0.001487533561885357	0.001389943528920412	0.0017724635545164347
440	disgust	../syntropy_project/models/model1_0	../syntropy_project/models/model1_0	sadness	0.653019368648529	0.019477475434541702	0.00033061407157219946	0.653019368648529	0.002187644364312291	0.007420175708830357	0.02441139705479145	0.001960089663043618	0.0003944617637898773	0.11973746865987778	0.12491238862276077	0.0038769119419157505	0.042272113263607025
441	pride	../syntropy_project/models/model1_0	../syntropy_project/models/model1_0	joy	0.8443940281867981	0.005412016995251179	0.027528366073966026	0.025451771914958954	0.8443940281867981	0.0574161559343338	0.0005457033985294402	0.02544170618057251	0.000530959980096668	0.003631805768236518	0.006566912401467562	0.0018340755486860871	0.00124651612713933
442	surprise	../syntropy_project/models/model1_0	../syntropy_project/models/model1_0	joy	0.47255802154541016	0.0002037880040006712	0.4018389582633972	0.004206661134958267	0.47255802154541016	0.10185466706752777	0.0007522391388192773	0.008089963346719742	0.006758785806596279	0.0002092898648697883	0.0015641869977116585	0.0008682261104695499	0.0010951395379379392
443	joy	../syntropy_project/models/model1_0	../syntropy_project/models/model1_0	joy	0.8559169769287109	0.0006602952489629388	0.11149729788303375	0.003421669825911522	0.8559169769287109	0.012242940254509449	0.0003516290453262627	0.010004454292356968	0.0011151087237522006	0.0006842200527898967	0.001600247691385448	0.0020944462157785892	0.0004106912238057703
444	excitement	../syntropy_project/models/model1_0	../syntropy_project/models/model1_0	pride	0.9152223467826843	0.002442535711452365	0.00951084028929472	0.0009626806131564081	0.06277435272932053	0.0003637065237853676	0.00014334681327454746	0.9152223467826843	0.0013907755492255092	0.001022828626446426	0.005743800662457943	0.0003295730275567621	9.314154885942116e-05
445	neutral	../syntropy_project/models/model1_0	../syntropy_project/models/model1_0	excitement	0.6682947278022766	0.0017542788991704583	0.6682947278022766	0.007533831987529993	0.2569785416126251	0.05181256681680679	0.0003454136021900922	0.006581755820661783	0.005053212400525808	0.0002367316628806293	0.0006612571887671947	0.0005099396221339703	0.00023783052165526897
446	excitement	../syntropy_project/models/model1_0	../syntropy_project/models/model1_0	joy	0.5272836685180664	0.001871797489002347	0.09338326007127762	0.06557856500148773	0.5272836685180664	0.2778831124305725	0.004005135502666235	0.00799281895160675	0.009812288917601109	0.00045189415686763823	0.004671244882047176	0.004926429130136967	0.0021398034878075123
447	neutral	../syntropy_project/models/model1_0	../syntropy_project/models/model1_0	sadness	0.5291095972061157	0.3003571331501007	0.031704992055892944	0.5291095972061157	0.028293577954173088	0.05624181777238846	0.02689281851053238	0.003651384264230728	0.012324973940849304	0.001590168452821672	0.004046399611979723	0.0032868271227926016	0.0025003671180456877
448	joy	../syntropy_project/models/model1_0	../syntropy_project/models/model1_0	joy	0.6206744313240051	0.024482663720846176	0.16404785215854645	0.09666363149881363	0.6206744313240051	0.0569852776825428	0.002677972661331296	0.010778740979731083	0.01191165205091238	0.0010702022118493915	0.004298188723623753	0.005093777552247047	0.0013156032655388117
449	joy	../syntropy_project/models/model1_0	../syntropy_project/models/model1_0	joy	0.645376443862915	0.0012650053249672055	0.24855905771255493	0.011176316067576408	0.645376443862915	0.0740814208984375	0.0002281007618876174	0.01286111306399107	0.0024642471689730883	0.0006040939479134977	0.001512862858362496	0.0013769046636298299	0.0004944363608956337
450	joy	../syntropy_project/models/model1_0	../syntropy_project/models/model1_0	joy	0.9285043478012085	0.00028425606433302164	0.03673330694437027	0.008788413368165493	0.9285043478012085	0.008707036264240742	0.00014543836005032063	0.015150885097682476	0.000460140552604571	0.0002558444975875318	0.0005058764363639057	0.00030456113745458424	0.00015994177374523133
451	neutral	../syntropy_project/models/model1_0	../syntropy_project/models/model1_0	joy	0.9717976450920105	8.967711619334295e-05	0.02156064845621586	0.0006244694232009351	0.9717976450920105	0.003353652311488986	7.789633673382923e-05	0.0012938269646838307	0.0003467060159891844	3.7215409975033253e-05	0.0003180897911079228	0.0003920919552911073	0.00010798346193041652
452	joy	../syntropy_project/models/model1_0	../syntropy_project/models/model1_0	joy	0.6269500255584717	0.005733930505812168	0.14499646425247192	0.02114555798470974	0.6269500255584717	0.0964512825012207	0.005783591419458389	0.040450967848300934	0.04375823214650154	0.0010400381870567799	0.006034122314304113	0.0036813842598348856	0.003974426072090864
453	joy	../syntropy_project/models/model1_0	../syntropy_project/models/model1_0	joy	0.8804102540016174	0.0010603534756228328	0.09071525931358337	0.004342946223914623	0.8804102540016174	0.013590488582849503	0.00029748782981187105	0.005090676713734865	0.001415280275978148	0.0002167111961171031	0.0011687080841511488	0.0011105018202215433	0.0005813840543851256
454	anger	../syntropy_project/models/model1_0	../syntropy_project/models/model1_0	nervousness	0.5448980927467346	0.5448980927467346	0.0015169724356383085	0.1249009221792221	0.0021821279078722	0.014936591498553753	0.2943486273288727	0.0008587187621742487	0.0016671322518959641	0.002349530579522252	0.0036317468620836735	0.00646224757656455	0.0022471854463219643
455	disgust	../syntropy_project/models/model1_0	../syntropy_project/models/model1_0	disgust	0.7604233026504517	0.0010789179941639304	0.0025099690537899733	0.07306697219610214	0.0034759906120598316	0.05848358944058418	0.005142301321029663	0.001632271334528923	0.0014127411413937807	0.06805197894573212	0.021990487352013588	0.0027316350024193525	0.7604233026504517
456	surprise	../syntropy_project/models/model1_0	../syntropy_project/models/model1_0	excitement	0.7377450466156006	0.0010034701554104686	0.7377450466156006	0.002722425851970911	0.1967446506023407	0.05162617191672325	0.0003629319544415921	0.004534437786787748	0.003470710711553693	0.00020122469868510962	0.0006091069080866873	0.000661143334582448	0.00031862049945630133
457	excitement	../syntropy_project/models/model1_0	../syntropy_project/models/model1_0	joy	0.39295798540115356	0.006042463704943657	0.33217522501945496	0.030407141894102097	0.39295798540115356	0.13736659288406372	0.0027178821619600058	0.04370411857962608	0.040000248700380325	0.0008383922977373004	0.006679859012365341	0.00406806543469429	0.003042002208530903
458	sadness	../syntropy_project/models/model1_0	../syntropy_project/models/model1_0	neutral	0.5250937342643738	0.009516923688352108	0.006232019048184156	0.15923446416854858	0.011434689164161682	0.5250937342643738	0.09142941236495972	0.008050458505749702	0.010008242912590504	0.043050192296504974	0.03293523192405701	0.030653031542897224	0.07236168533563614
459	joy	../syntropy_project/models/model1_0	../syntropy_project/models/model1_0	joy	0.7479573488235474	0.004062614403665066	0.14675816893577576	0.04282306507229805	0.7479573488235474	0.04265434294939041	0.0002842888643499464	0.012633181177079678	0.0004534647159744054	0.0007320381700992584	0.0005544188315980136	0.0008684773929417133	0.00021857800311408937
460	excitement	../syntropy_project/models/model1_0	../syntropy_project/models/model1_0	joy	0.9678295254707336	0.00037679667002521455	0.025547577068209648	0.000730567320715636	0.9678295254707336	0.0014641685411334038	2.4799770471872762e-05	0.003549363696947694	0.00012632444850169122	6.372762436512858e-05	0.0001303285825997591	0.0001233592047356069	3.351014674990438e-05
461	surprise	../syntropy_project/models/model1_0	../syntropy_project/models/model1_0	joy	0.6127535700798035	8.930049807531759e-05	0.30330511927604675	0.001383788650855422	0.6127535700798035	0.045546796172857285	0.0012415936216711998	0.004071665462106466	0.027025749906897545	6.661396764684469e-05	0.0016524455277249217	0.0012593305436894298	0.001604040851816535
462	joy	../syntropy_project/models/model1_0	../syntropy_project/models/model1_0	joy	0.8972256779670715	0.0002580380532890558	0.06000162661075592	0.0035579856485128403	0.8972256779670715	0.027535032480955124	0.00025957051548175514	0.0068056173622608185	0.002371762879192829	0.00012111763498978689	0.0005551392096094787	0.000953701208345592	0.00035474009928293526
463	joy	../syntropy_project/models/model1_0	../syntropy_project/models/model1_0	joy	0.9692476391792297	0.0002862924011424184	0.02191201038658619	0.001264507882297039	0.9692476391792297	0.001277706935070455	2.8208631192683242e-05	0.00541191641241312	7.906479004304856e-05	6.832699727965519e-05	0.00023142053396441042	0.00016236740339081734	3.054245462408289e-05
464	pride	../syntropy_project/models/model1_0	../syntropy_project/models/model1_0	joy	0.9711544513702393	0.000354134535882622	0.017224954441189766	0.003864241996780038	0.9711544513702393	0.0038078187499195337	5.9078200138174e-05	0.0027721405494958162	0.00014028456644155085	6.537190347444266e-05	0.0002271089906571433	0.00028269863105379045	4.7593919589417055e-05
465	excitement	../syntropy_project/models/model1_0	../syntropy_project/models/model1_0	fear	0.9566659927368164	0.012464146129786968	0.00013924861559644341	0.009284614585340023	0.0009311441681347787	0.010022856295108795	0.9566659927368164	0.0004782065807376057	0.0007490153657272458	0.00037870058440603316	0.0027188013773411512	0.004288145340979099	0.001879083109088242
466	surprise	../syntropy_project/models/model1_0	../syntropy_project/models/model1_0	sadness	0.4684733748435974	0.027339937165379524	0.026122568175196648	0.4684733748435974	0.20935507118701935	0.14996971189975739	0.00734269293025136	0.006079051177948713	0.03756853938102722	0.00048512822831980884	0.011367766186594963	0.05171514302492142	0.004181035794317722
467	surprise	../syntropy_project/models/model1_0	../syntropy_project/models/model1_0	joy	0.9157208800315857	0.0001819953613448888	0.06268943101167679	0.004113371949642897	0.9157208800315857	0.013314018957316875	9.44305575103499e-05	0.0019573718309402466	0.0006270103622227907	4.9719375965651125e-05	0.000499629124533385	0.0006511490792036057	0.00010104655666509643
468	joy	../syntropy_project/models/model1_0	../syntropy_project/models/model1_0	joy	0.8789708614349365	0.0003708860313054174	0.10610387474298477	0.002092181472107768	0.8789708614349365	0.007249345071613789	6.967887748032808e-05	0.004003170877695084	0.00033289616112597287	9.913836402120069e-05	0.00030397993396036327	0.00029649538919329643	0.00010753487731562927
469	joy	../syntropy_project/models/model1_0	../syntropy_project/models/model1_0	joy	0.9582661390304565	4.462873039301485e-05	0.03258521109819412	0.0009926678612828255	0.9582661390304565	0.006312579847872257	3.022306555067189e-05	0.0011706664226949215	0.0002281838678754866	1.1629426808212884e-05	0.00011466203432064503	0.00020444675465114415	3.9026712329359725e-05
470	surprise	../syntropy_project/models/model1_0	../syntropy_project/models/model1_0	sadness	0.40284648537635803	0.017378810793161392	0.007462524808943272	0.40284648537635803	0.04479634761810303	0.25867220759391785	0.009774057194590569	0.012479500845074654	0.02303485758602619	0.004310871474444866	0.061756815761327744	0.14179913699626923	0.0156883392482996
471	neutral	../syntropy_project/models/model1_0	../syntropy_project/models/model1_0	joy	0.5584769248962402	0.03216222673654556	0.19653570652008057	0.0392746739089489	0.5584769248962402	0.1162642315030098	0.006364366039633751	0.01745069958269596	0.015646860003471375	0.0019988261628896	0.004940186161547899	0.008549395017325878	0.0023358752951025963
472	joy	../syntropy_project/models/model1_0	../syntropy_project/models/model1_0	joy	0.7938184142112732	0.0076919980347156525	0.12830840051174164	0.020438462495803833	0.7938184142112732	0.033775269985198975	0.0008311668643727899	0.0071180141530931	0.0037920221220701933	0.0002789577702060342	0.001558012911118567	0.0017310817493125796	0.0006582477362826467
473	embarrassment	../syntropy_project/models/model1_0	../syntropy_project/models/model1_0	fear	0.5587650537490845	0.15481111407279968	0.0013207580195739865	0.1291448473930359	0.002481299452483654	0.011034772731363773	0.5587650537490845	0.0021140421740710735	0.004007181618362665	0.004000674933195114	0.0669265016913414	0.005706318654119968	0.05968746170401573
474	joy	../syntropy_project/models/model1_0	../syntropy_project/models/model1_0	joy	0.9737589359283447	0.00015777131193317473	0.014573035761713982	0.0015402882127091289	0.9737589359283447	0.003597089322283864	7.927688420750201e-05	0.0055269524455070496	0.000162302385433577	0.00014061445835977793	0.000152086591697298	0.00023016048362478614	8.147179323714226e-05
475	joy	../syntropy_project/models/model1_0	../syntropy_project/models/model1_0	excitement	0.687252402305603	5.284515646053478e-05	0.687252402305603	0.0005125299212522805	0.2759551703929901	0.02980184368789196	0.00010431468399474397	0.001528760651126504	0.0033574476838111877	2.791165024973452e-05	0.0004402375197969377	0.0007541480590589345	0.0002124521415680647
476	joy	../syntropy_project/models/model1_0	../syntropy_project/models/model1_0	joy	0.831693172454834	0.0013608884764835238	0.14857952296733856	0.004526739940047264	0.831693172454834	0.008511769585311413	0.00010114537872141227	0.003377092769369483	0.0005240821628831327	0.00024846653104759753	0.0005683210329152644	0.00035617538378573954	0.00015267383423633873
477	excitement	../syntropy_project/models/model1_0	../syntropy_project/models/model1_0	joy	0.9612670540809631	0.00042973770177923143	0.01902397908270359	0.0037114149890840054	0.9612670540809631	0.008019932545721531	0.0002762049261946231	0.00448068231344223	0.0004921538638882339	0.00012461280857678503	0.0007608334417454898	0.0011233339319005609	0.00029014822212047875
478	excitement	../syntropy_project/models/model1_0	../syntropy_project/models/model1_0	joy	0.9340127110481262	0.00118201260920614	0.05227042734622955	0.0027014666702598333	0.9340127110481262	0.0033838110975921154	7.541925879195333e-05	0.005234633106738329	0.00038826692616567016	0.00013329167268238962	0.00038786703953519464	0.0001653883227845654	6.469860090874135e-05
479	neutral	../syntropy_project/models/model1_0	../syntropy_project/models/model1_0	joy	0.9447134137153625	0.0005710736731998622	0.017446745187044144	0.0014284326462075114	0.9447134137153625	0.014086485840380192	0.00034161447547376156	0.018073225393891335	0.0006890352815389633	0.00020666168711613864	0.0011589685454964638	0.0010792461689561605	0.00020507219596765935
480	pride	../syntropy_project/models/model1_0	../syntropy_project/models/model1_0	joy	0.9046763777732849	0.0008003246039152145	0.024964576587080956	0.007347578648477793	0.9046763777732849	0.0470246747136116	0.0003243016835767776	0.01160379871726036	0.00038274365942925215	0.0004619747633114457	0.0006127558881416917	0.0013597228098660707	0.0004411870031617582
481	joy	../syntropy_project/models/model1_0	../syntropy_project/models/model1_0	joy	0.9750010967254639	0.0001980149099836126	0.012077928520739079	0.000900204642675817	0.9750010967254639	0.005370604805648327	8.395007898798212e-05	0.004918561317026615	0.0004003563954029232	6.447095074690878e-05	0.0004474494489841163	0.0004793585685547441	5.8136323787039146e-05
482	pride	../syntropy_project/models/model1_0	../syntropy_project/models/model1_0	pride	0.9905233979225159	0.0005184679175727069	0.00120452418923378	0.000432093656854704	0.003236837452277541	0.0001174540666397661	3.491978714009747e-05	0.9905233979225159	4.738744246424176e-05	0.0001664934097789228	0.003627094905823469	5.443935515359044e-05	3.685325282276608e-05
483	neutral	../syntropy_project/models/model1_0	../syntropy_project/models/model1_0	joy	0.9776426553726196	0.0002915614459197968	0.01708010584115982	0.0007210763869807124	0.9776426553726196	0.0015546970535069704	3.4392636734992266e-05	0.0020770980045199394	0.00012893101666122675	2.657616641954519e-05	0.00018697732593864202	0.0002279726613778621	2.792839950416237e-05
484	pride	../syntropy_project/models/model1_0	../syntropy_project/models/model1_0	joy	0.8457391858100891	0.0007379126036539674	0.00998203456401825	0.012440003454685211	0.8457391858100891	0.006055119913071394	0.0001809452223824337	0.11833243817090988	0.0021906362380832434	0.00013808146468363702	0.002960012760013342	0.0007556613418273628	0.0004879696061834693
485	surprise	../syntropy_project/models/model1_0	../syntropy_project/models/model1_0	joy	0.5002951622009277	0.00045132284867577255	0.3028934895992279	0.01180154737085104	0.5002951622009277	0.15792354941368103	0.00044344269554130733	0.006014866288751364	0.007874390110373497	0.0007845710497349501	0.005454497877508402	0.0021191267296671867	0.003943995106965303
486	pride	../syntropy_project/models/model1_0	../syntropy_project/models/model1_0	joy	0.9799755215644836	6.404975283658132e-05	0.012526067905128002	0.001233003451488912	0.9799755215644836	0.004250883124768734	3.834771632682532e-05	0.0011230581440031528	0.0001600377436261624	4.972174792783335e-05	0.0001619215909158811	0.00037201642408035696	4.534039180725813e-05
487	pride	../syntropy_project/models/model1_0	../syntropy_project/models/model1_0	joy	0.47616374492645264	0.05181713402271271	0.01663466915488243	0.3569662272930145	0.47616374492645264	0.05201335996389389	0.003314914647489786	0.0171784870326519	0.0019774013198912144	0.0010167589643970132	0.008369220420718193	0.011939999647438526	0.0026081257965415716
488	nervousness	../syntropy_project/models/model1_0	../syntropy_project/models/model1_0	nervousness	0.9840784668922424	0.9840784668922424	7.000826008152217e-05	0.00018794038624037057	7.68841928220354e-05	3.680186637211591e-05	0.011447138153016567	0.000442243879660964	0.00016982624947559088	0.00045957701513543725	0.002451908541843295	0.0003966850636061281	0.0001824351929826662
489	neutral	../syntropy_project/models/model1_0	../syntropy_project/models/model1_0	joy	0.5017993450164795	0.02022922970354557	0.14536747336387634	0.0686594769358635	0.5017993450164795	0.16029712557792664	0.01278640702366829	0.009350026026368141	0.059985339641571045	0.0005635279230773449	0.006361112929880619	0.008893576450645924	0.005707312375307083
490	nervousness	../syntropy_project/models/model1_0	../syntropy_project/models/model1_0	sadness	0.7290568947792053	0.0681007131934166	0.006009540054947138	0.7290568947792053	0.014226521365344524	0.09216251224279404	0.024415576830506325	0.002954031340777874	0.011984400451183319	0.0017726682126522064	0.010489828884601593	0.0350784957408905	0.0037487715017050505
491	pride	../syntropy_project/models/model1_0	../syntropy_project/models/model1_0	joy	0.699992835521698	0.003972944337874651	0.025432851165533066	0.1174832284450531	0.699992835521698	0.008905178867280483	0.0010576416971161962	0.1259792447090149	0.002436626236885786	0.004422846250236034	0.0069389957934618	0.0021667173132300377	0.001210905029438436
492	joy	../syntropy_project/models/model1_0	../syntropy_project/models/model1_0	joy	0.9697040915489197	2.451110049150884e-05	0.02357674576342106	0.000586420763283968	0.9697040915489197	0.0033203724306076765	3.066407225560397e-05	0.001976568019017577	0.00021333960467018187	2.3480464733438566e-05	0.00019811993115581572	0.0002985155151691288	4.708898995886557e-05
493	joy	../syntropy_project/models/model1_0	../syntropy_project/models/model1_0	joy	0.9817799925804138	5.167942072148435e-05	0.012011202983558178	0.0006667800480499864	0.9817799925804138	0.003151495475322008	4.30931722803507e-05	0.0013665296137332916	0.00026038920623250306	2.7639111067401245e-05	0.00028264280990697443	0.0003039889270439744	5.454193887999281e-05
494	joy	../syntropy_project/models/model1_0	../syntropy_project/models/model1_0	joy	0.9814243912696838	3.191041469108313e-05	0.014097325503826141	0.00045652728294953704	0.9814243912696838	0.001676761545240879	3.317335358588025e-05	0.001531823305413127	0.0002205902273999527	2.167096499761101e-05	0.00020876618509646505	0.00025241205003112555	4.468179395189509e-05
495	joy	../syntropy_project/models/model1_0	../syntropy_project/models/model1_0	joy	0.8971105813980103	0.00028102879878133535	0.09215594828128815	0.0009344129357486963	0.8971105813980103	0.004949669353663921	6.676998600596562e-05	0.002906275913119316	0.0006639709463343024	6.239389767870307e-05	0.0004052397271152586	0.0003495248965919018	0.00011419125803513452
496	joy	../syntropy_project/models/model1_0	../syntropy_project/models/model1_0	joy	0.9582711458206177	0.0005267986562103033	0.01664292812347412	0.004586030729115009	0.9582711458206177	0.0015862121945247054	5.0754282710840926e-05	0.017416449263691902	0.00030109702493064106	5.52699166291859e-05	0.0003996937593910843	8.79343060660176e-05	7.56396766519174e-05
497	joy	../syntropy_project/models/model1_0	../syntropy_project/models/model1_0	joy	0.5878317952156067	0.00014147843467071652	0.09062524139881134	0.008375711739063263	0.5878317952156067	0.27360981702804565	0.0005748755065724254	0.030591368675231934	0.001700583496131003	0.0012018511770293117	0.002100914716720581	0.0014315692242234945	0.001814795657992363
498	disgust	../syntropy_project/models/model1_0	../syntropy_project/models/model1_0	sadness	0.9473240375518799	0.016116978600621223	0.0008042063564062119	0.9473240375518799	0.005258173681795597	0.010669529438018799	0.002743446035310626	0.0007085271645337343	0.0008477845112793148	0.000548299984075129	0.009258009493350983	0.0037497906014323235	0.0019712557550519705
499	joy	../syntropy_project/models/model1_0	../syntropy_project/models/model1_0	excitement	0.43650782108306885	0.0001283790188608691	0.43650782108306885	0.002033911645412445	0.31953364610671997	0.14349810779094696	0.0006993846036493778	0.005010658875107765	0.08838149905204773	8.490150503348559e-05	0.0014498800737783313	0.001416853629052639	0.0012549335369840264
500	pride	../syntropy_project/models/model1_0	../syntropy_project/models/model1_0	neutral	0.31241777539253235	0.001783751300536096	0.10962790995836258	0.23498223721981049	0.2921902537345886	0.31241777539253235	0.0020332320127636194	0.02212178334593773	0.013935471884906292	0.0006917198770679533	0.004378192126750946	0.002538470784202218	0.003299219300970435
501	joy	../syntropy_project/models/model1_0	../syntropy_project/models/model1_0	joy	0.9013572335243225	0.001945825875736773	0.0744631215929985	0.007491475436836481	0.9013572335243225	0.004811512306332588	0.0001157778751803562	0.007930951192975044	0.0006553854909725487	0.00012138197780586779	0.0005780533538199961	0.0003951515245717019	0.00013420225877780467
502	pride	../syntropy_project/models/model1_0	../syntropy_project/models/model1_0	excitement	0.5807618498802185	0.0016984521644189954	0.5807618498802185	0.0026695430278778076	0.20519335567951202	0.15152046084403992	0.0006560874753631651	0.042211487889289856	0.011648686602711678	0.00033304508542642	0.0012160855112597346	0.0017667931970208883	0.00032412854488939047
503	neutral	../syntropy_project/models/model1_0	../syntropy_project/models/model1_0	joy	0.7808616757392883	0.00031847163336351514	0.04904663562774658	0.02492334693670273	0.7808616757392883	0.11648553609848022	0.0015384993748739362	0.009334527887403965	0.010910739190876484	0.00026355357840657234	0.0023639677092432976	0.0029142885468900204	0.001038677291944623
504	pride	../syntropy_project/models/model1_0	../syntropy_project/models/model1_0	neutral	0.33788132667541504	0.11669423431158066	0.03718592971563339	0.23034879565238953	0.1359965205192566	0.33788132667541504	0.012259034439921379	0.03669451177120209	0.023813173174858093	0.0035265686456114054	0.015369735658168793	0.041791267693042755	0.008438844233751297
505	pride	../syntropy_project/models/model1_0	../syntropy_project/models/model1_0	pride	0.962626039981842	0.011293686926364899	0.00043353441287763417	0.0004500634968280792	0.008573003113269806	0.00035068384022451937	0.0017840617801994085	0.962626039981842	0.0002964818268083036	0.0015408046310767531	0.011958273127675056	0.00027141315513290465	0.0004219592665322125
506	neutral	../syntropy_project/models/model1_0	../syntropy_project/models/model1_0	excitement	0.9885504841804504	0.00010174141789320856	0.9885504841804504	9.171352576231584e-05	0.009263060986995697	0.0014609673526138067	1.2527320905064698e-05	0.00014040744281373918	0.0002628755755722523	2.9596074455184862e-05	1.6299953131238e-05	5.862929538125172e-05	1.1558937330846675e-05
507	fear	../syntropy_project/models/model1_0	../syntropy_project/models/model1_0	sadness	0.9744738340377808	0.0017088063759729266	0.00012974016135558486	0.9744738340377808	0.0013701783027499914	0.003822534577921033	0.0013328278437256813	0.0004004871880169958	0.00025586620904505253	0.0005525120650418103	0.0097356541082263	0.0012313289334997535	0.004986207466572523
508	sadness	../syntropy_project/models/model1_0	../syntropy_project/models/model1_0	joy	0.7552229166030884	0.01627511903643608	0.040477603673934937	0.12921740114688873	0.7552229166030884	0.02484748139977455	0.0032040823716670275	0.009551589377224445	0.0019095682073384523	0.001366205746307969	0.00911881122738123	0.004649041686207056	0.004160135053098202
509	pride	../syntropy_project/models/model1_0	../syntropy_project/models/model1_0	joy	0.5950196385383606	0.08680865168571472	0.06808370351791382	0.08194553852081299	0.5950196385383606	0.11480505019426346	0.006354677025228739	0.036068350076675415	0.0018400779226794839	0.002018644707277417	0.0022719695698469877	0.0032460105139762163	0.0015377323143184185
510	surprise	../syntropy_project/models/model1_0	../syntropy_project/models/model1_0	joy	0.9204040765762329	9.777912055142224e-05	0.06712996959686279	0.001536256866529584	0.9204040765762329	0.007983662188053131	3.3592761610634625e-05	0.001847685780376196	0.0003624935052357614	4.523185998550616e-05	0.0003083128831349313	0.0001684832968749106	8.233568223658949e-05
511	nervousness	../syntropy_project/models/model1_0	../syntropy_project/models/model1_0	nervousness	0.5322266817092896	0.5322266817092896	0.0022914675064384937	0.13972800970077515	0.004952415358275175	0.035562895238399506	0.02961094118654728	0.002494066720828414	0.0006390956696122885	0.12088748812675476	0.026911770924925804	0.009647959843277931	0.0950472503900528
512	anger	../syntropy_project/models/model1_0	../syntropy_project/models/model1_0	sadness	0.6200383901596069	0.14865700900554657	0.015763625502586365	0.6200383901596069	0.1278999298810959	0.03324655815958977	0.010558257810771465	0.012215247377753258	0.0027397670783102512	0.010405456647276878	0.011168207041919231	0.0034143910743296146	0.0038931681774556637
513	pride	../syntropy_project/models/model1_0	../syntropy_project/models/model1_0	joy	0.49050524830818176	0.0037007250357419252	0.04586423933506012	0.05157546326518059	0.49050524830818176	0.28879988193511963	0.0017638796707615256	0.10491934418678284	0.0033180031459778547	0.0027197750750929117	0.002654037903994322	0.002546733245253563	0.001632652711123228
514	neutral	../syntropy_project/models/model1_0	../syntropy_project/models/model1_0	joy	0.5428381562232971	0.02803703397512436	0.2674671411514282	0.03976196423172951	0.5428381562232971	0.020950477570295334	0.016808224841952324	0.01505028735846281	0.057576801627874374	0.00136225123424083	0.004542035050690174	0.0036535593681037426	0.0019520570058375597
515	pride	../syntropy_project/models/model1_0	../syntropy_project/models/model1_0	joy	0.9837997555732727	5.6005803344305605e-05	0.013906908221542835	0.00041417984175495803	0.9837997555732727	0.0005868145963177085	6.225941433513071e-06	0.0010866087395697832	3.1873460102360696e-05	2.3552656784886494e-05	4.248722325428389e-05	3.2857267797226086e-05	1.2709861948678736e-05
516	excitement	../syntropy_project/models/model1_0	../syntropy_project/models/model1_0	neutral	0.9360020756721497	0.0009904276812449098	0.0010583793045952916	0.006565763149410486	0.0017356615280732512	0.9360020756721497	0.00299738603644073	0.0011170720681548119	0.006856411229819059	0.002682068618014455	0.002283066278323531	0.036658938974142075	0.0010527826379984617
517	joy	../syntropy_project/models/model1_0	../syntropy_project/models/model1_0	disgust	0.7075520753860474	0.005819953978061676	0.0011880106758326292	0.026536788791418076	0.0018969516968354583	0.07754874974489212	0.043120309710502625	0.0018602815689519048	0.003216332755982876	0.08493192493915558	0.02993292547762394	0.016395704820752144	0.7075520753860474
518	pride	../syntropy_project/models/model1_0	../syntropy_project/models/model1_0	joy	0.9578799605369568	0.0005041344556957483	0.011478928849101067	0.0033033343497663736	0.9578799605369568	0.017246076837182045	0.0002695973089430481	0.007227806840091944	0.00024286362167913467	0.0003393782826606184	0.000448395439889282	0.0007803459884598851	0.00027910625794902444
519	joy	../syntropy_project/models/model1_0	../syntropy_project/models/model1_0	neutral	0.7295376062393188	0.000699048163369298	0.10198868066072464	0.013952193781733513	0.13123254477977753	0.7295376062393188	0.0030245024245232344	0.00452239066362381	0.005469979718327522	0.0006559454486705363	0.0006588943651877344	0.005254820454865694	0.0030034505762159824
520	neutral	../syntropy_project/models/model1_0	../syntropy_project/models/model1_0	sadness	0.5873656868934631	0.006891518831253052	0.0043546538800001144	0.5873656868934631	0.023590166121721268	0.3449772894382477	0.011095867492258549	0.004596072714775801	0.0012841875432059169	0.008346503600478172	0.0014290682738646865	0.004122074227780104	0.0019468329846858978
521	neutral	../syntropy_project/models/model1_0	../syntropy_project/models/model1_0	joy	0.95891273021698	0.0012672288576141	0.003160709049552679	0.01604863442480564	0.95891273021698	0.004566245712339878	0.00023071009491104633	0.01347088348120451	0.0003850983048323542	0.00017474786727689207	0.0011649969965219498	0.0004255734384059906	0.00019248371245339513
522	pride	../syntropy_project/models/model1_0	../syntropy_project/models/model1_0	joy	0.8778374791145325	0.0005391765735112131	0.07627882063388824	0.010308871977031231	0.8778374791145325	0.009021831676363945	0.00020466581918299198	0.02145908586680889	0.0005783470114693046	0.0018584445351734757	0.0007292440277524292	0.0009507235372439027	0.00023326183145400137
523	neutral	../syntropy_project/models/model1_0	../syntropy_project/models/model1_0	excitement	0.6913601160049438	0.0002587897179182619	0.6913601160049438	0.0003284669655840844	0.3049372136592865	0.0012417244724929333	1.765643355611246e-05	0.0011171045480296016	0.0004995226627215743	4.715104660135694e-05	5.811453956994228e-05	0.00010283837036695331	3.124686918454245e-05
524	nervousness	../syntropy_project/models/model1_0	../syntropy_project/models/model1_0	nervousness	0.9650593996047974	0.9650593996047974	0.0017235083505511284	0.015231238678097725	0.000929906265810132	0.0012704124674201012	0.010897001251578331	0.0005165261682122946	0.0002537699765525758	0.0017722845077514648	0.0011204718612134457	0.0008113537332974374	0.0004141043755225837
525	nervousness	../syntropy_project/models/model1_0	../syntropy_project/models/model1_0	sadness	0.8568964600563049	0.06893662363290787	0.0022105311509221792	0.8568964600563049	0.006958097219467163	0.017554622143507004	0.03402971848845482	0.0005366508266888559	0.0014058840461075306	0.0013135509798303246	0.0034385588951408863	0.002454733708873391	0.004264730028808117
526	excitement	../syntropy_project/models/model1_0	../syntropy_project/models/model1_0	joy	0.6547179222106934	0.026295827701687813	0.2878910303115845	0.006055599078536034	0.6547179222106934	0.010016420856118202	0.0005435842322185636	0.010551820509135723	0.0013843424385413527	0.0009283113176934421	0.0006573710707016289	0.0006692251190543175	0.00028852102695964277
527	nervousness	../syntropy_project/models/model1_0	../syntropy_project/models/model1_0	sadness	0.8584516048431396	0.051731694489717484	0.0014359523775056005	0.8584516048431396	0.007227000780403614	0.02410660870373249	0.0059542469680309296	0.0017051908653229475	0.00043967700912617147	0.01645771786570549	0.014875108376145363	0.004177757538855076	0.013437311165034771
528	neutral	../syntropy_project/models/model1_0	../syntropy_project/models/model1_0	joy	0.9518459439277649	0.00021416580420918763	0.027417611330747604	0.0016791770467534661	0.9518459439277649	0.010613873600959778	0.00010833147825906053	0.006653788033872843	0.0001063869203790091	0.00017181813018396497	0.00043375426321290433	0.000651370151899755	0.00010378885781392455
529	surprise	../syntropy_project/models/model1_0	../syntropy_project/models/model1_0	neutral	0.5624858140945435	0.00805553887039423	0.03715984895825386	0.24069060385227203	0.10411442071199417	0.5624858140945435	0.006782395765185356	0.01414277870208025	0.008202892728149891	0.00919068232178688	0.0012182985665276647	0.0040896194986999035	0.003866947954520583
530	neutral	../syntropy_project/models/model1_0	../syntropy_project/models/model1_0	joy	0.9716410636901855	0.00038586166920140386	0.014443605206906796	0.004525736439973116	0.9716410636901855	0.0030810274183750153	3.761611878871918e-05	0.005276073701679707	9.475820843363181e-05	0.00015786326548550278	0.00011332704161759466	0.0001763643231242895	6.661600491497666e-05
531	joy	../syntropy_project/models/model1_0	../syntropy_project/models/model1_0	joy	0.9797565937042236	3.405051393201575e-05	0.012684605084359646	0.0008288547396659851	0.9797565937042236	0.00341894943267107	3.0135772249195725e-05	0.002396087860688567	0.0002712118730414659	4.2927422327920794e-05	0.0002631005481816828	0.00020404062524903566	6.949446105863899e-05
532	joy	../syntropy_project/models/model1_0	../syntropy_project/models/model1_0	joy	0.9695008993148804	0.0005731092533096671	0.021544283255934715	0.002195540815591812	0.9695008993148804	0.0022327841725200415	5.8784942666534334e-05	0.002393188653513789	0.0005169741343706846	9.110235259868205e-05	0.00039314915193244815	0.00038493290776386857	0.0001152581098722294
533	excitement	../syntropy_project/models/model1_0	../syntropy_project/models/model1_0	disgust	0.46222984790802	0.03129398822784424	0.0017152989748865366	0.1383260041475296	0.00914299301803112	0.027825893834233284	0.046888310462236404	0.004982501734048128	0.0006398256518878043	0.18136370182037354	0.08740866929292679	0.008183007128536701	0.46222984790802
534	surprise	../syntropy_project/models/model1_0	../syntropy_project/models/model1_0	excitement	0.9819487929344177	0.0002299184852745384	0.9819487929344177	0.00029531243490055203	0.013791591860353947	0.002173446351662278	6.135853618616238e-05	0.0008297761669382453	0.000511973281390965	3.618272967287339e-05	3.391472637304105e-05	7.17746079317294e-05	1.5969570085871965e-05
535	pride	../syntropy_project/models/model1_0	../syntropy_project/models/model1_0	excitement	0.9214124083518982	0.0008279166067950428	0.9214124083518982	0.0012725332053378224	0.050215743482112885	0.013879514299333096	0.00030380833777599037	0.0017607351765036583	0.007079752627760172	0.00026728020748123527	0.0003692350583150983	0.0024287544656544924	0.00018230752903036773
536	excitement	../syntropy_project/models/model1_0	../syntropy_project/models/model1_0	excitement	0.9832748770713806	0.00036811523023061454	0.9832748770713806	0.0003967620723415166	0.013781914487481117	0.0009810407646000385	3.463508983259089e-05	0.00043925491627305746	0.0006150981062091887	2.432770634186454e-05	3.98592310375534e-05	2.9386179448920302e-05	1.4657896826975048e-05
537	neutral	../syntropy_project/models/model1_0	../syntropy_project/models/model1_0	sadness	0.5133896470069885	0.12311434745788574	0.022900287061929703	0.5133896470069885	0.17459113895893097	0.10048478096723557	0.01654057763516903	0.01423292700201273	0.009708117693662643	0.0018691467121243477	0.013284587301313877	0.00608291057869792	0.0038015958853065968
538	excitement	../syntropy_project/models/model1_0	../syntropy_project/models/model1_0	sadness	0.5411508679389954	0.20034509897232056	0.026036588475108147	0.5411508679389954	0.11409319192171097	0.03308680281043053	0.015750380232930183	0.008104956708848476	0.014033816754817963	0.00520643126219511	0.02031051553785801	0.01202054787427187	0.009860745631158352
539	excitement	../syntropy_project/models/model1_0	../syntropy_project/models/model1_0	excitement	0.3537076711654663	0.0007203248096629977	0.3537076711654663	0.049977805465459824	0.21515722572803497	0.28849348425865173	0.006039608735591173	0.0034518393222242594	0.07361775636672974	0.0003677603090181947	0.0025405390188097954	0.0030348708387464285	0.002891062293201685
540	nervousness	../syntropy_project/models/model1_0	../syntropy_project/models/model1_0	fear	0.4118994176387787	0.1522238850593567	0.004083448089659214	0.33615487813949585	0.005925396922975779	0.02666434273123741	0.4118994176387787	0.001609829138033092	0.011068737134337425	0.0046179043129086494	0.012620706111192703	0.009500134736299515	0.023631293326616287
541	excitement	../syntropy_project/models/model1_0	../syntropy_project/models/model1_0	excitement	0.9744772911071777	0.0004537080239970237	0.9744772911071777	0.00015416812675539404	0.014348099939525127	0.002289579249918461	5.412703103502281e-05	0.0007574431365355849	0.007071294821798801	3.5661840229295194e-05	0.00010408016532892361	0.00018490034563001245	6.967807712499052e-05
542	neutral	../syntropy_project/models/model1_0	../syntropy_project/models/model1_0	neutral	0.7711269855499268	0.004803053569048643	0.014405500143766403	0.04684501513838768	0.044501710683107376	0.7711269855499268	0.002378741977736354	0.00457417219877243	0.01560173463076353	0.0008791598374955356	0.008442421443760395	0.07995318621397018	0.006488425191491842
543	pride	../syntropy_project/models/model1_0	../syntropy_project/models/model1_0	excitement	0.38206160068511963	0.00017088974709622562	0.38206160068511963	0.002114944625645876	0.14019903540611267	0.33107832074165344	0.002638459438458085	0.003546863328665495	0.12617860734462738	0.0002749175182543695	0.0015002982690930367	0.004792413674294949	0.005443650297820568
544	pride	../syntropy_project/models/model1_0	../syntropy_project/models/model1_0	joy	0.9500730037689209	0.0002510338672436774	0.02832118049263954	0.0014942018315196037	0.9500730037689209	0.008515032939612865	0.00012169028195785359	0.007413668092340231	0.00048074484220705926	0.0002795988693833351	0.0009512359392829239	0.0019084039377048612	0.00019011677068192512
545	neutral	../syntropy_project/models/model1_0	../syntropy_project/models/model1_0	joy	0.9401362538337708	0.0005366549594327807	0.03824089840054512	0.00435838894918561	0.9401362538337708	0.012412735261023045	0.00019092168076895177	0.0016855859430506825	0.0005782162770628929	3.854280657833442e-05	0.0005006797146052122	0.0011778429616242647	0.00014334435400087386
546	surprise	../syntropy_project/models/model1_0	../syntropy_project/models/model1_0	neutral	0.6092528700828552	0.004947816953063011	0.016177883371710777	0.19677385687828064	0.13639968633651733	0.6092528700828552	0.004421462770551443	0.015010818839073181	0.0018048653146252036	0.004110258538275957	0.00250193546526134	0.005572179332375526	0.0030264065135270357
547	pride	../syntropy_project/models/model1_0	../syntropy_project/models/model1_0	pride	0.9652580618858337	0.00220196763984859	0.0031172356102615595	0.0006853757076896727	0.024812031537294388	0.00042682408820837736	6.191129796206951e-05	0.9652580618858337	0.00011744723451556638	0.0008024481358006597	0.002389931818470359	5.7142671721521765e-05	6.954345008125529e-05
548	neutral	../syntropy_project/models/model1_0	../syntropy_project/models/model1_0	joy	0.39408013224601746	0.01429400872439146	0.3216855227947235	0.07060743868350983	0.39408013224601746	0.15759935975074768	0.002136354334652424	0.017163224518299103	0.009996872395277023	0.001343941199593246	0.004864501766860485	0.003042329801246524	0.003186264308169484
549	embarrassment	../syntropy_project/models/model1_0	../syntropy_project/models/model1_0	embarrassment	0.9888434410095215	0.0010622815461829305	7.967703822941985e-06	0.0030917960684746504	0.00038764203782193363	0.00030034963856451213	0.0007881406345404685	0.001711815013550222	8.451834582956508e-05	0.00022423011250793934	0.9888434410095215	0.0003858703130390495	0.0031119186896830797
550	sadness	../syntropy_project/models/model1_0	../syntropy_project/models/model1_0	anger	0.7673296928405762	0.012822387740015984	0.0014440215891227126	0.14957506954669952	0.0016014378052204847	0.02861013635993004	0.0016491928836330771	0.0009680978255346417	0.002024241955950856	0.7673296928405762	0.003600016701966524	0.004819877911359072	0.025555923581123352
551	excitement	../syntropy_project/models/model1_0	../syntropy_project/models/model1_0	sadness	0.5241488814353943	0.11216676980257034	0.009826944209635258	0.5241488814353943	0.02152322791516781	0.0692882239818573	0.11747070401906967	0.004695582669228315	0.003941720351576805	0.014067650772631168	0.020488446578383446	0.015158530324697495	0.08722326904535294
552	surprise	../syntropy_project/models/model1_0	../syntropy_project/models/model1_0	excitement	0.9490988850593567	0.002550306264311075	0.9490988850593567	0.0014246200444176793	0.030952773988246918	0.006645271088927984	0.00022661982802674174	0.004238546825945377	0.0015907508786767721	0.0012858634581789374	0.000696530390996486	0.0008738486212678254	0.00041595197399146855
553	joy	../syntropy_project/models/model1_0	../syntropy_project/models/model1_0	excitement	0.5085641145706177	0.00015505282499361783	0.5085641145706177	0.001188502530567348	0.35055193305015564	0.031060557812452316	0.0011509001487866044	0.0059900744818151	0.09659488499164581	0.00020728759409394115	0.0013141360832378268	0.0010719080455601215	0.002150722313672304
554	excitement	../syntropy_project/models/model1_0	../syntropy_project/models/model1_0	joy	0.6107963919639587	0.00616026297211647	0.054819490760564804	0.01196200866252184	0.6107963919639587	0.0015375928487628698	0.00011679537419695407	0.30885109305381775	0.0002762934600468725	0.0030102613382041454	0.002049598842859268	0.0002830279991030693	0.0001371579128317535
555	excitement	../syntropy_project/models/model1_0	../syntropy_project/models/model1_0	joy	0.5668132305145264	0.0008355244062840939	0.37888118624687195	0.004225295037031174	0.5668132305145264	0.031352486461400986	0.0005912123597227037	0.01060455571860075	0.0027550794184207916	0.0008584993192926049	0.0011378703638911247	0.0013541699154302478	0.0005909186438657343
556	joy	../syntropy_project/models/model1_0	../syntropy_project/models/model1_0	joy	0.798500120639801	0.002800985937938094	0.01482998114079237	0.08659210801124573	0.798500120639801	0.02319173887372017	0.00036274874582886696	0.06961119174957275	0.00020167963521089405	0.0019011605763807893	0.0010770438238978386	0.0005584811442531645	0.00037279812386259437
557	joy	../syntropy_project/models/model1_0	../syntropy_project/models/model1_0	confusion	0.9953287839889526	5.117260297993198e-05	5.93271033721976e-06	0.00020067546574864537	2.1234063751762733e-05	0.0015458199195563793	4.52001258963719e-05	4.427175736054778e-05	0.0014535211957991123	0.00011222883040318266	0.0011012910399585962	0.9953287839889526	8.986624015960842e-05
558	neutral	../syntropy_project/models/model1_0	../syntropy_project/models/model1_0	joy	0.9762162566184998	0.00032899712095968425	0.01679440587759018	0.0014501040568575263	0.9762162566184998	0.0013920096680521965	2.6269099180353805e-05	0.0033054756931960583	4.3698677473003045e-05	0.00010779948206618428	0.00016601078095845878	0.00013315865362528712	3.5791959817288443e-05
559	fear	../syntropy_project/models/model1_0	../syntropy_project/models/model1_0	neutral	0.9217172861099243	0.00231043784879148	0.004625963978469372	0.01824168488383293	0.003468485549092293	0.9217172861099243	0.0011391531443223357	0.0020374818705022335	0.0015832084463909268	0.008116315118968487	0.002082742052152753	0.030235182493925095	0.004442022182047367
560	neutral	../syntropy_project/models/model1_0	../syntropy_project/models/model1_0	joy	0.8246980905532837	0.007145446725189686	0.05444876849651337	0.03932430222630501	0.8246980905532837	0.05716262385249138	0.0005174584803171456	0.012622271664440632	0.0008087896276265383	0.0006982849445194006	0.0008892971090972424	0.0009902194142341614	0.0006944119813852012
561	joy	../syntropy_project/models/model1_0	../syntropy_project/models/model1_0	joy	0.8546821475028992	0.004273857921361923	0.0058168331161141396	0.11140791326761246	0.8546821475028992	0.008534838445484638	0.00041499428334645927	0.01232925895601511	0.0001364177296636626	0.0011385515099391341	0.0005769865238107741	0.00046557499445043504	0.00022262352285906672
562	neutral	../syntropy_project/models/model1_0	../syntropy_project/models/model1_0	joy	0.8834109306335449	0.01249133050441742	0.022305728867650032	0.03517865389585495	0.8834109306335449	0.017424896359443665	0.001106107491068542	0.02401670254766941	0.0009694670443423092	0.000764921132940799	0.0011474346974864602	0.0008861772948876023	0.0002975755196530372
563	neutral	../syntropy_project/models/model1_0	../syntropy_project/models/model1_0	joy	0.8992277979850769	0.00022785941837355494	0.08503101021051407	0.0035744481720030308	0.8992277979850769	0.0065576969645917416	0.00011184321192558855	0.0038198577240109444	0.0007151429308578372	6.273537292145193e-05	0.0003069354861509055	0.0002562816080171615	0.00010843194468179718
564	joy	../syntropy_project/models/model1_0	../syntropy_project/models/model1_0	joy	0.9839065074920654	0.00010694732191041112	0.011669980362057686	0.0008239923045039177	0.9839065074920654	0.0011199484579265118	1.3314715943124611e-05	0.002040126360952854	8.902576519176364e-05	2.5634186386014335e-05	9.640926873544231e-05	7.901745266281068e-05	2.911559204221703e-05
565	neutral	../syntropy_project/models/model1_0	../syntropy_project/models/model1_0	nervousness	0.3042294979095459	0.3042294979095459	0.023357950150966644	0.24431677162647247	0.23865941166877747	0.09306500107049942	0.008286761119961739	0.026304224506020546	0.0035711328964680433	0.006244497839361429	0.02358880639076233	0.00888095237314701	0.01949511095881462
566	joy	../syntropy_project/models/model1_0	../syntropy_project/models/model1_0	joy	0.5708291530609131	0.00016425126523245126	0.12346066534519196	0.0055456035770475864	0.5708291530609131	0.24288995563983917	0.003122384427115321	0.011031531728804111	0.021551968529820442	0.00020354385196696967	0.0091744065284729	0.008552825078368187	0.003473631339147687
567	excitement	../syntropy_project/models/model1_0	../syntropy_project/models/model1_0	joy	0.4192527234554291	0.015474624000489712	0.29769814014434814	0.07217679172754288	0.4192527234554291	0.12339139729738235	0.001167023554444313	0.05909598618745804	0.006772681139409542	0.0016458979807794094	0.0010378183797001839	0.0013680688571184874	0.000918845587875694
568	fear	../syntropy_project/models/model1_0	../syntropy_project/models/model1_0	anger	0.4772985875606537	0.25138625502586365	0.002722614211961627	0.0997743010520935	0.003170035080984235	0.014963165856897831	0.05628654360771179	0.00207517365925014	0.0008508413447998464	0.4772985875606537	0.012052131816744804	0.0032265863846987486	0.07619373500347137
569	joy	../syntropy_project/models/model1_0	../syntropy_project/models/model1_0	neutral	0.4530278146266937	0.04735681414604187	0.12737685441970825	0.18586134910583496	0.07732962816953659	0.4530278146266937	0.02057838626205921	0.011208053678274155	0.0330367311835289	0.007611527573317289	0.013204897753894329	0.00981258787214756	0.013595291413366795
570	pride	../syntropy_project/models/model1_0	../syntropy_project/models/model1_0	neutral	0.5700119137763977	0.02008798159658909	0.021377699449658394	0.2721957564353943	0.0732279047369957	0.5700119137763977	0.012121656909584999	0.007370514329522848	0.008828490972518921	0.0016932025318965316	0.004185456316918135	0.005194867495447397	0.0037045953795313835
571	excitement	../syntropy_project/models/model1_0	../syntropy_project/models/model1_0	joy	0.9042878746986389	0.003916068933904171	0.06497190147638321	0.0046810247004032135	0.9042878746986389	0.0033305890392512083	0.0001103128379327245	0.01684632897377014	0.00034592836163938046	0.0008019791566766798	0.00040407292544841766	0.00016980925283860415	0.0001342075120192021
572	excitement	../syntropy_project/models/model1_0	../syntropy_project/models/model1_0	joy	0.7552990913391113	0.0029801756609231234	0.1800592541694641	0.012496769428253174	0.7552990913391113	0.028641995042562485	0.0007394116255454719	0.012302972376346588	0.003431581426411867	0.00010992385068675503	0.0020579465199261904	0.0011957234237343073	0.0006850404315628111
573	neutral	../syntropy_project/models/model1_0	../syntropy_project/models/model1_0	joy	0.46996039152145386	0.04070918634533882	0.1387650966644287	0.07549425214529037	0.46996039152145386	0.20548686385154724	0.02189582586288452	0.022917864844202995	0.012273482047021389	0.002941775368526578	0.0023718150332570076	0.005324195604771376	0.001859199721366167
574	joy	../syntropy_project/models/model1_0	../syntropy_project/models/model1_0	nervousness	0.47692981362342834	0.47692981362342834	0.004329667426645756	0.16232986748218536	0.011895213276147842	0.04361584782600403	0.24653051793575287	0.002560132648795843	0.01297004520893097	0.0009572941926307976	0.013285676948726177	0.01764507405459881	0.0069508543238043785
575	excitement	../syntropy_project/models/model1_0	../syntropy_project/models/model1_0	joy	0.7500167489051819	0.00179676350671798	0.2282017171382904	0.00351406610570848	0.7500167489051819	0.009149461053311825	0.0002155554830096662	0.005316787399351597	0.0006677403580397367	0.0002767491387203336	0.00033155499841086566	0.00031379025313071907	0.00019905093358829618
576	neutral	../syntropy_project/models/model1_0	../syntropy_project/models/model1_0	joy	0.766055703163147	0.0014747361419722438	0.009728308767080307	0.17634940147399902	0.766055703163147	0.020218681544065475	0.0008034064085222781	0.018722044304013252	0.0020714839920401573	0.0002462775446474552	0.0021448577754199505	0.0009197372128255665	0.0012653878657147288
577	pride	../syntropy_project/models/model1_0	../syntropy_project/models/model1_0	joy	0.9610331058502197	0.0002574697427917272	0.02229832299053669	0.0023294673301279545	0.9610331058502197	0.0023864745162427425	4.652445568353869e-05	0.01076729129999876	0.00020329089602455497	9.505717025604099e-05	0.0002680569887161255	0.00023033350589685142	8.464425627607852e-05
578	joy	../syntropy_project/models/model1_0	../syntropy_project/models/model1_0	joy	0.8671729564666748	4.7395125875482336e-05	0.12529882788658142	0.0005043900455348194	0.8671729564666748	0.0019618298392742872	6.519210728583857e-05	0.0024747427087277174	0.002009662799537182	2.7082505766884424e-05	0.00017566820315551013	0.00017429616127628833	8.805312972981483e-05
579	nervousness	../syntropy_project/models/model1_0	../syntropy_project/models/model1_0	sadness	0.4510345757007599	0.2473660409450531	0.004260195419192314	0.4510345757007599	0.012670677155256271	0.02258949540555477	0.011596258729696274	0.0014268403174355626	0.02652106247842312	0.004450248554348946	0.02849850244820118	0.17971788346767426	0.009868219494819641
580	neutral	../syntropy_project/models/model1_0	../syntropy_project/models/model1_0	joy	0.9805117845535278	0.00010650396143319085	0.01064989436417818	0.0017628294881433249	0.9805117845535278	0.0022561990190297365	1.9052378775086254e-05	0.004236612934619188	7.791863026795909e-05	8.782887016423047e-05	0.00013044783554505557	0.00011530110350577161	4.5631681132363155e-05
581	excitement	../syntropy_project/models/model1_0	../syntropy_project/models/model1_0	joy	0.5050813555717468	0.003942315932363272	0.02503916062414646	0.1667853593826294	0.5050813555717468	0.06834585219621658	0.0014287126250565052	0.20952358841896057	0.0020626652985811234	0.005549746099859476	0.008627702482044697	0.0023290696553885937	0.0012844863813370466
582	joy	../syntropy_project/models/model1_0	../syntropy_project/models/model1_0	joy	0.9519177079200745	0.000511232647113502	0.02078472264111042	0.009849307127296925	0.9519177079200745	0.012644806876778603	0.00012040256842738017	0.0012811226770281792	0.0004975931951776147	6.30245849606581e-05	0.0006292783655226231	0.0014882935211062431	0.00021247057884465903
583	sadness	../syntropy_project/models/model1_0	../syntropy_project/models/model1_0	sadness	0.9968194961547852	0.00021958400611765683	0.00011205770715605468	0.9968194961547852	0.0005426431307569146	0.0009916870621964335	0.0006141657941043377	4.460553827811964e-05	0.00010292647493770346	4.7588659072062e-05	0.00017882024985738099	8.104526932584122e-05	0.0002452479093335569
584	anger	../syntropy_project/models/model1_0	../syntropy_project/models/model1_0	sadness	0.9712052941322327	0.004730560351163149	0.000843115383759141	0.9712052941322327	0.004500269889831543	0.005966174881905317	0.0071500446647405624	0.00026669257204048336	0.0013329378562048078	0.0004131541063543409	0.0009924444602802396	0.0012315968051552773	0.0013676410308107734
585	excitement	../syntropy_project/models/model1_0	../syntropy_project/models/model1_0	excitement	0.9286127686500549	0.0009468941716477275	0.9286127686500549	0.0004059516068082303	0.06240565702319145	0.002420780248939991	8.484055433655158e-05	0.002269952092319727	0.0009782202541828156	0.001378855318762362	0.00015584506036248058	0.00022664100106339902	0.00011349371197866276
586	neutral	../syntropy_project/models/model1_0	../syntropy_project/models/model1_0	joy	0.9277490973472595	0.0007132171303965151	0.049522168934345245	0.0017686407081782818	0.9277490973472595	0.015734173357486725	6.850296631455421e-05	0.0030006179586052895	0.00022143668320495635	0.00017549206677358598	0.00039709234260953963	0.0005450706812553108	0.00010440494952490553
587	pride	../syntropy_project/models/model1_0	../syntropy_project/models/model1_0	sadness	0.841917872428894	0.049480367451906204	0.0006494293338619173	0.841917872428894	0.014154355973005295	0.03585127741098404	0.02328193560242653	0.0024403331335633993	0.0016120006330311298	0.00177161511965096	0.01446523331105709	0.011187555268406868	0.0031878857407718897
588	excitement	../syntropy_project/models/model1_0	../syntropy_project/models/model1_0	joy	0.9169079661369324	0.0019549736753106117	0.01274984609335661	0.018458250910043716	0.9169079661369324	0.006664075423032045	0.0002610055380500853	0.03840731456875801	0.0003330822801217437	0.001350617385469377	0.0020490908063948154	0.0005545285530388355	0.000309097784338519
589	pride	../syntropy_project/models/model1_0	../syntropy_project/models/model1_0	neutral	0.4536679685115814	0.0002654573181644082	0.2752693295478821	0.007094521541148424	0.18379202485084534	0.4536679685115814	0.001753981108777225	0.006073404103517532	0.05638163909316063	0.00024435980594716966	0.003895318601280451	0.009283799678087234	0.0022782552987337112
590	anger	../syntropy_project/models/model1_0	../syntropy_project/models/model1_0	fear	0.6525014638900757	0.041494712233543396	0.003003940684720874	0.20168589055538177	0.0025866141077131033	0.013502865098416805	0.6525014638900757	0.0005415328778326511	0.007897895760834217	0.002270609373226762	0.007886076346039772	0.0030114282853901386	0.06361695379018784
591	joy	../syntropy_project/models/model1_0	../syntropy_project/models/model1_0	sadness	0.7160682678222656	0.02049768529832363	0.005920312833040953	0.7160682678222656	0.010158473625779152	0.16187332570552826	0.01859316974878311	0.0011815765174105763	0.031149236485362053	0.0020914811175316572	0.009197639301419258	0.010356116108596325	0.012912779115140438
592	surprise	../syntropy_project/models/model1_0	../syntropy_project/models/model1_0	disgust	0.46045246720314026	0.001657285843975842	0.01108103059232235	0.004228651057928801	0.0014640287263318896	0.008155872114002705	0.03379681333899498	0.0014509479515254498	0.42685407400131226	0.0016240859404206276	0.03969332203269005	0.009541388601064682	0.46045246720314026
593	joy	../syntropy_project/models/model1_0	../syntropy_project/models/model1_0	joy	0.7106454968452454	0.02499934285879135	0.05580391734838486	0.03252774104475975	0.7106454968452454	0.12315289676189423	0.0011205306509509683	0.033331990242004395	0.004237352404743433	0.004250785801559687	0.0032313703559339046	0.005424257833510637	0.0012742887483909726
594	joy	../syntropy_project/models/model1_0	../syntropy_project/models/model1_0	sadness	0.5853056311607361	0.23442871868610382	0.02228214591741562	0.5853056311607361	0.05900419130921364	0.048674747347831726	0.017901375889778137	0.0073124864138662815	0.006456075236201286	0.0029670074582099915	0.006106336135417223	0.0026801687199622393	0.006881100125610828
595	joy	../syntropy_project/models/model1_0	../syntropy_project/models/model1_0	joy	0.480235755443573	0.011998036876320839	0.0435851588845253	0.20521345734596252	0.480235755443573	0.15550550818443298	0.004126650281250477	0.06964666396379471	0.009891430847346783	0.0013645696453750134	0.009374015964567661	0.005691864527761936	0.0033669050317257643
596	neutral	../syntropy_project/models/model1_0	../syntropy_project/models/model1_0	joy	0.9499673247337341	0.003375460160896182	0.026945292949676514	0.00993761420249939	0.9499673247337341	0.005363441538065672	0.0002757377806119621	0.0023302659392356873	0.00031698052771389484	0.0001783782645361498	0.00040094979340210557	0.0007157867075875401	0.00019272376084700227
597	surprise	../syntropy_project/models/model1_0	../syntropy_project/models/model1_0	sadness	0.788412868976593	0.09294851124286652	0.010313690640032291	0.788412868976593	0.02145501971244812	0.05286481976509094	0.013996405526995659	0.0014179627178236842	0.005459225736558437	0.0008131046197377145	0.0027216095477342606	0.007194449659436941	0.0024022955913096666
598	joy	../syntropy_project/models/model1_0	../syntropy_project/models/model1_0	joy	0.9840471148490906	0.00020436117483768612	0.011702143587172031	0.0010804453631862998	0.9840471148490906	0.0013628022279590368	2.2386846467270516e-05	0.0011096707312390208	0.00011862660176120698	3.0198229069355875e-05	0.00015594765136484057	0.00012974919809494168	3.6512690712697804e-05
599	joy	../syntropy_project/models/model1_0	../syntropy_project/models/model1_0	sadness	0.7492824792861938	0.09314753115177155	0.002702525584027171	0.7492824792861938	0.03577803447842598	0.018001947551965714	0.002192141953855753	0.010806670412421227	0.0004831670958083123	0.06202836334705353	0.014685805886983871	0.004709354601800442	0.006182014476507902
600	pride	../syntropy_project/models/model1_0	../syntropy_project/models/model1_0	pride	0.9925219416618347	0.0007604635320603848	0.0012121748877689242	7.486624963348731e-05	0.0037623171228915453	9.417603723704815e-05	2.065272201434709e-05	0.9925219416618347	7.79509573476389e-05	0.00011476618237793446	0.0013084972742944956	2.2498248654301278e-05	2.964143641293049e-05
601	neutral	../syntropy_project/models/model1_0	../syntropy_project/models/model1_0	joy	0.8079169988632202	0.019653934985399246	0.08162084966897964	0.03094996139407158	0.8079169988632202	0.03846929967403412	0.0017312353011220694	0.005662203766405582	0.007899198681116104	0.00014389689022209495	0.0020035230554640293	0.0030966398771852255	0.0008521523559466004
602	pride	../syntropy_project/models/model1_0	../syntropy_project/models/model1_0	pride	0.8602883815765381	0.0010347787756472826	0.013171843253076077	0.0007590100867673755	0.12047377228736877	0.0004052224976476282	0.00010833106352947652	0.8602883815765381	0.0003578979230951518	0.000600088038481772	0.002548802178353071	0.00015929376240819693	9.271023009205237e-05
603	excitement	../syntropy_project/models/model1_0	../syntropy_project/models/model1_0	sadness	0.6126562356948853	0.011752326041460037	0.015590520575642586	0.6126562356948853	0.06150709092617035	0.18637488782405853	0.022782906889915466	0.010333430022001266	0.014147210866212845	0.007710108999162912	0.02223954349756241	0.01277304906398058	0.02213268168270588
604	joy	../syntropy_project/models/model1_0	../syntropy_project/models/model1_0	neutral	0.37555640935897827	0.003363597672432661	0.20105178654193878	0.07700490206480026	0.2045644074678421	0.37555640935897827	0.012605760246515274	0.005418113432824612	0.06269201636314392	0.0005966297467239201	0.02496073767542839	0.0048403809778392315	0.027345219627022743
605	neutral	../syntropy_project/models/model1_0	../syntropy_project/models/model1_0	joy	0.9625788331031799	0.00029393844306468964	0.029210375621914864	0.0024393745698034763	0.9625788331031799	0.0020970895420759916	4.924545282847248e-05	0.002543411683291197	0.00024836158263497055	8.330122363986447e-05	0.00020526257867459208	0.00019477102614473552	5.606934428215027e-05
606	pride	../syntropy_project/models/model1_0	../syntropy_project/models/model1_0	pride	0.9762479662895203	0.002027193084359169	0.0006517622387036681	0.00019795297703240067	0.012912625446915627	0.0002690858964342624	6.331157783279195e-05	0.9762479662895203	0.00014535045193042606	0.0005259618046693504	0.0067828064784407616	0.0001266476174350828	4.9268139264313504e-05
607	pride	../syntropy_project/models/model1_0	../syntropy_project/models/model1_0	excitement	0.38087987899780273	0.007504002191126347	0.38087987899780273	0.019525690004229546	0.29305022954940796	0.2418966293334961	0.002202985342592001	0.01376672275364399	0.027341803535819054	0.0013254170771688223	0.004372986499220133	0.004797585308551788	0.003336168359965086
608	joy	../syntropy_project/models/model1_0	../syntropy_project/models/model1_0	joy	0.8399060368537903	0.00012045529001625255	0.09221670031547546	0.0032804389484226704	0.8399060368537903	0.053272634744644165	0.000323790853144601	0.004455086775124073	0.0029438200872391462	6.14525270066224e-05	0.0010650813346728683	0.001961211673915386	0.0003933049738407135
609	pride	../syntropy_project/models/model1_0	../syntropy_project/models/model1_0	joy	0.6899387836456299	0.017228685319423676	0.16869132220745087	0.02801540493965149	0.6899387836456299	0.04113719239830971	0.0012639923952519894	0.04785376042127609	0.001812184345908463	0.0009244888788089156	0.0015583948697894812	0.0008204801706597209	0.0007552996394224465
610	neutral	../syntropy_project/models/model1_0	../syntropy_project/models/model1_0	fear	0.23587621748447418	0.2053440809249878	0.02086995169520378	0.1886107474565506	0.05213074013590813	0.11562754958868027	0.23587621748447418	0.00814366526901722	0.04747800529003143	0.00184642372187227	0.03176931291818619	0.0642460435628891	0.028057264164090157
611	joy	../syntropy_project/models/model1_0	../syntropy_project/models/model1_0	joy	0.6855912208557129	0.00041076584602706134	0.24200569093227386	0.002357723191380501	0.6855912208557129	0.05722091719508171	0.0007226394372992218	0.004584843292832375	0.003182200947776437	0.00029590161284431815	0.001247691223397851	0.001769323251210153	0.0006110892281867564
612	joy	../syntropy_project/models/model1_0	../syntropy_project/models/model1_0	joy	0.9836018681526184	9.094628330785781e-05	0.010727200657129288	0.0011427808785811067	0.9836018681526184	0.0017082085832953453	1.3601962564280257e-05	0.0023718150332570076	8.598705608164892e-05	3.0917661206331104e-05	0.00011278987949481234	7.809709495631978e-05	3.5695524275070056e-05
613	neutral	../syntropy_project/models/model1_0	../syntropy_project/models/model1_0	fear	0.5614354610443115	0.21923978626728058	0.0017770419362932444	0.16110460460186005	0.010807345621287823	0.011511004529893398	0.5614354610443115	0.0014618593268096447	0.0032849078997969627	0.0009473214158788323	0.011706641875207424	0.012600988149642944	0.0041231377981603146
614	excitement	../syntropy_project/models/model1_0	../syntropy_project/models/model1_0	excitement	0.9896682500839233	0.0003255706687923521	0.9896682500839233	0.00018513323448132724	0.0064238132908940315	0.0020218996796756983	5.028123632655479e-05	0.00042055058293044567	0.00045939345727674663	0.00019286148017272353	5.018259980715811e-05	0.00015198365144897252	5.0089027354260907e-05
615	pride	../syntropy_project/models/model1_0	../syntropy_project/models/model1_0	sadness	0.8690545558929443	0.04006064310669899	0.002307573100551963	0.8690545558929443	0.03132927790284157	0.02004537731409073	0.014448813162744045	0.0022094142623245716	0.0032185008749365807	0.0004288950876798481	0.0068682958371937275	0.007814634591341019	0.0022140596993267536
616	pride	../syntropy_project/models/model1_0	../syntropy_project/models/model1_0	joy	0.8157492876052856	8.39333442854695e-05	0.09715532511472702	0.0021198291797190905	0.8157492876052856	0.05300358310341835	0.0012237161863595247	0.0051970104686915874	0.01371188834309578	0.00010575357737252489	0.0033151532988995314	0.00624367268756032	0.0020907691214233637
617	surprise	../syntropy_project/models/model1_0	../syntropy_project/models/model1_0	neutral	0.32853466272354126	0.005435907281935215	0.09149816632270813	0.013333452865481377	0.04102863371372223	0.32853466272354126	0.005912264343351126	0.011285671032965183	0.17906638979911804	0.0008035094942897558	0.012046954594552517	0.3101060390472412	0.0009483505273237824
618	joy	../syntropy_project/models/model1_0	../syntropy_project/models/model1_0	excitement	0.4006168842315674	0.0007747822673991323	0.4006168842315674	0.007681833580136299	0.17740498483181	0.36088502407073975	0.0016442122869193554	0.004793460480868816	0.03469935059547424	0.0004573696351144463	0.0017432209569960833	0.00831045676022768	0.0009885766776278615
619	surprise	../syntropy_project/models/model1_0	../syntropy_project/models/model1_0	neutral	0.7071328163146973	0.008333173580467701	0.02489662729203701	0.17730113863945007	0.038411471992731094	0.7071328163146973	0.006627765018492937	0.003407286712899804	0.01413099654018879	0.0017340575577691197	0.005359080154448748	0.010244589298963547	0.0024210235569626093
620	excitement	../syntropy_project/models/model1_0	../syntropy_project/models/model1_0	joy	0.7417752742767334	0.0008056959486566484	0.24957431852817535	0.001041344366967678	0.7417752742767334	0.0023844612296670675	9.423830488231033e-05	0.0028848047368228436	0.0006781774573028088	0.0001476322067901492	0.00021825931617058814	0.00031916334410198033	7.66276934882626e-05
621	neutral	../syntropy_project/models/model1_0	../syntropy_project/models/model1_0	joy	0.9506668448448181	0.0002860716194845736	0.03912762925028801	0.0011067792074754834	0.9506668448448181	0.005773600190877914	7.025304512353614e-05	0.0014581835130229592	0.0004301317094359547	2.8115731765865348e-05	0.00036839128006249666	0.0005798248457722366	0.00010412216215627268
622	joy	../syntropy_project/models/model1_0	../syntropy_project/models/model1_0	joy	0.9873989820480347	0.00027864801813848317	0.00381015264429152	0.0024965726770460606	0.9873989820480347	0.0017635744297876954	6.213150481926277e-05	0.0024554419796913862	0.00016902275092434138	0.00012308692384976894	0.0005788286798633635	0.0007045909878797829	0.00015900007565505803
623	disgust	../syntropy_project/models/model1_0	../syntropy_project/models/model1_0	disgust	0.9656223058700562	0.0006681926315650344	0.0012512409593909979	0.002473547589033842	0.0006992561975494027	0.004481349140405655	0.01331052090972662	0.000183234122232534	0.0007993295439518988	0.005000760778784752	0.005046982783824205	0.00046332820784300566	0.9656223058700562
624	nervousness	../syntropy_project/models/model1_0	../syntropy_project/models/model1_0	excitement	0.40286964178085327	0.004897410050034523	0.40286964178085327	0.03313596919178963	0.12867964804172516	0.3963214159011841	0.0020259579177945852	0.007788334507495165	0.012009324505925179	0.001647087512537837	0.0025017934385687113	0.00549007672816515	0.0026333890855312347
625	excitement	../syntropy_project/models/model1_0	../syntropy_project/models/model1_0	joy	0.9562698006629944	2.503082032490056e-05	0.037238817662000656	0.0006112655391916633	0.9562698006629944	0.0034573033917695284	3.3446034649387e-05	0.0016262022545561194	0.0003829548950307071	1.0093458513438236e-05	0.00016234928625635803	0.00014724975335411727	3.543794809957035e-05
626	pride	../syntropy_project/models/model1_0	../syntropy_project/models/model1_0	joy	0.9174766540527344	0.0010949363932013512	0.04634605720639229	0.001438936684280634	0.9174766540527344	0.004317242186516523	0.00019437058654148132	0.024569639936089516	0.0012739570811390877	0.00020361357019282877	0.001646609976887703	0.0012304949341341853	0.00020751150441356003
627	pride	../syntropy_project/models/model1_0	../syntropy_project/models/model1_0	excitement	0.4650419354438782	0.002023957436904311	0.4650419354438782	0.0025603913236409426	0.42930495738983154	0.03051741234958172	0.002845590468496084	0.027602819725871086	0.031686168164014816	0.000621884479187429	0.0038405817467719316	0.0023952312767505646	0.0015590919647365808
628	pride	../syntropy_project/models/model1_0	../syntropy_project/models/model1_0	joy	0.8634248971939087	0.0025357764679938555	0.10637137293815613	0.003679390763863921	0.8634248971939087	0.005208844784647226	0.00024722868693061173	0.015510274097323418	0.0010634000645950437	0.0001255640381714329	0.0008376622572541237	0.0008182117599062622	0.00017731667321640998
629	joy	../syntropy_project/models/model1_0	../syntropy_project/models/model1_0	joy	0.6182645559310913	0.010199298150837421	0.01727219671010971	0.10170145332813263	0.6182645559310913	0.061061784625053406	0.002572772093117237	0.01278721820563078	0.0008450360619463027	0.04706691578030586	0.09546121209859848	0.014826091937720776	0.017941489815711975
630	pride	../syntropy_project/models/model1_0	../syntropy_project/models/model1_0	joy	0.9070653915405273	0.0011832064483314753	0.052923571318387985	0.003564290702342987	0.9070653915405273	0.02967178076505661	0.000104959421150852	0.003096955828368664	0.00035317399306222796	8.972972864285111e-05	0.0005000302335247397	0.0012494028778746724	0.0001974670885829255
631	neutral	../syntropy_project/models/model1_0	../syntropy_project/models/model1_0	pride	0.9937244057655334	0.0005219518207013607	0.0002139230928150937	3.616389221861027e-05	0.0018621826311573386	8.253324631368741e-05	6.620673957513645e-05	0.9937244057655334	0.00017000935622490942	0.00024560553720220923	0.002971310168504715	4.700656427303329e-05	5.8670182625064626e-05
632	excitement	../syntropy_project/models/model1_0	../syntropy_project/models/model1_0	joy	0.7851467132568359	0.00010520243813516572	0.18907585740089417	0.0008096797973848879	0.7851467132568359	0.01596446894109249	0.00020971625053789467	0.004518264904618263	0.0023016398772597313	9.651875006966293e-05	0.0008321222267113626	0.0005599192227236927	0.00037983144284226
633	excitement	../syntropy_project/models/model1_0	../syntropy_project/models/model1_0	sadness	0.7626566886901855	0.020755326375365257	0.014077400788664818	0.7626566886901855	0.10461199283599854	0.06498496234416962	0.00876825861632824	0.0073860082775354385	0.003443770343437791	0.0020042310934513807	0.004078460857272148	0.0043731676414608955	0.0028597628697752953
634	neutral	../syntropy_project/models/model1_0	../syntropy_project/models/model1_0	joy	0.9896548390388489	1.8210064808954485e-05	0.005276556592434645	0.0006270869052968919	0.9896548390388489	0.0025272220373153687	3.9849805034464225e-05	0.0007890898268669844	0.00023600380518473685	1.0807725630002096e-05	0.00029614780214615166	0.0004441357159521431	8.009289012989029e-05
635	neutral	../syntropy_project/models/model1_0	../syntropy_project/models/model1_0	joy	0.9809110164642334	0.0009015036630444229	0.010433916933834553	0.002690501045435667	0.9809110164642334	0.0021505325566977262	8.218278526328504e-05	0.0015962618635967374	0.00029865646502003074	6.901403685333207e-05	0.0004274322709534317	0.0002834974729921669	0.00015545049973297864
636	neutral	../syntropy_project/models/model1_0	../syntropy_project/models/model1_0	joy	0.8810911774635315	0.005012807436287403	0.08265721052885056	0.007362284231930971	0.8810911774635315	0.008504308760166168	0.0003563787031453103	0.010397258214652538	0.0017979479162022471	0.00036205301876179874	0.0011743877548724413	0.0010488408152014017	0.00023525730648543686
637	joy	../syntropy_project/models/model1_0	../syntropy_project/models/model1_0	excitement	0.7655418515205383	0.00033639121102169156	0.7655418515205383	0.0034594619646668434	0.19936276972293854	0.010264367796480656	0.00026275526033714414	0.005429723300039768	0.014595650136470795	8.753302972763777e-05	0.0003461739106569439	0.00016186678840313107	0.00015151115076150745
638	anger	../syntropy_project/models/model1_0	../syntropy_project/models/model1_0	anger	0.9810439944267273	0.00206027552485466	0.00033164702472276986	0.005657861474901438	0.00016069966659415513	0.001954796491190791	0.0002398485958110541	0.00026586471358314157	3.2420506613561884e-05	0.9810439944267273	0.00046058333828113973	8.853072358760983e-05	0.007703395094722509
639	joy	../syntropy_project/models/model1_0	../syntropy_project/models/model1_0	joy	0.9775771498680115	8.126267493935302e-05	0.017775114625692368	0.000912365154363215	0.9775771498680115	0.0016047393437474966	1.413076461176388e-05	0.0017034824704751372	9.904206672217697e-05	2.934733493020758e-05	0.00010718022531364113	6.512804247904569e-05	3.101369657088071e-05
640	pride	../syntropy_project/models/model1_0	../syntropy_project/models/model1_0	joy	0.3776446282863617	0.006204523611813784	0.17384731769561768	0.029098398983478546	0.3776446282863617	0.2501750886440277	0.008393487893044949	0.06243285909295082	0.06472529470920563	0.001989886164665222	0.013302100822329521	0.007961874827742577	0.0042245094664394855
641	fear	../syntropy_project/models/model1_0	../syntropy_project/models/model1_0	sadness	0.6139575839042664	0.059205375611782074	0.0010471761925145984	0.6139575839042664	0.013318177312612534	0.06523755937814713	0.007188235875219107	0.004656369332224131	0.00039156246930360794	0.1205899566411972	0.05622909590601921	0.018458401784300804	0.039720531553030014
642	neutral	../syntropy_project/models/model1_0	../syntropy_project/models/model1_0	joy	0.7968407273292542	0.011362850666046143	0.011070262640714645	0.06854943186044693	0.7968407273292542	0.03344275429844856	0.001392856240272522	0.06137767806649208	0.002581717213615775	0.0012524096528068185	0.008185438811779022	0.002610072959214449	0.0013337910640984774
643	joy	../syntropy_project/models/model1_0	../syntropy_project/models/model1_0	joy	0.9835614562034607	9.322410187451169e-05	0.011611941270530224	0.0005964348674751818	0.9835614562034607	0.0009081168682314456	1.640038681216538e-05	0.0029433034360408783	8.230027742683887e-05	2.3022072127787396e-05	8.544044248992577e-05	6.028715142747387e-05	1.7912090697791427e-05
644	joy	../syntropy_project/models/model1_0	../syntropy_project/models/model1_0	joy	0.9889271259307861	6.215562461875379e-05	0.006960260681807995	0.00048257995513267815	0.9889271259307861	0.0013332720845937729	2.826841955538839e-05	0.001531643676571548	0.00019323024025652558	2.898703678511083e-05	0.00021282346278894693	0.000198991343495436	4.063557571498677e-05
645	surprise	../syntropy_project/models/model1_0	../syntropy_project/models/model1_0	surprise	0.8221835494041443	0.00014418466889765114	0.16298581659793854	0.00023706266074441373	0.008820790797472	0.0029802920762449503	0.00027815657085739076	0.0011765271192416549	0.8221835494041443	2.586987648101058e-05	0.0004497504560276866	0.00038452856824733317	0.0003334541106596589
646	joy	../syntropy_project/models/model1_0	../syntropy_project/models/model1_0	joy	0.989332377910614	4.762129901791923e-05	0.005037545692175627	0.0004518010828178376	0.989332377910614	0.0008909048046916723	1.395098752254853e-05	0.00391677301377058	6.024743561283685e-05	2.4101698727463372e-05	0.0001343772019026801	7.422514318022877e-05	1.616158988326788e-05
647	excitement	../syntropy_project/models/model1_0	../syntropy_project/models/model1_0	excitement	0.8692235350608826	0.003426518989726901	0.8692235350608826	0.00029895995976403356	0.035224203020334244	0.000602235144469887	5.275124931358732e-05	0.08977626264095306	0.0007335246191360056	0.00038143424899317324	0.00018684612587094307	5.680308458977379e-05	3.6927202017977834e-05
648	joy	../syntropy_project/models/model1_0	../syntropy_project/models/model1_0	joy	0.42891186475753784	0.0006628077826462686	0.09101611375808716	0.028524715453386307	0.42891186475753784	0.3693039119243622	0.004287343472242355	0.007828542031347752	0.04490318149328232	0.00031343105365522206	0.00605598883703351	0.009309125132858753	0.008882973343133926
649	sadness	../syntropy_project/models/model1_0	../syntropy_project/models/model1_0	disgust	0.3015296459197998	0.027225911617279053	0.0019453815184533596	0.1365964114665985	0.016909554600715637	0.10340937972068787	0.03188121318817139	0.004111560061573982	0.012024159543216228	0.024179643020033836	0.29227685928344727	0.04791022092103958	0.3015296459197998
650	joy	../syntropy_project/models/model1_0	../syntropy_project/models/model1_0	joy	0.5759797096252441	0.004383924417197704	0.15835244953632355	0.10517528653144836	0.5759797096252441	0.06621687859296799	0.0063659194856882095	0.07164054363965988	0.004344814456999302	0.0018811774207279086	0.0032260711304843426	0.0017716793809086084	0.000661573838442564
651	pride	../syntropy_project/models/model1_0	../syntropy_project/models/model1_0	sadness	0.6604635119438171	0.15494614839553833	0.005103213246911764	0.6604635119438171	0.04321947693824768	0.03559042885899544	0.03686891868710518	0.0021801902912557125	0.0036649606190621853	0.0022598684299737215	0.03210913762450218	0.012995712459087372	0.01059839315712452
652	pride	../syntropy_project/models/model1_0	../syntropy_project/models/model1_0	surprise	0.483691543340683	0.0051359934732317924	0.010705257765948772	0.0026530318427830935	0.002473274013027549	0.0025740847922861576	0.0007667700410820544	0.4427327811717987	0.483691543340683	0.00029853088199160993	0.0467010922729969	0.0019597907084971666	0.0003079164889641106
653	pride	../syntropy_project/models/model1_0	../syntropy_project/models/model1_0	joy	0.6020990610122681	5.036435686633922e-05	0.28125107288360596	0.001834864728152752	0.6020990610122681	0.09378214925527573	0.0005641761817969382	0.003058953443542123	0.012554118409752846	4.397216616780497e-05	0.0014526080340147018	0.0020552673377096653	0.0012534103589132428
654	pride	../syntropy_project/models/model1_0	../syntropy_project/models/model1_0	sadness	0.6542708277702332	0.007009049411863089	0.0015291105955839157	0.6542708277702332	0.015264159999787807	0.006328496616333723	0.006141980644315481	0.20100079476833344	0.003940728027373552	0.0023178786505013704	0.09612718224525452	0.004326879046857357	0.0017428703140467405
655	neutral	../syntropy_project/models/model1_0	../syntropy_project/models/model1_0	sadness	0.21286335587501526	0.07786054164171219	0.07787053287029266	0.21286335587501526	0.17115652561187744	0.17734499275684357	0.019863802939653397	0.015328814275562763	0.1855238527059555	0.0006258490029722452	0.02612418681383133	0.027947746217250824	0.00748963188380003
656	pride	../syntropy_project/models/model1_0	../syntropy_project/models/model1_0	joy	0.8327264189720154	0.00041297051939181983	0.1307983249425888	0.0022605054546147585	0.8327264189720154	0.01957746595144272	0.00016941876674536616	0.011774611659348011	0.0008677993901073933	0.00024453745572827756	0.000511564314365387	0.00045546251931227744	0.00020084911375306547
657	joy	../syntropy_project/models/model1_0	../syntropy_project/models/model1_0	joy	0.7187688946723938	0.0017848539864644408	0.24662534892559052	0.007550724782049656	0.7187688946723938	0.010035960003733635	0.00024273557937704027	0.010234087705612183	0.0005810243892483413	0.002298082457855344	0.0006942265317775309	0.0006776111549697816	0.0005065972218289971
658	pride	../syntropy_project/models/model1_0	../syntropy_project/models/model1_0	joy	0.795144259929657	0.003785845125094056	0.1762562245130539	0.0025967054534703493	0.795144259929657	0.011205943301320076	0.00016378122381865978	0.008915741927921772	0.00043476434075273573	0.00011978696420555934	0.0008129429770633578	0.00039171037496998906	0.00017226833733730018
659	joy	../syntropy_project/models/model1_0	../syntropy_project/models/model1_0	sadness	0.44823238253593445	0.0032973415218293667	0.03958117961883545	0.44823238253593445	0.050562094897031784	0.33491867780685425	0.028034433722496033	0.004251251928508282	0.04668664187192917	0.0018667452968657017	0.007477966137230396	0.02916138246655464	0.00592987984418869
660	neutral	../syntropy_project/models/model1_0	../syntropy_project/models/model1_0	joy	0.9674590229988098	0.0002077893295791	0.023794615641236305	0.0015774039784446359	0.9674590229988098	0.0034889201633632183	4.771831299876794e-05	0.0025127027183771133	0.00023775365843903273	6.6379587224219e-05	0.0002862588153220713	0.00026901994715444744	5.237333971308544e-05
661	joy	../syntropy_project/models/model1_0	../syntropy_project/models/model1_0	joy	0.6820695400238037	0.00048123885062523186	0.23299884796142578	0.011566178873181343	0.6820695400238037	0.03162170201539993	0.0009075796115212142	0.02040541172027588	0.014177464880049229	7.893295696703717e-05	0.0036274269223213196	0.0014546201564371586	0.0006110606482252479
662	pride	../syntropy_project/models/model1_0	../syntropy_project/models/model1_0	joy	0.9863366484642029	9.797204984351993e-05	0.006719523575156927	0.0022369741927832365	0.9863366484642029	0.0018978228326886892	2.4939583454397507e-05	0.0022779067512601614	9.131007391260937e-05	3.664413088699803e-05	0.0001280108990613371	0.00010523314267629758	4.694841481978074e-05
663	surprise	../syntropy_project/models/model1_0	../syntropy_project/models/model1_0	neutral	0.527888834476471	0.01879437267780304	0.2799716293811798	0.009454067796468735	0.14410251379013062	0.527888834476471	0.0013551712036132812	0.007832459174096584	0.0008862056420184672	0.0026273587718605995	0.0010436041047796607	0.005288195796310902	0.0007554967305622995
664	pride	../syntropy_project/models/model1_0	../syntropy_project/models/model1_0	neutral	0.2814016342163086	0.07574038207530975	0.13884054124355316	0.21492373943328857	0.23513606190681458	0.2814016342163086	0.003996426705271006	0.008184224367141724	0.009583122096955776	0.0025371990632265806	0.010884278453886509	0.011570840142667294	0.0072015924379229546
665	neutral	../syntropy_project/models/model1_0	../syntropy_project/models/model1_0	joy	0.9530467391014099	0.0006708168075419962	0.030784310773015022	0.005277601070702076	0.9530467391014099	0.006227866280823946	6.096668221289292e-05	0.0030351111199706793	0.00022375908156391233	6.982648483244702e-05	0.00025285512674599886	0.0002786865516100079	7.142118556657806e-05
666	disgust	../syntropy_project/models/model1_0	../syntropy_project/models/model1_0	anger	0.6280403137207031	0.0017852914752438664	0.0015728374710306525	0.038822706788778305	0.002431292086839676	0.02864915318787098	0.0011898810043931007	0.002032956574112177	0.0005999444401822984	0.6280403137207031	0.024271883070468903	0.004625902511179447	0.26597779989242554
667	excitement	../syntropy_project/models/model1_0	../syntropy_project/models/model1_0	excitement	0.9960038065910339	5.833899194840342e-05	0.9960038065910339	3.3350323064951226e-05	0.002039954997599125	0.0006502612959593534	1.2248930033820216e-05	7.76007873355411e-05	0.0010661808773875237	6.052584467397537e-06	8.657112630316988e-06	3.245629704906605e-05	1.1030205314455088e-05
668	joy	../syntropy_project/models/model1_0	../syntropy_project/models/model1_0	joy	0.9663023352622986	3.077821747865528e-05	0.03008541464805603	0.0005911903572268784	0.9663023352622986	0.0018220159690827131	1.9983066522399895e-05	0.0006456066039390862	0.00015429005725309253	2.21956470340956e-05	0.00014425124390982091	0.00014660476881545037	3.52630449924618e-05
669	neutral	../syntropy_project/models/model1_0	../syntropy_project/models/model1_0	joy	0.5822468996047974	0.00045358319766819477	0.13666436076164246	0.006942500360310078	0.5822468996047974	0.17130190134048462	0.0036265829112380743	0.034760553389787674	0.04940817505121231	0.0001620464026927948	0.006223401520401239	0.0033858350943773985	0.004824135918170214
670	joy	../syntropy_project/models/model1_0	../syntropy_project/models/model1_0	joy	0.7496398687362671	0.0030028694309294224	0.09118539839982986	0.02568313479423523	0.7496398687362671	0.10324550420045853	0.0020007628481835127	0.016033802181482315	0.003234644653275609	0.0007531256997026503	0.002560666296631098	0.0017172303050756454	0.0009430937934666872
671	neutral	../syntropy_project/models/model1_0	../syntropy_project/models/model1_0	joy	0.8244235515594482	0.004287626128643751	0.14684125781059265	0.0016597722424194217	0.8244235515594482	0.004780821036547422	0.00017146847676485777	0.01595892198383808	0.0001938485656864941	0.0005302813951857388	0.0005799866048619151	0.0004779959563165903	9.453706297790632e-05
672	excitement	../syntropy_project/models/model1_0	../syntropy_project/models/model1_0	joy	0.7335705757141113	8.417992648901418e-05	0.16584311425685883	0.0023421780206263065	0.7335705757141113	0.05014043301343918	0.002149676438421011	0.003020848613232374	0.032372571527957916	9.583487553754821e-05	0.0023872177116572857	0.002965867519378662	0.005027543753385544
673	excitement	../syntropy_project/models/model1_0	../syntropy_project/models/model1_0	joy	0.8460785150527954	0.00042168874642811716	0.12425649911165237	0.004559653345495462	0.8460785150527954	0.018916428089141846	0.00013272062642499804	0.0033150773961097	0.0006478778668679297	0.00026638805866241455	0.0005823113024234772	0.0006264960393309593	0.0001963295362656936
674	excitement	../syntropy_project/models/model1_0	../syntropy_project/models/model1_0	joy	0.776620626449585	0.016827061772346497	0.15206298232078552	0.018532482907176018	0.776620626449585	0.01894424296915531	0.0010547095444053411	0.008735119365155697	0.00282160728238523	0.00046231565647758543	0.0015639945631846786	0.001710520125925541	0.0006643221713602543
675	excitement	../syntropy_project/models/model1_0	../syntropy_project/models/model1_0	joy	0.6720075607299805	7.98808250692673e-05	0.15142413973808289	0.002646789886057377	0.6720075607299805	0.13825537264347076	0.0011075198417529464	0.002674285089597106	0.023503823205828667	0.00011327074753353372	0.0015950285596773028	0.0009992525447160006	0.005593062378466129
676	pride	../syntropy_project/models/model1_0	../syntropy_project/models/model1_0	joy	0.9391276240348816	8.635043923277408e-05	0.038104020059108734	0.0013171342434361577	0.9391276240348816	0.016114557161927223	0.000133831228595227	0.0019569378346204758	0.0010038433829322457	5.0219699915032834e-05	0.0005792437004856765	0.0013528598938137293	0.00017345826199743897
677	excitement	../syntropy_project/models/model1_0	../syntropy_project/models/model1_0	pride	0.9920610189437866	0.0004629534378182143	0.0006308003212325275	3.612397631513886e-05	0.0018297673668712378	6.083925472921692e-05	5.719026012229733e-05	0.9920610189437866	0.0003236426564399153	0.0002562102454248816	0.004132607486099005	7.257489778567106e-05	7.610456668771803e-05
678	pride	../syntropy_project/models/model1_0	../syntropy_project/models/model1_0	pride	0.8963173031806946	0.0008126511820591986	0.007434948347508907	0.0005005085258744657	0.09216860681772232	0.0003904420882463455	4.440533302840777e-05	0.8963173031806946	0.0001413065183442086	0.00039368963916786015	0.0016351684462279081	0.00010984463733620942	5.1043978601228446e-05
679	excitement	../syntropy_project/models/model1_0	../syntropy_project/models/model1_0	joy	0.34077492356300354	0.002261896152049303	0.2303069531917572	0.14685355126857758	0.34077492356300354	0.19475595653057098	0.0013224348658695817	0.056223317980766296	0.0173930861055851	0.0007319481228478253	0.004079984035342932	0.0030436329543590546	0.0022523237857967615
680	pride	../syntropy_project/models/model1_0	../syntropy_project/models/model1_0	pride	0.9308298826217651	0.0011350096901878715	0.005113677587360144	0.00037013497785665095	0.05981770157814026	0.0002142029843525961	3.104396819253452e-05	0.9308298826217651	7.133065082598478e-05	0.0006863145972602069	0.00159974186681211	8.202728349715471e-05	4.896138852927834e-05
681	joy	../syntropy_project/models/model1_0	../syntropy_project/models/model1_0	joy	0.8687962889671326	0.0018398172687739134	0.07456890493631363	0.030518773943185806	0.8687962889671326	0.01021391898393631	0.00025519702467136085	0.011046781204640865	0.0005278176977299154	0.0003661265945993364	0.0009250436560250819	0.0007599599775858223	0.00018129448289982975
682	neutral	../syntropy_project/models/model1_0	../syntropy_project/models/model1_0	joy	0.9586039781570435	0.0008815017645247281	0.019397040829062462	0.0035228997003287077	0.9586039781570435	0.004830910824239254	0.00014071802434045821	0.007912903092801571	0.0008845241391099989	0.00015687095583416522	0.001576862414367497	0.0019493679283186793	0.00014244522026274353
683	neutral	../syntropy_project/models/model1_0	../syntropy_project/models/model1_0	sadness	0.33204445242881775	0.21730858087539673	0.002443205565214157	0.33204445242881775	0.04489525035023689	0.0801854357123375	0.012052815407514572	0.016679711639881134	0.0013381586177274585	0.10997476428747177	0.0887448862195015	0.029644424095749855	0.06468814611434937
684	pride	../syntropy_project/models/model1_0	../syntropy_project/models/model1_0	joy	0.9602727293968201	0.0006661784718744457	0.022469330579042435	0.0036493127699941397	0.9602727293968201	0.004838488530367613	9.069509542314336e-05	0.0069188945926725864	0.0002217454311903566	8.898051601136103e-05	0.00040774978697299957	0.00024973321706056595	0.00012622690701391548
685	joy	../syntropy_project/models/model1_0	../syntropy_project/models/model1_0	joy	0.9301497936248779	0.0003066011122427881	0.0300353541970253	0.014304284937679768	0.9301497936248779	0.011296309530735016	0.00016989168943837285	0.011445369571447372	0.000748850405216217	0.00010128804569831118	0.0007607130100950599	0.0005183220491744578	0.00016319825954269618
686	neutral	../syntropy_project/models/model1_0	../syntropy_project/models/model1_0	joy	0.7675284147262573	0.02199331857264042	0.055792730301618576	0.04211606830358505	0.7675284147262573	0.02564322203397751	0.004800789058208466	0.0753040611743927	0.001060058712027967	0.0023444786202162504	0.001686322269961238	0.0012332904152572155	0.0004972675233148038
687	pride	../syntropy_project/models/model1_0	../syntropy_project/models/model1_0	joy	0.674018144607544	0.0021009098272770643	0.3058961033821106	0.0011597077827900648	0.674018144607544	0.005320330616086721	6.289813609328121e-05	0.009800775907933712	0.00021983608894515783	0.0004007160314358771	0.0004183566488791257	0.0004999691736884415	0.0001022633005050011
688	excitement	../syntropy_project/models/model1_0	../syntropy_project/models/model1_0	excitement	0.9946324825286865	0.0002757775073405355	0.9946324825286865	0.00017328398826066405	0.002215165412053466	0.0010747249471023679	2.849469456123188e-05	0.0002540433488320559	0.0012315838830545545	2.774408676486928e-05	1.5875499229878187e-05	4.303933019400574e-05	2.7750700610340573e-05
689	joy	../syntropy_project/models/model1_0	../syntropy_project/models/model1_0	joy	0.7696396112442017	0.00010423134517623112	0.1390376091003418	0.0018459474667906761	0.7696396112442017	0.05448644235730171	0.0008831371087580919	0.005595060531049967	0.02194385416805744	8.929010800784454e-05	0.0026860579382628202	0.0015490775695070624	0.002139646327123046
690	neutral	../syntropy_project/models/model1_0	../syntropy_project/models/model1_0	joy	0.9189756512641907	0.00026525362045504153	0.0679912269115448	0.0013059764169156551	0.9189756512641907	0.007722324226051569	3.3663989597698674e-05	0.0026713688857853413	0.00011413911124691367	9.00820450624451e-05	0.0002896400692407042	0.00046709374873898923	7.355030538747087e-05
691	joy	../syntropy_project/models/model1_0	../syntropy_project/models/model1_0	joy	0.9572229385375977	0.0001717575069051236	0.030384110286831856	0.0016823098994791508	0.9572229385375977	0.006966955028474331	6.390819908119738e-05	0.002162045333534479	0.00020462990505620837	4.8387468268629164e-05	0.0005049483152106404	0.0004706959589384496	0.00011718319728970528
692	joy	../syntropy_project/models/model1_0	../syntropy_project/models/model1_0	joy	0.5644806623458862	0.0017201430164277554	0.09260278940200806	0.01446143351495266	0.5644806623458862	0.3064779043197632	0.0011448190780356526	0.004637817852199078	0.0012216278119012713	0.00045333668822422624	0.0012120528845116496	0.010920310392975807	0.000667091750074178
693	neutral	../syntropy_project/models/model1_0	../syntropy_project/models/model1_0	nervousness	0.7427406311035156	0.7427406311035156	0.13015280663967133	0.03190235421061516	0.038410574197769165	0.020890885964035988	0.012220082804560661	0.01005478948354721	0.002421078970655799	0.004587503150105476	0.002045348985120654	0.0033282283693552017	0.0012457590783014894
694	pride	../syntropy_project/models/model1_0	../syntropy_project/models/model1_0	joy	0.8651599287986755	0.0056213801726698875	0.029560133814811707	0.012558195739984512	0.8651599287986755	0.04145338013768196	0.001208149828016758	0.025369517505168915	0.00162602704949677	0.0026321187615394592	0.0044169193133711815	0.00849754735827446	0.0018966648494824767
695	nervousness	../syntropy_project/models/model1_0	../syntropy_project/models/model1_0	surprise	0.8189747929573059	0.00038798360037617385	0.12418879568576813	0.0013688101898878813	0.012869074940681458	0.03136781230568886	0.0008333610603585839	0.004286385141313076	0.8189747929573059	0.00020312907872721553	0.002566545968875289	0.002702953526750207	0.00025033982819877565
696	excitement	../syntropy_project/models/model1_0	../syntropy_project/models/model1_0	excitement	0.9882054924964905	0.00025543320225551724	0.9882054924964905	4.8434048949275166e-05	0.00916548166424036	0.0009342529810965061	1.7608963389648125e-05	0.0005277960444800556	0.0006507061771117151	4.245178570272401e-05	2.9223972887848504e-05	0.00010506136459298432	1.795794742065482e-05
697	nervousness	../syntropy_project/models/model1_0	../syntropy_project/models/model1_0	nervousness	0.9811701774597168	0.9811701774597168	0.0045737032778561115	0.005687526427209377	0.000806123367510736	0.0006178186740726233	0.0043985312804579735	0.0004843432689085603	0.0003241118392907083	0.0009148422395810485	0.0004907533875666559	0.0003646171244326979	0.0001674125815043226
698	pride	../syntropy_project/models/model1_0	../syntropy_project/models/model1_0	joy	0.8622931241989136	0.0002009891759371385	0.12173167616128922	0.004478542134165764	0.8622931241989136	0.002114918315783143	4.29596911999397e-05	0.00830057542771101	0.00022163910034578294	8.451197936665267e-05	0.00031933689024299383	0.00011302741768304259	9.878104901872575e-05
699	excitement	../syntropy_project/models/model1_0	../syntropy_project/models/model1_0	excitement	0.4962073862552643	0.001974130515009165	0.4962073862552643	0.011298690922558308	0.25229892134666443	0.12472055107355118	0.003038902534171939	0.017015844583511353	0.08308055251836777	0.0007140875677578151	0.004026530776172876	0.0023564172443002462	0.003268053289502859
700	nervousness	../syntropy_project/models/model1_0	../syntropy_project/models/model1_0	pride	0.7390455603599548	0.1868666708469391	0.010172516107559204	0.013914482668042183	0.01098331157118082	0.0023705768398940563	0.0024897654075175524	0.7390455603599548	0.0016211551846936345	0.0051151723600924015	0.025860050693154335	0.0008235170389525592	0.0007373610860668123
701	neutral	../syntropy_project/models/model1_0	../syntropy_project/models/model1_0	joy	0.8159457445144653	0.000658181554172188	0.11024893075227737	0.00636004563421011	0.8159457445144653	0.034812383353710175	0.0008863750845193863	0.01421196386218071	0.004257346037775278	0.004093275871127844	0.002739222487434745	0.0033373869955539703	0.0024491159711033106
702	neutral	../syntropy_project/models/model1_0	../syntropy_project/models/model1_0	joy	0.9673015475273132	0.0008972848881967366	0.009579500183463097	0.0034114501904696226	0.9673015475273132	0.0013577538775280118	0.00015069036453496665	0.015980076044797897	0.00029403684311546385	9.500134183326736e-05	0.0006843420560471714	0.0002014902711380273	4.6854664105921984e-05
703	pride	../syntropy_project/models/model1_0	../syntropy_project/models/model1_0	neutral	0.5855230093002319	0.0009314559283666313	0.30127543210983276	0.020922062918543816	0.03241991251707077	0.5855230093002319	0.0015240951906889677	0.0022796886041760445	0.04857070371508598	0.00034787069307640195	0.0007644824218004942	0.002502524759620428	0.002938794670626521
704	neutral	../syntropy_project/models/model1_0	../syntropy_project/models/model1_0	joy	0.8582324981689453	0.0016718873521313071	0.04618507996201515	0.056724365800619125	0.8582324981689453	0.016900761052966118	0.00035148789174854755	0.0164293572306633	0.0008848286233842373	0.00046225174446590245	0.0011659966548904777	0.0005882212426513433	0.00040332810021936893
705	neutral	../syntropy_project/models/model1_0	../syntropy_project/models/model1_0	joy	0.7900805473327637	0.00873970240354538	0.07553458213806152	0.0683181881904602	0.7900805473327637	0.028956731781363487	0.001505706342868507	0.01613500900566578	0.001412083744071424	0.0017029116861522198	0.0032131720799952745	0.0038071870803833008	0.000594208191614598
706	excitement	../syntropy_project/models/model1_0	../syntropy_project/models/model1_0	joy	0.8251813054084778	0.007693351246416569	0.05247579514980316	0.012735221534967422	0.8251813054084778	0.015351738780736923	0.0007990312296897173	0.07383695244789124	0.0012543341144919395	0.004252579994499683	0.002456801477819681	0.003320825519040227	0.0006421305006369948
707	excitement	../syntropy_project/models/model1_0	../syntropy_project/models/model1_0	joy	0.9697961807250977	4.5296266762306914e-05	0.024480264633893967	0.0008970115450210869	0.9697961807250977	0.00220147124491632	2.902778760471847e-05	0.0018644750816747546	0.00019330359646119177	3.4135213354602456e-05	0.00021287298295646906	0.00020835347822867334	3.760919571504928e-05
708	excitement	../syntropy_project/models/model1_0	../syntropy_project/models/model1_0	joy	0.8500739932060242	0.00046998923062346876	0.11343396455049515	0.008902381174266338	0.8500739932060242	0.007174867205321789	0.00047845792141743004	0.016654986888170242	0.0013971712905913591	0.00025921111227944493	0.0006033940589986742	0.0003414065286051482	0.0002101795544149354
709	anger	../syntropy_project/models/model1_0	../syntropy_project/models/model1_0	sadness	0.5170006155967712	0.022413382306694984	0.002072707051411271	0.5170006155967712	0.0035317500587552786	0.02077377215027809	0.36853963136672974	0.0006819592090323567	0.005300621967762709	0.0009374176734127104	0.009847527369856834	0.0058797444216907024	0.04302086681127548
710	joy	../syntropy_project/models/model1_0	../syntropy_project/models/model1_0	joy	0.9476889371871948	5.755224628956057e-05	0.04394480213522911	0.0008086361340247095	0.9476889371871948	0.005118581000715494	0.0001060873328242451	0.000851600372698158	0.0002143535966752097	0.0001575728238094598	0.00023109038011170924	0.0006904751644469798	0.00013030222908128053
711	pride	../syntropy_project/models/model1_0	../syntropy_project/models/model1_0	excitement	0.8890904188156128	0.0030024757143110037	0.8890904188156128	0.0011837809579446912	0.06369245797395706	0.036026548594236374	0.00032217928674072027	0.004115596879273653	0.0005934962537139654	0.0003955106367357075	0.00024837697856128216	0.0011994031956419349	0.00012975092977285385
712	neutral	../syntropy_project/models/model1_0	../syntropy_project/models/model1_0	neutral	0.42783474922180176	0.0002008445153478533	0.07003822922706604	0.02850175090134144	0.3894709050655365	0.42783474922180176	0.004920017905533314	0.005552710499614477	0.04237024113535881	0.000416515045799315	0.004869517404586077	0.014053738676011562	0.011770738288760185
713	nervousness	../syntropy_project/models/model1_0	../syntropy_project/models/model1_0	anger	0.3885231912136078	0.10900206118822098	0.0011427770368754864	0.26684072613716125	0.006684769410640001	0.033622171729803085	0.02275097370147705	0.005442054010927677	0.0007779782172292471	0.3885231912136078	0.07458421587944031	0.008105598390102386	0.08252349495887756
714	neutral	../syntropy_project/models/model1_0	../syntropy_project/models/model1_0	excitement	0.8905189633369446	0.0003000244323629886	0.8905189633369446	0.0002381115045864135	0.10275279730558395	0.001861470635049045	4.936916957376525e-05	0.0009601491619832814	0.0028123122174292803	6.106007640482858e-05	0.00011336335592204705	0.000284565263427794	4.780563176609576e-05
715	neutral	../syntropy_project/models/model1_0	../syntropy_project/models/model1_0	excitement	0.367432177066803	0.006076051387935877	0.367432177066803	0.016724757850170135	0.3487299084663391	0.2315717339515686	0.0010835033608600497	0.010922038927674294	0.009067879989743233	0.0004178448871243745	0.004106857348233461	0.002968780929222703	0.0008984511950984597
716	joy	../syntropy_project/models/model1_0	../syntropy_project/models/model1_0	joy	0.6632215976715088	0.0012244522804394364	0.07449505478143692	0.025242701172828674	0.6632215976715088	0.16985425353050232	0.005027373321354389	0.01274256594479084	0.026543758809566498	0.0019327301997691393	0.005162097979336977	0.008944651111960411	0.0056086755357682705
717	nervousness	../syntropy_project/models/model1_0	../syntropy_project/models/model1_0	nervousness	0.9103757739067078	0.9103757739067078	0.007089043036103249	0.04921465739607811	0.004329766612499952	0.005210720468312502	0.014074897393584251	0.0013101391959935427	0.0013662012061104178	0.001717849518172443	0.0023111915215849876	0.0019120393553748727	0.0010878026951104403
718	neutral	../syntropy_project/models/model1_0	../syntropy_project/models/model1_0	joy	0.5835063457489014	0.08494861423969269	0.025678718462586403	0.18898101150989532	0.5835063457489014	0.030491013079881668	0.02280590683221817	0.011290483176708221	0.021908264607191086	0.0014527167659252882	0.009570117108523846	0.01605503261089325	0.003311788197606802
719	excitement	../syntropy_project/models/model1_0	../syntropy_project/models/model1_0	surprise	0.8242971897125244	0.00017991228378377855	0.13204693794250488	0.0012047287309542298	0.026001805439591408	0.010485637933015823	0.0006778434617444873	0.0021576012950390577	0.8242971897125244	7.578487566206604e-05	0.0010514060268178582	0.0012839586706832051	0.0005371475708670914
720	sadness	../syntropy_project/models/model1_0	../syntropy_project/models/model1_0	sadness	0.6669829487800598	0.11182152479887009	0.007616803050041199	0.6669829487800598	0.009229152463376522	0.025146709755063057	0.08052551001310349	0.0023502318654209375	0.0027075251564383507	0.03665462136268616	0.018063781782984734	0.010414406657218933	0.028486736118793488
721	excitement	../syntropy_project/models/model1_0	../syntropy_project/models/model1_0	joy	0.8400905132293701	0.0005087818135507405	0.11570070683956146	0.001013238332234323	0.8400905132293701	0.007758480496704578	0.00023052205506246537	0.02700178325176239	0.0024893758818507195	0.00029508606530725956	0.0018697100458666682	0.0028695405926555395	0.00017228165233973414
722	confusion	../syntropy_project/models/model1_0	../syntropy_project/models/model1_0	joy	0.9198449850082397	0.0016705007292330265	0.03232547640800476	0.015440348535776138	0.9198449850082397	0.009412361308932304	0.0006051341770216823	0.010261221788823605	0.0016838868614286184	0.0015859452541917562	0.003656271379441023	0.002224740106612444	0.0012891135411337018
723	joy	../syntropy_project/models/model1_0	../syntropy_project/models/model1_0	joy	0.6115068197250366	0.001960565336048603	0.13726229965686798	0.03213272616267204	0.6115068197250366	0.19485624134540558	0.0007575034396722913	0.011768280528485775	0.00578728225082159	0.00021782201656606048	0.0017251051031053066	0.001446838490664959	0.000578570703510195
724	pride	../syntropy_project/models/model1_0	../syntropy_project/models/model1_0	joy	0.9531506299972534	0.00017298414604738355	0.03464459255337715	0.001636985456570983	0.9531506299972534	0.005808711517602205	9.46725849644281e-05	0.0029443521052598953	0.0004254344676155597	0.00010358318832004443	0.00046831968938931823	0.0004368405498098582	0.00011293583520455286
725	pride	../syntropy_project/models/model1_0	../syntropy_project/models/model1_0	pride	0.9695523381233215	0.002061439910903573	0.0018216414609923959	0.0024211022537201643	0.008245528675615788	0.001003729528747499	0.00020610506180673838	0.9695523381233215	0.00047869206173345447	0.0009104855125769973	0.012778574600815773	0.0001345463388133794	0.0003858127456624061
726	surprise	../syntropy_project/models/model1_0	../syntropy_project/models/model1_0	surprise	0.9864539504051208	5.420426168711856e-05	0.008774946443736553	9.380709525430575e-05	0.0007658412214368582	0.0021174470894038677	7.488760456908494e-05	0.00031020428286865354	0.9864539504051208	4.92729077450349e-06	0.00041912239976227283	0.0008107952307909727	0.00011987256584689021
727	joy	../syntropy_project/models/model1_0	../syntropy_project/models/model1_0	joy	0.9740719199180603	0.00023856243933551013	0.013818238861858845	0.0040542869828641415	0.9740719199180603	0.0032899538055062294	2.384536128374748e-05	0.00405553262680769	6.540994218084961e-05	6.742002733517438e-05	0.00015099288430064917	0.00010739652498159558	5.642584801535122e-05
728	joy	../syntropy_project/models/model1_0	../syntropy_project/models/model1_0	joy	0.980941116809845	0.0001187642483273521	0.00669364258646965	0.001026661484502256	0.980941116809845	0.002069598063826561	2.5579702196409926e-05	0.00810229405760765	0.00014706393994856626	7.51442858017981e-05	0.00041883368976414204	0.0003345169825479388	4.6846795157762244e-05
729	anger	../syntropy_project/models/model1_0	../syntropy_project/models/model1_0	sadness	0.5586064457893372	0.03220682591199875	0.008379391394555569	0.5586064457893372	0.04906003922224045	0.14761874079704285	0.02194407396018505	0.0024182500783354044	0.018371706828475	0.018997812643647194	0.018679261207580566	0.08346734941005707	0.04025008901953697
730	nervousness	../syntropy_project/models/model1_0	../syntropy_project/models/model1_0	nervousness	0.5676377415657043	0.5676377415657043	0.0018780995160341263	0.00155419681686908	0.002674202201887965	0.00044747526408173144	0.002073426730930805	0.38185998797416687	0.002621214371174574	0.0017690364038571715	0.035992659628391266	0.0006894717225804925	0.0008023731061257422
731	joy	../syntropy_project/models/model1_0	../syntropy_project/models/model1_0	joy	0.9649749398231506	0.00012921425513923168	0.030322888866066933	0.0005048429011367261	0.9649749398231506	0.0015537566505372524	3.2305659260600805e-05	0.0019665888976305723	0.00014819588977843523	4.007144889328629e-05	0.00016974416212178767	0.00010238577669952065	5.506279194378294e-05
732	neutral	../syntropy_project/models/model1_0	../syntropy_project/models/model1_0	joy	0.7767632007598877	0.010342486202716827	0.0697842687368393	0.013676377944648266	0.7767632007598877	0.10508021712303162	0.0012148997047916055	0.01608911342918873	0.0011046058498322964	0.0005894743953831494	0.001509309047833085	0.0030516269616782665	0.0007944244425743818
733	confusion	../syntropy_project/models/model1_0	../syntropy_project/models/model1_0	nervousness	0.7261984348297119	0.7261984348297119	0.002908618887886405	0.12909242510795593	0.004971789196133614	0.02172466740012169	0.08684687316417694	0.0011921992991119623	0.004217701964080334	0.001161355641670525	0.0033655534498393536	0.016057444736361504	0.0022629459854215384
734	excitement	../syntropy_project/models/model1_0	../syntropy_project/models/model1_0	sadness	0.610101580619812	0.16059929132461548	0.008485841564834118	0.610101580619812	0.04109407961368561	0.06937603652477264	0.03208586573600769	0.005552154500037432	0.01323236059397459	0.0031637761276215315	0.028910133987665176	0.018848871812224388	0.00855005532503128
735	neutral	../syntropy_project/models/model1_0	../syntropy_project/models/model1_0	joy	0.9468349814414978	0.000180314396857284	0.043558359146118164	0.0004465067759156227	0.9468349814414978	0.004511924460530281	9.820085688261315e-05	0.0021315831691026688	0.00014821991499047726	0.00016401631000917405	0.00047768306103534997	0.0013284884626045823	0.00011965075827902183
736	joy	../syntropy_project/models/model1_0	../syntropy_project/models/model1_0	joy	0.9412417411804199	0.0012151465052738786	0.030154548585414886	0.0051135895773768425	0.9412417411804199	0.01214683149009943	0.00012131033145124093	0.008051848039031029	0.0005422522663138807	9.68456151895225e-05	0.0006664854008704424	0.0004656571545638144	0.00018372178601566702
737	joy	../syntropy_project/models/model1_0	../syntropy_project/models/model1_0	joy	0.9700537323951721	0.0001419920736225322	0.024798424914479256	0.001302237855270505	0.9700537323951721	0.0019270236371085048	1.526271807961166e-05	0.001152177806943655	9.720703383209184e-05	5.585853068623692e-05	0.000225270283408463	0.00019669102039188147	3.4147975384257734e-05
738	neutral	../syntropy_project/models/model1_0	../syntropy_project/models/model1_0	joy	0.5751239061355591	0.0814858078956604	0.17978458106517792	0.08562149107456207	0.5751239061355591	0.03642180189490318	0.0035218463744968176	0.014624875970184803	0.011705894023180008	0.002488392172381282	0.0039914753288030624	0.003250555135309696	0.001979406923055649
739	joy	../syntropy_project/models/model1_0	../syntropy_project/models/model1_0	joy	0.5328724384307861	0.01190719474107027	0.14554698765277863	0.08955459296703339	0.5328724384307861	0.151924729347229	0.007614940404891968	0.02840462140738964	0.010953646153211594	0.0010357389692217112	0.012936025857925415	0.004757143557071686	0.002491963794454932
740	excitement	../syntropy_project/models/model1_0	../syntropy_project/models/model1_0	joy	0.9025804996490479	0.0018025465542450547	0.03357427939772606	0.008500740863382816	0.9025804996490479	0.029934018850326538	0.0005244561471045017	0.010728529654443264	0.0013620206154882908	0.0010861280607059598	0.003910427913069725	0.005139197688549757	0.0008571899379603565
741	neutral	../syntropy_project/models/model1_0	../syntropy_project/models/model1_0	joy	0.9830524921417236	7.27590304450132e-05	0.008653960190713406	0.0006560515030287206	0.9830524921417236	0.0026393793523311615	6.305476563284174e-05	0.003140432294458151	0.0007018159376457334	3.149713666061871e-05	0.00043659607763402164	0.0004751732340082526	7.689394260523841e-05
742	surprise	../syntropy_project/models/model1_0	../syntropy_project/models/model1_0	joy	0.9781112670898438	0.001270521548576653	0.007170971482992172	0.005298486910760403	0.9781112670898438	0.0019556961487978697	9.11553725018166e-05	0.0037533435970544815	0.000665739004034549	8.971612260211259e-05	0.0006173586589284241	0.0008480396354570985	0.00012773457274306566
743	excitement	../syntropy_project/models/model1_0	../syntropy_project/models/model1_0	joy	0.9737080931663513	0.0006582543719559908	0.016270408406853676	0.0015424586599692702	0.9737080931663513	0.0017492303159087896	4.798189183929935e-05	0.00512420479208231	0.00021315251069609076	7.816490688128397e-05	0.00028111293795518577	0.00025523523800075054	7.162553811213002e-05
744	pride	../syntropy_project/models/model1_0	../syntropy_project/models/model1_0	pride	0.9863009452819824	0.0005122550646774471	0.00013926044630352408	0.00026843431987799704	0.0015467031626030803	0.00022237801749724895	4.775669003720395e-05	0.9863009452819824	0.00010028975520981476	0.00032094985363073647	0.010398844256997108	6.166822277009487e-05	8.060030086198822e-05
745	excitement	../syntropy_project/models/model1_0	../syntropy_project/models/model1_0	neutral	0.7587794661521912	0.002430291846394539	0.16867941617965698	0.006586490198969841	0.036919936537742615	0.7587794661521912	0.0012671834556385875	0.0043148198164999485	0.014391501434147358	0.0007228978793136775	0.0006114622810855508	0.0037278069648891687	0.0015687209088355303
746	embarrassment	../syntropy_project/models/model1_0	../syntropy_project/models/model1_0	sadness	0.5495443940162659	0.012507888488471508	0.0018330543534830213	0.5495443940162659	0.004170015454292297	0.08343179523944855	0.011840061284601688	0.0030755435582250357	0.03155653551220894	0.004079760517925024	0.2202143371105194	0.0738927572965622	0.0038538856897503138
747	pride	../syntropy_project/models/model1_0	../syntropy_project/models/model1_0	excitement	0.5491803288459778	0.0026989467442035675	0.5491803288459778	0.008200045675039291	0.08709146082401276	0.31804358959198	0.003593943314626813	0.007307129446417093	0.011979040689766407	0.00033654842991381884	0.002617458812892437	0.00657209986820817	0.0023793443106114864
748	neutral	../syntropy_project/models/model1_0	../syntropy_project/models/model1_0	joy	0.6785432696342468	0.007994767278432846	0.17521466314792633	0.0689377412199974	0.6785432696342468	0.055235911160707474	0.0013887365348637104	0.005125124007463455	0.0031820449512451887	0.00042433413909748197	0.0014725516084581614	0.0018203502986580133	0.0006604734808206558
749	joy	../syntropy_project/models/model1_0	../syntropy_project/models/model1_0	joy	0.6565468907356262	0.01220718864351511	0.284479558467865	0.022729698568582535	0.6565468907356262	0.007156784646213055	0.0005314954905770719	0.009172704070806503	0.0026435370091348886	0.0011165341129526496	0.0008117774268612266	0.002099084435030818	0.0005047027952969074
750	neutral	../syntropy_project/models/model1_0	../syntropy_project/models/model1_0	joy	0.6811506748199463	0.03484033793210983	0.06022202596068382	0.10726612061262131	0.6811506748199463	0.08920709043741226	0.002682438353076577	0.008567812852561474	0.006712642032653093	0.0006157918833196163	0.0030298721976578236	0.003649092046543956	0.0020561055280268192
751	joy	../syntropy_project/models/model1_0	../syntropy_project/models/model1_0	joy	0.9867091774940491	0.00010160798410652205	0.00568643631413579	0.0005672802799381316	0.9867091774940491	0.0007734577520750463	1.886084100988228e-05	0.005722168833017349	4.926776819047518e-05	3.228388595744036e-05	0.00019789482757914811	0.00010166372521780431	3.990502227679826e-05
752	neutral	../syntropy_project/models/model1_0	../syntropy_project/models/model1_0	nervousness	0.502633810043335	0.502633810043335	0.053601525723934174	0.02153208665549755	0.238984614610672	0.049574218690395355	0.021243447437882423	0.08310989290475845	0.00243321037851274	0.004937466233968735	0.008292259648442268	0.011415703222155571	0.0022417474538087845
753	sadness	../syntropy_project/models/model1_0	../syntropy_project/models/model1_0	sadness	0.9096567034721375	0.023804929107427597	0.001885171514004469	0.9096567034721375	0.006107268389314413	0.02751591056585312	0.01906811259686947	0.0010533545864745975	0.002577746519818902	0.0010272589279338717	0.0022403730545192957	0.0030649148393422365	0.001998210558667779
754	embarrassment	../syntropy_project/models/model1_0	../syntropy_project/models/model1_0	joy	0.6775113344192505	0.029069295153021812	0.013930555433034897	0.03347140550613403	0.6775113344192505	0.08977960050106049	0.004292717669159174	0.08420290052890778	0.004078956786543131	0.006167478393763304	0.040141697973012924	0.013939199969172478	0.003414889331907034
755	excitement	../syntropy_project/models/model1_0	../syntropy_project/models/model1_0	excitement	0.5701680779457092	0.0277795922011137	0.5701680779457092	0.006895042955875397	0.3421468436717987	0.026917843148112297	0.001579044503159821	0.011789387091994286	0.004374879878014326	0.0019456746522337198	0.002682640217244625	0.0026915583293884993	0.001029408536851406
756	joy	../syntropy_project/models/model1_0	../syntropy_project/models/model1_0	joy	0.7404212951660156	0.012331157922744751	0.059514183551073074	0.03542076051235199	0.7404212951660156	0.12591570615768433	0.0020762276835739613	0.016453009098768234	0.0017420792719349265	0.0017129955813288689	0.001469540293328464	0.0019927737303078175	0.0009503291803412139
757	joy	../syntropy_project/models/model1_0	../syntropy_project/models/model1_0	joy	0.9531235694885254	0.00016464380314573646	0.029347149655222893	0.0034543059300631285	0.9531235694885254	0.004429105669260025	3.284918420831673e-05	0.00865243375301361	0.0002610635419841856	7.272941002156585e-05	0.00025512135471217334	0.00015485066978726536	5.217701618676074e-05
758	pride	../syntropy_project/models/model1_0	../syntropy_project/models/model1_0	pride	0.9933245182037354	0.0006911283708177507	0.0016580873634666204	0.00017313384159933776	0.0016021932242438197	0.00020159022824373096	4.4521944801090285e-05	0.9933245182037354	0.0004429957189131528	0.00020445258996915072	0.0014927946031093597	2.1369360183598474e-05	0.00014327642566058785
759	excitement	../syntropy_project/models/model1_0	../syntropy_project/models/model1_0	disgust	0.33861273527145386	0.0032625338062644005	0.03156915679574013	0.045149367302656174	0.1455194354057312	0.32484301924705505	0.007291042245924473	0.005640965420752764	0.0024329458829015493	0.012308171018958092	0.06523235142230988	0.01813831925392151	0.33861273527145386
760	pride	../syntropy_project/models/model1_0	../syntropy_project/models/model1_0	joy	0.8303562998771667	0.00935196503996849	0.10337772220373154	0.004741526674479246	0.8303562998771667	0.01772826910018921	0.0003962430637329817	0.028170345351099968	0.0016326691256836057	0.0005262040649540722	0.0019087052205577493	0.0014838377246633172	0.00032613903749734163
761	confusion	../syntropy_project/models/model1_0	../syntropy_project/models/model1_0	neutral	0.5716395378112793	0.01238026563078165	0.003631911240518093	0.16342279314994812	0.016603684052824974	0.5716395378112793	0.02245311066508293	0.004629728849977255	0.02182181179523468	0.002328084781765938	0.01859109476208687	0.1551092118024826	0.007388730999082327
762	joy	../syntropy_project/models/model1_0	../syntropy_project/models/model1_0	joy	0.6522762775421143	0.00016016462177503854	0.33769211173057556	0.00019995296315755695	0.6522762775421143	0.0026440387591719627	4.5190899982117116e-05	0.005122480448335409	0.0011765793897211552	0.0001599368843017146	0.00019012150005437434	0.00025689948233775795	7.630158506799489e-05
763	neutral	../syntropy_project/models/model1_0	../syntropy_project/models/model1_0	joy	0.9570220112800598	0.00022595449991058558	0.03586392477154732	0.00221563340164721	0.9570220112800598	0.0020342948846518993	2.4528942958568223e-05	0.0022106817923486233	0.00010634187492541969	3.819121775450185e-05	0.00011176719272043556	0.0001150860043708235	3.163667133776471e-05
764	joy	../syntropy_project/models/model1_0	../syntropy_project/models/model1_0	joy	0.8973077535629272	0.001112661324441433	0.05376465246081352	0.03237154334783554	0.8973077535629272	0.0072079929523169994	0.00013816800492350012	0.006031024269759655	0.0004343697801232338	0.00016741959552746266	0.0005960467969998717	0.0007300860597752035	0.00013823721383232623
765	joy	../syntropy_project/models/model1_0	../syntropy_project/models/model1_0	joy	0.9795748591423035	7.062668009893969e-05	0.015460506081581116	0.0005030917236581445	0.9795748591423035	0.0008510563638992608	2.1516843844437972e-05	0.003071257146075368	0.00019947203691117465	2.2081407223595306e-05	0.00011789239943027496	7.718709093751386e-05	3.048422877327539e-05
766	excitement	../syntropy_project/models/model1_0	../syntropy_project/models/model1_0	neutral	0.7716712355613708	0.001410370459780097	0.08657867461442947	0.02544756606221199	0.07994624972343445	0.7716712355613708	0.001028569065965712	0.0019283463479951024	0.026758119463920593	0.00040853998507373035	0.0005449168384075165	0.0019492702558636665	0.0023281113244593143
767	excitement	../syntropy_project/models/model1_0	../syntropy_project/models/model1_0	joy	0.904093325138092	0.0012032188242301345	0.052711572498083115	0.002289661206305027	0.904093325138092	0.01729738339781761	0.0003840499266516417	0.017441388219594955	0.0010956524638459086	0.00016268236504402012	0.0017657579155638814	0.0012007680488750339	0.0003544703940860927
768	surprise	../syntropy_project/models/model1_0	../syntropy_project/models/model1_0	joy	0.8288583159446716	0.0036568674258887768	0.01901780255138874	0.006902727298438549	0.8288583159446716	0.007071139756590128	0.00039035239024087787	0.12699797749519348	0.00156351737678051	0.001094304258003831	0.003471377771347761	0.000546964060049504	0.0004286603652872145
769	joy	../syntropy_project/models/model1_0	../syntropy_project/models/model1_0	joy	0.6208339333534241	0.037732262164354324	0.2926637530326843	0.009199836291372776	0.6208339333534241	0.013041381724178791	0.0006877002888359129	0.02097899839282036	0.0012382407439872622	0.0017723985947668552	0.0007787509821355343	0.000675052753649652	0.0003977280866820365
770	excitement	../syntropy_project/models/model1_0	../syntropy_project/models/model1_0	joy	0.6382018327713013	2.908589522121474e-05	0.31847524642944336	0.001545653329230845	0.6382018327713013	0.0351477786898613	0.00013145063712727278	0.00270552234724164	0.002472597174346447	9.519959712633863e-05	0.000386544328648597	0.0005028212326578796	0.00030621979385614395
771	surprise	../syntropy_project/models/model1_0	../syntropy_project/models/model1_0	neutral	0.8664525151252747	0.00040872974204830825	0.06128353998064995	0.006046608090400696	0.029234204441308975	0.8664525151252747	0.0016340897418558598	0.001475070952437818	0.02024342492222786	0.000608811853453517	0.0012323867995291948	0.009468359872698784	0.001912405015900731
772	neutral	../syntropy_project/models/model1_0	../syntropy_project/models/model1_0	joy	0.8770673871040344	0.0003116123843938112	0.09802007675170898	0.001884344732388854	0.8770673871040344	0.005702114198356867	0.00013224026770330966	0.014843493700027466	0.001137613202445209	0.00015082795289345086	0.00035114382626488805	0.000277088227448985	0.00012213208538014442
773	pride	../syntropy_project/models/model1_0	../syntropy_project/models/model1_0	neutral	0.783351719379425	0.00012390557094477117	0.0442160926759243	0.006940365768969059	0.11414984613656998	0.783351719379425	0.0010528177954256535	0.0013479781337082386	0.03686791658401489	0.00017710121755953878	0.001900136354379356	0.003948362544178963	0.005923786200582981
774	confusion	../syntropy_project/models/model1_0	../syntropy_project/models/model1_0	sadness	0.6477788090705872	0.04221709445118904	0.008298145607113838	0.6477788090705872	0.02345551736652851	0.24054735898971558	0.008326191455125809	0.0015384238213300705	0.005499160848557949	0.0012587950332090259	0.002578220795840025	0.015491602942347527	0.0030106559861451387
775	neutral	../syntropy_project/models/model1_0	../syntropy_project/models/model1_0	joy	0.6887499690055847	0.0005245674401521683	0.2797764241695404	0.0016434731660410762	0.6887499690055847	0.011048145592212677	0.00047223884030245245	0.006311884615570307	0.007848592475056648	0.0001441577187506482	0.0014004362747073174	0.0014810849679633975	0.0005990311037749052
776	excitement	../syntropy_project/models/model1_0	../syntropy_project/models/model1_0	joy	0.9252772331237793	2.0449579096748494e-05	0.07099060714244843	0.0002818874781951308	0.9252772331237793	0.0016622948460280895	3.2716969144530594e-05	0.0011175110703334212	0.0003285362327005714	2.9213020752649754e-05	0.00010543797543505207	8.800208888715133e-05	6.599958578590304e-05
777	nervousness	../syntropy_project/models/model1_0	../syntropy_project/models/model1_0	nervousness	0.7730391025543213	0.7730391025543213	0.008798464201390743	0.05521544814109802	0.006790460087358952	0.006496886257082224	0.12663231790065765	0.0019014262361451983	0.0027661947533488274	0.004112154245376587	0.005273933056741953	0.003941915929317474	0.005031771957874298
778	excitement	../syntropy_project/models/model1_0	../syntropy_project/models/model1_0	joy	0.9046757817268372	0.00040678714867681265	0.06129449978470802	0.001674247207120061	0.9046757817268372	0.012800542637705803	0.0003576945746317506	0.015460984781384468	0.0019158569630235434	6.035434489604086e-05	0.0007422815542668104	0.00035274698166176677	0.0002582194865681231
779	excitement	../syntropy_project/models/model1_0	../syntropy_project/models/model1_0	joy	0.8594844937324524	0.00370437977835536	0.07232046872377396	0.01665046252310276	0.8594844937324524	0.03537346422672272	0.0004868962278123945	0.006699844263494015	0.0017606025794520974	0.000408937776228413	0.0007034807931631804	0.0017147380858659744	0.0006923339678905904
780	neutral	../syntropy_project/models/model1_0	../syntropy_project/models/model1_0	neutral	0.3879438638687134	0.001704810420051217	0.051865264773368835	0.04031938686966896	0.3570353388786316	0.3879438638687134	0.006044293288141489	0.022044498473405838	0.055152252316474915	0.0014953287318348885	0.02816786617040634	0.018136730417609215	0.03009050153195858
781	excitement	../syntropy_project/models/model1_0	../syntropy_project/models/model1_0	joy	0.9514811635017395	7.650976476725191e-05	0.04260941967368126	0.0007236649398691952	0.9514811635017395	0.0012909983051940799	1.5760489986860193e-05	0.003311340929940343	0.00018362650007475168	3.644777098088525e-05	0.0001458237529732287	8.868223085300997e-05	3.656534317997284e-05
782	nervousness	../syntropy_project/models/model1_0	../syntropy_project/models/model1_0	nervousness	0.7048513889312744	0.7048513889312744	0.06806161254644394	0.12035390734672546	0.01943878084421158	0.029455028474330902	0.02026621252298355	0.00419079652056098	0.01063491404056549	0.003435430582612753	0.003205635119229555	0.01492286566644907	0.0011833824682980776
783	excitement	../syntropy_project/models/model1_0	../syntropy_project/models/model1_0	joy	0.983618974685669	6.43899038550444e-05	0.008624732494354248	0.0005967580364085734	0.983618974685669	0.002320932224392891	4.02138612116687e-05	0.003603733377531171	0.0002910047769546509	5.0909118726849556e-05	0.0002697541785892099	0.000459079397842288	5.957842222414911e-05
784	embarrassment	../syntropy_project/models/model1_0	../syntropy_project/models/model1_0	anger	0.512186586856842	0.026331240311264992	0.001626776298508048	0.21524998545646667	0.014741183258593082	0.08716300129890442	0.007886448875069618	0.0036886800080537796	0.0005584422615356743	0.512186586856842	0.03696402907371521	0.009003395214676857	0.08460026234388351
785	pride	../syntropy_project/models/model1_0	../syntropy_project/models/model1_0	neutral	0.8528998494148254	0.002122501377016306	0.05898524820804596	0.03488834202289581	0.028872784227132797	0.8528998494148254	0.001407351461239159	0.003516523400321603	0.011202529072761536	0.0004319352738093585	0.0014098500832915306	0.0021216131281107664	0.0021415988449007273
786	neutral	../syntropy_project/models/model1_0	../syntropy_project/models/model1_0	sadness	0.9418092370033264	0.014118906110525131	0.005945091601461172	0.9418092370033264	0.006945198867470026	0.007608421612530947	0.011336359195411205	0.0002557227562647313	0.0013731273356825113	0.0006603490328416228	0.001546184765174985	0.004726522136479616	0.0036748878192156553
787	excitement	../syntropy_project/models/model1_0	../syntropy_project/models/model1_0	joy	0.7365264296531677	0.004360956605523825	0.143894225358963	0.008274449966847897	0.7365264296531677	0.04721973091363907	0.0020430495496839285	0.029402462765574455	0.01643495075404644	0.0006097659934312105	0.006062015891075134	0.0034781992435455322	0.0016937443288043141
788	joy	../syntropy_project/models/model1_0	../syntropy_project/models/model1_0	joy	0.8722662925720215	0.003151719458401203	0.0063625662587583065	0.03307386115193367	0.8722662925720215	0.008196171373128891	0.0005184788024052978	0.06926798820495605	0.0012769827153533697	0.0005123027367517352	0.0043520694598555565	0.0006637967890128493	0.00035779044264927506
789	neutral	../syntropy_project/models/model1_0	../syntropy_project/models/model1_0	joy	0.7960557341575623	0.014586682431399822	0.020679516717791557	0.05850064381957054	0.7960557341575623	0.07466762512922287	0.0015555513091385365	0.02752036042511463	0.00021426714374683797	0.002724372548982501	0.0011473706690594554	0.001164889195933938	0.0011828577844426036
790	neutral	../syntropy_project/models/model1_0	../syntropy_project/models/model1_0	joy	0.5487546920776367	0.003071199869737029	0.1717073917388916	0.008779977448284626	0.5487546920776367	0.18721520900726318	0.004121236968785524	0.028961867094039917	0.010016655549407005	0.001090178731828928	0.016550343483686447	0.018470516428351402	0.0012607089010998607
791	neutral	../syntropy_project/models/model1_0	../syntropy_project/models/model1_0	joy	0.7896121740341187	0.04176077991724014	0.07814536243677139	0.03216278553009033	0.7896121740341187	0.03393304720520973	0.001720787025988102	0.011912180110812187	0.0037064256612211466	0.0005429371376521885	0.002528466982766986	0.0033547913189977407	0.0006202600779943168
792	pride	../syntropy_project/models/model1_0	../syntropy_project/models/model1_0	neutral	0.5533909201622009	0.04436151683330536	0.006645075045526028	0.27923867106437683	0.023713085800409317	0.5533909201622009	0.015675827860832214	0.012465803883969784	0.00313783367164433	0.01820126362144947	0.006256995256990194	0.03075895644724369	0.00615399144589901
793	excitement	../syntropy_project/models/model1_0	../syntropy_project/models/model1_0	joy	0.7667616009712219	0.0003678645007312298	0.100618377327919	0.006218898110091686	0.7667616009712219	0.09357544034719467	0.0009847109904512763	0.005771103780716658	0.017861412838101387	8.570648788008839e-05	0.0022814960684627295	0.0028060181066393852	0.0026672882959246635
794	joy	../syntropy_project/models/model1_0	../syntropy_project/models/model1_0	joy	0.9747803807258606	8.775812602834776e-05	0.01893940567970276	0.0008740360499359667	0.9747803807258606	0.0014715696452185512	3.952498809667304e-05	0.002953308867290616	0.00041381028131581843	3.232920789741911e-05	0.0001674834784353152	0.00018612176063470542	5.416446947492659e-05
795	neutral	../syntropy_project/models/model1_0	../syntropy_project/models/model1_0	joy	0.953234076499939	0.0005255682044662535	0.03545942157506943	0.0018438599072396755	0.953234076499939	0.00435931421816349	0.00014501911937259138	0.002669544192031026	0.0005135893006809056	5.7477376685710624e-05	0.0005760364583693445	0.0004990655579604208	0.0001171281110146083
796	joy	../syntropy_project/models/model1_0	../syntropy_project/models/model1_0	joy	0.8828699588775635	0.00044366097426973283	0.09558186680078506	0.0019091003341600299	0.8828699588775635	0.012096285820007324	0.0002077940880553797	0.00444781081750989	0.0006483964389190078	8.760543278185651e-05	0.0007079989882186055	0.0008581596775911748	0.00014140155690256506
797	joy	../syntropy_project/models/model1_0	../syntropy_project/models/model1_0	joy	0.8430243730545044	0.0006130522815510631	0.013624215498566628	0.0009230604628100991	0.8430243730545044	0.0009312023757956922	4.6457105781883e-05	0.1393754929304123	0.00011150581849506125	0.0002650738169904798	0.0008665484492667019	0.00015508652722928673	6.390460475813597e-05
798	pride	../syntropy_project/models/model1_0	../syntropy_project/models/model1_0	pride	0.9943699836730957	0.0005690358229912817	0.00024118700821418315	7.456356252077967e-05	0.000379404635168612	0.00014581569121219218	0.00015616924792993814	0.9943699836730957	7.114016625564545e-05	0.0003377208486199379	0.003523864084854722	3.812251452472992e-05	9.297027281718329e-05
799	joy	../syntropy_project/models/model1_0	../syntropy_project/models/model1_0	joy	0.9348392486572266	0.00043543093488551676	0.056084029376506805	0.0009133498533628881	0.9348392486572266	0.0009347520535811782	4.224392250762321e-05	0.005901215132325888	0.00010271154314978048	0.00022896664449945092	0.00022583494137506932	0.00024111478705890477	5.109209450893104e-05
800	joy	../syntropy_project/models/model1_0	../syntropy_project/models/model1_0	joy	0.875863254070282	0.0005063820281066	0.07686969637870789	0.010301191359758377	0.875863254070282	0.025392161682248116	0.00012735907512251288	0.00829600915312767	0.0004515299224294722	0.0005076520028524101	0.0004671846400015056	0.001029946724884212	0.00018768245354294777
801	embarrassment	../syntropy_project/models/model1_0	../syntropy_project/models/model1_0	joy	0.878868579864502	0.0006143676582723856	0.00913160853087902	0.03202707692980766	0.878868579864502	0.04114271327853203	0.0007126378477551043	0.0031689924653619528	0.0005882852128706872	0.0015238560736179352	0.016557320952415466	0.005472435150295496	0.010192079469561577
802	neutral	../syntropy_project/models/model1_0	../syntropy_project/models/model1_0	joy	0.8988263607025146	0.0006378626567311585	0.0608983039855957	0.001786493812687695	0.8988263607025146	0.012244190089404583	0.00010082650260301307	0.0222909078001976	0.0010520459618419409	0.00013734745152760297	0.000989612890407443	0.0009235526085831225	0.00011241692845942453
803	joy	../syntropy_project/models/model1_0	../syntropy_project/models/model1_0	joy	0.458594411611557	0.0002775788598228246	0.38773298263549805	0.0009870609501376748	0.458594411611557	0.033512506633996964	0.0012965271016582847	0.01221022754907608	0.09711942821741104	9.537288860883564e-05	0.002766971942037344	0.001922138617374003	0.0034847797360271215
804	neutral	../syntropy_project/models/model1_0	../syntropy_project/models/model1_0	joy	0.9410226345062256	0.0005043739220127463	0.025504393503069878	0.005433139856904745	0.9410226345062256	0.01835126243531704	0.00022201226965989918	0.005758329760283232	0.0006908440263941884	0.00015489851648453623	0.0012193883303552866	0.000889613467734307	0.0002490950282663107
805	sadness	../syntropy_project/models/model1_0	../syntropy_project/models/model1_0	sadness	0.9915540218353271	0.0034228365402668715	0.0003221516089979559	0.9915540218353271	0.0008178325952030718	0.0007412141421809793	0.0015410375781357288	0.0001255610550288111	0.00021414925868157297	0.00021635540178976953	0.00046308612218126655	0.0002349346614209935	0.0003466560738161206
806	joy	../syntropy_project/models/model1_0	../syntropy_project/models/model1_0	joy	0.9271398186683655	0.0002546213800087571	0.05980740487575531	0.0028579551726579666	0.9271398186683655	0.005706969648599625	7.443411595886573e-05	0.0019029664108529687	0.0008230734383687377	2.923372812801972e-05	0.00047015713062137365	0.0008211662643589079	0.00011219158477615565
807	joy	../syntropy_project/models/model1_0	../syntropy_project/models/model1_0	joy	0.9348044395446777	7.235479279188439e-05	0.05261476710438728	0.0008199615404009819	0.9348044395446777	0.008335940539836884	6.635395402554423e-05	0.0017433208413422108	0.0007318682037293911	2.7796604626928456e-05	0.0002420926612103358	0.00044228057959116995	9.873358067125082e-05
808	excitement	../syntropy_project/models/model1_0	../syntropy_project/models/model1_0	joy	0.8555793166160583	0.0002180523006245494	0.06256093084812164	0.01304241456091404	0.8555793166160583	0.04732244834303856	0.00018866696336772293	0.017910724505782127	0.0007628707098774612	0.0005572941736318171	0.0006248146528378129	0.0008192174136638641	0.0004131937166675925
809	excitement	../syntropy_project/models/model1_0	../syntropy_project/models/model1_0	excitement	0.9977999925613403	0.00010711635695770383	0.9977999925613403	2.237060652987566e-05	0.0011985610472038388	0.00042968380148522556	6.3938036873878445e-06	9.247313573723659e-05	0.0003084984782617539	9.428023986401968e-06	4.083080057171173e-06	1.602413976797834e-05	5.392431376094464e-06
810	pride	../syntropy_project/models/model1_0	../syntropy_project/models/model1_0	joy	0.9566102623939514	0.001793651026673615	0.019306926056742668	0.0045532528311014175	0.9566102623939514	0.008862491697072983	0.0001741918094921857	0.005804975982755423	0.0009514260455034673	0.00016062305076047778	0.0006097456207498908	0.0009603698272258043	0.00021208796533755958
811	neutral	../syntropy_project/models/model1_0	../syntropy_project/models/model1_0	joy	0.9840989708900452	8.103545405901968e-05	0.011340538039803505	0.0008797763148322701	0.9840989708900452	0.0008456729119643569	1.653637991694268e-05	0.0024268627166748047	4.628644455806352e-05	5.335565947461873e-05	0.00011566851026145741	6.386548921000212e-05	3.1393014069180936e-05
812	joy	../syntropy_project/models/model1_0	../syntropy_project/models/model1_0	joy	0.6764622330665588	0.0006273019243963063	0.10873328894376755	0.009035651572048664	0.6764622330665588	0.14027251303195953	0.0011549914488568902	0.011257674545049667	0.03362717479467392	8.552081271773204e-05	0.0041188206523656845	0.013435420580208302	0.0011894113849848509
813	excitement	../syntropy_project/models/model1_0	../syntropy_project/models/model1_0	joy	0.9438950419425964	4.7849327529547736e-05	0.048376455903053284	0.0004929150454699993	0.9438950419425964	0.004060989711433649	9.209031122736633e-05	0.0017204595496878028	0.0005220314487814903	3.375316737219691e-05	0.0003172336728312075	0.0003533233830239624	8.777470065979287e-05
814	excitement	../syntropy_project/models/model1_0	../syntropy_project/models/model1_0	joy	0.8315913677215576	0.0006239366484805942	0.15504422783851624	0.0012009970378130674	0.8315913677215576	0.0014882296090945601	8.06075258878991e-05	0.009057505056262016	0.000333642732584849	0.00015110567619558424	0.0002591802040114999	9.274843614548445e-05	7.657692913198844e-05
815	joy	../syntropy_project/models/model1_0	../syntropy_project/models/model1_0	joy	0.47766855359077454	0.0017234771512448788	0.22721248865127563	0.046427082270383835	0.47766855359077454	0.1811879724264145	0.0016504680970683694	0.008858882822096348	0.0476742647588253	0.0001494355674367398	0.003732901532202959	0.002646018983796239	0.0010684533044695854
816	pride	../syntropy_project/models/model1_0	../syntropy_project/models/model1_0	joy	0.8044528365135193	0.0020195129327476025	0.16171744465827942	0.006729194428771734	0.8044528365135193	0.010194480419158936	0.0006192331784404814	0.01020380761474371	0.002449960447847843	0.00013341859448701143	0.0006152938003651798	0.0005413356702774763	0.00032351736444979906
817	neutral	../syntropy_project/models/model1_0	../syntropy_project/models/model1_0	joy	0.983373761177063	7.285895117092878e-05	0.01012150477617979	0.0012159509351477027	0.983373761177063	0.001758759142830968	5.1566679758252576e-05	0.001957849832251668	0.00040284681017510593	3.284351623733528e-05	0.00037073605926707387	0.0005488959141075611	9.243205568054691e-05
818	surprise	../syntropy_project/models/model1_0	../syntropy_project/models/model1_0	joy	0.7052914500236511	0.0001457858015783131	0.10481348633766174	0.004535815212875605	0.7052914500236511	0.16417981684207916	0.000674597395118326	0.004458476789295673	0.006762512493878603	0.0002476093068253249	0.0022666880395263433	0.0049264151602983475	0.0016973164165392518
819	joy	../syntropy_project/models/model1_0	../syntropy_project/models/model1_0	joy	0.9804788827896118	0.00014652412210125476	0.014019202440977097	0.0009557157172821462	0.9804788827896118	0.0008447302388958633	2.5015977371367626e-05	0.0030893879011273384	3.795777593040839e-05	8.261900075012818e-05	0.00017318535537924618	0.00010948663839371875	3.7326626625144854e-05
820	surprise	../syntropy_project/models/model1_0	../syntropy_project/models/model1_0	surprise	0.9938232898712158	1.5651074136258103e-05	0.003393783001229167	7.799884770065546e-05	0.00023656737175770104	0.0015683902893215418	4.105976040591486e-05	0.00011978753900621086	0.9938232898712158	1.182079586214968e-06	0.00023069072631187737	0.0004063555970788002	8.518870163243264e-05
821	pride	../syntropy_project/models/model1_0	../syntropy_project/models/model1_0	embarrassment	0.2855454087257385	0.046199459582567215	0.0009000505669973791	0.2290334850549698	0.009445474483072758	0.007674540393054485	0.003125136950984597	0.2266024947166443	0.0008280559559352696	0.17619046568870544	0.2855454087257385	0.0019099044147878885	0.012545579113066196
822	excitement	../syntropy_project/models/model1_0	../syntropy_project/models/model1_0	neutral	0.6515414118766785	0.002958271186798811	0.042962051928043365	0.01922972872853279	0.17202571034431458	0.6515414118766785	0.005441454704850912	0.01310583483427763	0.013069216161966324	0.0022682426497340202	0.013745483011007309	0.059957340359687805	0.0036952923983335495
823	nervousness	../syntropy_project/models/model1_0	../syntropy_project/models/model1_0	joy	0.8948075175285339	0.0012534683337435126	0.01795453205704689	0.012412947602570057	0.8948075175285339	0.05079294368624687	0.0006365719600580633	0.01588677614927292	0.0013475430896505713	0.00026754263672046363	0.002138328505679965	0.0020393782760947943	0.0004625496221706271
824	excitement	../syntropy_project/models/model1_0	../syntropy_project/models/model1_0	joy	0.2842147946357727	0.030607322230935097	0.18597036600112915	0.017597287893295288	0.2842147946357727	0.2673591673374176	0.01570473052561283	0.08536925911903381	0.07321257889270782	0.003355623222887516	0.022246595472097397	0.009427857585251331	0.004934436641633511
825	sadness	../syntropy_project/models/model1_0	../syntropy_project/models/model1_0	surprise	0.47475510835647583	0.0015056876000016928	0.33436858654022217	0.04411468282341957	0.09201732277870178	0.031589385122060776	0.0019439979223534465	0.009147297590970993	0.47475510835647583	0.00044320442248135805	0.004388711880892515	0.005171698983758688	0.0005543670267798007
826	pride	../syntropy_project/models/model1_0	../syntropy_project/models/model1_0	excitement	0.3516264259815216	0.015306887216866016	0.3516264259815216	0.0310048870742321	0.1589363068342209	0.34732499718666077	0.006277163978666067	0.047929733991622925	0.01607809215784073	0.0033419751562178135	0.006985567044466734	0.012793836183845997	0.0023941064719110727
827	joy	../syntropy_project/models/model1_0	../syntropy_project/models/model1_0	joy	0.845307469367981	0.0009052332025021315	0.08661701530218124	0.013315091840922832	0.845307469367981	0.041906505823135376	0.0002461474505253136	0.005706838797777891	0.002484237775206566	0.00014047118020243943	0.001391247846186161	0.0016247297171503305	0.00035510817542672157
828	nervousness	../syntropy_project/models/model1_0	../syntropy_project/models/model1_0	pride	0.8226848244667053	0.10190832614898682	0.002491988707333803	0.010247193276882172	0.008420289494097233	0.0015658190241083503	0.0008500789990648627	0.8226848244667053	0.0008940953412093222	0.008127426728606224	0.04042235389351845	0.0010172880720347166	0.0013703049626201391
829	joy	../syntropy_project/models/model1_0	../syntropy_project/models/model1_0	joy	0.9853106737136841	6.727878644596785e-05	0.01088033989071846	0.0005070812767371535	0.9853106737136841	0.0015462437877431512	1.9166061974829063e-05	0.001213100622408092	6.485495396191254e-05	2.912272793764714e-05	0.00011604859901126474	0.0002066634624497965	3.934912456315942e-05
830	joy	../syntropy_project/models/model1_0	../syntropy_project/models/model1_0	joy	0.9556922912597656	3.34527030645404e-05	0.036224912852048874	0.0014066343428567052	0.9556922912597656	0.0035879984498023987	4.454827285371721e-05	0.0020499234087765217	0.0005889523890800774	2.1632662537740543e-05	0.00014085337170399725	0.00014494430797640234	6.385963934008032e-05
831	neutral	../syntropy_project/models/model1_0	../syntropy_project/models/model1_0	joy	0.4787578880786896	0.022758623585104942	0.05562475323677063	0.16476547718048096	0.4787578880786896	0.1694781333208084	0.007043407764285803	0.013047067448496819	0.06980977952480316	0.00044775125570595264	0.007563888560980558	0.0069677322171628475	0.00373549060896039
832	pride	../syntropy_project/models/model1_0	../syntropy_project/models/model1_0	joy	0.9033427834510803	0.0007166995783336461	0.017233144491910934	0.01742512919008732	0.9033427834510803	0.015191309154033661	0.00025793100940063596	0.039027053862810135	0.00027923908783122897	0.001908163889311254	0.003235636744648218	0.001047679572366178	0.0003352486528456211
833	pride	../syntropy_project/models/model1_0	../syntropy_project/models/model1_0	joy	0.9648949503898621	0.00010812957771122456	0.02214106358587742	0.0006440652068704367	0.9648949503898621	0.004734952002763748	3.535264477250166e-05	0.006070074159651995	0.0002493417414370924	3.9331156585831195e-05	0.0005139413406141102	0.0004253490478731692	0.00014340122288558632
834	excitement	../syntropy_project/models/model1_0	../syntropy_project/models/model1_0	excitement	0.3622145354747772	6.52197195449844e-05	0.3622145354747772	0.001844582729972899	0.256237268447876	0.31228965520858765	0.0010295916581526399	0.0033636796288192272	0.05242019146680832	8.476680523017421e-05	0.0010886453092098236	0.009042366407811642	0.0003195730096194893
835	excitement	../syntropy_project/models/model1_0	../syntropy_project/models/model1_0	surprise	0.5640959143638611	6.979899626458064e-05	0.2054709941148758	0.0005235061980783939	0.21713687479496002	0.006144684739410877	0.00027575515559874475	0.002962566912174225	0.5640959143638611	1.4731329429196194e-05	0.0015028980560600758	0.0015067376662045717	0.0002956263197120279
836	excitement	../syntropy_project/models/model1_0	../syntropy_project/models/model1_0	joy	0.7465608716011047	0.0552978515625	0.03959372267127037	0.06625725328922272	0.7465608716011047	0.05657243728637695	0.0031996164470911026	0.02655060775578022	0.001678614178672433	0.0007857923628762364	0.0013990093721076846	0.0012478494318202138	0.0008564557647332549
837	neutral	../syntropy_project/models/model1_0	../syntropy_project/models/model1_0	joy	0.7111098766326904	0.0008415034972131252	0.02121877670288086	0.18978415429592133	0.7111098766326904	0.04026884213089943	0.0005939314141869545	0.030664360150694847	0.001843050355091691	0.000262698158621788	0.0018486252520233393	0.0010585786076262593	0.0005054780631326139
838	pride	../syntropy_project/models/model1_0	../syntropy_project/models/model1_0	pride	0.9325856566429138	0.0014754796866327524	0.004078342113643885	0.0010640310356393456	0.05579318106174469	0.0002727978571783751	6.0527032474055886e-05	0.9325856566429138	0.00015050866932142526	0.0007808101363480091	0.003520405851304531	0.00010363921319367364	0.00011461917165433988
839	neutral	../syntropy_project/models/model1_0	../syntropy_project/models/model1_0	neutral	0.8766902089118958	0.0024090080987662077	0.016969474032521248	0.009568990208208561	0.07764237374067307	0.8766902089118958	0.0031770553905516863	0.002437358256429434	0.0034873865079134703	0.0006257066852413118	0.0003841143916361034	0.0013007714878767729	0.005307610146701336
840	anger	../syntropy_project/models/model1_0	../syntropy_project/models/model1_0	sadness	0.7608351111412048	0.023469911888241768	0.016896819695830345	0.7608351111412048	0.01955297589302063	0.0686383992433548	0.01249684114009142	0.0017996291862800717	0.01006777212023735	0.02861572429537773	0.01232791319489479	0.005620610900223255	0.03967832401394844
841	neutral	../syntropy_project/models/model1_0	../syntropy_project/models/model1_0	nervousness	0.955824613571167	0.955824613571167	0.009022300131618977	0.009051822125911713	0.00575296999886632	0.0026488732546567917	0.005743842106312513	0.002195037202909589	0.0002651301911100745	0.007323045749217272	0.00084879738278687	0.000654751667752862	0.0006689178990200162
842	neutral	../syntropy_project/models/model1_0	../syntropy_project/models/model1_0	joy	0.9725066423416138	3.744692730833776e-05	0.02297128364443779	0.000805937685072422	0.9725066423416138	0.002296843333169818	1.10656592369196e-05	0.0011379099451005459	3.0779508961131796e-05	3.985991497756913e-05	5.350694482331164e-05	8.626409544376656e-05	2.2372441890183836e-05
843	nervousness	../syntropy_project/models/model1_0	../syntropy_project/models/model1_0	sadness	0.4550394117832184	0.18788990378379822	0.22801677882671356	0.4550394117832184	0.05644118785858154	0.048135917633771896	0.004257368389517069	0.002358231460675597	0.006690078414976597	0.001940905349329114	0.002675342373549938	0.004382037092000246	0.0021728381980210543
844	pride	../syntropy_project/models/model1_0	../syntropy_project/models/model1_0	joy	0.5161007046699524	0.02915411815047264	0.11505036801099777	0.05843031033873558	0.5161007046699524	0.2399231344461441	0.00487549789249897	0.01924910582602024	0.003089429344981909	0.003235457930713892	0.0018790203612297773	0.00696594500914216	0.0020469140727072954
845	neutral	../syntropy_project/models/model1_0	../syntropy_project/models/model1_0	joy	0.9508188366889954	0.0013601761311292648	0.02176494151353836	0.011617174372076988	0.9508188366889954	0.005928335711359978	0.0002242790797026828	0.0061621577478945255	0.0006348498282022774	7.940922660054639e-05	0.0006373801734298468	0.00051119364798069	0.00026119776885025203
846	excitement	../syntropy_project/models/model1_0	../syntropy_project/models/model1_0	joy	0.5050147175788879	0.0009273910545744002	0.4340730309486389	0.004728560335934162	0.5050147175788879	0.00718123372644186	0.00010279825801262632	0.04246508330106735	0.0036794294137507677	0.00022036903828848153	0.0011462316615507007	0.00027021634741686285	0.00019102712394669652
847	excitement	../syntropy_project/models/model1_0	../syntropy_project/models/model1_0	joy	0.595678448677063	0.00018987561634276062	0.3576720058917999	0.0008477032533846796	0.595678448677063	0.024932967498898506	0.00023222749587148428	0.0051027582958340645	0.013225673697888851	6.619133637286723e-05	0.0008523604483343661	0.0005490754847414792	0.0006506704376079142
848	joy	../syntropy_project/models/model1_0	../syntropy_project/models/model1_0	joy	0.5066315531730652	0.014676152728497982	0.06870885193347931	0.19609595835208893	0.5066315531730652	0.1893421858549118	0.0009920044103637338	0.008267429657280445	0.0019688839092850685	0.0017583079170435667	0.003589735133573413	0.005496948026120663	0.0024718744680285454
849	nervousness	../syntropy_project/models/model1_0	../syntropy_project/models/model1_0	nervousness	0.8976410627365112	0.8976410627365112	0.017327945679426193	0.0381910502910614	0.0034528106916695833	0.008987297303974628	0.015980159863829613	0.0014649436343461275	0.006687000393867493	0.002761713694781065	0.001982009969651699	0.004173353314399719	0.0013507920084521174
850	neutral	../syntropy_project/models/model1_0	../syntropy_project/models/model1_0	joy	0.6748661398887634	0.0043476601131260395	0.04580661281943321	0.1271822154521942	0.6748661398887634	0.07336904108524323	0.0014990896452218294	0.062389545142650604	0.0007989397854544222	0.00421559251844883	0.0029754487331956625	0.001390734571032226	0.0011589862406253815
851	joy	../syntropy_project/models/model1_0	../syntropy_project/models/model1_0	joy	0.914016604423523	0.0003350968472659588	0.051161155104637146	0.0021303475368767977	0.914016604423523	0.023814961314201355	0.00012989665265195072	0.0036373394541442394	0.0017145131714642048	0.0001227852626470849	0.0007225897861644626	0.001964075490832329	0.0002507620374672115
852	joy	../syntropy_project/models/model1_0	../syntropy_project/models/model1_0	sadness	0.3415539860725403	0.2515263557434082	0.022242527455091476	0.3415539860725403	0.05798549950122833	0.2720727026462555	0.018726985901594162	0.007581090088933706	0.0025154994800686836	0.0047998372465372086	0.003815936390310526	0.0059505910612642765	0.011229034513235092
853	excitement	../syntropy_project/models/model1_0	../syntropy_project/models/model1_0	nervousness	0.3477591574192047	0.3477591574192047	0.027264026924967766	0.016124987974762917	0.2830662131309509	0.06984622776508331	0.0052713085897266865	0.2140457183122635	0.0019664501305669546	0.010198894888162613	0.008885621093213558	0.014436905272305012	0.0011344669619575143
854	joy	../syntropy_project/models/model1_0	../syntropy_project/models/model1_0	pride	0.7361669540405273	0.0006266663549467921	0.11476309597492218	0.0013707192847505212	0.13384397327899933	0.00384261691942811	0.0002843458205461502	0.7361669540405273	0.003446375485509634	0.0005081041599623859	0.004416776355355978	0.00044911011354997754	0.00028129396378062665
855	joy	../syntropy_project/models/model1_0	../syntropy_project/models/model1_0	joy	0.7173160314559937	0.00475721200928092	0.19937410950660706	0.009115568362176418	0.7173160314559937	0.04720548167824745	0.0002390965528320521	0.014095026068389416	0.0019169050501659513	0.0005410120938904583	0.0021609258837997913	0.002562181791290641	0.0007164317066781223
856	nervousness	../syntropy_project/models/model1_0	../syntropy_project/models/model1_0	nervousness	0.8519588112831116	0.8519588112831116	0.020221857354044914	0.0625464916229248	0.009389105252921581	0.009421925991773605	0.02277613990008831	0.002999652177095413	0.004205419681966305	0.005773239303380251	0.0031418746802955866	0.005593353416770697	0.0019721724092960358
857	excitement	../syntropy_project/models/model1_0	../syntropy_project/models/model1_0	joy	0.9746626019477844	0.00011540373816387728	0.013748315162956715	0.002272218931466341	0.9746626019477844	0.004684695973992348	8.282664202852175e-05	0.0016233976930379868	0.001070616184733808	5.827971108374186e-05	0.0007513921009376645	0.0007453545113094151	0.00018483422172721475
858	nervousness	../syntropy_project/models/model1_0	../syntropy_project/models/model1_0	nervousness	0.8563107848167419	0.8563107848167419	0.006498323753476143	0.059345584362745285	0.004579909611493349	0.007393605075776577	0.04981915280222893	0.0018904185853898525	0.0016433775890618563	0.0039396872743964195	0.003089134581387043	0.0037350663915276527	0.00175494235008955
859	joy	../syntropy_project/models/model1_0	../syntropy_project/models/model1_0	joy	0.9789072871208191	4.02967089030426e-05	0.014429072849452496	0.001156904036179185	0.9789072871208191	0.003352934494614601	2.8827089408878237e-05	0.0014289128594100475	0.00011097169044660404	4.1548792069079354e-05	0.00015650440764147788	0.0003035375848412514	4.330860610934906e-05
860	excitement	../syntropy_project/models/model1_0	../syntropy_project/models/model1_0	pride	0.9667283296585083	0.0009148308890871704	0.002733509987592697	0.0005824370891787112	0.023484984412789345	0.0010059196501970291	9.542355837766081e-05	0.9667283296585083	9.551442781230435e-05	0.0007396041764877737	0.003254055045545101	0.00022801528393756598	0.00013724177551921457
861	neutral	../syntropy_project/models/model1_0	../syntropy_project/models/model1_0	neutral	0.2648065686225891	0.04772277921438217	0.13735578954219818	0.17713013291358948	0.24997901916503906	0.2648065686225891	0.02412395365536213	0.007972260937094688	0.011729422956705093	0.0026600738056004047	0.011476367712020874	0.04407221078872681	0.020971519872546196
862	nervousness	../syntropy_project/models/model1_0	../syntropy_project/models/model1_0	joy	0.47171682119369507	0.01665753871202469	0.0049417223781347275	0.08770428597927094	0.47171682119369507	0.057565659284591675	0.002217699773609638	0.02314220368862152	0.006794165354222059	0.0019184175180271268	0.04780888557434082	0.2773083448410034	0.0022243105340749025
863	joy	../syntropy_project/models/model1_0	../syntropy_project/models/model1_0	joy	0.7229545712471008	0.0055232299491763115	0.0428021103143692	0.058092571794986725	0.7229545712471008	0.12821975350379944	0.0035715927369892597	0.015762679278850555	0.01504750270396471	0.00019166745187249035	0.003782582702115178	0.0025358188431710005	0.0015159137547016144
864	neutral	../syntropy_project/models/model1_0	../syntropy_project/models/model1_0	sadness	0.5155407786369324	0.15423966944217682	0.013992848806083202	0.5155407786369324	0.04325449839234352	0.16316841542720795	0.04690180718898773	0.005934776272624731	0.002833246486261487	0.014261336997151375	0.007300930097699165	0.022381886839866638	0.010189799591898918
865	neutral	../syntropy_project/models/model1_0	../syntropy_project/models/model1_0	joy	0.7145295143127441	0.005682643968611956	0.23817582428455353	0.015736447647213936	0.7145295143127441	0.013558312319219112	0.0006688486319035292	0.005837594624608755	0.0030757267959415913	0.00030726674594916403	0.0012056614505127072	0.0007639781106263399	0.0004581772955134511
866	surprise	../syntropy_project/models/model1_0	../syntropy_project/models/model1_0	excitement	0.850513756275177	0.0022679204121232033	0.850513756275177	0.008008640259504318	0.05105392262339592	0.07970266044139862	0.0005947555764578283	0.0028958136681467295	0.0032367894891649485	0.0001236077951034531	0.0003854277019854635	0.0008711364353075624	0.0003455009136814624
867	neutral	../syntropy_project/models/model1_0	../syntropy_project/models/model1_0	joy	0.7885491847991943	0.02175716869533062	0.10035424679517746	0.04453111067414284	0.7885491847991943	0.023551682010293007	0.0014514060458168387	0.012167219072580338	0.0034570263233035803	0.0006772506167180836	0.0017154545057564974	0.0012808135943487287	0.0005074671353213489
868	excitement	../syntropy_project/models/model1_0	../syntropy_project/models/model1_0	excitement	0.755469560623169	5.1579565479187295e-05	0.755469560623169	0.0003119909088127315	0.23160675168037415	0.007187194190919399	0.00011070605251006782	0.0016573593020439148	0.0031799713615328074	2.723342549870722e-05	0.00017203684546984732	0.000105146667920053	0.00012043334572808817
869	neutral	../syntropy_project/models/model1_0	../syntropy_project/models/model1_0	joy	0.6623038649559021	0.0007513898890465498	0.18672531843185425	0.00425401795655489	0.6623038649559021	0.1301950216293335	0.00034281302941963077	0.006680196616798639	0.004282699432224035	0.00017583984299562871	0.0014349647099152207	0.002595819067209959	0.00025811188970692456
870	pride	../syntropy_project/models/model1_0	../syntropy_project/models/model1_0	joy	0.9090232253074646	9.485576447332278e-05	0.08131299167871475	0.0010735990945249796	0.9090232253074646	0.003971781115978956	5.620457523036748e-05	0.0032719811424613	0.0005075271474197507	8.626343333162367e-05	0.0002492858620826155	0.0002670425164978951	8.525868179276586e-05
871	joy	../syntropy_project/models/model1_0	../syntropy_project/models/model1_0	joy	0.5595995783805847	4.0322156564798206e-05	0.28645700216293335	0.00196636188775301	0.5595995783805847	0.10390493273735046	0.0005302434437908232	0.00395176000893116	0.039067137986421585	6.161243800306693e-05	0.001288006897084415	0.0015401156852021813	0.001592950546182692
872	pride	../syntropy_project/models/model1_0	../syntropy_project/models/model1_0	pride	0.989845335483551	0.0011754180304706097	0.00220488547347486	8.719883771846071e-05	0.0037170187570154667	6.333422788884491e-05	4.128872387809679e-05	0.989845335483551	0.00010515830217627808	0.0002415083145024255	0.0024535669945180416	4.1338051232742146e-05	2.3939190214150585e-05
873	pride	../syntropy_project/models/model1_0	../syntropy_project/models/model1_0	pride	0.5927016735076904	0.012677403166890144	0.02699386514723301	0.0026354442816227674	0.3557068109512329	0.0013558724895119667	0.00024815797223709524	0.5927016735076904	0.00013284206215757877	0.001301995711401105	0.0060043069534003735	9.90151529549621e-05	0.00014262614422477782
874	joy	../syntropy_project/models/model1_0	../syntropy_project/models/model1_0	joy	0.73067307472229	0.0017146284226328135	0.17987503111362457	0.029004011303186417	0.73067307472229	0.044863611459732056	0.0007331256056204438	0.005854869727045298	0.003918544389307499	0.00017687570652924478	0.0014769001863896847	0.0012953121913596988	0.0004139500088058412
875	neutral	../syntropy_project/models/model1_0	../syntropy_project/models/model1_0	joy	0.9699487686157227	0.000682907470036298	0.009616401046514511	0.003655563574284315	0.9699487686157227	0.010120781138539314	0.00014075225044507533	0.00415610009804368	0.000136304457555525	0.0001957919739652425	0.0006586807430721819	0.0004858827160205692	0.00020214197866152972
876	disgust	../syntropy_project/models/model1_0	../syntropy_project/models/model1_0	sadness	0.6835215091705322	0.048110272735357285	0.04091278463602066	0.6835215091705322	0.06361016631126404	0.06336420774459839	0.004966043401509523	0.0024427908938378096	0.02561737410724163	0.005546206142753363	0.02252480946481228	0.019657252356410027	0.019726587459445
877	nervousness	../syntropy_project/models/model1_0	../syntropy_project/models/model1_0	neutral	0.46276944875717163	0.03742989897727966	0.04290804639458656	0.15531861782073975	0.1928783804178238	0.46276944875717163	0.03223291039466858	0.008803139440715313	0.022439979016780853	0.0028023861814290285	0.012657408602535725	0.023761574178934097	0.005998197477310896
878	anger	../syntropy_project/models/model1_0	../syntropy_project/models/model1_0	excitement	0.23720787465572357	0.08168548345565796	0.23720787465572357	0.1633724570274353	0.21868330240249634	0.09371408820152283	0.0307687409222126	0.008526413701474667	0.14157727360725403	0.0013504093512892723	0.008600780740380287	0.006830563303083181	0.007682544644922018
879	excitement	../syntropy_project/models/model1_0	../syntropy_project/models/model1_0	joy	0.9561322331428528	4.729488864541054e-05	0.03308626264333725	0.000555920647457242	0.9561322331428528	0.004009836353361607	6.162577483337373e-05	0.0031081964261829853	0.0021355152130126953	3.065372220589779e-05	0.00019268388859927654	0.0005551789072342217	8.458203956251964e-05
880	pride	../syntropy_project/models/model1_0	../syntropy_project/models/model1_0	joy	0.9627673625946045	5.86104579269886e-05	0.02602982334792614	0.0006531841354444623	0.9627673625946045	0.004012039862573147	8.666244684718549e-05	0.003070614067837596	0.0016882081981748343	3.471515083219856e-05	0.0007758969441056252	0.0006828598561696708	0.00013996050984133035
881	surprise	../syntropy_project/models/model1_0	../syntropy_project/models/model1_0	surprise	0.9757058620452881	4.183741839369759e-05	0.01467767171561718	0.00022512360010296106	0.003991785459220409	0.0035745911300182343	0.00011782923684222624	0.0005066950106993318	0.9757058620452881	2.0633142412407324e-06	0.0004286769253667444	0.0005312360008247197	0.0001964797411346808
882	joy	../syntropy_project/models/model1_0	../syntropy_project/models/model1_0	nervousness	0.7776035070419312	0.7776035070419312	0.003105908865109086	0.04226601868867874	0.005954928696155548	0.008155852556228638	0.14124248921871185	0.0026512891054153442	0.00329813570715487	0.001727344118990004	0.00588587112724781	0.006261105183511972	0.0018476347904652357
883	pride	../syntropy_project/models/model1_0	../syntropy_project/models/model1_0	joy	0.9907687306404114	8.378882921533659e-05	0.005064822733402252	0.001043994794599712	0.9907687306404114	0.0008336090249940753	1.892480213427916e-05	0.0017011513700708747	7.125973206711933e-05	3.7783767766086385e-05	0.00017905421555042267	0.00016605384007561952	3.074307460337877e-05
884	pride	../syntropy_project/models/model1_0	../syntropy_project/models/model1_0	pride	0.9893174171447754	0.0006057078135199845	0.0015123002231121063	0.00017467739235144109	0.005436889827251434	0.00019647186854854226	3.9430829929187894e-05	0.9893174171447754	0.00014258424926083535	0.00011859153892146423	0.00236110738478601	5.172137753106654e-05	4.3156138417543843e-05
885	neutral	../syntropy_project/models/model1_0	../syntropy_project/models/model1_0	excitement	0.9809262752532959	0.00298536429181695	0.9809262752532959	0.0003853027301374823	0.00927872397005558	0.0031795937102288008	4.588854790199548e-05	0.0010105165420100093	0.0006168592954054475	0.0002601278538350016	0.0001665532763581723	0.001075257547199726	6.944503547856584e-05
886	excitement	../syntropy_project/models/model1_0	../syntropy_project/models/model1_0	excitement	0.992927610874176	0.00013242516433820128	0.992927610874176	0.0001590490574017167	0.005002547055482864	0.0012535263085737824	1.0742955964815337e-05	0.000294776662485674	0.0001472239091526717	1.2370384865789674e-05	1.2616281310329214e-05	3.726647992152721e-05	9.797994607652072e-06
887	joy	../syntropy_project/models/model1_0	../syntropy_project/models/model1_0	sadness	0.5233566761016846	0.010920430533587933	0.01706467755138874	0.5233566761016846	0.18772390484809875	0.02651551179587841	0.0032682090532034636	0.2071552872657776	0.008148066699504852	0.0014425667468458414	0.012083048932254314	0.0012891750084236264	0.0010324943577870727
888	excitement	../syntropy_project/models/model1_0	../syntropy_project/models/model1_0	excitement	0.6236757040023804	0.001903633470647037	0.6236757040023804	0.003996632527559996	0.26842597126960754	0.04101554676890373	0.0004121091333217919	0.04853377863764763	0.007675927598029375	0.0005516785895451903	0.002125315833836794	0.0012025506002828479	0.00048109228373505175
889	pride	../syntropy_project/models/model1_0	../syntropy_project/models/model1_0	excitement	0.42172059416770935	0.002859828295186162	0.42172059416770935	0.00893721915781498	0.27256378531455994	0.2586915194988251	0.0010656279046088457	0.009626971557736397	0.016850700601935387	0.00019447832892183214	0.0021025314927101135	0.004177020397037268	0.0012096884893253446
890	neutral	../syntropy_project/models/model1_0	../syntropy_project/models/model1_0	joy	0.9138131141662598	0.00022668554447591305	0.07904280722141266	0.0012577078305184841	0.9138131141662598	0.003990858793258667	9.159596083918586e-05	0.0005826659617014229	0.0003571449196897447	3.755038051167503e-05	0.00013298656267579645	0.0003701603855006397	9.669674909673631e-05
891	joy	../syntropy_project/models/model1_0	../syntropy_project/models/model1_0	sadness	0.6397861242294312	0.12074102461338043	0.032813284546136856	0.6397861242294312	0.08630156517028809	0.057047050446271896	0.013737031258642673	0.0033877987880259752	0.007247499190270901	0.0053110732696950436	0.01569719798862934	0.007232130505144596	0.010698283091187477
892	joy	../syntropy_project/models/model1_0	../syntropy_project/models/model1_0	excitement	0.5200645327568054	0.0004361386818345636	0.5200645327568054	0.003387776203453541	0.24407732486724854	0.224317729473114	0.0002390215522609651	0.0036521886941045523	0.001060374197550118	0.0005255048163235188	0.0006548547535203397	0.00044046997209079564	0.0011441167443990707
893	joy	../syntropy_project/models/model1_0	../syntropy_project/models/model1_0	joy	0.9392797946929932	0.0012585975928232074	0.04937797784805298	0.0034358103293925524	0.9392797946929932	0.001730003161355853	0.0001271867222385481	0.0035293190740048885	0.000571309239603579	6.7377150116954e-05	0.00031060626497492194	0.00021304561232682317	9.898700955091044e-05
894	neutral	../syntropy_project/models/model1_0	../syntropy_project/models/model1_0	neutral	0.5354548692703247	0.013760855421423912	0.02090955339372158	0.05728340521454811	0.23091500997543335	0.5354548692703247	0.016989899799227715	0.024595826864242554	0.03776036575436592	0.0019888710230588913	0.025099240243434906	0.03150300681591034	0.0037391900550574064
895	fear	../syntropy_project/models/model1_0	../syntropy_project/models/model1_0	neutral	0.32609236240386963	0.019481422379612923	0.014865515753626823	0.1922607719898224	0.037961509078741074	0.32609236240386963	0.037894356995821	0.008140679448843002	0.06905249506235123	0.032477445900440216	0.09690340608358383	0.10018714517354965	0.06468291580677032
896	excitement	../syntropy_project/models/model1_0	../syntropy_project/models/model1_0	joy	0.6707055568695068	0.0044456967152655125	0.03323333337903023	0.06644194573163986	0.6707055568695068	0.09552136063575745	0.0017596222460269928	0.1039675772190094	0.0025409713853150606	0.012482858262956142	0.002467711456120014	0.0022777882404625416	0.004155565053224564
897	neutral	../syntropy_project/models/model1_0	../syntropy_project/models/model1_0	joy	0.9645442366600037	0.0003862576559185982	0.030796580016613007	0.0011288134846836329	0.9645442366600037	0.0009726267890073359	3.2273725082632154e-05	0.0016883740900084376	0.00014602136798202991	4.358659134595655e-05	0.00013259891420602798	9.537325240671635e-05	3.3370462915627286e-05
898	neutral	../syntropy_project/models/model1_0	../syntropy_project/models/model1_0	joy	0.8286870718002319	0.00466868607327342	0.1398235410451889	0.006854342296719551	0.8286870718002319	0.00611867755651474	0.00043601664947345853	0.008996691554784775	0.0013230314943939447	0.0004820033791474998	0.0011279929894953966	0.0011063016718253493	0.0003756498044822365
899	nervousness	../syntropy_project/models/model1_0	../syntropy_project/models/model1_0	joy	0.7565714716911316	0.09832287579774857	0.0614214763045311	0.03839970380067825	0.7565714716911316	0.0192363690584898	0.002334507880732417	0.01517837680876255	0.0025117264594882727	0.0011188051430508494	0.002599454717710614	0.0012565813958644867	0.001048646285198629
900	joy	../syntropy_project/models/model1_0	../syntropy_project/models/model1_0	joy	0.7336955666542053	0.0016810651868581772	0.08909717947244644	0.05087145417928696	0.7336955666542053	0.05798446387052536	0.003830100642517209	0.0367809534072876	0.010083314031362534	0.0007750830263830721	0.007462068926542997	0.005232047289609909	0.002506753895431757
901	neutral	../syntropy_project/models/model1_0	../syntropy_project/models/model1_0	joy	0.9472955465316772	0.0001536401832709089	0.035453930497169495	0.001957479165866971	0.9472955465316772	0.00781848095357418	7.788051152601838e-05	0.005234927404671907	0.0008018322987481952	6.521225441247225e-05	0.0005636080168187618	0.000489170546643436	8.834314940031618e-05
902	neutral	../syntropy_project/models/model1_0	../syntropy_project/models/model1_0	joy	0.8931385278701782	0.0003244879189878702	0.0928582102060318	0.001497611403465271	0.8931385278701782	0.005750534124672413	9.423138544661924e-05	0.0033849519677460194	0.00029058658401481807	0.0003103362687397748	0.0007687334436923265	0.0014380532084032893	0.00014371064025908709
903	joy	../syntropy_project/models/model1_0	../syntropy_project/models/model1_0	joy	0.9596863389015198	9.175648301606998e-05	0.032090555876493454	0.0006248349091038108	0.9596863389015198	0.004885348957031965	2.924708678619936e-05	0.0016933446750044823	0.00010557934729149565	5.9095051256008446e-05	0.00028714168001897633	0.00039321513031609356	5.3624185966327786e-05
904	joy	../syntropy_project/models/model1_0	../syntropy_project/models/model1_0	joy	0.6981651186943054	0.00012393062934279442	0.22032076120376587	0.003390958532691002	0.6981651186943054	0.05306268110871315	0.000575853802729398	0.0055802068673074245	0.013792374171316624	8.869880548445508e-05	0.0017518748063594103	0.0013190065510571003	0.001828534877859056
905	neutral	../syntropy_project/models/model1_0	../syntropy_project/models/model1_0	joy	0.9769840836524963	0.000365458894520998	0.005540016107261181	0.004656616132706404	0.9769840836524963	0.0011178478598594666	4.243114381097257e-05	0.009838787838816643	0.00021697362535633147	0.0001201670675072819	0.0007167290314100683	0.0002808112767525017	0.00012012707884423435
906	pride	../syntropy_project/models/model1_0	../syntropy_project/models/model1_0	neutral	0.6730645298957825	0.010987397283315659	0.05920437350869179	0.047342635691165924	0.10162490606307983	0.6730645298957825	0.006047328934073448	0.018208902329206467	0.04913158342242241	0.0014742532512173057	0.0030836304649710655	0.027086345478892326	0.002744037425145507
907	neutral	../syntropy_project/models/model1_0	../syntropy_project/models/model1_0	joy	0.6151930689811707	0.020770777016878128	0.09609855711460114	0.11953067779541016	0.6151930689811707	0.11329825222492218	0.005386390257626772	0.0035031966399401426	0.012238649651408195	0.00028318187105469406	0.0020772942807525396	0.010423433966934681	0.0011965607991442084
908	neutral	../syntropy_project/models/model1_0	../syntropy_project/models/model1_0	sadness	0.3484693467617035	0.031189685687422752	0.024838624522089958	0.3484693467617035	0.034084536135196686	0.2443537563085556	0.022375483065843582	0.0027540193405002356	0.05730084702372551	0.0021123280748724937	0.033551983535289764	0.17335133254528046	0.025618070736527443
909	confusion	../syntropy_project/models/model1_0	../syntropy_project/models/model1_0	confusion	0.8446305990219116	0.014341526664793491	0.00023216039699036628	0.03327452763915062	0.0010671085910871625	0.010009807534515858	0.0027872403152287006	0.0024148253723978996	0.004244529642164707	0.017326805740594864	0.06517259776592255	0.8446305990219116	0.004498313181102276
910	joy	../syntropy_project/models/model1_0	../syntropy_project/models/model1_0	joy	0.7843785285949707	0.004573692101985216	0.04310993850231171	0.048544496297836304	0.7843785285949707	0.06661626696586609	0.0009902057936415076	0.02778453379869461	0.0027470653876662254	0.004715041723102331	0.009396432898938656	0.005065723322331905	0.002078140387311578
911	joy	../syntropy_project/models/model1_0	../syntropy_project/models/model1_0	joy	0.9614287614822388	0.00019888054521288723	0.025947347283363342	0.0036595328710973263	0.9614287614822388	0.003870635526254773	0.0002351027651457116	0.002277687191963196	0.0011710281250998378	4.2502138967392966e-05	0.0004951888113282621	0.0005832330207340419	9.009990753838792e-05
912	nervousness	../syntropy_project/models/model1_0	../syntropy_project/models/model1_0	confusion	0.9836450219154358	0.0003249471774324775	3.337711314088665e-05	0.0007905503152869642	0.0001286761398660019	0.007720641791820526	0.00041589862667024136	0.00015072888345457613	0.004953893832862377	0.000133570734760724	0.001555575872771442	0.9836450219154358	0.00014724538777954876
913	pride	../syntropy_project/models/model1_0	../syntropy_project/models/model1_0	joy	0.7942684292793274	0.0009106961078941822	0.042048968374729156	0.08193805813789368	0.7942684292793274	0.04667649045586586	0.0009918493451550603	0.026650801301002502	0.001959780463948846	0.0009686195407994092	0.0016083874506875873	0.0014528726460412145	0.0005251678521744907
914	joy	../syntropy_project/models/model1_0	../syntropy_project/models/model1_0	joy	0.3006802201271057	0.011158960871398449	0.20214439928531647	0.07913877069950104	0.3006802201271057	0.07370086014270782	0.009805361740291119	0.030408142134547234	0.19639889895915985	0.06341966241598129	0.010643071494996548	0.008474801667034626	0.01402679830789566
915	joy	../syntropy_project/models/model1_0	../syntropy_project/models/model1_0	sadness	0.5798475742340088	0.041466329246759415	0.07922717928886414	0.5798475742340088	0.13269932568073273	0.14162859320640564	0.005267662461847067	0.014114207588136196	0.0007685472373850644	0.0023205725010484457	0.0006692736060358584	0.0014771276619285345	0.0005137573461979628
916	neutral	../syntropy_project/models/model1_0	../syntropy_project/models/model1_0	joy	0.8762237429618835	0.0005551021313294768	0.11589173227548599	0.000995985814370215	0.8762237429618835	0.0025296404492110014	0.00011899711535079405	0.0020742130000144243	0.0007407738594338298	6.921171006979421e-05	0.00039081688737496734	0.00034759342088364065	6.228528218343854e-05
917	surprise	../syntropy_project/models/model1_0	../syntropy_project/models/model1_0	surprise	0.9846044778823853	4.755227200803347e-05	0.008488050661981106	0.00023062253603711724	0.0017123203724622726	0.0034865185152739286	0.00014271444524638355	0.00032404414378106594	0.9846044778823853	4.3033601286879275e-06	0.0002863292465917766	0.0004771383246406913	0.00019597748178057373
918	pride	../syntropy_project/models/model1_0	../syntropy_project/models/model1_0	sadness	0.8499035239219666	0.007066993974149227	0.008818469010293484	0.8499035239219666	0.03741099312901497	0.06786268949508667	0.006300436798483133	0.005297870375216007	0.0067551289685070515	0.0007835488650016487	0.0048111178912222385	0.001506027183495462	0.0034832200035452843
919	joy	../syntropy_project/models/model1_0	../syntropy_project/models/model1_0	joy	0.89185631275177	0.008417202159762383	0.05660059675574303	0.015263986773788929	0.89185631275177	0.01666591875255108	0.000920971215236932	0.003753887489438057	0.0024552333634346724	0.00016106820839922875	0.0013066597748547792	0.0019649933092296124	0.0006332671036943793
920	joy	../syntropy_project/models/model1_0	../syntropy_project/models/model1_0	joy	0.7415514588356018	0.0014978114049881697	0.22941891849040985	0.0034945225343108177	0.7415514588356018	0.01754155196249485	0.00015374629583675414	0.003675988409668207	0.0011138477129861712	0.00014933028433006257	0.000495238637086004	0.0006888792268000543	0.00021858321269974113
921	pride	../syntropy_project/models/model1_0	../syntropy_project/models/model1_0	joy	0.8134481310844421	0.0011385878315195441	0.005936259403824806	0.06442588567733765	0.8134481310844421	0.02070780098438263	0.00041625750600360334	0.08570213615894318	0.0007623019628226757	0.0012861491413787007	0.004548995289951563	0.0008368765120394528	0.0007906212122179568
922	neutral	../syntropy_project/models/model1_0	../syntropy_project/models/model1_0	joy	0.8238421082496643	0.01318585779517889	0.04240557178854942	0.04382062330842018	0.8238421082496643	0.03859485685825348	0.003942692186683416	0.012341322377324104	0.011984634213149548	0.0006384189473465085	0.004179215990006924	0.0031392660457640886	0.0019253860227763653
923	surprise	../syntropy_project/models/model1_0	../syntropy_project/models/model1_0	sadness	0.31845545768737793	0.057576555758714676	0.074700728058815	0.31845545768737793	0.22911015152931213	0.20762890577316284	0.009687808342278004	0.013843062333762646	0.01984790526330471	0.02127135917544365	0.011965824291110039	0.006090171635150909	0.029822001233696938
924	pride	../syntropy_project/models/model1_0	../syntropy_project/models/model1_0	neutral	0.6772867441177368	0.0035452619194984436	0.0716889351606369	0.037476297467947006	0.09245534986257553	0.6772867441177368	0.00676558306440711	0.00796356052160263	0.0786309614777565	0.0006961538456380367	0.007075649220496416	0.010905308648943901	0.005510143004357815
925	surprise	../syntropy_project/models/model1_0	../syntropy_project/models/model1_0	joy	0.9813984632492065	0.00012237668852321804	0.01331678032875061	0.0015497365966439247	0.9813984632492065	0.0020018250215798616	2.5147390260826796e-05	0.0010554059408605099	8.89761868165806e-05	2.8013731935061514e-05	0.00013906760432291776	0.00023805767705198377	3.6149376683169976e-05
926	pride	../syntropy_project/models/model1_0	../syntropy_project/models/model1_0	sadness	0.43093612790107727	0.017306789755821228	0.06790905445814133	0.43093612790107727	0.3952825963497162	0.04056636989116669	0.0032205593306571245	0.028792858123779297	0.011004070751369	0.0007077353657223284	0.002275178674608469	0.0012471529189497232	0.0007515784236602485
927	neutral	../syntropy_project/models/model1_0	../syntropy_project/models/model1_0	nervousness	0.6737990379333496	0.6737990379333496	0.0035682511515915394	0.08326062560081482	0.006271529942750931	0.01197084691375494	0.1980709284543991	0.0014765332452952862	0.002686553867533803	0.0018512265523895621	0.003674970241263509	0.011801536194980145	0.001568047096952796
928	joy	../syntropy_project/models/model1_0	../syntropy_project/models/model1_0	neutral	0.5682332515716553	0.005948154255747795	0.009446924552321434	0.04502412676811218	0.30266985297203064	0.5682332515716553	0.001383310998789966	0.013456881046295166	0.0005251889233477414	0.03389917314052582	0.004990117624402046	0.006868390832096338	0.007554689422249794
929	neutral	../syntropy_project/models/model1_0	../syntropy_project/models/model1_0	joy	0.7811721563339233	0.000794711580965668	0.15979871153831482	0.007366895209997892	0.7811721563339233	0.04322490096092224	0.00041774645796976984	0.0012426336761564016	0.003054157132282853	6.379256228683516e-05	0.000666435866151005	0.0017455508932471275	0.0004522610397543758
930	excitement	../syntropy_project/models/model1_0	../syntropy_project/models/model1_0	excitement	0.44741156697273254	0.00043059547897428274	0.44741156697273254	0.0019205025164410472	0.3569679856300354	0.17213529348373413	0.0005530363996513188	0.005244797095656395	0.008650114759802818	0.00014513797941617668	0.001637146226130426	0.00449146144092083	0.00041227717883884907
931	nervousness	../syntropy_project/models/model1_0	../syntropy_project/models/model1_0	joy	0.7944785356521606	0.0021833726204931736	0.05787762627005577	0.0009568423847667873	0.7944785356521606	0.0017139818519353867	0.0002331366267753765	0.13655218482017517	0.0006179314805194736	0.001108602387830615	0.0032630094792693853	0.0008561764843761921	0.00015866500325500965
932	surprise	../syntropy_project/models/model1_0	../syntropy_project/models/model1_0	surprise	0.9408894181251526	3.319544339319691e-05	0.04297232627868652	0.0001735873520374298	0.0025190513115376234	0.010829305276274681	0.0001620467082830146	0.0006611543358303607	0.9408894181251526	5.157934083399596e-06	0.00031412107637152076	0.0013157023349776864	0.00012495422561187297
933	disgust	../syntropy_project/models/model1_0	../syntropy_project/models/model1_0	neutral	0.34950342774391174	0.11038362234830856	0.039664894342422485	0.19394603371620178	0.17937327921390533	0.34950342774391174	0.005551415961235762	0.022228622809052467	0.01609538123011589	0.005823904648423195	0.0197609793394804	0.05250703543424606	0.005161376670002937
934	sadness	../syntropy_project/models/model1_0	../syntropy_project/models/model1_0	sadness	0.8308585286140442	0.0026726853102445602	0.012152062729001045	0.8308585286140442	0.12507745623588562	0.01672392711043358	0.0016171004390344024	0.0021268243435770273	0.0019769270438700914	0.0009664235985837877	0.0022949636913836002	0.0021806976292282343	0.0013524341629818082
935	excitement	../syntropy_project/models/model1_0	../syntropy_project/models/model1_0	joy	0.9821124076843262	0.00027509478968568146	0.011796461418271065	0.0009539081947878003	0.9821124076843262	0.0012368729803711176	1.9565224647521973e-05	0.0032344625797122717	4.2321986256865785e-05	5.751614298787899e-05	0.0001440621999790892	0.00010157058568438515	2.578691601229366e-05
936	joy	../syntropy_project/models/model1_0	../syntropy_project/models/model1_0	joy	0.6076111793518066	0.002795390086248517	0.19454257190227509	0.05634665489196777	0.6076111793518066	0.1207578033208847	0.0006127606029622257	0.012472564354538918	0.002195958513766527	0.0002413994079688564	0.0010414674179628491	0.0009592526475898921	0.0004230881459079683
937	joy	../syntropy_project/models/model1_0	../syntropy_project/models/model1_0	joy	0.9478206038475037	3.538357850629836e-05	0.0470019169151783	0.000576044141780585	0.9478206038475037	0.0026136846281588078	3.5823206417262554e-05	0.0011032099137082696	0.00033684290247038007	3.167537215631455e-05	0.0002371051668887958	0.00013472045247908682	7.30739047867246e-05
938	neutral	../syntropy_project/models/model1_0	../syntropy_project/models/model1_0	sadness	0.6544176936149597	0.14296166598796844	0.008061583153903484	0.6544176936149597	0.01511105801910162	0.10954785346984863	0.027758868411183357	0.003900837153196335	0.002152205677703023	0.00407613767310977	0.010533039458096027	0.014162492007017136	0.0073165809735655785
939	nervousness	../syntropy_project/models/model1_0	../syntropy_project/models/model1_0	sadness	0.7602626085281372	0.11813084036111832	0.0020765068475157022	0.7602626085281372	0.015149224549531937	0.04393346980214119	0.020182006061077118	0.002333855489268899	0.001417171792127192	0.0036406973376870155	0.0067063551396131516	0.022061491385102272	0.004105813801288605
940	excitement	../syntropy_project/models/model1_0	../syntropy_project/models/model1_0	joy	0.7017323970794678	0.0011639585718512535	0.2674715220928192	0.0015988146187737584	0.7017323970794678	0.006380372680723667	0.0003624421660788357	0.011736947111785412	0.002519459929317236	0.00457701925188303	0.0012662250082939863	0.0005119972047396004	0.0006788594764657319
941	neutral	../syntropy_project/models/model1_0	../syntropy_project/models/model1_0	sadness	0.4502051770687103	0.032211970537900925	0.0052294861525297165	0.4502051770687103	0.05384247377514839	0.37588801980018616	0.015613031573593616	0.0034832449164241552	0.009583857841789722	0.0005317915347404778	0.011423859745264053	0.03836805745959282	0.003618966555222869
942	surprise	../syntropy_project/models/model1_0	../syntropy_project/models/model1_0	joy	0.7634768486022949	0.0003218445635866374	0.20830129086971283	0.0012210775166749954	0.7634768486022949	0.019848549738526344	9.437384142074734e-05	0.004260165151208639	0.0012432968942448497	0.0002218425361206755	0.00040994476876221597	0.000448958104243502	0.00015177001478150487
943	disgust	../syntropy_project/models/model1_0	../syntropy_project/models/model1_0	sadness	0.9624119997024536	0.0027664625085890293	9.543676424073055e-05	0.9624119997024536	0.0011331196874380112	0.003246254986152053	0.001187576330266893	0.0019161537056788802	0.0004908179980702698	0.0013187592849135399	0.02227214351296425	0.0017743053613230586	0.0013868591049686074
944	pride	../syntropy_project/models/model1_0	../syntropy_project/models/model1_0	joy	0.47444435954093933	0.0028879179153591394	0.09075242280960083	0.045092158019542694	0.47444435954093933	0.2708548903465271	0.002120571443811059	0.06631085276603699	0.002231169492006302	0.01014681626111269	0.002798150759190321	0.03171582147479057	0.0006448414642363787
945	pride	../syntropy_project/models/model1_0	../syntropy_project/models/model1_0	joy	0.9762652516365051	9.487838542554528e-05	0.018777543678879738	0.0008485307334922254	0.9762652516365051	0.0017030448652803898	2.7087260605185293e-05	0.0018255014438182116	5.380604125093669e-05	6.640466017415747e-05	0.00014457874931395054	0.0001595736830495298	3.385083982720971e-05
946	joy	../syntropy_project/models/model1_0	../syntropy_project/models/model1_0	joy	0.7126030921936035	0.0016082546208053827	0.03474104404449463	0.010010896250605583	0.7126030921936035	0.023399561643600464	0.000537675921805203	0.19338473677635193	0.018137145787477493	0.000209861493203789	0.003211986506357789	0.0010654018260538578	0.0010903176153078675
947	neutral	../syntropy_project/models/model1_0	../syntropy_project/models/model1_0	sadness	0.35750386118888855	0.01283231470733881	0.06825581938028336	0.35750386118888855	0.2953166365623474	0.22626031935214996	0.004336487967520952	0.02778795175254345	0.0016654526116326451	0.002815056126564741	0.0010135244810953736	0.0017959814285859466	0.0004166213038843125
948	neutral	../syntropy_project/models/model1_0	../syntropy_project/models/model1_0	joy	0.7749894261360168	0.019338561221957207	0.07161901146173477	0.02502264268696308	0.7749894261360168	0.07970824837684631	0.0019936442840844393	0.01675201579928398	0.0037996822502464056	0.0010549958096817136	0.0016712193610146642	0.0019465116783976555	0.0021039724815636873
949	pride	../syntropy_project/models/model1_0	../syntropy_project/models/model1_0	joy	0.5983949899673462	0.03092687390744686	0.028338011354207993	0.07275336980819702	0.5983949899673462	0.22782984375953674	0.003270460292696953	0.0307482723146677	0.0012141236802563071	0.0011168211931362748	0.002049726899713278	0.0017168561462312937	0.0016406215727329254
950	neutral	../syntropy_project/models/model1_0	../syntropy_project/models/model1_0	joy	0.9686527252197266	0.000155062138219364	0.027099361643195152	0.001425769878551364	0.9686527252197266	0.0009968173690140247	1.6219941244344227e-05	0.0013305462198331952	0.0001207063251058571	3.702456524479203e-05	9.424235031474382e-05	4.591949618770741e-05	2.5565605028532445e-05
951	pride	../syntropy_project/models/model1_0	../syntropy_project/models/model1_0	joy	0.906494677066803	0.003460032632574439	0.033468183130025864	0.002123436890542507	0.906494677066803	0.01129196397960186	0.0002869276504497975	0.037793248891830444	0.0010708342306315899	0.000532353762537241	0.002658221172168851	0.0005125067546032369	0.0003076373541262001
952	joy	../syntropy_project/models/model1_0	../syntropy_project/models/model1_0	pride	0.9967772364616394	0.0003433816891629249	0.00013371270324569196	4.819298555958085e-05	0.0006288347067311406	7.35251305741258e-05	1.9224768038839102e-05	0.9967772364616394	4.687164619099349e-05	0.00017190810467582196	0.0017107721650972962	1.6876912923180498e-05	2.9399943741736934e-05
953	pride	../syntropy_project/models/model1_0	../syntropy_project/models/model1_0	pride	0.9914758205413818	0.00035461949300952256	0.0003359063412062824	7.856345473555848e-05	0.00307465810328722	7.027194078546017e-05	5.14938474225346e-05	0.9914758205413818	9.079938899958506e-05	0.00043229892617091537	0.003908372018486261	5.291712295729667e-05	7.428236131090671e-05
954	pride	../syntropy_project/models/model1_0	../syntropy_project/models/model1_0	pride	0.9924431443214417	0.0006203395896591246	0.0008651595562696457	6.997254968155175e-05	0.004079717677086592	7.975272455951199e-05	2.1663878214894794e-05	0.9924431443214417	7.423590432154015e-05	0.00017106487939599901	0.0015134451678022742	2.6966274162987247e-05	3.4561046049930155e-05
955	excitement	../syntropy_project/models/model1_0	../syntropy_project/models/model1_0	excitement	0.9958586096763611	3.576735980459489e-05	0.9958586096763611	2.626584318932146e-05	0.0033442291896790266	0.00045776914339512587	7.233674296003301e-06	7.922405347926542e-05	0.00017047418805304915	2.6916570732282707e-06	3.978056611231295e-06	6.237959041754948e-06	7.46835166864912e-06
956	pride	../syntropy_project/models/model1_0	../syntropy_project/models/model1_0	excitement	0.5798791646957397	0.0006483235047198832	0.5798791646957397	0.0009700098889879882	0.39940354228019714	0.012134014628827572	9.798625978874043e-05	0.0053549036383628845	0.0002161934826290235	0.0003944019554182887	0.0002054386422969401	0.0006265868432819843	6.938035949133337e-05
957	excitement	../syntropy_project/models/model1_0	../syntropy_project/models/model1_0	joy	0.9893454909324646	7.78695975895971e-05	0.004155836533755064	0.0006742375553585589	0.9893454909324646	0.001990273129194975	1.8427284885547124e-05	0.0034100532066076994	4.1363684431416914e-05	4.1542451072018594e-05	0.00010973720054607838	0.00011542971333255991	1.9697288735187612e-05
958	pride	../syntropy_project/models/model1_0	../syntropy_project/models/model1_0	joy	0.8401467204093933	0.023554742336273193	0.02836284600198269	0.04550476744771004	0.8401467204093933	0.00624119071289897	0.0009709789301268756	0.05172256752848625	0.00039827049477025867	0.0010756015544757247	0.0011000980157405138	0.0007592421607114375	0.0001630207698326558
959	neutral	../syntropy_project/models/model1_0	../syntropy_project/models/model1_0	joy	0.9880526065826416	0.00019433295528870076	0.004993821494281292	0.001261465367861092	0.9880526065826416	0.0025272266939282417	3.133758946205489e-05	0.0022297806572169065	5.0793751142919064e-05	0.00011897680815309286	0.00018863943114411086	0.0003052447864320129	4.580079621518962e-05
960	neutral	../syntropy_project/models/model1_0	../syntropy_project/models/model1_0	sadness	0.6509416103363037	0.18967531621456146	0.023445582017302513	0.6509416103363037	0.03476252034306526	0.04842826724052429	0.013136649504303932	0.001553621026687324	0.011513628996908665	0.0006731822504661977	0.006372552830725908	0.00977341365069151	0.009723633527755737
961	neutral	../syntropy_project/models/model1_0	../syntropy_project/models/model1_0	joy	0.3696322739124298	0.008264603093266487	0.32499539852142334	0.04611259326338768	0.3696322739124298	0.19830168783664703	0.0018986375071108341	0.008871374651789665	0.018165836110711098	0.0012746345018967986	0.007468142081052065	0.013617077842354774	0.0013977723428979516
962	surprise	../syntropy_project/models/model1_0	../syntropy_project/models/model1_0	joy	0.9775676131248474	0.00025458374875597656	0.0129257095977664	0.001580327283591032	0.9775676131248474	0.002583121182397008	4.9405673053115606e-05	0.00421294616535306	0.00015457299014087766	5.6867749663069844e-05	0.0003273867769166827	0.0002351263101445511	5.2375587983988225e-05
963	neutral	../syntropy_project/models/model1_0	../syntropy_project/models/model1_0	joy	0.9582057595252991	0.00026284222258254886	0.032741762697696686	0.0017721493495628238	0.9582057595252991	0.0025671077892184258	4.397622979013249e-05	0.003549451706930995	0.00030319878715090454	7.943868695292622e-05	0.00022685789735987782	0.00018915014516096562	5.836536729475483e-05
964	neutral	../syntropy_project/models/model1_0	../syntropy_project/models/model1_0	joy	0.9449021816253662	0.0029204413294792175	0.03375763073563576	0.005534009542316198	0.9449021816253662	0.006028732284903526	0.00034492561826482415	0.002470768056809902	0.0016049627447500825	0.00010078746709041297	0.0007880970952101052	0.0013710618950426579	0.00017645182379055768
965	excitement	../syntropy_project/models/model1_0	../syntropy_project/models/model1_0	joy	0.9383431673049927	0.0001476596517022699	0.025372130796313286	0.002089274348691106	0.9383431673049927	0.022266941145062447	0.00047707511112093925	0.003626553574576974	0.003431381657719612	0.00017007876886054873	0.0015791596379131079	0.001729086972773075	0.0007673794170841575
966	pride	../syntropy_project/models/model1_0	../syntropy_project/models/model1_0	joy	0.702851414680481	0.0034021937754005194	0.07580447196960449	0.004499984905123711	0.702851414680481	0.18838000297546387	0.0007307652267627418	0.01958746649324894	0.0010917410254478455	0.0004725898033939302	0.000886755995452404	0.0016079593915492296	0.0006846531759947538
967	neutral	../syntropy_project/models/model1_0	../syntropy_project/models/model1_0	joy	0.9516174793243408	0.0002794647589325905	0.03316342458128929	0.002037561498582363	0.9516174793243408	0.007980267517268658	6.85582563164644e-05	0.0038065589033067226	0.00011759853805415332	0.00018242561782244593	0.00034079933539032936	0.00032307402580045164	8.272031118394807e-05
968	joy	../syntropy_project/models/model1_0	../syntropy_project/models/model1_0	joy	0.9733189940452576	4.467412145459093e-05	0.022772125899791718	0.000463260366814211	0.9733189940452576	0.0018686548573896289	3.460992957116105e-05	0.0009615240851417184	0.00013779837172478437	2.588280949566979e-05	0.00013838625454809517	0.0001899366470752284	4.4185879232827574e-05
969	embarrassment	../syntropy_project/models/model1_0	../syntropy_project/models/model1_0	joy	0.4358758330345154	0.023511024191975594	0.12325099855661392	0.029222650453448296	0.4358758330345154	0.297258585691452	0.005352478474378586	0.06595408171415329	0.006041902117431164	0.001050949445925653	0.0024751864839345217	0.009267231449484825	0.0007391046383418143
970	surprise	../syntropy_project/models/model1_0	../syntropy_project/models/model1_0	joy	0.8676632046699524	0.00241022277623415	0.10430643707513809	0.0075090425089001656	0.8676632046699524	0.009496130980551243	0.00011133400403195992	0.006666579749435186	0.0005459212698042393	0.00014222234312910587	0.000606628367677331	0.0004500366630963981	9.232352022081614e-05
971	surprise	../syntropy_project/models/model1_0	../syntropy_project/models/model1_0	neutral	0.5070654153823853	0.0005448360461741686	0.06898297369480133	0.01461561769247055	0.31162920594215393	0.5070654153823853	0.004866474308073521	0.011418888345360756	0.05742059275507927	0.00021080084843561053	0.005431015510112047	0.010921044275164604	0.006893116515129805
972	pride	../syntropy_project/models/model1_0	../syntropy_project/models/model1_0	excitement	0.48003673553466797	0.002293699886649847	0.48003673553466797	0.01908809132874012	0.17684809863567352	0.21634577214717865	0.002000173320993781	0.011183640919625759	0.0775274708867073	0.0032327668741345406	0.0043053822591900826	0.004650400951504707	0.002487772610038519
973	excitement	../syntropy_project/models/model1_0	../syntropy_project/models/model1_0	pride	0.9901674389839172	0.0005100133130326867	0.001190262963064015	2.4627059246995486e-05	0.0017749713733792305	7.279380952240899e-05	5.835045158164576e-05	0.9901674389839172	0.0003328190359752625	0.0003326089645270258	0.005407387390732765	5.7383720559300855e-05	7.147910218918696e-05
974	pride	../syntropy_project/models/model1_0	../syntropy_project/models/model1_0	joy	0.6502761244773865	0.00012676711776293814	0.22809071838855743	0.003070142585784197	0.6502761244773865	0.0878065824508667	0.0007816695724613965	0.006851257290691137	0.01917465403676033	7.227644528029487e-05	0.001432970748282969	0.0014677110593765974	0.0008491754997521639
975	neutral	../syntropy_project/models/model1_0	../syntropy_project/models/model1_0	joy	0.6434524655342102	0.00415831059217453	0.24234561622142792	0.026020478457212448	0.6434524655342102	0.041534554213285446	0.0026020403020083904	0.0066832806915044785	0.027968741953372955	0.00020552566275000572	0.001807009452022612	0.0016836619470268488	0.0015383856371045113
976	joy	../syntropy_project/models/model1_0	../syntropy_project/models/model1_0	sadness	0.521080732345581	0.01613813452422619	0.021417012438178062	0.521080732345581	0.10810799151659012	0.2973841428756714	0.007565053645521402	0.015653755515813828	0.0021467991173267365	0.001636605360545218	0.002475694054737687	0.003800365375354886	0.0025936318561434746
977	pride	../syntropy_project/models/model1_0	../syntropy_project/models/model1_0	joy	0.7791081666946411	0.0008979375706985593	0.1502610445022583	0.0015384656144306064	0.7791081666946411	0.023533927276730537	0.0002595064288470894	0.03841225802898407	0.000457850779639557	0.001318856724537909	0.0024487737100571394	0.0011664750054478645	0.0005968522746115923
978	anger	../syntropy_project/models/model1_0	../syntropy_project/models/model1_0	anger	0.7925398349761963	0.05690734460949898	0.0005744282971136272	0.11528367549180984	0.0013867896050214767	0.006398049183189869	0.0016505845123901963	0.0015695476904511452	0.00013935117749497294	0.7925398349761963	0.006884969305247068	0.0017984443111345172	0.01486699003726244
979	nervousness	../syntropy_project/models/model1_0	../syntropy_project/models/model1_0	nervousness	0.934817373752594	0.934817373752594	0.005386919714510441	0.02897099032998085	0.0033207079395651817	0.0029142650309950113	0.01564464345574379	0.0011804754612967372	0.0007557283970527351	0.0031167836859822273	0.0009083472541533411	0.0018154708668589592	0.0011682501062750816
980	neutral	../syntropy_project/models/model1_0	../syntropy_project/models/model1_0	joy	0.9397777318954468	7.499316416215152e-05	0.05184214562177658	0.0008420321973972023	0.9397777318954468	0.004854373633861542	9.281116945203394e-05	0.0011147648328915238	0.00046220808872021735	2.4963545001810417e-05	0.0002652617113199085	0.000549138814676553	9.956786379916593e-05
981	joy	../syntropy_project/models/model1_0	../syntropy_project/models/model1_0	joy	0.9900646805763245	6.045959162293002e-05	0.004726332612335682	0.0008271739934571087	0.9900646805763245	0.001739613013342023	2.822989335982129e-05	0.002060537924990058	7.976618508109823e-05	0.00010271859355270863	9.688930731499568e-05	0.0001599317038198933	5.359360875445418e-05
982	nervousness	../syntropy_project/models/model1_0	../syntropy_project/models/model1_0	nervousness	0.9843984842300415	0.9843984842300415	0.000658497039694339	0.004919637925922871	0.00021855256636627018	0.0002677450538612902	0.00734224496409297	0.0002301113127032295	0.00011274525604676455	0.0010418822057545185	0.0004174125206191093	0.00022422007168643177	0.00016836026043165475
983	pride	../syntropy_project/models/model1_0	../syntropy_project/models/model1_0	joy	0.47913244366645813	0.002617149380967021	0.38825443387031555	0.004550531040877104	0.47913244366645813	0.06999022513628006	0.0006115955766290426	0.04202617332339287	0.009896498173475266	0.0005139714339748025	0.001240355079062283	0.000810939003713429	0.0003556921728886664
984	excitement	../syntropy_project/models/model1_0	../syntropy_project/models/model1_0	excitement	0.9921784400939941	0.00020350136037450284	0.9921784400939941	0.00012870228965766728	0.005436900071799755	0.0008505938458256423	2.1103165636304766e-05	0.00043641519732773304	0.0006438615964725614	2.7295049221720546e-05	2.4475453756167553e-05	3.350448969285935e-05	1.517993223387748e-05
985	pride	../syntropy_project/models/model1_0	../syntropy_project/models/model1_0	joy	0.7057580947875977	0.0023060902021825314	0.030992034822702408	0.06325774639844894	0.7057580947875977	0.1784810721874237	0.0005158910644240677	0.01603921689093113	0.0002691523695830256	0.0011704325443133712	0.0001998833758989349	0.0006661816732957959	0.0003441793960519135
986	neutral	../syntropy_project/models/model1_0	../syntropy_project/models/model1_0	nervousness	0.5169978737831116	0.5169978737831116	0.006542199291288853	0.349081426858902	0.04472632706165314	0.021861042827367783	0.028810231015086174	0.007839730940759182	0.0023224621545523405	0.0025612853933125734	0.010879489593207836	0.004500049166381359	0.0038778993766754866
987	joy	../syntropy_project/models/model1_0	../syntropy_project/models/model1_0	joy	0.8548992872238159	0.0015504506882280111	0.07719016820192337	0.01303147990256548	0.8548992872238159	0.00902141910046339	0.0002937974932137877	0.03881058469414711	0.0008808819693513215	0.0010162059916183352	0.0022591077722609043	0.0006994109135121107	0.0003471053496468812
988	pride	../syntropy_project/models/model1_0	../syntropy_project/models/model1_0	sadness	0.7405476570129395	0.007771765813231468	0.01598518155515194	0.7405476570129395	0.06503550708293915	0.14453125	0.0031272880733013153	0.015617722645401955	0.0017246404895558953	0.0013957429910078645	0.0016982011729851365	0.000939758843742311	0.0016254441579803824
989	neutral	../syntropy_project/models/model1_0	../syntropy_project/models/model1_0	neutral	0.6686890721321106	0.003400032175704837	0.03305734321475029	0.11593138426542282	0.153001070022583	0.6686890721321106	0.004619446117430925	0.014376116916537285	0.0024201616179198027	0.0011351552093401551	0.0005286524537950754	0.0022624486591666937	0.0005791304283775389
990	disgust	../syntropy_project/models/model1_0	../syntropy_project/models/model1_0	anger	0.40302374958992004	0.12997062504291534	0.00017000579100567847	0.16774329543113708	0.0025781753938645124	0.008502054959535599	0.00588547857478261	0.003498638980090618	0.0003862786397803575	0.40302374958992004	0.126066654920578	0.1255146712064743	0.026660384610295296
991	joy	../syntropy_project/models/model1_0	../syntropy_project/models/model1_0	sadness	0.8260330557823181	0.004172225017100573	0.009638827294111252	0.8260330557823181	0.05882023274898529	0.07459933310747147	0.005276003386825323	0.0061170728877186775	0.004885856527835131	0.001090311910957098	0.003685576841235161	0.004471178166568279	0.0012102111941203475
992	pride	../syntropy_project/models/model1_0	../syntropy_project/models/model1_0	sadness	0.6610949635505676	0.07660556584596634	0.01818505860865116	0.6610949635505676	0.06649515777826309	0.10049229860305786	0.028001155704259872	0.003315053880214691	0.01116920355707407	0.0033942731097340584	0.013264389708638191	0.006060718093067408	0.011922135949134827
993	pride	../syntropy_project/models/model1_0	../syntropy_project/models/model1_0	joy	0.8875272870063782	0.008975887671113014	0.03769278898835182	0.0419461727142334	0.8875272870063782	0.01672150380909443	0.00041769706876948476	0.0030927087645977736	0.0008959689876064658	0.00012216236791573465	0.0012045908952131867	0.0009395299130119383	0.00046369308256544173
994	pride	../syntropy_project/models/model1_0	../syntropy_project/models/model1_0	joy	0.6225024461746216	8.979316771728918e-05	0.21488407254219055	0.002673226874321699	0.6225024461746216	0.11938576400279999	0.001291894936002791	0.005038948729634285	0.027449240908026695	9.27389701246284e-05	0.0022048286627978086	0.0028624520637094975	0.0015246635302901268
995	neutral	../syntropy_project/models/model1_0	../syntropy_project/models/model1_0	joy	0.8465248942375183	0.002312278375029564	0.1202874705195427	0.007572585716843605	0.8465248942375183	0.012982606887817383	0.00041634528315626085	0.007022751960903406	0.0012404113076627254	0.00022680901747662574	0.0005058692186139524	0.0005596280097961426	0.000348373141605407
996	joy	../syntropy_project/models/model1_0	../syntropy_project/models/model1_0	joy	0.526917040348053	0.004445516504347324	0.13791590929031372	0.08096779137849808	0.526917040348053	0.2056874781847	0.002624064451083541	0.020439889281988144	0.0069264136254787445	0.0018559233285486698	0.005343644879758358	0.004109163302928209	0.002767193363979459
997	neutral	../syntropy_project/models/model1_0	../syntropy_project/models/model1_0	joy	0.9027023315429688	0.0009402711875736713	0.018956655636429787	0.029863759875297546	0.9027023315429688	0.03604370355606079	0.0010364410700276494	0.00408137496560812	0.0026372219435870647	0.00048712571151554585	0.0008323654183186591	0.0016533148009330034	0.0007653939537703991
998	joy	../syntropy_project/models/model1_0	../syntropy_project/models/model1_0	joy	0.949363112449646	0.0007238571415655315	0.03764667734503746	0.0031539127230644226	0.949363112449646	0.004305070266127586	5.846090425620787e-05	0.0037177116610109806	0.00016662763664498925	0.00019396672723814845	0.00031173843308351934	0.0002184515178669244	0.0001403798523824662
999	neutral	../syntropy_project/models/model1_0	../syntropy_project/models/model1_0	joy	0.9594800472259521	0.00017152719374280423	0.03604504466056824	0.0011749065015465021	0.9594800472259521	0.0014918374363332987	3.3727006666595116e-05	0.0009641690412536263	0.00016810018860269338	4.907578477286734e-05	0.00018431882199365646	0.0001896812318591401	4.7632835048716515e-05
1000	neutral	../syntropy_project/models/model1_0	../syntropy_project/models/model1_0	excitement	0.9435698986053467	0.00030155738932080567	0.9435698986053467	0.0003495564160402864	0.03855212777853012	0.013522910885512829	0.00021966590429656208	0.0018006780883297324	0.0009441403672099113	0.00020950894395355135	9.913571557262912e-05	0.0002900126564782113	0.00014084880240261555
1001	joy	../syntropy_project/models/model1_0	../syntropy_project/models/model1_0	joy	0.6555601358413696	0.0005165907205082476	0.32171085476875305	0.0010478500043973327	0.6555601358413696	0.005957331042736769	0.0003133028221782297	0.0050572981126606464	0.006571225821971893	0.0007727164775133133	0.0008405594853684306	0.0012091941898688674	0.0004428336978890002
1002	joy	../syntropy_project/models/model1_0	../syntropy_project/models/model1_0	sadness	0.8405894041061401	0.028978809714317322	0.01087055541574955	0.8405894041061401	0.019731564447283745	0.06307192146778107	0.010118219070136547	0.0016964894020929933	0.004898804239928722	0.00251202704384923	0.006264297291636467	0.008483231998980045	0.0027845397125929594
1003	disgust	../syntropy_project/models/model1_0	../syntropy_project/models/model1_0	disgust	0.5809481739997864	0.008097894489765167	0.001115488470532	0.026828529313206673	0.0009647646220400929	0.009152576327323914	0.3300461173057556	0.0005624683108180761	0.006071646232157946	0.00532332481816411	0.02557918056845665	0.005309868138283491	0.5809481739997864
1004	joy	../syntropy_project/models/model1_0	../syntropy_project/models/model1_0	joy	0.5602313280105591	0.047010984271764755	0.08942501246929169	0.16526606678962708	0.5602313280105591	0.0993548259139061	0.0033068738412111998	0.014047065749764442	0.0064703538082540035	0.0017764039803296328	0.003866013139486313	0.006781389936804771	0.0024637114256620407
1005	neutral	../syntropy_project/models/model1_0	../syntropy_project/models/model1_0	pride	0.9804338216781616	0.0020492286421358585	0.0013667100574821234	0.00010674862278392538	0.013111423701047897	6.0189777286723256e-05	6.197970651555806e-05	0.9804338216781616	5.325160236679949e-05	0.00035191874485462904	0.0023072848562151194	7.339720468735322e-05	2.4069448045338504e-05
1006	pride	../syntropy_project/models/model1_0	../syntropy_project/models/model1_0	pride	0.9907519817352295	0.0008261979091912508	0.00031625948031432927	0.0001069947611540556	0.0016529688145965338	9.531087562208995e-05	7.183562411228195e-05	0.9907519817352295	0.00011849996371893212	0.0004503861418925226	0.005461256485432386	4.39052855654154e-05	0.00010432840645080432
1007	excitement	../syntropy_project/models/model1_0	../syntropy_project/models/model1_0	joy	0.9408405423164368	0.00042414499330334365	0.041488222777843475	0.0038603448774665594	0.9408405423164368	0.010203165002167225	0.00010178353113587946	0.00140535575337708	0.0004247726174071431	4.5304172090254724e-05	0.0004859318141825497	0.0005849411827512085	0.00013550657604355365
1008	joy	../syntropy_project/models/model1_0	../syntropy_project/models/model1_0	surprise	0.9772245287895203	2.3749860702082515e-05	0.015801170840859413	0.00014568239566870034	0.0015730743762105703	0.004024643916636705	9.210181451635435e-05	0.0002522245922591537	0.9772245287895203	1.7678058839010191e-06	0.00024729446158744395	0.0004814748535864055	0.00013218604726716876
1009	joy	../syntropy_project/models/model1_0	../syntropy_project/models/model1_0	sadness	0.6455617547035217	0.09201372414827347	0.0016618052031844854	0.6455617547035217	0.028218301013112068	0.12843652069568634	0.010759366676211357	0.011849590577185154	0.0012576334411278367	0.044942017644643784	0.01677052490413189	0.008781790733337402	0.009746955707669258
1010	joy	../syntropy_project/models/model1_0	../syntropy_project/models/model1_0	embarrassment	0.3621387481689453	0.012076487764716148	0.009929368272423744	0.276962012052536	0.21458593010902405	0.04455414414405823	0.006375783588737249	0.03184162452816963	0.0029369229450821877	0.009693755768239498	0.3621387481689453	0.01096581295132637	0.017939437180757523
1011	pride	../syntropy_project/models/model1_0	../syntropy_project/models/model1_0	joy	0.7763372659683228	0.0009290385060012341	0.15020714700222015	0.002911947900429368	0.7763372659683228	0.05182001739740372	0.00026052483008243144	0.007969566620886326	0.0033291871659457684	0.00026433795574121177	0.0029499027878046036	0.002703279722481966	0.00031784235034137964
1012	nervousness	../syntropy_project/models/model1_0	../syntropy_project/models/model1_0	joy	0.7496591806411743	0.009213977493345737	0.021133549511432648	0.15993732213974	0.7496591806411743	0.031120672821998596	0.000613587733823806	0.017208099365234375	0.0009578485041856766	0.003723438596352935	0.0031161196529865265	0.0017666466301307082	0.0015496568521484733
1013	fear	../syntropy_project/models/model1_0	../syntropy_project/models/model1_0	nervousness	0.5439876914024353	0.5439876914024353	0.0034386541228741407	0.3468482792377472	0.004355970770120621	0.05810803174972534	0.0191689133644104	0.0011193525278940797	0.0027097698766738176	0.004487550351768732	0.004170679487287998	0.008281937800347805	0.0033231901470571756
1014	confusion	../syntropy_project/models/model1_0	../syntropy_project/models/model1_0	sadness	0.47500669956207275	0.19674734771251678	0.001078925677575171	0.47500669956207275	0.005826012697070837	0.016865354031324387	0.005406786222010851	0.002244355157017708	0.00024310254957526922	0.21843166649341583	0.03715870529413223	0.003625391749665141	0.037365593016147614
1015	sadness	../syntropy_project/models/model1_0	../syntropy_project/models/model1_0	sadness	0.3530898988246918	0.07676965743303299	0.01161514688283205	0.3530898988246918	0.03319418057799339	0.2821839153766632	0.0205425675958395	0.017489459365606308	0.06687752157449722	0.009076458401978016	0.04997595027089119	0.04955868795514107	0.029626645147800446
1016	neutral	../syntropy_project/models/model1_0	../syntropy_project/models/model1_0	joy	0.7613306045532227	0.00044877277105115354	0.22061565518379211	0.0013228971511125565	0.7613306045532227	0.011248348280787468	8.997840632218868e-05	0.002821632893756032	0.0005644067423418164	0.00016624810814391822	0.00041221268475055695	0.0008680662722326815	0.00011127392644993961
1017	neutral	../syntropy_project/models/model1_0	../syntropy_project/models/model1_0	joy	0.9788095355033875	0.00027673543081618845	0.005368206184357405	0.003672580933198333	0.9788095355033875	0.0018208001274615526	9.27168657653965e-05	0.009019384160637856	0.00012890151992905885	0.0001368438097415492	0.00036376481875777245	0.00023000709188636392	8.050473115872592e-05
1018	pride	../syntropy_project/models/model1_0	../syntropy_project/models/model1_0	nervousness	0.4698592722415924	0.4698592722415924	0.03267820551991463	0.03165031224489212	0.366590291261673	0.049163080751895905	0.016116149723529816	0.014640630222856998	0.0032784186769276857	0.0011101942509412766	0.006894076243042946	0.005920462775975466	0.002099029254168272
1019	excitement	../syntropy_project/models/model1_0	../syntropy_project/models/model1_0	excitement	0.9481492638587952	0.0006319757085293531	0.9481492638587952	0.0007102079107426107	0.034047361463308334	0.010492094792425632	0.0001468430709792301	0.0007727297488600016	0.003416586434468627	0.00011442596587585285	0.00018085481133311987	0.001248129177838564	8.942194108385593e-05
1020	neutral	../syntropy_project/models/model1_0	../syntropy_project/models/model1_0	joy	0.9778296947479248	7.969136640895158e-05	0.010873887687921524	0.001053167274221778	0.9778296947479248	0.00509363180026412	0.00010483037476660684	0.002797418273985386	0.000713667250238359	7.086267578415573e-05	0.0006005987524986267	0.0005805898108519614	0.00020205831970088184
1021	joy	../syntropy_project/models/model1_0	../syntropy_project/models/model1_0	excitement	0.5721659660339355	0.0008624373585917056	0.5721659660339355	0.005476311314851046	0.16960036754608154	0.1456182301044464	0.001799121149815619	0.010502751916646957	0.07777675241231918	0.004225053358823061	0.0029483377002179623	0.002490571467205882	0.006534059066325426
1022	pride	../syntropy_project/models/model1_0	../syntropy_project/models/model1_0	joy	0.9174582958221436	0.000659515499137342	0.05608827993273735	0.002592524979263544	0.9174582958221436	0.013218933716416359	0.00014155401731841266	0.006636249832808971	0.0010490984423086047	5.3236723033478484e-05	0.000896415498573333	0.001023793825879693	0.00018219489720650017
1023	neutral	../syntropy_project/models/model1_0	../syntropy_project/models/model1_0	excitement	0.4865644872188568	0.005201026797294617	0.4865644872188568	0.03645162284374237	0.3988316059112549	0.048180487006902695	0.001347009208984673	0.005428744945675135	0.01380170974880457	0.0002456582442391664	0.0009893504902720451	0.0024532487150281668	0.0005050860345363617
1024	neutral	../syntropy_project/models/model1_0	../syntropy_project/models/model1_0	joy	0.4225703775882721	0.12781669199466705	0.05467339605093002	0.08152001351118088	0.4225703775882721	0.17739400267601013	0.01778537407517433	0.020539281889796257	0.030336664989590645	0.001210761838592589	0.018686823546886444	0.036661289632320404	0.010805325582623482
1025	joy	../syntropy_project/models/model1_0	../syntropy_project/models/model1_0	joy	0.7048934102058411	0.0031265676952898502	0.1612577587366104	0.012913382612168789	0.7048934102058411	0.09930320084095001	0.00037303727003745735	0.006278639659285545	0.0019409783417358994	0.00030726881232112646	0.002591106342151761	0.006782333832234144	0.00023236106790136546
1026	neutral	../syntropy_project/models/model1_0	../syntropy_project/models/model1_0	joy	0.9022972583770752	0.001761199557222426	0.06280456483364105	0.004404271487146616	0.9022972583770752	0.010589703917503357	0.0009650517022237182	0.006893293932080269	0.006429734639823437	0.0006363342981785536	0.0010937184561043978	0.0013251687632873654	0.0007997092907316983
1027	surprise	../syntropy_project/models/model1_0	../syntropy_project/models/model1_0	surprise	0.8530874252319336	0.0002533093502279371	0.08614251017570496	0.00045831649913452566	0.046548113226890564	0.004229332320392132	0.0004331769305281341	0.0043631321750581264	0.8530874252319336	8.184895705198869e-05	0.00224797404371202	0.0014865465927869081	0.0006682037492282689
1028	joy	../syntropy_project/models/model1_0	../syntropy_project/models/model1_0	joy	0.8884341716766357	0.00010402707266621292	0.02623504027724266	0.0013327141059562564	0.8884341716766357	0.07889828085899353	0.0001412880519637838	0.00210327235981822	0.0005423422553576529	3.616627145675011e-05	0.0002812298771459609	0.0016704847803339362	0.00022093529696576297
1029	neutral	../syntropy_project/models/model1_0	../syntropy_project/models/model1_0	joy	0.9315760731697083	0.0008874314953573048	0.016302412375807762	0.02930419147014618	0.9315760731697083	0.008625805377960205	0.00020182972366455942	0.011019271798431873	0.0004366885113995522	0.00027415825752541423	0.000808707089163363	0.0003824802115559578	0.00018095315317623317
1030	surprise	../syntropy_project/models/model1_0	../syntropy_project/models/model1_0	surprise	0.775048017501831	0.0010410384275019169	0.07462774217128754	0.005486489273607731	0.111788310110569	0.012617547065019608	0.0004494486202020198	0.00577698415145278	0.775048017501831	9.17668075999245e-05	0.004321923945099115	0.008123079314827919	0.0006274748593568802
1031	excitement	../syntropy_project/models/model1_0	../syntropy_project/models/model1_0	joy	0.9871222972869873	3.2208878110395744e-05	0.01037748996168375	0.00041358816088177264	0.9871222972869873	0.0010322507005184889	8.112055184028577e-06	0.000779038411565125	3.400923378649168e-05	3.5201755963498726e-05	5.633836190099828e-05	8.695435826666653e-05	2.2352138330461457e-05
1032	joy	../syntropy_project/models/model1_0	../syntropy_project/models/model1_0	joy	0.4275714159011841	0.1272868663072586	0.1251409649848938	0.14233660697937012	0.4275714159011841	0.09655146300792694	0.012682990171015263	0.008913335390388966	0.029296239838004112	0.0016197690274566412	0.009536362253129482	0.012616686522960663	0.006447335239499807
1033	neutral	../syntropy_project/models/model1_0	../syntropy_project/models/model1_0	joy	0.7169333100318909	0.0020598815754055977	0.2180594950914383	0.0025178901851177216	0.7169333100318909	0.0441356897354126	0.00018474469834472984	0.008094234392046928	0.004426335915923119	0.0002906882727984339	0.001333834370598197	0.0012250468134880066	0.0007388033554889262
1034	joy	../syntropy_project/models/model1_0	../syntropy_project/models/model1_0	joy	0.6635293364524841	8.363219239981845e-05	0.29737022519111633	0.001997571438550949	0.6635293364524841	0.02377268671989441	0.0003922621253877878	0.004488213453441858	0.007025853730738163	4.855586666963063e-05	0.0005572341033257544	0.0003687552525661886	0.00036569684743881226
1035	confusion	../syntropy_project/models/model1_0	../syntropy_project/models/model1_0	nervousness	0.23241601884365082	0.23241601884365082	0.005163966678082943	0.1683494746685028	0.019248388707637787	0.19707372784614563	0.15649694204330444	0.00916905328631401	0.029203318059444427	0.002943492727354169	0.06709346175193787	0.09085534512996674	0.021986816078424454
1036	neutral	../syntropy_project/models/model1_0	../syntropy_project/models/model1_0	sadness	0.48354417085647583	0.38045066595077515	0.020743265748023987	0.48354417085647583	0.04530501738190651	0.03420647233724594	0.013638762757182121	0.003850094508379698	0.0036386302672326565	0.0036660039331763983	0.005198279395699501	0.002360628917813301	0.003398108296096325
1037	excitement	../syntropy_project/models/model1_0	../syntropy_project/models/model1_0	excitement	0.568156898021698	0.005931157618761063	0.568156898021698	0.00024375534849241376	0.01587132178246975	0.001028485712595284	0.00015834439545869827	0.4008082151412964	0.004079688340425491	0.0008826230769045651	0.002266724593937397	0.00041083068936131895	0.00016191526083275676
1038	neutral	../syntropy_project/models/model1_0	../syntropy_project/models/model1_0	joy	0.9510406851768494	0.001068914425559342	0.029552409425377846	0.006831960752606392	0.9510406851768494	0.00532431760802865	0.0001695479149930179	0.002778091700747609	0.00023678089200984687	0.0002954724186565727	0.0011061776895076036	0.0013451927807182074	0.00025032166740857065
1039	excitement	../syntropy_project/models/model1_0	../syntropy_project/models/model1_0	joy	0.9798644781112671	4.702382648247294e-05	0.012994708493351936	0.0004051303258165717	0.9798644781112671	0.0039941235445439816	6.964798376429826e-05	0.0010194052010774612	0.00022466634982265532	2.6222820451948792e-05	0.00029745264328084886	0.000949057110119611	0.00010796759306685999
1040	sadness	../syntropy_project/models/model1_0	../syntropy_project/models/model1_0	sadness	0.7054678797721863	0.0018138950690627098	0.007796062622219324	0.7054678797721863	0.06923569738864899	0.17731696367263794	0.0028652772307395935	0.018783606588840485	0.0029301331378519535	0.001240405486896634	0.0057507785968482494	0.005603812634944916	0.0011955819791182876
1041	fear	../syntropy_project/models/model1_0	../syntropy_project/models/model1_0	sadness	0.5102790594100952	0.004219045862555504	0.005754067096859217	0.5102790594100952	0.013056104071438313	0.38755935430526733	0.010286505334079266	0.0031599749345332384	0.0062972167506814	0.014540550298988819	0.006071817129850388	0.012698905542492867	0.026077404618263245
1042	sadness	../syntropy_project/models/model1_0	../syntropy_project/models/model1_0	nervousness	0.7789815068244934	0.7789815068244934	0.005221562460064888	0.09098831564188004	0.005171067547053099	0.018494633957743645	0.010523064061999321	0.004762636497616768	0.007822311483323574	0.04874987527728081	0.011340982280671597	0.011515747755765915	0.006428342778235674
1043	excitement	../syntropy_project/models/model1_0	../syntropy_project/models/model1_0	excitement	0.9823716282844543	6.85694394633174e-05	0.9823716282844543	0.00010782333993120119	0.015644226223230362	0.0012361441040411592	1.2400291780068073e-05	0.0001339396258117631	0.0003441137378104031	1.184875873150304e-05	1.1211312994419131e-05	4.2701260099420324e-05	1.5301266103051603e-05
1044	neutral	../syntropy_project/models/model1_0	../syntropy_project/models/model1_0	sadness	0.40957289934158325	0.3677311837673187	0.00840618833899498	0.40957289934158325	0.03674229979515076	0.060145698487758636	0.04824219271540642	0.007399607915431261	0.004042527172714472	0.00096927146660164	0.01948879472911358	0.03419806435704231	0.0030612151604145765
1045	neutral	../syntropy_project/models/model1_0	../syntropy_project/models/model1_0	nervousness	0.6911504864692688	0.6911504864692688	0.0006550158723257482	0.016322962939739227	0.0013972019078209996	0.0028308117762207985	0.2719179391860962	0.0009039494907483459	0.0014710953691974282	0.002069618785753846	0.00688747176900506	0.0029170915950089693	0.0014764664229005575
1046	joy	../syntropy_project/models/model1_0	../syntropy_project/models/model1_0	joy	0.9057832956314087	0.000414356793044135	0.06891866028308868	0.0018184061627835035	0.9057832956314087	0.017904484644532204	7.838907913537696e-05	0.0036706235259771347	0.0004351098614279181	8.948634786065668e-05	0.0003421720175538212	0.00034669210435822606	0.000198270587134175
1047	excitement	../syntropy_project/models/model1_0	../syntropy_project/models/model1_0	neutral	0.6529062986373901	0.002234709681943059	0.11052270978689194	0.038946546614170074	0.08772005885839462	0.6529062986373901	0.006348952651023865	0.0036553055979311466	0.07544514536857605	0.0009155631996691227	0.0033697832841426134	0.013230555690824986	0.004704365506768227
1048	disgust	../syntropy_project/models/model1_0	../syntropy_project/models/model1_0	disgust	0.9218183755874634	0.00048718677135184407	0.0007268593763001263	0.004676781129091978	0.0009310203022323549	0.005655344575643539	0.0033189195673912764	0.0008724409271962941	0.003028517123311758	0.0019502752693369985	0.055230915546417236	0.001303392113186419	0.9218183755874634
1049	neutral	../syntropy_project/models/model1_0	../syntropy_project/models/model1_0	joy	0.9778107404708862	7.04480116837658e-05	0.018789608031511307	0.00047492721932940185	0.9778107404708862	0.0008263377822004259	1.5307134162867442e-05	0.0017379192868247628	5.739543485105969e-05	3.1842377211432904e-05	9.195551683660597e-05	7.038575859041885e-05	2.3190337742562406e-05
1050	neutral	../syntropy_project/models/model1_0	../syntropy_project/models/model1_0	joy	0.8649426698684692	0.0032162286806851625	0.07901039719581604	0.004983390681445599	0.8649426698684692	0.01699157804250717	0.0003072019899263978	0.026326321065425873	0.0010989147704094648	0.0004895090823993087	0.0010451896814629436	0.0013229866744950414	0.0002657121222000569
1051	pride	../syntropy_project/models/model1_0	../syntropy_project/models/model1_0	joy	0.7917565703392029	0.0037696007639169693	0.07903145998716354	0.025749579071998596	0.7917565703392029	0.07823475450277328	0.000487281329696998	0.012796550989151001	0.0018981948960572481	0.0007479503401555121	0.0012669309508055449	0.003085439559072256	0.0011757330503314734
1052	pride	../syntropy_project/models/model1_0	../syntropy_project/models/model1_0	joy	0.8851690888404846	0.0010262600844725966	0.08183183521032333	0.003861245233565569	0.8851690888404846	0.010753201320767403	0.00041867097024805844	0.01272658258676529	0.0017974147340282798	0.00018187719979323447	0.0008989679627120495	0.0009245294495485723	0.00041045076795853674
1053	excitement	../syntropy_project/models/model1_0	../syntropy_project/models/model1_0	excitement	0.9756988286972046	9.232633601641282e-05	0.9756988286972046	6.644152745138854e-05	0.02255282551050186	0.0006091835675761104	1.3053114344074856e-05	0.0002831440942827612	0.0006206819671206176	1.3850012692273594e-05	1.2835973393521272e-05	2.6952980988426134e-05	9.743781447468791e-06
1054	neutral	../syntropy_project/models/model1_0	../syntropy_project/models/model1_0	joy	0.8925908207893372	0.00017189449863508344	0.08044692873954773	0.0012943786568939686	0.8925908207893372	0.01962994784116745	0.00011044410348404199	0.002450105268508196	0.0011904712300747633	5.013500413042493e-05	0.0008027117582969368	0.000977713381871581	0.0002845457347575575
1055	excitement	../syntropy_project/models/model1_0	../syntropy_project/models/model1_0	pride	0.8882108926773071	0.0008450597524642944	0.007691928185522556	0.0012295758351683617	0.09621520340442657	0.0005626719212159514	0.00012730697926599532	0.8882108926773071	0.00030390601023100317	0.0004601484688464552	0.004134036600589752	0.00010455610026838258	0.00011483921116450801
1056	excitement	../syntropy_project/models/model1_0	../syntropy_project/models/model1_0	joy	0.8858674168586731	0.0012210094137117267	0.09086035192012787	0.001966011244803667	0.8858674168586731	0.00886601209640503	8.59681167639792e-05	0.009609511122107506	0.0004820682224817574	0.00019228078599553555	0.0003122743219137192	0.00038182022399269044	0.00015528795483987778
1057	neutral	../syntropy_project/models/model1_0	../syntropy_project/models/model1_0	joy	0.9149277806282043	3.827154068858363e-05	0.07469328492879868	0.0004398380406200886	0.9149277806282043	0.004172933753579855	9.822783613344654e-05	0.0028901759069412947	0.001339631387963891	6.336455408018082e-05	0.0005988235352560878	0.000592546712141484	0.00014507722517009825
1058	joy	../syntropy_project/models/model1_0	../syntropy_project/models/model1_0	joy	0.8776060938835144	0.0003252038441132754	0.10764926671981812	0.002471047220751643	0.8776060938835144	0.006082974374294281	0.00011189933138666674	0.0037319581024348736	0.0009431698126718402	0.00010921945795416832	0.00045349024003371596	0.00042275479063391685	9.296521602664143e-05
1059	neutral	../syntropy_project/models/model1_0	../syntropy_project/models/model1_0	joy	0.966029167175293	0.0011485717259347439	0.02334221825003624	0.0027926990296691656	0.966029167175293	0.0013817209983244538	5.7006975112017244e-05	0.004497078247368336	0.0001895607856567949	0.0001499908248661086	0.000220575908315368	0.0001524407707620412	3.896687485394068e-05
1060	joy	../syntropy_project/models/model1_0	../syntropy_project/models/model1_0	excitement	0.5881771445274353	0.0007209667237475514	0.5881771445274353	0.003208901733160019	0.2791622579097748	0.04672500491142273	0.002107325242832303	0.008021351881325245	0.0637616217136383	0.0002623939362820238	0.0026402452494949102	0.0032027808483690023	0.0020099531393498182
1061	neutral	../syntropy_project/models/model1_0	../syntropy_project/models/model1_0	joy	0.9420250654220581	0.0017370989080518484	0.012881274335086346	0.01721554435789585	0.9420250654220581	0.00534628052264452	0.00031184902763925493	0.01865174062550068	0.00043664625263772905	0.0005262540653347969	0.0004824177303817123	0.00030822408734820783	7.757991988910362e-05
1062	nervousness	../syntropy_project/models/model1_0	../syntropy_project/models/model1_0	sadness	0.6220983266830444	0.11726336181163788	0.005870802327990532	0.6220983266830444	0.0938720703125	0.027340082451701164	0.0035667659249156713	0.010529027320444584	0.0009438063716515899	0.06643863767385483	0.03203607350587845	0.011179354041814804	0.00886164978146553
1063	pride	../syntropy_project/models/model1_0	../syntropy_project/models/model1_0	joy	0.6820106506347656	0.007045641075819731	0.09000042825937271	0.04745154827833176	0.6820106506347656	0.08218619972467422	0.002300604246556759	0.07180294394493103	0.009978674352169037	0.0012979565653949976	0.00250780931673944	0.001410793629474938	0.002006787108257413
1064	surprise	../syntropy_project/models/model1_0	../syntropy_project/models/model1_0	surprise	0.9836886525154114	2.6717943910625763e-05	0.012069741263985634	0.00016854837303981185	0.0010155582567676902	0.0019772362429648638	6.159151962492615e-05	0.00024156499421223998	0.9836886525154114	1.7114318779931637e-06	0.0002838786749634892	0.0003581623896025121	0.00010649462637957186
1065	nervousness	../syntropy_project/models/model1_0	../syntropy_project/models/model1_0	excitement	0.739595353603363	0.0021960423327982426	0.739595353603363	0.005502242594957352	0.10718723386526108	0.09740302711725235	0.0013708919286727905	0.008639179170131683	0.027807755395770073	0.0006125455838628113	0.0010621858527883887	0.008196046575903893	0.0004274809907656163
1066	nervousness	../syntropy_project/models/model1_0	../syntropy_project/models/model1_0	nervousness	0.4844232499599457	0.4844232499599457	0.0005130265490151942	0.018496204167604446	0.00336673972196877	0.006201938260346651	0.46658310294151306	0.0017157366964966059	0.0017654363764449954	0.0008116172393783927	0.008129317313432693	0.006444049533456564	0.0015495858388021588
1067	neutral	../syntropy_project/models/model1_0	../syntropy_project/models/model1_0	joy	0.9799469113349915	0.0002966407628264278	0.010151500813663006	0.0020027176942676306	0.9799469113349915	0.001526341773569584	4.82170726172626e-05	0.005220096092671156	0.0001857913885032758	0.00011972666106885299	0.00025592552265152335	0.0001992672769119963	4.693525261245668e-05
1068	pride	../syntropy_project/models/model1_0	../syntropy_project/models/model1_0	joy	0.2991954982280731	0.023044515401124954	0.1814660131931305	0.07295915484428406	0.2991954982280731	0.2717375159263611	0.012621898204088211	0.04955384507775307	0.035681985318660736	0.005815839860588312	0.02073313109576702	0.010905313305556774	0.016285233199596405
1069	neutral	../syntropy_project/models/model1_0	../syntropy_project/models/model1_0	joy	0.7665824890136719	0.011379783973097801	0.1661595106124878	0.01471801195293665	0.7665824890136719	0.02337314374744892	0.0008028913289308548	0.006894214078783989	0.004379100166261196	0.0002981197612825781	0.002310964511707425	0.002409265609458089	0.0006925277994014323
1070	excitement	../syntropy_project/models/model1_0	../syntropy_project/models/model1_0	joy	0.8534010052680969	0.0007537231431342661	0.07007499784231186	0.011668955907225609	0.8534010052680969	0.03867790848016739	0.0014489912427961826	0.004769434221088886	0.010923956520855427	0.0001682223955867812	0.004347722511738539	0.0016897746827453375	0.0020754041615873575
1071	joy	../syntropy_project/models/model1_0	../syntropy_project/models/model1_0	joy	0.9701454639434814	0.00011812975571956486	0.018329517915844917	0.003252465045079589	0.9701454639434814	0.004739284981042147	5.166093978914432e-05	0.0026155647356063128	0.00014847301645204425	9.61518962867558e-05	0.00019127906125504524	0.00018951577658299357	0.00012244614481460303
1072	neutral	../syntropy_project/models/model1_0	../syntropy_project/models/model1_0	joy	0.8956097960472107	0.006274617277085781	0.04375403746962547	0.01427552942186594	0.8956097960472107	0.015738382935523987	0.00035815639421343803	0.019290251657366753	0.0007375678396783769	0.00041469463030807674	0.0018428710754960775	0.0012997551821172237	0.00040431227535009384
1073	excitement	../syntropy_project/models/model1_0	../syntropy_project/models/model1_0	surprise	0.9274669885635376	5.8770481700776145e-05	0.06278383731842041	0.00019592646276578307	0.003293546847999096	0.004246547352522612	0.00017470205784775317	0.0005504252621904016	0.9274669885635376	8.293599421449471e-06	0.00043767807073891163	0.0005578958662226796	0.00022532444563694298
1074	neutral	../syntropy_project/models/model1_0	../syntropy_project/models/model1_0	joy	0.7107523083686829	0.015093156136572361	0.1903357058763504	0.03804891183972359	0.7107523083686829	0.03324902430176735	0.0009183991933241487	0.004265034571290016	0.003347073681652546	0.0004163913254160434	0.0011993763037025928	0.0018040814902633429	0.0005705361254513264
1075	neutral	../syntropy_project/models/model1_0	../syntropy_project/models/model1_0	joy	0.40836387872695923	0.0006476295529864728	0.1044168621301651	0.05704483017325401	0.40836387872695923	0.339546799659729	0.006284015718847513	0.015117818489670753	0.04456501454114914	0.0005722949281334877	0.008589960634708405	0.007273766677826643	0.007577122189104557
1076	joy	../syntropy_project/models/model1_0	../syntropy_project/models/model1_0	joy	0.9428077936172485	0.0003922421019524336	0.05081886425614357	0.0012876017717644572	0.9428077936172485	0.0022079618647694588	2.388876600889489e-05	0.0017194540705531836	0.00011734937288565561	8.693968266015872e-05	0.0003163179790135473	0.00016579955990891904	5.594841422862373e-05
1077	excitement	../syntropy_project/models/model1_0	../syntropy_project/models/model1_0	joy	0.6530255079269409	0.0002474114880897105	0.23106418550014496	0.0025040467735379934	0.6530255079269409	0.07569609582424164	0.0005638279253616929	0.011920805089175701	0.014420846477150917	0.00018378645472694188	0.004124030005186796	0.004830920137465	0.0014185098698362708
1078	excitement	../syntropy_project/models/model1_0	../syntropy_project/models/model1_0	excitement	0.9945381283760071	2.7625434086075984e-05	0.9945381283760071	4.404229184729047e-05	0.004425005987286568	0.0003922204195987433	1.1156341315654572e-05	4.4826225348515436e-05	0.0004799081361852586	4.707764674094506e-06	6.744995516783092e-06	1.071687165676849e-05	1.4994169760029763e-05
1079	neutral	../syntropy_project/models/model1_0	../syntropy_project/models/model1_0	joy	0.9325922727584839	0.001195651013404131	0.04077421501278877	0.0037991604767739773	0.9325922727584839	0.00976189598441124	0.000101139594335109	0.009362981654703617	0.00025878107408061624	0.0002742688520811498	0.000715609930921346	0.0009535766439512372	0.00021039514103904366
1080	neutral	../syntropy_project/models/model1_0	../syntropy_project/models/model1_0	neutral	0.8323662281036377	0.0012089561205357313	0.045669734477996826	0.007218676153570414	0.10018052905797958	0.8323662281036377	0.0013329066568985581	0.0014361351495608687	0.0055175418965518475	0.00015239017375279218	0.0004015051817987114	0.0036305920220911503	0.0008847754797898233
1081	joy	../syntropy_project/models/model1_0	../syntropy_project/models/model1_0	joy	0.5197705626487732	7.711131183896214e-05	0.1156039834022522	0.0051253316923975945	0.5197705626487732	0.3213041424751282	0.0011478692758828402	0.004076800309121609	0.02331515960395336	4.659980913856998e-05	0.00234164553694427	0.0025197325740009546	0.004671104717999697
1082	joy	../syntropy_project/models/model1_0	../syntropy_project/models/model1_0	joy	0.9262409806251526	9.141480404650792e-05	0.06419041752815247	0.0012590207625180483	0.9262409806251526	0.00391538767144084	7.215826190076768e-05	0.0030067695770412683	0.0005452274344861507	8.139894634950906e-05	0.00021890029893256724	0.0002996735565830022	7.867570093367249e-05
1083	pride	../syntropy_project/models/model1_0	../syntropy_project/models/model1_0	joy	0.7434037923812866	0.012559094466269016	0.1991996467113495	0.012310260906815529	0.7434037923812866	0.014201714657247066	0.0006376039236783981	0.012357805855572224	0.002875237027183175	0.000493295956403017	0.0008589362259954214	0.0006965792272239923	0.0004060408391524106
1084	nervousness	../syntropy_project/models/model1_0	../syntropy_project/models/model1_0	sadness	0.5843156576156616	0.0701494812965393	0.0009603126090951264	0.5843156576156616	0.0045341067016124725	0.030726322904229164	0.003459529485553503	0.0032305677887052298	0.0007936403271742165	0.24369338154792786	0.019792839884757996	0.01556643657386303	0.022777628153562546
1085	neutral	../syntropy_project/models/model1_0	../syntropy_project/models/model1_0	joy	0.7178878784179688	0.0013315669493749738	0.08494269847869873	0.01562739908695221	0.7178878784179688	0.14731425046920776	0.002125074854120612	0.0040259393863379955	0.01807069033384323	0.0001026221361826174	0.0010806984500959516	0.002982035046443343	0.004509238060563803
1086	joy	../syntropy_project/models/model1_0	../syntropy_project/models/model1_0	joy	0.8334810733795166	0.02311362512409687	0.0786563903093338	0.027946120128035545	0.8334810733795166	0.020234396681189537	0.0007949658902361989	0.011759030632674694	0.0012374811340123415	0.00046996527817100286	0.0008206025813706219	0.0011424017138779163	0.0003439252614043653
1087	nervousness	../syntropy_project/models/model1_0	../syntropy_project/models/model1_0	nervousness	0.91730797290802	0.91730797290802	0.0010604793205857277	0.03600534796714783	0.0011550987837836146	0.0012392484350129962	0.006250026170164347	0.0008922329288907349	0.00013788881187792867	0.028274843469262123	0.0038860293570905924	0.0011147760087624192	0.002676041331142187
1088	pride	../syntropy_project/models/model1_0	../syntropy_project/models/model1_0	pride	0.9937507510185242	0.0008101981366053224	0.00031545310048386455	4.862278001382947e-05	0.0033216376323252916	6.918352300999686e-05	1.6833046174724586e-05	0.9937507510185242	2.8940054107806645e-05	0.00031446010689251125	0.0012769949389621615	2.4333485271199606e-05	2.2615446141571738e-05
1089	neutral	../syntropy_project/models/model1_0	../syntropy_project/models/model1_0	joy	0.8726105690002441	0.007085402961820364	0.07576572149991989	0.027767440304160118	0.8726105690002441	0.007765816058963537	0.0006429001223295927	0.003842893522232771	0.001973560079932213	0.00025743930018506944	0.000975057715550065	0.0007892192807048559	0.000523984432220459
1090	excitement	../syntropy_project/models/model1_0	../syntropy_project/models/model1_0	joy	0.9447550773620605	0.0002531726495362818	0.03902026265859604	0.004051962401717901	0.9447550773620605	0.0056055826134979725	0.0001414347207173705	0.004514528904110193	0.0008510231273248792	0.00013466367090586573	0.00030419512768276036	0.0002759629860520363	9.199086343869567e-05
1091	pride	../syntropy_project/models/model1_0	../syntropy_project/models/model1_0	pride	0.8284298181533813	0.0035938506480306387	0.006615104619413614	0.0010297115659341216	0.15270854532718658	0.000544146983884275	9.263493120670319e-05	0.8284298181533813	0.00010262194700771943	0.0011636011768132448	0.0054970975033938885	0.0001606431178515777	6.221481453394517e-05
1092	disgust	../syntropy_project/models/model1_0	../syntropy_project/models/model1_0	disgust	0.8005003333091736	0.0031763811130076647	0.016149727627635002	0.04019174352288246	0.02046830952167511	0.045234937220811844	0.006235009524971247	0.002388210501521826	0.0069098928943276405	0.013936774805188179	0.04216418415307999	0.002644471125677228	0.8005003333091736
1093	pride	../syntropy_project/models/model1_0	../syntropy_project/models/model1_0	joy	0.8742784857749939	0.002163612749427557	0.0402403362095356	0.02840256318449974	0.8742784857749939	0.020827651023864746	0.0013686476740986109	0.022300424054265022	0.0015664799138903618	0.003007087856531143	0.0026763402856886387	0.001943140639923513	0.0012252512387931347
1094	neutral	../syntropy_project/models/model1_0	../syntropy_project/models/model1_0	joy	0.6790814399719238	0.008517826907336712	0.10651323199272156	0.045314960181713104	0.6790814399719238	0.14319367706775665	0.001493085757829249	0.005144628696143627	0.002501287730410695	0.00045609191874973476	0.0019738422706723213	0.004515878390520811	0.001294120098464191
1095	pride	../syntropy_project/models/model1_0	../syntropy_project/models/model1_0	joy	0.48550286889076233	0.012992935255169868	0.13402193784713745	0.039182454347610474	0.48550286889076233	0.21235151588916779	0.004001216497272253	0.07209037989377975	0.01471711415797472	0.0024651673156768084	0.011258753016591072	0.010000757873058319	0.0014147917972877622
1096	neutral	../syntropy_project/models/model1_0	../syntropy_project/models/model1_0	joy	0.923843264579773	0.001420350861735642	0.03985625132918358	0.007317899726331234	0.923843264579773	0.010757437907159328	0.0005773458979092538	0.010816569440066814	0.001980173634365201	0.00020047422731295228	0.0021374148782342672	0.0008001948590390384	0.00029259431175887585
1097	excitement	../syntropy_project/models/model1_0	../syntropy_project/models/model1_0	pride	0.9885515570640564	0.0004431112320162356	0.0018943962641060352	6.37690827716142e-05	0.006396715994924307	0.00012465108011383563	4.5922039134893566e-05	0.9885515570640564	0.00015609702677465975	0.00014463225670624524	0.002112952759489417	3.4731543564703315e-05	3.1341503927251324e-05
1098	neutral	../syntropy_project/models/model1_0	../syntropy_project/models/model1_0	joy	0.9726868271827698	0.00021010939963161945	0.020446334034204483	0.0012525852071121335	0.9726868271827698	0.0021739162039011717	5.62036111659836e-05	0.002320091240108013	0.00025474134599789977	6.68081411276944e-05	0.00021249572455417365	0.00024288239364977926	7.698764238739386e-05
1099	sadness	../syntropy_project/models/model1_0	../syntropy_project/models/model1_0	nervousness	0.550723135471344	0.550723135471344	0.008433839306235313	0.35616615414619446	0.010933367535471916	0.01863432116806507	0.0244229007512331	0.0015300435479730368	0.005399268586188555	0.0030631120316684246	0.007734832353889942	0.007730161305516958	0.005228877533227205
1100	neutral	../syntropy_project/models/model1_0	../syntropy_project/models/model1_0	joy	0.9672768712043762	0.0009410557104274631	0.0177365243434906	0.0033570940140634775	0.9672768712043762	0.002655609045177698	0.0001170415707747452	0.006326003931462765	0.00033241554046981037	0.0001675199018791318	0.0006214027525857091	0.0003309696039650589	0.00013752504310104996
1101	pride	../syntropy_project/models/model1_0	../syntropy_project/models/model1_0	pride	0.5886392593383789	0.0012409029295668006	0.007218807004392147	0.0006418944685719907	0.389114111661911	0.001248906715773046	0.00012168900138931349	0.5886392593383789	0.0003479541337583214	0.000891102768946439	0.00940474309027195	0.0009619781048968434	0.00016866029181983322
1102	joy	../syntropy_project/models/model1_0	../syntropy_project/models/model1_0	joy	0.6971313953399658	0.0002133866073563695	0.15208111703395844	0.024334026500582695	0.6971313953399658	0.10421013832092285	0.0008622643072158098	0.0072699072770774364	0.008559111505746841	0.00011090958287240937	0.0021094081457704306	0.002349919406697154	0.0007683599833399057
1103	neutral	../syntropy_project/models/model1_0	../syntropy_project/models/model1_0	joy	0.9208319783210754	0.007632491644471884	0.03419152647256851	0.018365001305937767	0.9208319783210754	0.005992691498249769	0.00039004854625090957	0.005852349102497101	0.0016048059333115816	0.0005656914436258376	0.00207437202334404	0.0019681844860315323	0.0005309197586029768
1104	joy	../syntropy_project/models/model1_0	../syntropy_project/models/model1_0	joy	0.8787007331848145	0.00010605000716168433	0.046933967620134354	0.0033944756723940372	0.8787007331848145	0.052636951208114624	0.0010579716181382537	0.0027023362927138805	0.009319108910858631	4.483926750253886e-05	0.001484910724684596	0.0024007712490856647	0.0012178351171314716
1105	neutral	../syntropy_project/models/model1_0	../syntropy_project/models/model1_0	joy	0.40246888995170593	0.07232517004013062	0.2752085328102112	0.09449822455644608	0.40246888995170593	0.034812722355127335	0.014758139848709106	0.046854667365550995	0.03738769516348839	0.003390480065718293	0.012194343842566013	0.00393443088978529	0.0021666409447789192
1106	sadness	../syntropy_project/models/model1_0	../syntropy_project/models/model1_0	sadness	0.31715309619903564	0.002503280295059085	0.19888506829738617	0.31715309619903564	0.16936403512954712	0.25756463408470154	0.004570748656988144	0.0309695303440094	0.009230521507561207	0.0009339768439531326	0.004014408681541681	0.0040188985876739025	0.0007917530019767582
1107	nervousness	../syntropy_project/models/model1_0	../syntropy_project/models/model1_0	nervousness	0.6560449600219727	0.6560449600219727	0.004096751566976309	0.14526550471782684	0.0021370165050029755	0.006772348657250404	0.13292737305164337	0.0008826238918118179	0.0021695075556635857	0.013720868155360222	0.005361845716834068	0.0054400223307311535	0.02518116496503353
1108	nervousness	../syntropy_project/models/model1_0	../syntropy_project/models/model1_0	anger	0.8595011830329895	0.010656401515007019	0.0004910923889838159	0.049205366522073746	0.0018470048671588302	0.01705751195549965	0.000524809118360281	0.0017703620251268148	0.0002390055888099596	0.8595011830329895	0.016566190868616104	0.002380689373239875	0.03976036235690117
1109	joy	../syntropy_project/models/model1_0	../syntropy_project/models/model1_0	joy	0.9545989036560059	6.957124423934147e-05	0.03228984400629997	0.00068868842208758	0.9545989036560059	0.009077419526875019	6.610245327465236e-05	0.0015640585916116834	0.00014750596892554313	4.862737114308402e-05	0.00034334309748373926	0.0010005093645304441	0.00010534901957726106
1110	joy	../syntropy_project/models/model1_0	../syntropy_project/models/model1_0	joy	0.773221492767334	0.015184965915977955	0.09434761852025986	0.060612861067056656	0.773221492767334	0.02610022760927677	0.002565906150266528	0.00617334246635437	0.010769945569336414	0.00046949423267506063	0.0037423595786094666	0.004299430642277002	0.002512417733669281
1111	excitement	../syntropy_project/models/model1_0	../syntropy_project/models/model1_0	joy	0.7730250358581543	0.0032266033813357353	0.08384916931390762	0.06511867046356201	0.7730250358581543	0.04756343364715576	0.0010401607723906636	0.019148843362927437	0.0015600045444443822	0.0013742133742198348	0.0013400678290054202	0.0023225166369229555	0.00043130115955136716
1112	neutral	../syntropy_project/models/model1_0	../syntropy_project/models/model1_0	joy	0.9428758025169373	0.00017448126163799316	0.04734436422586441	0.0007457423489540815	0.9428758025169373	0.002650722861289978	8.242917101597413e-05	0.005078222136944532	0.00024188519455492496	0.0001746472407830879	0.00028375739930197597	0.00024963225587271154	9.83566278591752e-05
1113	joy	../syntropy_project/models/model1_0	../syntropy_project/models/model1_0	joy	0.9842934012413025	0.00019699100812431425	0.007693171501159668	0.0013187718577682972	0.9842934012413025	0.0022320516873151064	6.971922266529873e-05	0.0038473692256957293	4.3174375605303794e-05	6.605663656955585e-05	0.00012332861660979688	8.851636812323704e-05	2.7433987270342186e-05
1114	neutral	../syntropy_project/models/model1_0	../syntropy_project/models/model1_0	joy	0.949256420135498	0.0005449379095807672	0.03432890772819519	0.003366118296980858	0.949256420135498	0.006948024500161409	0.00019797355344053358	0.0023315653670579195	0.0013056439347565174	2.2281032215687446e-05	0.0005831348826177418	0.0009742151596583426	0.00014071547775529325
1115	neutral	../syntropy_project/models/model1_0	../syntropy_project/models/model1_0	joy	0.8351781964302063	0.006232304032891989	0.08974742889404297	0.016186077147722244	0.8351781964302063	0.03582784906029701	0.000698579999152571	0.01188705489039421	0.0015162007184699178	0.0004854487197007984	0.0007746625342406332	0.0010803862242028117	0.0003858545096591115
1116	neutral	../syntropy_project/models/model1_0	../syntropy_project/models/model1_0	joy	0.9797837734222412	3.282147372374311e-05	0.017001142725348473	0.0003403162118047476	0.9797837734222412	0.0008397269994020462	2.1578511223196983e-05	0.0015006358735263348	0.00011928298772545531	1.8513597751734778e-05	0.00015617684402968735	0.00013838903396390378	4.752189852297306e-05
1117	sadness	../syntropy_project/models/model1_0	../syntropy_project/models/model1_0	nervousness	0.6166673898696899	0.6166673898696899	0.002227237680926919	0.18928280472755432	0.005085654556751251	0.010117832571268082	0.16551542282104492	0.0010081313084810972	0.0009083446348086	0.0014286411460489035	0.0026967586018145084	0.003703445428982377	0.0013582635438069701
1118	pride	../syntropy_project/models/model1_0	../syntropy_project/models/model1_0	joy	0.9205707311630249	0.027267765253782272	0.02023417502641678	0.0043683345429599285	0.9205707311630249	0.0034382950980216265	0.0006860678549855947	0.017989231273531914	0.0006738023948855698	0.0009875671239569783	0.0019934435840696096	0.0014010200975462794	0.0003895758418366313
1119	excitement	../syntropy_project/models/model1_0	../syntropy_project/models/model1_0	excitement	0.42075592279434204	0.0006930758245289326	0.42075592279434204	0.01032224576920271	0.31083765625953674	0.18263787031173706	0.0023818134795874357	0.023413680493831635	0.041193440556526184	0.0009895731927827	0.0020450300071388483	0.0031362436711788177	0.0015935278497636318
1120	surprise	../syntropy_project/models/model1_0	../syntropy_project/models/model1_0	surprise	0.9941396713256836	4.610807991412003e-06	0.0033491170033812523	0.00011181495938217267	0.00036423656274564564	0.0014286921359598637	3.111584737780504e-05	0.00011691261170199141	0.9941396713256836	4.086681428816519e-07	0.00021477184782270342	0.00015846238238736987	8.024878479773179e-05
1121	joy	../syntropy_project/models/model1_0	../syntropy_project/models/model1_0	joy	0.720957338809967	3.79701959900558e-05	0.14272794127464294	0.003532801056280732	0.720957338809967	0.09454498440027237	0.0009292555041611195	0.002647276036441326	0.0267073605209589	4.692594302468933e-05	0.0016723728040233254	0.00345778651535511	0.0027379714883863926
1122	excitement	../syntropy_project/models/model1_0	../syntropy_project/models/model1_0	joy	0.6155974268913269	0.0002154599060304463	0.2828678488731384	0.0021808682940900326	0.6155974268913269	0.06639575958251953	0.0008697924204170704	0.008586851879954338	0.019002800807356834	9.803018474485725e-05	0.0015979342861101031	0.0017091730842366815	0.0008780827047303319
1123	neutral	../syntropy_project/models/model1_0	../syntropy_project/models/model1_0	joy	0.8044705986976624	0.0003130343393422663	0.12306974083185196	0.007507158908993006	0.8044705986976624	0.05577754229307175	0.0004095729673281312	0.002006100257858634	0.0025789672508835793	3.704317714436911e-05	0.0015598334139212966	0.0018499981379136443	0.00042048399336636066
1124	excitement	../syntropy_project/models/model1_0	../syntropy_project/models/model1_0	neutral	0.5976186990737915	0.0027994064148515463	0.24203063547611237	0.02489987388253212	0.0804363265633583	0.5976186990737915	0.003109492128714919	0.0023681139573454857	0.031582776457071304	0.0017636484699323773	0.0014897063374519348	0.007709311321377754	0.004191929474473
1125	pride	../syntropy_project/models/model1_0	../syntropy_project/models/model1_0	joy	0.8939187526702881	0.003854648442938924	0.038479022681713104	0.019314168021082878	0.8939187526702881	0.008045108988881111	0.0003399970009922981	0.03192588686943054	0.0005776039906777442	0.0008465677965432405	0.0016275016823783517	0.0007828412344679236	0.0002878570230677724
1126	neutral	../syntropy_project/models/model1_0	../syntropy_project/models/model1_0	joy	0.707962155342102	0.002759866649284959	0.025221873074769974	0.10239825397729874	0.707962155342102	0.01667732559144497	0.0009067226783372462	0.13311517238616943	0.0029297308064997196	0.0009146647062152624	0.005419116001576185	0.0012234589084982872	0.00047174232895486057
1127	pride	../syntropy_project/models/model1_0	../syntropy_project/models/model1_0	joy	0.9585554599761963	0.0004697136755567044	0.023788664489984512	0.004051118157804012	0.9585554599761963	0.004754769150167704	0.00011569288471946493	0.0062762899324297905	0.00011716229346347973	0.000681278936099261	0.00042022703564725816	0.0006645565736107528	0.00010519190254854038
1128	pride	../syntropy_project/models/model1_0	../syntropy_project/models/model1_0	joy	0.9878160357475281	0.00010345691407565027	0.007148739416152239	0.0010813901899382472	0.9878160357475281	0.0008351978030987084	1.5109090782061685e-05	0.002581843873485923	7.6937438279856e-05	3.4154978493461385e-05	0.0001562677207402885	0.0001205969019792974	3.0237422834034078e-05
1129	joy	../syntropy_project/models/model1_0	../syntropy_project/models/model1_0	joy	0.8737753629684448	0.00035920125083066523	0.046997614204883575	0.006900212727487087	0.8737753629684448	0.05191418156027794	0.0006439641583710909	0.0065989987924695015	0.0039817821234464645	0.00020243597100488842	0.0015374500071629882	0.005567154381424189	0.0015216829488053918
1130	neutral	../syntropy_project/models/model1_0	../syntropy_project/models/model1_0	joy	0.56695157289505	0.0003400519781280309	0.40828731656074524	0.0033799184020608664	0.56695157289505	0.009550555609166622	0.00020058112568221986	0.008917565457522869	0.0014408425195142627	0.00014694308629259467	0.0004807255754712969	0.00017631807713769376	0.00012748752487823367
1131	joy	../syntropy_project/models/model1_0	../syntropy_project/models/model1_0	neutral	0.49643972516059875	0.004188257269561291	0.08176232874393463	0.10771943628787994	0.21041828393936157	0.49643972516059875	0.006679177284240723	0.0041144960559904575	0.07579579949378967	0.00013870984548702836	0.0019309079507365823	0.0057184514589607716	0.005094309337437153
1132	neutral	../syntropy_project/models/model1_0	../syntropy_project/models/model1_0	joy	0.8824249505996704	0.004803342744708061	0.04807368665933609	0.022011658176779747	0.8824249505996704	0.028439396992325783	0.0005895696813240647	0.007399438880383968	0.001574576715938747	0.0003180909843649715	0.00161547411698848	0.002265936927869916	0.000483896117657423
1133	joy	../syntropy_project/models/model1_0	../syntropy_project/models/model1_0	joy	0.566973090171814	0.05695462226867676	0.07918228954076767	0.03291034325957298	0.566973090171814	0.047394923865795135	0.002510522957891226	0.14782506227493286	0.00773855485022068	0.0012646958930417895	0.03537794202566147	0.02059389278292656	0.0012741022510454059
1134	surprise	../syntropy_project/models/model1_0	../syntropy_project/models/model1_0	joy	0.9649413824081421	7.629736501257867e-05	0.024136921390891075	0.0006505910423584282	0.9649413824081421	0.003927671350538731	3.785146327572875e-05	0.005063443444669247	0.000322581734508276	7.259829726535827e-05	0.00024746457347646356	0.00046763240243308246	5.559641431318596e-05
1135	embarrassment	../syntropy_project/models/model1_0	../syntropy_project/models/model1_0	sadness	0.8777155876159668	0.005410177633166313	0.00198534713126719	0.8777155876159668	0.002858970779925585	0.012509260326623917	0.0065218787640333176	0.0005225467612035573	0.004827350843697786	0.008120224811136723	0.016218509525060654	0.00401075417175889	0.05929939076304436
1136	neutral	../syntropy_project/models/model1_0	../syntropy_project/models/model1_0	joy	0.7523075342178345	0.0004258229164406657	0.16797004640102386	0.006038235034793615	0.7523075342178345	0.027412747964262962	0.00017603296146262437	0.04210356995463371	0.0007763724424876273	0.001070213969796896	0.0008809462888166308	0.0006293170154094696	0.00020919169764965773
1137	joy	../syntropy_project/models/model1_0	../syntropy_project/models/model1_0	joy	0.9589592218399048	3.1366143957711756e-05	0.0191046129912138	0.001906280405819416	0.9589592218399048	0.013310038484632969	5.307966785039753e-05	0.004650582559406757	0.000800982816144824	2.820970803441014e-05	0.0005352161824703217	0.00045085971942171454	0.00016945754759944975
1138	joy	../syntropy_project/models/model1_0	../syntropy_project/models/model1_0	joy	0.9833984971046448	6.271473102970049e-05	0.011647659353911877	0.00046591588761657476	0.9833984971046448	0.0016220645047724247	1.747964597598184e-05	0.002340571489185095	7.035998714854941e-05	4.196237205178477e-05	0.00012697922647930682	0.00017720865434966981	2.8497926905401982e-05
1139	confusion	../syntropy_project/models/model1_0	../syntropy_project/models/model1_0	excitement	0.9885873794555664	0.0009744864655658603	0.9885873794555664	0.0002402522077318281	0.0060109361074864864	0.0013006317894905806	7.607424049638212e-05	0.000638041237834841	0.0017837921623140574	9.295688505517319e-05	7.9594217822887e-05	0.00017350161215290427	4.2431915062479675e-05
1140	pride	../syntropy_project/models/model1_0	../syntropy_project/models/model1_0	joy	0.937853217124939	7.019504846539348e-05	0.05748384818434715	0.0008389833965338767	0.937853217124939	0.002026814967393875	1.939899448188953e-05	0.0013530398719012737	0.00012201636855024844	3.1222323741531e-05	9.297887299908325e-05	7.59297763579525e-05	3.235708936699666e-05
1141	sadness	../syntropy_project/models/model1_0	../syntropy_project/models/model1_0	sadness	0.9793122410774231	0.0016492785653099418	0.0013580142986029387	0.9793122410774231	0.013099282048642635	0.002227648627012968	0.00023355231678579003	0.0007709752535447478	0.00018469642964191735	0.0001549509761389345	0.000633327174000442	0.0001675492967478931	0.00020858808420598507
1142	excitement	../syntropy_project/models/model1_0	../syntropy_project/models/model1_0	sadness	0.9605603218078613	0.0028099275659769773	0.0035471306182444096	0.9605603218078613	0.012221469543874264	0.014165105298161507	0.0015129263047128916	0.0008753064903430641	0.0009797060629352927	0.00031570892315357924	0.0012293319450691342	0.001355018001049757	0.0004279290442354977
1143	joy	../syntropy_project/models/model1_0	../syntropy_project/models/model1_0	joy	0.7189518809318542	0.07307104766368866	0.07087993621826172	0.06881634891033173	0.7189518809318542	0.04062725231051445	0.0010928098345175385	0.014893284998834133	0.002567415125668049	0.0009022575104609132	0.0023426248226314783	0.005054144654422998	0.00080109853297472
1144	joy	../syntropy_project/models/model1_0	../syntropy_project/models/model1_0	joy	0.9440264105796814	0.0002374787873122841	0.049598537385463715	0.0009842292638495564	0.9440264105796814	0.0020056592766195536	2.9092692784615792e-05	0.002339675324037671	0.0002586285991128534	3.312868284410797e-05	0.00022567347332369536	0.00020808838598895818	5.3383650083560497e-05
1145	excitement	../syntropy_project/models/model1_0	../syntropy_project/models/model1_0	neutral	0.6372596621513367	0.0038412814028561115	0.1429922729730606	0.019226226955652237	0.10515154153108597	0.6372596621513367	0.0009893623646348715	0.03987210616469383	0.03736741840839386	0.00026507332222536206	0.005886864848434925	0.005669130943715572	0.0014791195280849934
1146	pride	../syntropy_project/models/model1_0	../syntropy_project/models/model1_0	pride	0.9923081994056702	0.000525193870998919	0.0005005521816201508	0.00014306179946288466	0.004283829126507044	7.300194556592032e-05	2.746760037553031e-05	0.9923081994056702	4.1104383853962645e-05	0.00030536006670445204	0.0017460386734455824	1.5311761671910062e-05	3.0985022021923214e-05
1147	anger	../syntropy_project/models/model1_0	../syntropy_project/models/model1_0	sadness	0.5774633288383484	0.19745145738124847	0.011207171715795994	0.5774633288383484	0.023252936080098152	0.0538555346429348	0.04904467239975929	0.0032879651989787817	0.017340153455734253	0.0016549554420635104	0.029590319842100143	0.02225322648882866	0.013598286546766758
1148	neutral	../syntropy_project/models/model1_0	../syntropy_project/models/model1_0	joy	0.9819512367248535	0.00012031534424750134	0.011995429173111916	0.0009272760362364352	0.9819512367248535	0.001658057328313589	2.921564009739086e-05	0.002415389521047473	0.00023895477352198213	4.411127156345174e-05	0.0002863702247850597	0.00026692767278291285	6.665133696515113e-05
1149	joy	../syntropy_project/models/model1_0	../syntropy_project/models/model1_0	joy	0.9754772782325745	6.847945041954517e-05	0.019770752638578415	0.0006012818776071072	0.9754772782325745	0.0011470200261101127	2.3939281163620763e-05	0.0024062138982117176	0.00015760859241709113	3.799899059231393e-05	0.00018469466886017472	6.425255560316145e-05	6.047291390132159e-05
1150	neutral	../syntropy_project/models/model1_0	../syntropy_project/models/model1_0	joy	0.39007338881492615	0.010217245668172836	0.21973885595798492	0.02907818928360939	0.39007338881492615	0.2422173172235489	0.006325617898255587	0.021261177957057953	0.04667437821626663	0.0006685629487037659	0.015529124066233635	0.011850613169372082	0.006365613080561161
1151	joy	../syntropy_project/models/model1_0	../syntropy_project/models/model1_0	joy	0.7446209788322449	0.008303445763885975	0.0822296291589737	0.04072948172688484	0.7446209788322449	0.07456424832344055	0.001945999450981617	0.01891801878809929	0.010929291136562824	0.0004048316041007638	0.005799954757094383	0.009543458931148052	0.002010686555877328
1152	excitement	../syntropy_project/models/model1_0	../syntropy_project/models/model1_0	joy	0.9764376282691956	0.00022961042122915387	0.0029808010440319777	0.001491857459768653	0.9764376282691956	0.005989622790366411	7.374106644419953e-05	0.007246345281600952	0.0006119137979112566	0.00013855092402081937	0.0011854483745992184	0.0034763405565172434	0.00013819962623529136
1153	joy	../syntropy_project/models/model1_0	../syntropy_project/models/model1_0	joy	0.7117100358009338	0.0007547081913799047	0.05558643862605095	0.017764845862984657	0.7117100358009338	0.18241553008556366	0.001226089894771576	0.008582075126469135	0.01142970658838749	0.00042561706504784524	0.0033248323015868664	0.0034936878364533186	0.0032865451648831367
1154	excitement	../syntropy_project/models/model1_0	../syntropy_project/models/model1_0	excitement	0.4656538963317871	0.005328528583049774	0.4656538963317871	0.004901018925011158	0.3424872159957886	0.10480399429798126	0.0026487442664802074	0.034371476620435715	0.018490538001060486	0.000937703880481422	0.008411052636802197	0.009677636437118053	0.0022880916949361563
1155	pride	../syntropy_project/models/model1_0	../syntropy_project/models/model1_0	excitement	0.5420722365379333	0.004341119900345802	0.5420722365379333	0.0017871472518891096	0.41983839869499207	0.013697301968932152	0.0002525721793062985	0.011187924072146416	0.0048180692829191685	0.00024502089945599437	0.0005776656325906515	0.0010379435261711478	0.00014463129627984017
1156	excitement	../syntropy_project/models/model1_0	../syntropy_project/models/model1_0	joy	0.5454340577125549	0.018531935289502144	0.1104961559176445	0.03975381329655647	0.5454340577125549	0.22575144469738007	0.004695880226790905	0.016871467232704163	0.020336158573627472	0.0004584727867040783	0.009556272998452187	0.004993985872715712	0.0031203823164105415
1157	joy	../syntropy_project/models/model1_0	../syntropy_project/models/model1_0	joy	0.9852621555328369	5.9833284467458725e-05	0.011377835646271706	0.00042870675679296255	0.9852621555328369	0.0009580134064890444	1.6629162928438745e-05	0.001466706395149231	0.00010006628872361034	1.7214704712387174e-05	0.0001333516847807914	0.0001475564786233008	3.198243575752713e-05
1158	neutral	../syntropy_project/models/model1_0	../syntropy_project/models/model1_0	joy	0.9814437627792358	0.00010043226211564615	0.014903416857123375	0.0008936418453231454	0.9814437627792358	0.0013679945841431618	3.2738724257797e-05	0.0007414237479679286	8.93024553079158e-05	3.600517811719328e-05	0.00015761025133542717	0.00018204205844085664	5.1553008233895525e-05
1159	excitement	../syntropy_project/models/model1_0	../syntropy_project/models/model1_0	joy	0.9798847436904907	0.00014442413521464914	0.015403242781758308	0.0008257812587544322	0.9798847436904907	0.0007361750467680395	1.5200895177258644e-05	0.0026710378006100655	9.054170368472114e-05	3.745096182683483e-05	9.953994594980031e-05	6.910920637892559e-05	2.278136889799498e-05
1160	pride	../syntropy_project/models/model1_0	../syntropy_project/models/model1_0	joy	0.9668723344802856	0.00023236994456965476	0.011133624240756035	0.003433049423620105	0.9668723344802856	0.01244104653596878	9.544131171423942e-05	0.004004656337201595	0.00027084871544502676	8.512819476891309e-05	0.0006217441987246275	0.0006614060257561505	0.00014828381245024502
1161	excitement	../syntropy_project/models/model1_0	../syntropy_project/models/model1_0	sadness	0.5495237112045288	0.158778116106987	0.007928459905087948	0.5495237112045288	0.060921382158994675	0.06502418965101242	0.004197191912680864	0.01358047965914011	0.0011476207291707397	0.09727532416582108	0.01914030686020851	0.008028614334762096	0.014454629272222519
1162	joy	../syntropy_project/models/model1_0	../syntropy_project/models/model1_0	joy	0.9476781487464905	0.0022843393962830305	0.011355126276612282	0.004878611769527197	0.9476781487464905	0.006030100863426924	0.00017804786330088973	0.025334851816296577	0.00019773843814618886	0.000504657335113734	0.00101406779140234	0.0003963301714975387	0.00014800492499489337
1163	pride	../syntropy_project/models/model1_0	../syntropy_project/models/model1_0	excitement	0.896417498588562	0.0013219922548159957	0.896417498588562	0.0006691297166980803	0.08238544315099716	0.014863275922834873	0.00018301860836800188	0.0021907456684857607	0.0008044449496082962	0.000358190736733377	0.0001615110522834584	0.0005542814615182579	9.045228944160044e-05
1164	neutral	../syntropy_project/models/model1_0	../syntropy_project/models/model1_0	neutral	0.7862820625305176	0.007996520958840847	0.0794861912727356	0.023696361109614372	0.07654719054698944	0.7862820625305176	0.006429740227758884	0.0022590085864067078	0.010416150093078613	0.00024374303757213056	0.0007192090270109475	0.0032764181960374117	0.0026475221384316683
1165	excitement	../syntropy_project/models/model1_0	../syntropy_project/models/model1_0	joy	0.8783969283103943	0.0001201386476168409	0.052888039499521255	0.0014184664469212294	0.8783969283103943	0.03923170641064644	0.00028244746499694884	0.016453228890895844	0.005715894512832165	0.00016655915533192456	0.0024245798122137785	0.0018212428549304605	0.0010807205690070987
1166	pride	../syntropy_project/models/model1_0	../syntropy_project/models/model1_0	pride	0.8218345046043396	0.0005295167793519795	0.008744209073483944	0.000374260765966028	0.16525085270404816	0.0004389149253256619	5.2334995416458696e-05	0.8218345046043396	8.210687519749627e-05	0.0005368761485442519	0.0018912031082436442	0.0001889534469228238	7.619389361934736e-05
1167	fear	../syntropy_project/models/model1_0	../syntropy_project/models/model1_0	anger	0.39793121814727783	0.2415187805891037	0.007684475276619196	0.2055422067642212	0.01858137547969818	0.022501621395349503	0.007680248003453016	0.006135707255452871	0.001871426124125719	0.39793121814727783	0.03124399483203888	0.009131037630140781	0.050177935510873795
1168	joy	../syntropy_project/models/model1_0	../syntropy_project/models/model1_0	joy	0.8077808022499084	0.0014469398884102702	0.11222714930772781	0.003370903432369232	0.8077808022499084	0.030915264040231705	0.0030204050708562136	0.016912288963794708	0.011147042736411095	0.00031923275673761964	0.00583737762644887	0.0038001895882189274	0.0032225181348621845
1169	nervousness	../syntropy_project/models/model1_0	../syntropy_project/models/model1_0	fear	0.9822500348091125	0.00435401638969779	3.6213623388903216e-05	0.0024081100709736347	0.0004075892211403698	0.002538699423894286	0.9822500348091125	0.000407986284699291	0.0006861768197268248	8.144864841597155e-05	0.0035638827830553055	0.0027593509294092655	0.0005065363366156816
1170	joy	../syntropy_project/models/model1_0	../syntropy_project/models/model1_0	joy	0.5088661313056946	0.0010835911380127072	0.07985124737024307	0.12304609268903732	0.5088661313056946	0.24447329342365265	0.0016927658580243587	0.006260651163756847	0.012702211737632751	0.00026992816128768027	0.008879056200385094	0.009982867166399956	0.002892112825065851
1171	excitement	../syntropy_project/models/model1_0	../syntropy_project/models/model1_0	joy	0.6894568204879761	0.01090297382324934	0.21141834557056427	0.0077552772127091885	0.6894568204879761	0.04846842214465141	0.000504572584759444	0.024872472509741783	0.0010006424272432923	0.0005839384975843132	0.0031475487630814314	0.001461270498111844	0.000427726045018062
1172	neutral	../syntropy_project/models/model1_0	../syntropy_project/models/model1_0	joy	0.8567319512367249	0.0002804665418807417	0.13662800192832947	0.0012560237664729357	0.8567319512367249	0.003304446581751108	3.065951386815868e-05	0.0013447072124108672	0.00010743462917162105	7.523686508648098e-05	9.80147669906728e-05	0.0001010729611152783	4.199468094157055e-05
1173	joy	../syntropy_project/models/model1_0	../syntropy_project/models/model1_0	joy	0.98271644115448	4.822848131880164e-05	0.011222739703953266	0.00038854105514474213	0.98271644115448	0.0019813363905996084	2.450740612403024e-05	0.0030805279966443777	0.00014209137589205056	3.330563777126372e-05	0.00014186336193233728	0.00018707472190726548	3.345200093463063e-05
1174	joy	../syntropy_project/models/model1_0	../syntropy_project/models/model1_0	joy	0.8458619713783264	0.003154852893203497	0.11397965997457504	0.01208559051156044	0.8458619713783264	0.013421379029750824	0.0007961069932207465	0.0046160463243722916	0.0039354232139885426	0.00016247862367890775	0.0007653932552784681	0.0007451572455465794	0.0004758802242577076
1175	excitement	../syntropy_project/models/model1_0	../syntropy_project/models/model1_0	joy	0.4937784969806671	3.311652108095586e-05	0.4127224385738373	0.0006263625109568238	0.4937784969806671	0.047573551535606384	0.0005253128474578261	0.0018170878756791353	0.0399005226790905	4.3486572394613177e-05	0.0005318296025507152	0.0004253748047631234	0.002022465690970421
1176	embarrassment	../syntropy_project/models/model1_0	../syntropy_project/models/model1_0	sadness	0.6177129149436951	0.24467115104198456	0.00689667696133256	0.6177129149436951	0.022290518507361412	0.04200779274106026	0.032294124364852905	0.002104690996930003	0.0046134889125823975	0.0034507333766669035	0.00925628375262022	0.009645355865359306	0.005056201014667749
1177	joy	../syntropy_project/models/model1_0	../syntropy_project/models/model1_0	joy	0.8934435248374939	6.799522088840604e-05	0.0722847655415535	0.0014835292240604758	0.8934435248374939	0.024153035134077072	0.00013070597196929157	0.003947855904698372	0.003109051613137126	0.00010295798711013049	0.00046206332626752555	0.0004191495827399194	0.0003954231506213546
1178	neutral	../syntropy_project/models/model1_0	../syntropy_project/models/model1_0	joy	0.9421058297157288	0.0038523604162037373	0.029448485001921654	0.008964757435023785	0.9421058297157288	0.004249845631420612	0.00020206256886012852	0.009139945730566978	0.00028654097695834935	0.0002831394667737186	0.0007849456160329282	0.0005042293923906982	0.00017789901176001877
1179	sadness	../syntropy_project/models/model1_0	../syntropy_project/models/model1_0	sadness	0.9913474917411804	0.001950205652974546	0.00021375302458181977	0.9913474917411804	0.0016773564275354147	0.002286083996295929	0.0007014793809503317	0.00017294935241807252	0.0002243944036308676	0.00023705247440375388	0.00048682402120903134	0.0003846371255349368	0.0003178635670337826
1180	excitement	../syntropy_project/models/model1_0	../syntropy_project/models/model1_0	joy	0.42694091796875	0.0004847413511015475	0.41467100381851196	0.002513943240046501	0.42694091796875	0.12044737488031387	0.0006213358137756586	0.01174186822026968	0.011181325651705265	0.0003245764528401196	0.004486904013901949	0.005184397101402283	0.0014016341883689165
1181	neutral	../syntropy_project/models/model1_0	../syntropy_project/models/model1_0	embarrassment	0.9810116291046143	0.0008303595241159201	2.1602396373054944e-05	0.002958842786028981	0.0036918683908879757	0.0006282697431743145	0.00035202648723497987	0.00329841417260468	6.93090696586296e-05	0.0002300173946423456	0.9810116291046143	0.0028255374636501074	0.004082056228071451
1182	confusion	../syntropy_project/models/model1_0	../syntropy_project/models/model1_0	confusion	0.5909504890441895	0.0009601990459486842	0.0010562880197539926	0.01327482983469963	0.0024611351545900106	0.3275192379951477	0.0027933488599956036	0.0018431013450026512	0.015442064963281155	0.02079663798213005	0.004348346497863531	0.5909504890441895	0.01855427958071232
1183	excitement	../syntropy_project/models/model1_0	../syntropy_project/models/model1_0	joy	0.6119531989097595	0.016351638361811638	0.015744658187031746	0.10213200747966766	0.6119531989097595	0.20985232293605804	0.007364113349467516	0.012388059869408607	0.002777059795334935	0.002399279037490487	0.007147699594497681	0.0069043501280248165	0.004985575098544359
1184	excitement	../syntropy_project/models/model1_0	../syntropy_project/models/model1_0	excitement	0.5394437909126282	0.009200600907206535	0.5394437909126282	0.020534688606858253	0.18415753543376923	0.1731102615594864	0.0031886352226138115	0.018951818346977234	0.0396655835211277	0.001193343079648912	0.002654732670634985	0.0028984646778553724	0.0050005861558020115
1185	pride	../syntropy_project/models/model1_0	../syntropy_project/models/model1_0	pride	0.9739049077033997	0.009661315008997917	0.0005855118506588042	0.0009897128911688924	0.0032667757477611303	0.00035066576674580574	0.0002298913022968918	0.9739049077033997	0.00014181547157932073	0.0010700501734390855	0.009415189735591412	0.00013034399307798594	0.00025373269454576075
1186	excitement	../syntropy_project/models/model1_0	../syntropy_project/models/model1_0	joy	0.43476298451423645	0.044300902634859085	0.24504339694976807	0.024940775707364082	0.43476298451423645	0.19614124298095703	0.015017232857644558	0.01648191548883915	0.013312539085745811	0.0013981442898511887	0.002688002772629261	0.004135004244744778	0.0017778038745746017
1187	nervousness	../syntropy_project/models/model1_0	../syntropy_project/models/model1_0	neutral	0.7327113151550293	0.008818119764328003	0.09513732045888901	0.029537038877606392	0.07446779310703278	0.7327113151550293	0.0036641445476561785	0.005673403386026621	0.01880253292620182	0.0018588309176266193	0.0043115559965372086	0.02027488313615322	0.004743082448840141
1188	joy	../syntropy_project/models/model1_0	../syntropy_project/models/model1_0	joy	0.9045374989509583	0.00015504971088375896	0.07131098955869675	0.0022194781340658665	0.9045374989509583	0.008451118133962154	0.00011114230437669903	0.010458877310156822	0.001105714589357376	0.00011092777276644483	0.0005656636203639209	0.0008666616631671786	0.0001069409991032444
1189	pride	../syntropy_project/models/model1_0	../syntropy_project/models/model1_0	pride	0.9866030216217041	0.0033853347413241863	0.00017688937077764422	0.00019295254605822265	0.00231430702842772	5.5281358072534204e-05	5.1281502237543464e-05	0.9866030216217041	3.815550735453144e-05	0.0006313154590316117	0.006454957649111748	2.084771949739661e-05	7.57003654143773e-05
1190	surprise	../syntropy_project/models/model1_0	../syntropy_project/models/model1_0	surprise	0.9882625937461853	0.0001092499733204022	0.006884434726089239	0.0003249508736189455	0.0008021084358915687	0.002135916380211711	0.00015659786004107445	0.00019802490714937449	0.9882625937461853	2.827519665515865e-06	0.00042727740947157145	0.0005025053396821022	0.00019348970090504736
1191	neutral	../syntropy_project/models/model1_0	../syntropy_project/models/model1_0	joy	0.9936702251434326	7.013978029135615e-05	0.0036052167415618896	0.0005010649329051375	0.9936702251434326	0.0008219247101806104	2.5729386834427714e-05	0.0007811505347490311	9.549958485877141e-05	2.093374678224791e-05	0.00014231947716325521	0.00022665310825686902	3.905240373569541e-05
1192	neutral	../syntropy_project/models/model1_0	../syntropy_project/models/model1_0	joy	0.7555515766143799	0.008603709749877453	0.12776991724967957	0.03270312398672104	0.7555515766143799	0.06263915449380875	0.0009571221307851374	0.004202972166240215	0.0031777990516275167	0.00048652422265149653	0.0011039524106308818	0.001981025328859687	0.0008230553357861936
1193	pride	../syntropy_project/models/model1_0	../syntropy_project/models/model1_0	joy	0.9450815320014954	0.00045406882418319583	0.030853217467665672	0.004854151513427496	0.9450815320014954	0.003153768368065357	0.00014300260227173567	0.013448336161673069	0.00038277218118309975	0.00033297427580691874	0.0008487864397466183	0.00033865534351207316	0.00010870570258703083
1194	confusion	../syntropy_project/models/model1_0	../syntropy_project/models/model1_0	fear	0.949731171131134	0.018109284341335297	0.0004626877198461443	0.007546145934611559	0.0015289444709196687	0.012492718175053596	0.949731171131134	0.0006068097427487373	0.0018389648757874966	0.00035809920518659055	0.001846709055826068	0.002179962582886219	0.003298574360087514
1195	neutral	../syntropy_project/models/model1_0	../syntropy_project/models/model1_0	joy	0.7962742447853088	0.00018708952120505273	0.1372346729040146	0.0019556402694433928	0.7962742447853088	0.05281288921833038	0.0003191152645740658	0.005331542808562517	0.0020613898523151875	0.00011235797865083441	0.0010392951080575585	0.0022867152001708746	0.00038504210533574224
1196	joy	../syntropy_project/models/model1_0	../syntropy_project/models/model1_0	joy	0.6578636169433594	0.003614910179749131	0.1776093989610672	0.010118739679455757	0.6578636169433594	0.11897516995668411	0.001012112363241613	0.016914304345846176	0.00666311290115118	0.000758942449465394	0.0028519027400761843	0.002578920451924205	0.0010387952206656337
1197	neutral	../syntropy_project/models/model1_0	../syntropy_project/models/model1_0	sadness	0.7371413111686707	0.03661729022860527	0.012029613368213177	0.7371413111686707	0.028467319905757904	0.10898327827453613	0.017524655908346176	0.004172795917838812	0.014300704002380371	0.001011426211334765	0.006025982089340687	0.032332893460989	0.0013927074614912271
1198	sadness	../syntropy_project/models/model1_0	../syntropy_project/models/model1_0	embarrassment	0.9771744012832642	0.00048428206355310977	2.1557643776759505e-06	0.00962134450674057	2.33835271501448e-05	0.00010853861749637872	0.0012384834699332714	0.0013552713207900524	5.3265415772330016e-05	0.001524488441646099	0.9771744012832642	0.0004966454580426216	0.007917847484350204
1199	excitement	../syntropy_project/models/model1_0	../syntropy_project/models/model1_0	joy	0.9044082164764404	0.0008512000786140561	0.05370216816663742	0.0057984390296041965	0.9044082164764404	0.018067795783281326	0.00012142156629124656	0.01479677576571703	0.0005483763525262475	0.00013556242629420012	0.0006472312961705029	0.0007308927597478032	0.00019205939315725118
1200	neutral	../syntropy_project/models/model1_0	../syntropy_project/models/model1_0	excitement	0.4946196675300598	0.004319970495998859	0.4946196675300598	0.007469954434782267	0.4126676321029663	0.02795489691197872	0.001756595796905458	0.00854902807623148	0.0369897335767746	0.0011633754475042224	0.001640825648792088	0.001501392456702888	0.0013669570907950401
1201	confusion	../syntropy_project/models/model1_0	../syntropy_project/models/model1_0	surprise	0.9745807647705078	0.00011024647392332554	0.016241619363427162	0.0006370681221596897	0.002172266598790884	0.004872092977166176	0.00014099905092734843	0.0003537861630320549	0.9745807647705078	3.5120824577461462e-06	0.00034624009276740253	0.00028707023011520505	0.00025422294856980443
1202	pride	../syntropy_project/models/model1_0	../syntropy_project/models/model1_0	joy	0.352035254240036	0.026143642142415047	0.12992428243160248	0.09666996449232101	0.352035254240036	0.31426534056663513	0.003593285335227847	0.03604794293642044	0.0253393966704607	0.002730767708271742	0.006801049690693617	0.0011218047002330422	0.005327275954186916
1203	joy	../syntropy_project/models/model1_0	../syntropy_project/models/model1_0	joy	0.9644255638122559	0.0010357281425967813	0.014823433943092823	0.0029163029976189137	0.9644255638122559	0.0030145631171762943	0.00011002768587786704	0.011969037353992462	0.00015246024122461677	0.00020646941266022623	0.0007508379640057683	0.00048061786219477654	0.00011505856673466042
1204	neutral	../syntropy_project/models/model1_0	../syntropy_project/models/model1_0	joy	0.939629077911377	0.0005606749909929931	0.006057219114154577	0.005847150459885597	0.939629077911377	0.001867875223979354	0.00011653035471681505	0.04352375864982605	0.00026459747459739447	0.00021905377798248082	0.0014545118901878595	0.00036435521906241775	9.520477760815993e-05
1205	pride	../syntropy_project/models/model1_0	../syntropy_project/models/model1_0	joy	0.8905823826789856	0.0012505293125286698	0.07530546188354492	0.016062872484326363	0.8905823826789856	0.00786315556615591	0.0003534297284204513	0.003698676824569702	0.0015298575162887573	0.0004114791809115559	0.0013575719203799963	0.0011223193723708391	0.000462223106296733
1206	joy	../syntropy_project/models/model1_0	../syntropy_project/models/model1_0	joy	0.7058065533638	4.2308627598686144e-05	0.24106168746948242	0.001123776426538825	0.7058065533638	0.023160353302955627	0.0004810855898540467	0.00282080820761621	0.023017652332782745	4.195416840957478e-05	0.0010481189237907529	0.0008045039721764624	0.0005911776679567993
1207	nervousness	../syntropy_project/models/model1_0	../syntropy_project/models/model1_0	sadness	0.45130178332328796	0.12460020929574966	0.1843549609184265	0.45130178332328796	0.14443901181221008	0.035802967846393585	0.014292038977146149	0.005274393130093813	0.012949102558195591	0.0027424206491559744	0.010951191186904907	0.005579384509474039	0.007712440565228462
1208	joy	../syntropy_project/models/model1_0	../syntropy_project/models/model1_0	joy	0.9569677710533142	0.0034064825158566236	0.020147861912846565	0.007563553284853697	0.9569677710533142	0.0036030823830515146	0.0001507297420175746	0.006187284365296364	0.00035363013739697635	0.0002167397178709507	0.0006457509589381516	0.000606055895332247	0.0001511422888142988
1209	excitement	../syntropy_project/models/model1_0	../syntropy_project/models/model1_0	excitement	0.9206663966178894	0.0003325978759676218	0.9206663966178894	0.00035156786907464266	0.07557304203510284	0.0012240663636475801	3.711230601766147e-05	0.0010870761470869184	0.0004887501709163189	0.00010125906555913389	2.6497535145608708e-05	7.693024963373318e-05	3.4618413337739184e-05
1210	excitement	../syntropy_project/models/model1_0	../syntropy_project/models/model1_0	joy	0.9874923229217529	4.418819662532769e-05	0.007810757029801607	0.00047177899978123605	0.9874923229217529	0.00103451544418931	2.4130124074872583e-05	0.002606099471449852	5.6259759730892256e-05	3.3165255445055664e-05	0.00020339696493465453	0.00018875658861361444	3.4653261536732316e-05
1211	joy	../syntropy_project/models/model1_0	../syntropy_project/models/model1_0	joy	0.8456125855445862	0.0008809660212136805	0.13650494813919067	0.0020982997957617044	0.8456125855445862	0.006947547663003206	0.00012126198998885229	0.004848946817219257	0.0014144876040518284	0.00014646307681687176	0.0005297491443343461	0.0007145412964746356	0.000180175164132379
1212	neutral	../syntropy_project/models/model1_0	../syntropy_project/models/model1_0	joy	0.9805341362953186	0.00015913660172373056	0.01588829793035984	0.0006062808097340167	0.9805341362953186	0.0009573599090799689	2.2209009330254048e-05	0.0014806846156716347	3.873238529195078e-05	3.770033799810335e-05	0.00014220945013221353	9.891000809147954e-05	3.443895184318535e-05
1213	excitement	../syntropy_project/models/model1_0	../syntropy_project/models/model1_0	joy	0.9646317362785339	0.00017399920034222305	0.02980138175189495	0.000999408308416605	0.9646317362785339	0.0014734056312590837	1.8655564417713322e-05	0.0025127974804490805	0.00010840351023944095	5.136902109370567e-05	9.439661516807973e-05	9.764586866367608e-05	3.679537621792406e-05
1214	excitement	../syntropy_project/models/model1_0	../syntropy_project/models/model1_0	excitement	0.997992992401123	5.10253848915454e-05	0.997992992401123	2.299997504451312e-05	0.0011492181802168489	0.0003043175383936614	6.763669261999894e-06	6.48385685053654e-05	0.00037844767211936414	7.190240921772784e-06	3.8512876017193776e-06	1.1631735105765983e-05	6.769057563360548e-06
1215	excitement	../syntropy_project/models/model1_0	../syntropy_project/models/model1_0	joy	0.9888355135917664	3.168316834489815e-05	0.006818590685725212	0.000602518324740231	0.9888355135917664	0.0010329996002838016	8.957970749179367e-06	0.0023766434751451015	8.13644946902059e-05	2.4579125238233246e-05	8.996596443466842e-05	8.004562550922856e-05	1.7207055861945264e-05
1216	excitement	../syntropy_project/models/model1_0	../syntropy_project/models/model1_0	joy	0.7139394283294678	0.0001313224493060261	0.2028404176235199	0.0015727353747934103	0.7139394283294678	0.05697218328714371	0.00036284406087361276	0.007905620150268078	0.012857813388109207	0.00010137086064787582	0.0007401319453492761	0.00186847650911659	0.0007077633636072278
1217	anger	../syntropy_project/models/model1_0	../syntropy_project/models/model1_0	anger	0.987238347530365	0.0010860166512429714	0.00012758483353536576	0.0037176497280597687	9.205466631101444e-05	0.0008185785845853388	0.0002479729591868818	9.694633627077565e-05	2.5869063392747194e-05	0.987238347530365	0.00041718751890584826	0.0001118919753935188	0.006019999738782644
1218	joy	../syntropy_project/models/model1_0	../syntropy_project/models/model1_0	joy	0.9142749905586243	0.00011892450856976211	0.07605920732021332	0.0009279090445488691	0.9142749905586243	0.0045140767470002174	4.3081956391688436e-05	0.0024885274469852448	0.0002465750731062144	0.00015853931836318225	0.00046649479190818965	0.0006526538636535406	4.903307126369327e-05
1219	anger	../syntropy_project/models/model1_0	../syntropy_project/models/model1_0	joy	0.9795061349868774	5.473927376442589e-05	0.006984318140894175	0.001179422251880169	0.9795061349868774	0.00512805487960577	0.00022030534455552697	0.0009183080983348191	0.0007997020147740841	7.632625784026459e-05	0.0009732878534123302	0.003063807263970375	0.001095662242732942
1220	embarrassment	../syntropy_project/models/model1_0	../syntropy_project/models/model1_0	confusion	0.5847238302230835	0.24850152432918549	0.00033700483618304133	0.08829133212566376	0.0015292208408936858	0.006207364611327648	0.030171958729624748	0.0008036677027121186	0.007262821774929762	0.0029915019404143095	0.02434370666742325	0.5847238302230835	0.004836025182157755
1221	pride	../syntropy_project/models/model1_0	../syntropy_project/models/model1_0	joy	0.9874252676963806	9.354873327538371e-05	0.004695127718150616	0.000926822132896632	0.9874252676963806	0.0024644399527460337	4.11214423365891e-05	0.003198725637048483	0.0002524852170608938	6.680846126982942e-05	0.00040823229937814176	0.00030647777020931244	0.00012098545266781002
1222	joy	../syntropy_project/models/model1_0	../syntropy_project/models/model1_0	joy	0.5258772969245911	4.9363381549483165e-05	0.26297879219055176	0.001968116033822298	0.5258772969245911	0.1298852562904358	0.0021953501272946596	0.003339574206620455	0.06370025128126144	6.468175706686452e-05	0.0024975156411528587	0.004853834863752127	0.0025900129694491625
1223	neutral	../syntropy_project/models/model1_0	../syntropy_project/models/model1_0	joy	0.6524085998535156	0.02070617862045765	0.08139034360647202	0.16565373539924622	0.6524085998535156	0.04722654074430466	0.003421340137720108	0.007569102104753256	0.01018610317260027	0.0009937017457559705	0.004130048211663961	0.004690330475568771	0.0016239985125139356
1224	neutral	../syntropy_project/models/model1_0	../syntropy_project/models/model1_0	joy	0.9678831696510315	0.00011638941941782832	0.027216752991080284	0.00040628662100061774	0.9678831696510315	0.001070791739039123	4.492924199439585e-05	0.00262603466399014	0.00020958029199391603	2.979601595143322e-05	0.00018443522276356816	0.0001669137564022094	4.496490510064177e-05
1225	neutral	../syntropy_project/models/model1_0	../syntropy_project/models/model1_0	joy	0.28047975897789	0.16762995719909668	0.145239919424057	0.2778688967227936	0.28047975897789	0.08006739616394043	0.005218214355409145	0.01248238142579794	0.011893291026353836	0.0021444386802613735	0.006915150675922632	0.006992882117629051	0.003067771904170513
1226	excitement	../syntropy_project/models/model1_0	../syntropy_project/models/model1_0	excitement	0.5999017953872681	0.0012864872114732862	0.5999017953872681	0.004784919321537018	0.32096707820892334	0.05822818726301193	0.00037011184031143785	0.004872643854469061	0.005355973728001118	0.0002076867240248248	0.0019530104473233223	0.001705267233774066	0.0003668381832540035
1227	neutral	../syntropy_project/models/model1_0	../syntropy_project/models/model1_0	sadness	0.41908493638038635	0.06095040962100029	0.027483783662319183	0.41908493638038635	0.031153857707977295	0.3981170952320099	0.031892769038677216	0.004009434953331947	0.0041895234026014805	0.0016333091771230102	0.0017488793237134814	0.017688507214188576	0.00204760511405766
1228	neutral	../syntropy_project/models/model1_0	../syntropy_project/models/model1_0	excitement	0.5343038439750671	0.0005336161120794713	0.5343038439750671	0.00409290473908186	0.4544621706008911	0.00500194588676095	6.198922346811742e-05	0.0006243056850507855	0.0004283244488760829	0.00016411581600550562	8.882773545337841e-05	0.00013927332474850118	9.871108341030777e-05
1229	nervousness	../syntropy_project/models/model1_0	../syntropy_project/models/model1_0	nervousness	0.41719093918800354	0.41719093918800354	0.002887435955926776	0.1968805491924286	0.008697775192558765	0.029849955812096596	0.014936918392777443	0.0025495656300336123	0.008206608705222607	0.0030043788719922304	0.012160606682300568	0.3002815842628479	0.0033536842092871666
1230	neutral	../syntropy_project/models/model1_0	../syntropy_project/models/model1_0	excitement	0.468382865190506	0.08865755051374435	0.468382865190506	0.01151165273040533	0.3866400122642517	0.01959976740181446	0.0014475148636847734	0.017247555777430534	0.002563606947660446	0.0017565698362886906	0.000729546241927892	0.0006135795847512782	0.0008497210801579058
1231	pride	../syntropy_project/models/model1_0	../syntropy_project/models/model1_0	joy	0.7261733412742615	0.010607230477035046	0.2263045758008957	0.014603120274841785	0.7261733412742615	0.010993026196956635	0.0007606020662933588	0.0047587319277226925	0.003517514793202281	0.0002526410680729896	0.0008100644336082041	0.0008461005054414272	0.000372949056327343
1232	neutral	../syntropy_project/models/model1_0	../syntropy_project/models/model1_0	neutral	0.6677353382110596	0.0014962609857320786	0.051580674946308136	0.018577732145786285	0.044849373400211334	0.6677353382110596	0.0069269887171685696	0.00918352697044611	0.1562391221523285	0.0006311589968390763	0.015349791385233402	0.024068618193268776	0.0033613834530115128
1233	excitement	../syntropy_project/models/model1_0	../syntropy_project/models/model1_0	pride	0.9160338044166565	0.0010265489108860493	0.003416755935177207	0.00018429332703817636	0.0759071409702301	0.00031115717138163745	5.772468284703791e-05	0.9160338044166565	9.966133075067773e-05	0.0006357362144626677	0.0020901451352983713	0.0001463924127165228	9.056277485797182e-05
1234	fear	../syntropy_project/models/model1_0	../syntropy_project/models/model1_0	sadness	0.7643783092498779	0.019349034875631332	0.014542117714881897	0.7643783092498779	0.0296362042427063	0.10629821568727493	0.017179183661937714	0.0018156006699427962	0.013443111442029476	0.0010719943093135953	0.0063514867797493935	0.022300204262137413	0.0036345673725008965
1235	joy	../syntropy_project/models/model1_0	../syntropy_project/models/model1_0	joy	0.9816391468048096	0.0001194445212604478	0.01342929806560278	0.001092131482437253	0.9816391468048096	0.0015792485792189837	1.7067060980480164e-05	0.0017532336059957743	3.7329438782762736e-05	4.853244172409177e-05	0.0001258842967217788	0.00013047918037045747	2.8203145120642148e-05
1236	nervousness	../syntropy_project/models/model1_0	../syntropy_project/models/model1_0	sadness	0.7766295075416565	0.04883164167404175	0.0027035402599722147	0.7766295075416565	0.013569243252277374	0.123740054666996	0.005177578888833523	0.0021708840504288673	0.0008565362659282982	0.008121119812130928	0.0062825181521475315	0.0030777559150010347	0.008839675225317478
1237	neutral	../syntropy_project/models/model1_0	../syntropy_project/models/model1_0	neutral	0.40323036909103394	0.04272108152508736	0.07389827072620392	0.2712353765964508	0.10380623489618301	0.40323036909103394	0.005466801580041647	0.01292795967310667	0.0626160055398941	0.0024868000764399767	0.0055333999916911125	0.011307789012789726	0.004769966006278992
1238	confusion	../syntropy_project/models/model1_0	../syntropy_project/models/model1_0	confusion	0.7656102180480957	0.006735390052199364	0.00014604184252675623	0.02313295193016529	0.003984211478382349	0.0073881568387150764	0.004485517740249634	0.005623371805995703	0.0019802453462034464	0.005490598268806934	0.16818372905254364	0.7656102180480957	0.007239521015435457
1239	neutral	../syntropy_project/models/model1_0	../syntropy_project/models/model1_0	joy	0.9254204034805298	0.0002106696047121659	0.0364571250975132	0.001089634606614709	0.9254204034805298	0.010875008068978786	0.00016846079961396754	0.016793372109532356	0.00509948143735528	0.00012836555833928287	0.001902349409647286	0.0014031367609277368	0.00045190469245426357
1240	neutral	../syntropy_project/models/model1_0	../syntropy_project/models/model1_0	joy	0.46529704332351685	0.06394603103399277	0.11402364075183868	0.1582101732492447	0.46529704332351685	0.04590635746717453	0.003897999878972769	0.129397913813591	0.004224763251841068	0.005713357124477625	0.004288151394575834	0.0022148792631924152	0.0028797194827347994
1241	anger	../syntropy_project/models/model1_0	../syntropy_project/models/model1_0	anger	0.4183732271194458	0.02004271186888218	0.0024269740097224712	0.33172643184661865	0.02029181271791458	0.08333642780780792	0.0020844817627221346	0.0057694087736308575	0.0005525110173039138	0.4183732271194458	0.056979503482580185	0.008558813482522964	0.04985769838094711
1242	neutral	../syntropy_project/models/model1_0	../syntropy_project/models/model1_0	joy	0.9092308282852173	0.0007007382228039205	0.05051170662045479	0.006777571979910135	0.9092308282852173	0.004041162319481373	0.00011988776532234624	0.025958441197872162	0.00048089641495607793	0.0005819107755087316	0.0008938523242250085	0.0004386046784929931	0.0002643946500029415
1243	neutral	../syntropy_project/models/model1_0	../syntropy_project/models/model1_0	sadness	0.2764200270175934	0.2276613414287567	0.047051507979631424	0.2764200270175934	0.050604160875082016	0.26799601316452026	0.06274767220020294	0.003946922719478607	0.020823609083890915	0.0009483378962613642	0.0077661206014454365	0.02302717976272106	0.011007140390574932
1244	excitement	../syntropy_project/models/model1_0	../syntropy_project/models/model1_0	joy	0.9886417984962463	8.977561810752377e-05	0.005191519856452942	0.000912562245503068	0.9886417984962463	0.0017918883822858334	4.0000926674110815e-05	0.002215885790064931	0.00034329379559494555	3.459811341599561e-05	0.0002807796699926257	0.00037544226506724954	8.241432078648359e-05
1245	joy	../syntropy_project/models/model1_0	../syntropy_project/models/model1_0	joy	0.4291672706604004	0.0034957025200128555	0.13304568827152252	0.019892534241080284	0.4291672706604004	0.3617137670516968	0.00382094900123775	0.016240078955888748	0.010813283734023571	0.002742620650678873	0.0061294264160096645	0.010483077727258205	0.0024556221906095743
1246	excitement	../syntropy_project/models/model1_0	../syntropy_project/models/model1_0	sadness	0.7155258059501648	0.01956859417259693	0.0004454282170627266	0.7155258059501648	0.012213156558573246	0.00947681162506342	0.004992468748241663	0.0029916316270828247	0.0006247329874895513	0.008290030062198639	0.17929288744926453	0.03004499524831772	0.016533510759472847
1247	disgust	../syntropy_project/models/model1_0	../syntropy_project/models/model1_0	sadness	0.9338922500610352	0.0025536343455314636	0.0006459992728196084	0.9338922500610352	0.0019792786333709955	0.00642274459823966	0.001185497036203742	0.0003993529244326055	0.0005622452008537948	0.041919317096471786	0.0028978127520531416	0.0014899756060913205	0.006051849573850632
1248	excitement	../syntropy_project/models/model1_0	../syntropy_project/models/model1_0	joy	0.8973351120948792	0.0022708075121045113	0.06575708091259003	0.0037775645032525063	0.8973351120948792	0.010578479617834091	0.0006106691434979439	0.01632247306406498	0.001132291741669178	0.00014848829596303403	0.0010061768116429448	0.0006762386183254421	0.00038468537968583405
1249	joy	../syntropy_project/models/model1_0	../syntropy_project/models/model1_0	joy	0.9514977335929871	8.343375520780683e-05	0.04207581281661987	0.0011375232134014368	0.9514977335929871	0.0033722829539328814	2.3419612261932343e-05	0.0011467389995232224	0.00023724856146145612	2.5844748961389996e-05	0.00012359177344478667	0.0002294320147484541	4.692321454058401e-05
1250	joy	../syntropy_project/models/model1_0	../syntropy_project/models/model1_0	joy	0.8678188920021057	0.00210361834615469	0.08519390970468521	0.008785869926214218	0.8678188920021057	0.0075528924353420734	0.0010490798158571124	0.023202629759907722	0.0008000220404937863	0.0014653251273557544	0.0009261638042517006	0.0007587101426906884	0.0003428534255363047
1251	sadness	../syntropy_project/models/model1_0	../syntropy_project/models/model1_0	confusion	0.7316561341285706	0.0020866647828370333	0.0014898086665198207	0.03717058524489403	0.003136990126222372	0.16603225469589233	0.005899802781641483	0.0009126936784014106	0.026230257004499435	0.00112480903044343	0.013215644285082817	0.7316561341285706	0.011044268496334553
1252	joy	../syntropy_project/models/model1_0	../syntropy_project/models/model1_0	anger	0.5229158401489258	0.0023293285630643368	0.007631821557879448	0.01097931619733572	0.005204467568546534	0.09106560051441193	0.0008027734002098441	0.0038955227937549353	0.004411762580275536	0.5229158401489258	0.015300020575523376	0.0034588549751788378	0.33200472593307495
1253	pride	../syntropy_project/models/model1_0	../syntropy_project/models/model1_0	sadness	0.8779414296150208	0.009012539871037006	0.0024637337774038315	0.8779414296150208	0.023157581686973572	0.04853340983390808	0.008753645233809948	0.004983452148735523	0.006321300286799669	0.003937375266104937	0.004534830804914236	0.006566865369677544	0.0037937930319458246
1254	excitement	../syntropy_project/models/model1_0	../syntropy_project/models/model1_0	joy	0.8320669531822205	0.004590106662362814	0.03667537495493889	0.04911074787378311	0.8320669531822205	0.05973133444786072	0.0008686447399668396	0.010826894082129002	0.0008041081600822508	0.001029364881105721	0.0012195174349471927	0.0025865535717457533	0.0004903969238512218
1255	nervousness	../syntropy_project/models/model1_0	../syntropy_project/models/model1_0	excitement	0.7158847451210022	0.00037925539072602987	0.7158847451210022	0.0013805783819407225	0.25372159481048584	0.025518249720335007	0.00012769571912940592	0.0015409780899062753	0.0009128578240051866	9.987894009100273e-05	0.00010879624460358173	0.0002157788403565064	0.00010965915862470865
1256	neutral	../syntropy_project/models/model1_0	../syntropy_project/models/model1_0	pride	0.9803142547607422	0.0007966628763824701	0.0003349687031004578	0.00043844740139320493	0.006245903670787811	0.0006134602008387446	9.863288869382814e-05	0.9803142547607422	5.7290926633868366e-05	0.0007333357352763414	0.010000438429415226	0.00014835764886811376	0.0002181513118557632
1257	anger	../syntropy_project/models/model1_0	../syntropy_project/models/model1_0	nervousness	0.8663694858551025	0.8663694858551025	0.006943877786397934	0.07701167464256287	0.003364389995113015	0.003986717667430639	0.020505623891949654	0.0015668310225009918	0.0024920387659221888	0.006333353463560343	0.0059861051850020885	0.002301558619365096	0.0031383454333990812
1258	neutral	../syntropy_project/models/model1_0	../syntropy_project/models/model1_0	excitement	0.49682489037513733	0.014660499058663845	0.49682489037513733	0.05305381491780281	0.3391250669956207	0.031494539231061935	0.008388257585465908	0.009817810729146004	0.031984347850084305	0.0009210181888192892	0.0038074429612606764	0.0032189181074500084	0.006703336723148823
1259	pride	../syntropy_project/models/model1_0	../syntropy_project/models/model1_0	joy	0.863960862159729	0.007581357844173908	0.01371382363140583	0.010934525169432163	0.863960862159729	0.014442999847233295	0.00047849761904217303	0.08402349054813385	0.00047726757475174963	0.0014974093064665794	0.0016754857497289777	0.0008368266862817109	0.00037756195524707437
1260	neutral	../syntropy_project/models/model1_0	../syntropy_project/models/model1_0	sadness	0.3561895191669464	0.05026620626449585	0.08673682808876038	0.3561895191669464	0.3313838541507721	0.11372057348489761	0.006746460217982531	0.003313734196126461	0.025220254436135292	0.001355069107376039	0.004579381085932255	0.01708720065653324	0.0034009821247309446
1261	neutral	../syntropy_project/models/model1_0	../syntropy_project/models/model1_0	joy	0.37012672424316406	0.009235760197043419	0.05745455622673035	0.2622966170310974	0.37012672424316406	0.1958964765071869	0.002507557161152363	0.08671332150697708	0.0020400455687195063	0.010637575760483742	0.0007692354265600443	0.0004231753118801862	0.0018990231910720468
1262	joy	../syntropy_project/models/model1_0	../syntropy_project/models/model1_0	joy	0.5005442500114441	0.00011077099770773202	0.39804163575172424	0.0020945770666003227	0.5005442500114441	0.0622781440615654	0.0005939033580943942	0.005999295506626368	0.0270082987844944	4.277095285942778e-05	0.0011824043467640877	0.0008908802410587668	0.0012130819959565997
1263	joy	../syntropy_project/models/model1_0	../syntropy_project/models/model1_0	joy	0.9280312657356262	0.0001522041275165975	0.06252076476812363	0.001321476767770946	0.9280312657356262	0.0050696092657744884	6.904083420522511e-05	0.002097280463203788	0.00024033791851252317	7.35188223188743e-05	0.0001714939862722531	0.0001645876036491245	8.835620974423364e-05
1264	joy	../syntropy_project/models/model1_0	../syntropy_project/models/model1_0	sadness	0.5093510746955872	0.14258556067943573	0.06320726126432419	0.5093510746955872	0.1552753895521164	0.06971454620361328	0.021639162674546242	0.006892895791679621	0.011587033979594707	0.001148973242379725	0.006233841180801392	0.008002585731446743	0.0043616886250674725
1265	excitement	../syntropy_project/models/model1_0	../syntropy_project/models/model1_0	joy	0.9889200329780579	6.887320341775194e-05	0.006738101132214069	0.0010168777080252767	0.9889200329780579	0.0014893938787281513	1.0355290214647539e-05	0.001439038896933198	7.678921974729747e-05	2.1280060536810197e-05	0.00011322722275508568	8.078637620201334e-05	2.5313223886769265e-05
1266	surprise	../syntropy_project/models/model1_0	../syntropy_project/models/model1_0	nervousness	0.6874529123306274	0.6874529123306274	0.001027299091219902	0.05675731971859932	0.0032125439029186964	0.006751461420208216	0.22944100201129913	0.0009329953463748097	0.0012742966646328568	0.0011817741906270385	0.005063255317509174	0.004113099537789822	0.0027920478023588657
1267	pride	../syntropy_project/models/model1_0	../syntropy_project/models/model1_0	sadness	0.27108654379844666	0.05970805883407593	0.0009754232596606016	0.27108654379844666	0.018906543031334877	0.008144080638885498	0.0015450866194441915	0.16540206968784332	0.0007746639894321561	0.20437560975551605	0.2574298679828644	0.002481093630194664	0.00917103886604309
1268	joy	../syntropy_project/models/model1_0	../syntropy_project/models/model1_0	joy	0.8092354536056519	0.00024671806022524834	0.03304196894168854	0.026392608880996704	0.8092354536056519	0.04321281239390373	0.000319870887324214	0.004169291816651821	0.002534350147470832	0.0025219768285751343	0.003166279522702098	0.07396285980939865	0.0011958597460761666
1269	neutral	../syntropy_project/models/model1_0	../syntropy_project/models/model1_0	joy	0.9748254418373108	0.0006148400716483593	0.012921661138534546	0.003931180573999882	0.9748254418373108	0.0016882219351828098	5.365590186556801e-05	0.005386136472225189	8.901539695216343e-05	0.00020107085583731532	0.00012444736785255373	0.00012084027548553422	4.346256537246518e-05
1270	pride	../syntropy_project/models/model1_0	../syntropy_project/models/model1_0	surprise	0.9766499996185303	2.9161441489122808e-05	0.014508905820548534	0.00020325327932368964	0.002409266773611307	0.0037665930576622486	7.1075810410548e-05	0.00022802637249697	0.9766499996185303	7.5251823545841035e-06	0.0006593887810595334	0.0009449573699384928	0.0005219040322117507
1271	joy	../syntropy_project/models/model1_0	../syntropy_project/models/model1_0	joy	0.9659126996994019	0.00017487957666162401	0.021255241706967354	0.0020613339729607105	0.9659126996994019	0.005572532769292593	3.104870847892016e-05	0.004121085628867149	0.0002556864346843213	3.9371308957925066e-05	0.00024980682064779103	0.0002805802214425057	4.5685894292546436e-05
1272	neutral	../syntropy_project/models/model1_0	../syntropy_project/models/model1_0	joy	0.962973415851593	0.00044711100053973496	0.00781191885471344	0.003105783136561513	0.962973415851593	0.009012878872454166	0.00020324610522948205	0.005504528526216745	0.00042585033224895597	0.00025832143728621304	0.0038420194759964943	0.006114135961979628	0.0003007331397384405
