textid	target	model	tokenizer	predicted	prob	joy	excitement	neutral	pride	surprise	sadness	nervousness	confusion	embarrassment	disgust	fear	anger
43	joy	../syntropy_project/models/model_10	../syntropy_project/models/model_10	joy	0.4019169807434082	0.4019169807434082	0.23008044064044952	0.18808536231517792	0.1037253886461258	0.05443338677287102	0.00518718920648098	0.003964842297136784	0.003578325966373086	0.003297758288681507	0.002893322380259633	0.0024115333799272776	0.0004254762316122651
1160	pride	../syntropy_project/models/model_10	../syntropy_project/models/model_10	joy	0.49551868438720703	0.49551868438720703	0.08773185312747955	0.16005946695804596	0.23323513567447662	0.012053217738866806	0.0019280908163636923	0.004655268508940935	0.0013368141371756792	0.0013722175499424338	0.0009372058557346463	0.0006372516509145498	0.0005349133280105889
128	joy	../syntropy_project/models/model_10	../syntropy_project/models/model_10	joy	0.3803144693374634	0.3803144693374634	0.1673712432384491	0.19569267332553864	0.2298201322555542	0.007351830136030912	0.004655263852328062	0.011255253106355667	0.0008231868268921971	0.000418076291680336	0.0007427956443279982	0.0008308522519655526	0.0007243450381793082
1232	neutral	../syntropy_project/models/model_10	../syntropy_project/models/model_10	neutral	0.3287566900253296	0.15398485958576202	0.1203620657324791	0.3287566900253296	0.17477327585220337	0.1536419689655304	0.009338886477053165	0.016709428280591965	0.013454507105052471	0.012548337690532207	0.006500068586319685	0.0072806477546691895	0.0026492320466786623
1193	pride	../syntropy_project/models/model_10	../syntropy_project/models/model_10	joy	0.4763295650482178	0.4763295650482178	0.17973832786083221	0.14184851944446564	0.17581918835639954	0.016771668568253517	0.0015909479698166251	0.0038388771936297417	0.0010914156446233392	0.0010986109264194965	0.0006780633120797575	0.0006460254080593586	0.0005487155867740512
693	neutral	../syntropy_project/models/model_10	../syntropy_project/models/model_10	nervousness	0.6321238279342651	0.04325966164469719	0.024341372773051262	0.08279091119766235	0.044075723737478256	0.012685500085353851	0.052146513015031815	0.6321238279342651	0.015681002289056778	0.011605591513216496	0.010939355008304119	0.0542806051671505	0.016069959849119186
1132	neutral	../syntropy_project/models/model_10	../syntropy_project/models/model_10	neutral	0.4583214819431305	0.30237308144569397	0.06883330643177032	0.4583214819431305	0.10359035432338715	0.025634383782744408	0.013435203582048416	0.010327711701393127	0.006616448052227497	0.004036442376673222	0.0035588236059993505	0.0021835612133145332	0.0010892144637182355
859	joy	../syntropy_project/models/model_10	../syntropy_project/models/model_10	joy	0.5047001242637634	0.5047001242637634	0.10690363496541977	0.281950980424881	0.09025365859270096	0.01024402305483818	0.0015151997795328498	0.0013161948882043362	0.0013086838880553842	0.0006234905449673533	0.00046542828204110265	0.0005245982320047915	0.00019393362163100392
534	surprise	../syntropy_project/models/model_10	../syntropy_project/models/model_10	excitement	0.7143179774284363	0.0739060565829277	0.7143179774284363	0.05039861798286438	0.12165576219558716	0.02247840352356434	0.0006555771105922759	0.012867055833339691	0.0009077834547497332	0.0007000455516390502	0.0005744222435168922	0.0007004084764048457	0.0008378787897527218
778	excitement	../syntropy_project/models/model_10	../syntropy_project/models/model_10	excitement	0.3139093220233917	0.2701079547405243	0.3139093220233917	0.1530313640832901	0.23472005128860474	0.02089761570096016	0.0009134721476584673	0.0036233142018318176	0.0006486382917501032	0.0006963075720705092	0.0006295331404544413	0.00057503447169438	0.0002472815103828907
367	pride	../syntropy_project/models/model_10	../syntropy_project/models/model_10	pride	0.7867051959037781	0.014407726004719734	0.17142866551876068	0.007336057256907225	0.7867051959037781	0.0028033177368342876	0.00019416383292991668	0.01578521355986595	8.304604853037745e-05	0.00040571088902652264	0.00022259571414906532	0.00013604432751890272	0.000492177321575582
361	excitement	../syntropy_project/models/model_10	../syntropy_project/models/model_10	excitement	0.45897844433784485	0.23070016503334045	0.45897844433784485	0.10748090595006943	0.14705581963062286	0.03231372684240341	0.0013510226272046566	0.012150892056524754	0.0016862868797034025	0.002447634469717741	0.0024047698825597763	0.0013768835924565792	0.0020534356590360403
721	excitement	../syntropy_project/models/model_10	../syntropy_project/models/model_10	pride	0.3638344705104828	0.18305447697639465	0.3054446578025818	0.10176660865545273	0.3638344705104828	0.024075327441096306	0.0011064598802477121	0.01337424386292696	0.002512668026611209	0.002110053086653352	0.0009970726678147912	0.0010298322886228561	0.000694148417096585
873	pride	../syntropy_project/models/model_10	../syntropy_project/models/model_10	pride	0.7178806662559509	0.027112498879432678	0.21955399215221405	0.00708891823887825	0.7178806662559509	0.002973689930513501	0.0002798851055558771	0.02249154821038246	0.00012125990178901702	0.0009200946660712361	0.00029968240414746106	0.00028452809783630073	0.0009931569220498204
636	neutral	../syntropy_project/models/model_10	../syntropy_project/models/model_10	neutral	0.4320243299007416	0.2625974416732788	0.13797076046466827	0.4320243299007416	0.1232665404677391	0.026939697563648224	0.0027998590376228094	0.008143296465277672	0.0024183052591979504	0.0011128459591418505	0.0009308987064287066	0.0014789890265092254	0.0003170815180055797
123	excitement	../syntropy_project/models/model_10	../syntropy_project/models/model_10	pride	0.5559399724006653	0.05252647027373314	0.33827313780784607	0.02511553466320038	0.5559399724006653	0.01713133603334427	0.0005395610933192074	0.007586170919239521	0.00035374920116737485	0.0010107971029356122	0.0005988951888866723	0.0004127032298129052	0.0005117036052979529
328	confusion	../syntropy_project/models/model_10	../syntropy_project/models/model_10	nervousness	0.2716199457645416	0.024846479296684265	0.009124243631958961	0.049824308604002	0.035224780440330505	0.012242566794157028	0.23675255477428436	0.2716199457645416	0.02526659332215786	0.06763879954814911	0.10515745729207993	0.07224141061306	0.09006091952323914
461	surprise	../syntropy_project/models/model_10	../syntropy_project/models/model_10	joy	0.4469137191772461	0.4469137191772461	0.24982821941375732	0.19134631752967834	0.06320671737194061	0.04096526652574539	0.0013062735088169575	0.0010578747605904937	0.0011052070185542107	0.0012306474382057786	0.0015582419000566006	0.001236239681020379	0.00024529467918910086
247	joy	../syntropy_project/models/model_10	../syntropy_project/models/model_10	neutral	0.6387877464294434	0.08240485936403275	0.1365290731191635	0.6387877464294434	0.0803186222910881	0.03471404314041138	0.004505753982812166	0.014283754862844944	0.001447370508685708	0.0007922326331026852	0.0020761494524776936	0.0036097115371376276	0.0005306987441144884
974	pride	../syntropy_project/models/model_10	../syntropy_project/models/model_10	joy	0.31033527851104736	0.31033527851104736	0.22201105952262878	0.16867375373840332	0.25587180256843567	0.03197333589196205	0.0015966333448886871	0.00351574900560081	0.0013102698139846325	0.001792575349099934	0.001324821263551712	0.0008704442298039794	0.000724274548701942
409	excitement	../syntropy_project/models/model_10	../syntropy_project/models/model_10	excitement	0.4727424085140228	0.1567946970462799	0.4727424085140228	0.03032890520989895	0.30528736114501953	0.014650051482021809	0.0009631613502278924	0.014853802509605885	0.0006511788815259933	0.0014214254915714264	0.0009525722125545144	0.0003557808813638985	0.0009986009681597352
51	confusion	../syntropy_project/models/model_10	../syntropy_project/models/model_10	embarrassment	0.6364939212799072	0.010955317877233028	0.0013725088210776448	0.01540366094559431	0.019520090892910957	0.0031675647478550673	0.02193818800151348	0.05525677278637886	0.03790762275457382	0.6364939212799072	0.14258156716823578	0.008414598181843758	0.04698821157217026
155	surprise	../syntropy_project/models/model_10	../syntropy_project/models/model_10	joy	0.34403809905052185	0.34403809905052185	0.3110406696796417	0.15105055272579193	0.1639949530363083	0.019551647827029228	0.0022962726652622223	0.004564765840768814	0.0006534326821565628	0.0008081889827735722	0.0008186488994397223	0.0005157371051609516	0.0006670558359473944
1248	excitement	../syntropy_project/models/model_10	../syntropy_project/models/model_10	neutral	0.32001689076423645	0.30887049436569214	0.21576116979122162	0.32001689076423645	0.1368740200996399	0.01007440872490406	0.0007173838093876839	0.004962383769452572	0.001080602640286088	0.0003845067403744906	0.0005560961435548961	0.0005831549060530961	0.0001188261085189879
231	excitement	../syntropy_project/models/model_10	../syntropy_project/models/model_10	neutral	0.3685668408870697	0.26089340448379517	0.16182397305965424	0.3685668408870697	0.1595345139503479	0.023801105096936226	0.003301365999504924	0.013910820707678795	0.002373388735577464	0.0014567435719072819	0.0019815147388726473	0.0012607257813215256	0.001095643499866128
1189	pride	../syntropy_project/models/model_10	../syntropy_project/models/model_10	pride	0.8872241377830505	0.024737682193517685	0.05197875574231148	0.009982805699110031	0.8872241377830505	0.002706086030229926	0.0002150850195903331	0.01817702315747738	0.0002658766461536288	0.0021689916029572487	0.0006022077868692577	0.0004986760905012488	0.0014426293782889843
210	pride	../syntropy_project/models/model_10	../syntropy_project/models/model_10	pride	0.41161084175109863	0.08918736129999161	0.2998463809490204	0.0790894627571106	0.41161084175109863	0.05366574600338936	0.003091908060014248	0.044557034969329834	0.0024814719799906015	0.005039977375417948	0.003464110428467393	0.003621307434514165	0.0043443962931632996
63	pride	../syntropy_project/models/model_10	../syntropy_project/models/model_10	pride	0.4895159900188446	0.07369080185890198	0.32862839102745056	0.04751186445355415	0.4895159900188446	0.03570970892906189	0.0021604972425848246	0.01576222851872444	0.0008981299470178783	0.002468433929607272	0.0018402481218799949	0.0010535550536587834	0.0007602336117997766
1045	neutral	../syntropy_project/models/model_10	../syntropy_project/models/model_10	nervousness	0.5603124499320984	0.016632845625281334	0.006255447398871183	0.03903328627347946	0.01280795969069004	0.013659225776791573	0.0403132326900959	0.5603124499320984	0.03446267545223236	0.03565836697816849	0.02562456950545311	0.16962969303131104	0.04561024531722069
715	neutral	../syntropy_project/models/model_10	../syntropy_project/models/model_10	pride	0.3033139109611511	0.2000492811203003	0.25502580404281616	0.18918314576148987	0.3033139109611511	0.02876681089401245	0.0016732399817556143	0.016171643510460854	0.0013357029529288411	0.0018319054506719112	0.0009800490224733949	0.0009108611266128719	0.0007577050128020346
23	joy	../syntropy_project/models/model_10	../syntropy_project/models/model_10	pride	0.3330844044685364	0.3255842328071594	0.10359472781419754	0.14126832783222198	0.3330844044685364	0.03267849236726761	0.007404881529510021	0.0391627661883831	0.0043256888166069984	0.005132849793881178	0.003855027025565505	0.001777561497874558	0.0021309591829776764
265	excitement	../syntropy_project/models/model_10	../syntropy_project/models/model_10	joy	0.36360985040664673	0.36360985040664673	0.16786010563373566	0.347560316324234	0.09479784965515137	0.010181543417274952	0.003624600125476718	0.006268294993788004	0.0019724753219634295	0.0009115228895097971	0.001217530225403607	0.001494437688961625	0.0005015647038817406
1265	excitement	../syntropy_project/models/model_10	../syntropy_project/models/model_10	joy	0.4714563190937042	0.4714563190937042	0.11577573418617249	0.310490220785141	0.0875696912407875	0.009743223898112774	0.0012629356933757663	0.0019159518415108323	0.0006523882038891315	0.0004022087960038334	0.00033181850449182093	0.0002974688250105828	0.00010205958096776158
76	joy	../syntropy_project/models/model_10	../syntropy_project/models/model_10	joy	0.37219569087028503	0.37219569087028503	0.15694116055965424	0.2263055145740509	0.2028217613697052	0.018674436956644058	0.0050015379674732685	0.013658332638442516	0.001326318015344441	0.0008263172931037843	0.0006400963175110519	0.00114809803199023	0.00046074282727204263
996	joy	../syntropy_project/models/model_10	../syntropy_project/models/model_10	joy	0.33386605978012085	0.33386605978012085	0.29233652353286743	0.1134374812245369	0.1876162737607956	0.02755868434906006	0.008673641830682755	0.01787133701145649	0.0017103797290474176	0.0035743166226893663	0.004986173938959837	0.002171545522287488	0.006197492126375437
192	neutral	../syntropy_project/models/model_10	../syntropy_project/models/model_10	neutral	0.7413266897201538	0.11474419385194778	0.058570344001054764	0.7413266897201538	0.03775641322135925	0.018903231248259544	0.005294117610901594	0.005132588092237711	0.007173906546086073	0.002202786970883608	0.002671656897291541	0.005088152829557657	0.0011358775664120913
209	pride	../syntropy_project/models/model_10	../syntropy_project/models/model_10	pride	0.46259257197380066	0.2357950210571289	0.13886722922325134	0.13921600580215454	0.46259257197380066	0.008703944273293018	0.0009807241149246693	0.00996425747871399	0.0010509664425626397	0.0012219523778185248	0.0006224793032743037	0.0004974992480129004	0.00048738406621851027
332	neutral	../syntropy_project/models/model_10	../syntropy_project/models/model_10	neutral	0.4980253577232361	0.2864043116569519	0.1310158669948578	0.4980253577232361	0.04432393237948418	0.025057537481188774	0.0033134117256850004	0.004655963275581598	0.0032874871976673603	0.0009828087640926242	0.000839454005472362	0.0019000739557668567	0.0001937945926329121
618	joy	../syntropy_project/models/model_10	../syntropy_project/models/model_10	joy	0.37658989429473877	0.37658989429473877	0.18684062361717224	0.22583787143230438	0.1351137012243271	0.05621274188160896	0.00415174663066864	0.0050322371535003185	0.002933480078354478	0.002149267354980111	0.002190179890021682	0.0018251411383971572	0.0011231444077566266
1124	excitement	../syntropy_project/models/model_10	../syntropy_project/models/model_10	excitement	0.6816540956497192	0.04678602144122124	0.6816540956497192	0.1393267959356308	0.07038141787052155	0.02520596794784069	0.0035725890193134546	0.018739288672804832	0.00311863305978477	0.002167146187275648	0.0026139214169234037	0.0016293878434225917	0.004804764874279499
101	surprise	../syntropy_project/models/model_10	../syntropy_project/models/model_10	joy	0.35861027240753174	0.35861027240753174	0.12480372935533524	0.2781844437122345	0.15561538934707642	0.05793953686952591	0.0057359919883310795	0.008956746198236942	0.003232671180739999	0.002211232203990221	0.002109370892867446	0.00186053360812366	0.0007401206530630589
585	excitement	../syntropy_project/models/model_10	../syntropy_project/models/model_10	excitement	0.7782104015350342	0.03385751321911812	0.7782104015350342	0.04110461473464966	0.06247042864561081	0.017907455563545227	0.0009853863157331944	0.05427219346165657	0.0014397533377632499	0.0008640608284622431	0.0015026236651465297	0.0013315224787220359	0.006054106168448925
425	pride	../syntropy_project/models/model_10	../syntropy_project/models/model_10	pride	0.6998715400695801	0.0905260220170021	0.116973876953125	0.05939777195453644	0.6998715400695801	0.004675169009715319	0.0012198536423966289	0.021492568776011467	0.0008336611208505929	0.0013020398328080773	0.0009066357742995024	0.0007911378634162247	0.0020096234511584044
1133	joy	../syntropy_project/models/model_10	../syntropy_project/models/model_10	pride	0.5355135798454285	0.10565563291311264	0.08229468762874603	0.08325260877609253	0.5355135798454285	0.03971217945218086	0.008418330922722816	0.09706280380487442	0.014621584676206112	0.01982622779905796	0.005471876356750727	0.004677057731896639	0.003493508091196418
1164	neutral	../syntropy_project/models/model_10	../syntropy_project/models/model_10	neutral	0.8669422268867493	0.021791847422719002	0.0757315456867218	0.8669422268867493	0.012616926804184914	0.015549878589808941	0.002029015915468335	0.0014172036899253726	0.0010921903885900974	0.0002071204362437129	0.0011334731243550777	0.0013627663720399141	0.0001259135897271335
893	joy	../syntropy_project/models/model_10	../syntropy_project/models/model_10	neutral	0.3649069666862488	0.3543252944946289	0.17393185198307037	0.3649069666862488	0.0718703418970108	0.027119580656290054	0.0016713053919374943	0.0024291863664984703	0.0013487645192071795	0.0006556486478075385	0.0005482314736582339	0.0010322186863049865	0.00016068910190369934
519	joy	../syntropy_project/models/model_10	../syntropy_project/models/model_10	neutral	0.5385051965713501	0.18928077816963196	0.15022721886634827	0.5385051965713501	0.07824449241161346	0.0131238903850317	0.004817672073841095	0.011430393904447556	0.004293663427233696	0.0011011507594957948	0.0032890739385038614	0.003955279942601919	0.0017311667324975133
1070	excitement	../syntropy_project/models/model_10	../syntropy_project/models/model_10	joy	0.36124399304389954	0.36124399304389954	0.344503790140152	0.15572860836982727	0.09885857254266739	0.03253716975450516	0.0007618717500008643	0.0028339733835309744	0.0007518827333115041	0.0008646807982586324	0.0009693422471173108	0.0007251073839142919	0.00022099366469774395
1022	pride	../syntropy_project/models/model_10	../syntropy_project/models/model_10	joy	0.34883299469947815	0.34883299469947815	0.1279076188802719	0.20888961851596832	0.2533324658870697	0.030898962169885635	0.004273603204637766	0.013177196495234966	0.00398644246160984	0.003391747595742345	0.002634917851537466	0.0014677215367555618	0.0012067122152075171
168	joy	../syntropy_project/models/model_10	../syntropy_project/models/model_10	sadness	0.21725991368293762	0.020874420180916786	0.007916879840195179	0.04891950637102127	0.016342472285032272	0.012850445695221424	0.21725991368293762	0.18367494642734528	0.024280639365315437	0.04338880255818367	0.12326237559318542	0.13464955985546112	0.166579931974411
435	disgust	../syntropy_project/models/model_10	../syntropy_project/models/model_10	disgust	0.674615740776062	0.0058896783739328384	0.0067764827981591225	0.015953488647937775	0.0067472453229129314	0.0066535212099552155	0.04399324208498001	0.04319176822900772	0.01016996055841446	0.058729276061058044	0.674615740776062	0.05351216718554497	0.0737675353884697
1149	joy	../syntropy_project/models/model_10	../syntropy_project/models/model_10	joy	0.5559890866279602	0.5559890866279602	0.16289296746253967	0.16564926505088806	0.09495127946138382	0.011486900970339775	0.002374779898673296	0.002773081883788109	0.0006247169221751392	0.0009598959004506469	0.0012480327859520912	0.0007180970278568566	0.0003319201059639454
282	pride	../syntropy_project/models/model_10	../syntropy_project/models/model_10	joy	0.4070909917354584	0.4070909917354584	0.17673763632774353	0.1308753490447998	0.22825099527835846	0.026223015040159225	0.003579916665330529	0.0142717519775033	0.0035048038698732853	0.002847649622708559	0.0019568155985325575	0.0018854206427931786	0.0027756153140217066
941	neutral	../syntropy_project/models/model_10	../syntropy_project/models/model_10	neutral	0.5393663644790649	0.1586063653230667	0.03726142644882202	0.5393663644790649	0.12225475162267685	0.04855255037546158	0.016155419871211052	0.03575630486011505	0.017414432018995285	0.009585855528712273	0.007320520933717489	0.005486266687512398	0.0022397516295313835
1233	excitement	../syntropy_project/models/model_10	../syntropy_project/models/model_10	pride	0.6521300077438354	0.010380281135439873	0.30193865299224854	0.00831607822328806	0.6521300077438354	0.007958306930959225	0.00040200556395575404	0.015246040187776089	0.000342074956279248	0.0011168557684868574	0.0007085420074872673	0.000447185622761026	0.001014056266285479
643	joy	../syntropy_project/models/model_10	../syntropy_project/models/model_10	joy	0.5079898834228516	0.5079898834228516	0.12546773254871368	0.20635166764259338	0.1466096043586731	0.008031321689486504	0.0011290842667222023	0.002373630879446864	0.0007018267060630023	0.0004574522899929434	0.00035201909486204386	0.0003987550444435328	0.00013692487846128643
885	neutral	../syntropy_project/models/model_10	../syntropy_project/models/model_10	excitement	0.3587031662464142	0.04172631353139877	0.3587031662464142	0.09784264862537384	0.2599603235721588	0.03816207870841026	0.0020645170006901026	0.1846940517425537	0.005712493788450956	0.00389630114659667	0.0025635212659835815	0.0014321954222396016	0.003242336679250002
1234	fear	../syntropy_project/models/model_10	../syntropy_project/models/model_10	nervousness	0.1557324230670929	0.04576452076435089	0.01091231033205986	0.0735105574131012	0.04509194195270538	0.06503959745168686	0.14283832907676697	0.1557324230670929	0.1003991961479187	0.12099186331033707	0.0749136283993721	0.03887905180454254	0.12592653930187225
413	neutral	../syntropy_project/models/model_10	../syntropy_project/models/model_10	joy	0.34846794605255127	0.34846794605255127	0.22319211065769196	0.3054232895374298	0.05649140849709511	0.0564219206571579	0.0011905563296750188	0.002446357859298587	0.0027952222153544426	0.000765792210586369	0.0011981696588918567	0.001477999147027731	0.0001293456880375743
196	neutral	../syntropy_project/models/model_10	../syntropy_project/models/model_10	joy	0.36777153611183167	0.36777153611183167	0.09072458744049072	0.34175851941108704	0.11326379328966141	0.0527673065662384	0.00723653519526124	0.005709629040211439	0.007106594741344452	0.005125703290104866	0.0043103969655931	0.0028671647887676954	0.0013583691325038671
438	excitement	../syntropy_project/models/model_10	../syntropy_project/models/model_10	pride	0.5142970085144043	0.01985829696059227	0.4234279692173004	0.023642022162675858	0.5142970085144043	0.009058584459125996	0.0005066909361630678	0.006778612732887268	0.00029862113296985626	0.0008425373816862702	0.0005657664150930941	0.00036636009463109076	0.00035747428773902357
660	neutral	../syntropy_project/models/model_10	../syntropy_project/models/model_10	joy	0.4152527153491974	0.4152527153491974	0.11912310868501663	0.3691011369228363	0.07011643797159195	0.019816700369119644	0.0017006119014695287	0.0015349138993769884	0.0013976383488625288	0.0006714242044836283	0.0005571982474066317	0.0005854133050888777	0.00014284435019362718
1260	neutral	../syntropy_project/models/model_10	../syntropy_project/models/model_10	neutral	0.55766761302948	0.23188258707523346	0.05318722128868103	0.55766761302948	0.0318591333925724	0.0472559854388237	0.025783058255910873	0.021696120500564575	0.015188000164926052	0.003974964376538992	0.004101522266864777	0.005966522265225649	0.0014372278237715364
695	nervousness	../syntropy_project/models/model_10	../syntropy_project/models/model_10	surprise	0.3617251515388489	0.08352603763341904	0.12547867000102997	0.15656757354736328	0.15352235734462738	0.3617251515388489	0.006785180885344744	0.05811692774295807	0.02096676640212536	0.013121518306434155	0.004124421626329422	0.008871437981724739	0.007193938363343477
892	joy	../syntropy_project/models/model_10	../syntropy_project/models/model_10	neutral	0.44478467106819153	0.23894314467906952	0.20298247039318085	0.44478467106819153	0.08993303775787354	0.013647453859448433	0.0018342908006161451	0.003040736075490713	0.001118056825362146	0.0010362339671701193	0.0012159643229097128	0.0008717123419046402	0.0005921758711338043
220	joy	../syntropy_project/models/model_10	../syntropy_project/models/model_10	joy	0.5616128444671631	0.5616128444671631	0.1295153796672821	0.17686137557029724	0.08405633270740509	0.017109466716647148	0.010963009670376778	0.00585095165297389	0.002126844832673669	0.004124828614294529	0.003495825920253992	0.0017090827459469438	0.002574081299826503
889	pride	../syntropy_project/models/model_10	../syntropy_project/models/model_10	excitement	0.35591667890548706	0.13158607482910156	0.35591667890548706	0.15681248903274536	0.26247599720954895	0.06424809247255325	0.002021328080445528	0.013807449489831924	0.002761738607659936	0.004632957279682159	0.0034276123624294996	0.0017449666047468781	0.0005646643694490194
528	neutral	../syntropy_project/models/model_10	../syntropy_project/models/model_10	neutral	0.38873210549354553	0.2870079576969147	0.07201819866895676	0.38873210549354553	0.21054622530937195	0.011607721447944641	0.005334419198334217	0.013379672542214394	0.0035221269354224205	0.0019748874474316835	0.002015808131545782	0.0026335008442401886	0.0012273247120901942
478	excitement	../syntropy_project/models/model_10	../syntropy_project/models/model_10	neutral	0.4480494558811188	0.2484075129032135	0.153046652674675	0.4480494558811188	0.10305092483758926	0.03135916218161583	0.0024020764976739883	0.00854935497045517	0.0017114517977461219	0.0008798140333965421	0.0008854529005475342	0.0013128927676007152	0.0003451837401371449
620	excitement	../syntropy_project/models/model_10	../syntropy_project/models/model_10	excitement	0.4054605960845947	0.17467065155506134	0.4054605960845947	0.2982340157032013	0.08632022887468338	0.01761806011199951	0.0014232877874746919	0.012107630260288715	0.0014097801176831126	0.0005566196050494909	0.0006047259666956961	0.0011381915537640452	0.0004561839159578085
270	neutral	../syntropy_project/models/model_10	../syntropy_project/models/model_10	neutral	0.8434472680091858	0.045412980020046234	0.03740612417459488	0.8434472680091858	0.026637282222509384	0.0069959438405931	0.004500268027186394	0.023314086720347404	0.003196761943399906	0.0007543652900494635	0.0020449990406632423	0.004786297678947449	0.001503572566434741
261	neutral	../syntropy_project/models/model_10	../syntropy_project/models/model_10	neutral	0.3632296919822693	0.3459341824054718	0.16686418652534485	0.3632296919822693	0.10483788698911667	0.013550413772463799	0.0014771819114685059	0.001950071775354445	0.0009502105531282723	0.0003186171525157988	0.0004161368706263602	0.00040078998426906765	7.060735515551642e-05
81	pride	../syntropy_project/models/model_10	../syntropy_project/models/model_10	joy	0.698996901512146	0.698996901512146	0.08507595956325531	0.1297193169593811	0.07899682223796844	0.004331226460635662	0.0005189680960029364	0.0007633834611624479	0.0005907208542339504	0.0003548947279341519	0.0002357945777475834	0.00032893591560423374	8.70403164299205e-05
1135	embarrassment	../syntropy_project/models/model_10	../syntropy_project/models/model_10	disgust	0.5278869271278381	0.013220945373177528	0.011767416261136532	0.026070380583405495	0.0111863287165761	0.0179438516497612	0.0839933305978775	0.04790185019373894	0.01442108117043972	0.10847906023263931	0.5278869271278381	0.02481280080974102	0.11231610178947449
78	pride	../syntropy_project/models/model_10	../syntropy_project/models/model_10	pride	0.5022606253623962	0.06249187886714935	0.22742687165737152	0.078846774995327	0.5022606253623962	0.026866625994443893	0.002842145971953869	0.053995970636606216	0.001955057494342327	0.003821422578766942	0.0059640072286129	0.0035228708293288946	0.03000572882592678
599	joy	../syntropy_project/models/model_10	../syntropy_project/models/model_10	nervousness	0.372744619846344	0.12011821568012238	0.06281709671020508	0.07238751649856567	0.24780267477035522	0.0077081164345145226	0.03907283768057823	0.372744619846344	0.006118414457887411	0.01601690612733364	0.01696416549384594	0.006325862370431423	0.03192371875047684
551	excitement	../syntropy_project/models/model_10	../syntropy_project/models/model_10	neutral	0.3209560811519623	0.1321687251329422	0.1117575615644455	0.3209560811519623	0.12312427163124084	0.028924763202667236	0.032958365976810455	0.09134852886199951	0.017460577189922333	0.015464023686945438	0.0692649707198143	0.02508442848920822	0.03148757666349411
58	surprise	../syntropy_project/models/model_10	../syntropy_project/models/model_10	joy	0.3785700798034668	0.3785700798034668	0.21981628239154816	0.18893246352672577	0.1800699532032013	0.023079099133610725	0.0013193857157602906	0.00355317210778594	0.0013341351877897978	0.0011372048174962401	0.0009886351181194186	0.0007441772613674402	0.00045529488124884665
1108	nervousness	../syntropy_project/models/model_10	../syntropy_project/models/model_10	anger	0.6180786490440369	0.0061588468961417675	0.0032503767870366573	0.007947484031319618	0.013021423481404781	0.0017412687884643674	0.03547759726643562	0.1768905073404312	0.006412043701857328	0.03889445960521698	0.08545143157243729	0.0066758436150848866	0.6180786490440369
464	pride	../syntropy_project/models/model_10	../syntropy_project/models/model_10	joy	0.4047325849533081	0.4047325849533081	0.11010532081127167	0.3157266080379486	0.1434604972600937	0.01781715266406536	0.0021977319847792387	0.0025904192589223385	0.0012336033396422863	0.0007595147471874952	0.0005052004707977176	0.0006651323055848479	0.0002063105785055086
700	nervousness	../syntropy_project/models/model_10	../syntropy_project/models/model_10	nervousness	0.8920609354972839	0.0026879580691456795	0.004143372643738985	0.0035893842577934265	0.02765856683254242	0.0022517095785588026	0.00787519384175539	0.8920609354972839	0.006052490323781967	0.013888278976082802	0.006205091718584299	0.011196083389222622	0.022390976548194885
1247	disgust	../syntropy_project/models/model_10	../syntropy_project/models/model_10	anger	0.5962327122688293	0.008137124590575695	0.0045468006283044815	0.015789760276675224	0.0067144595086574554	0.0055793472565710545	0.08286762982606888	0.12262085825204849	0.019495360553264618	0.018306279554963112	0.09641513973474503	0.023294439539313316	0.5962327122688293
423	pride	../syntropy_project/models/model_10	../syntropy_project/models/model_10	joy	0.4168805480003357	0.4168805480003357	0.18039286136627197	0.1973704844713211	0.19377906620502472	0.004661096725612879	0.0008633454563096166	0.003656625049188733	0.0007609056774526834	0.0005815972690470517	0.0004269719065632671	0.00042092252988368273	0.0002055464283330366
49	joy	../syntropy_project/models/model_10	../syntropy_project/models/model_10	joy	0.27643245458602905	0.27643245458602905	0.2691612243652344	0.22981593012809753	0.11083488166332245	0.07040892541408539	0.008375855162739754	0.02242331951856613	0.0034984522499144077	0.0025952360592782497	0.002183383097872138	0.0031624636612832546	0.0011079112300649285
289	surprise	../syntropy_project/models/model_10	../syntropy_project/models/model_10	pride	0.14090333878993988	0.08047035336494446	0.046885643154382706	0.12321148067712784	0.14090333878993988	0.0828857496380806	0.1047174260020256	0.12542001903057098	0.13446669280529022	0.09214895963668823	0.03439082205295563	0.01828962191939354	0.016209859400987625
1161	excitement	../syntropy_project/models/model_10	../syntropy_project/models/model_10	nervousness	0.2195432335138321	0.1708579659461975	0.054697517305612564	0.19094978272914886	0.16159872710704803	0.01781288906931877	0.06655867397785187	0.2195432335138321	0.011491525918245316	0.020332803949713707	0.02684694528579712	0.011330246925354004	0.04797964170575142
809	excitement	../syntropy_project/models/model_10	../syntropy_project/models/model_10	excitement	0.8536471724510193	0.012650133110582829	0.8536471724510193	0.05734913796186447	0.0220212172716856	0.016067562624812126	0.0004962582024745643	0.03328780084848404	0.0012390268966555595	0.00032394524896517396	0.0005749640404246747	0.001004676683805883	0.001338138128630817
462	joy	../syntropy_project/models/model_10	../syntropy_project/models/model_10	joy	0.367371529340744	0.367371529340744	0.13328558206558228	0.2689149081707001	0.16724097728729248	0.043313805013895035	0.003751334035769105	0.007425063289701939	0.0026516318321228027	0.001668080105446279	0.00202194694429636	0.001746533322148025	0.0006086481735110283
439	excitement	../syntropy_project/models/model_10	../syntropy_project/models/model_10	excitement	0.3319523334503174	0.30322304368019104	0.3319523334503174	0.09325852990150452	0.236933171749115	0.017915962263941765	0.001964034279808402	0.006709940731525421	0.0020062581170350313	0.0019330831710249186	0.0019344643224030733	0.0009434140520170331	0.0012257298221811652
355	neutral	../syntropy_project/models/model_10	../syntropy_project/models/model_10	neutral	0.35296180844306946	0.30123046040534973	0.22102123498916626	0.35296180844306946	0.09900332987308502	0.015342488884925842	0.002010701922699809	0.0037296523805707693	0.001844110433012247	0.000931212620344013	0.0010499481577426195	0.0006998319295234978	0.00017526510055176914
428	joy	../syntropy_project/models/model_10	../syntropy_project/models/model_10	joy	0.44047215580940247	0.44047215580940247	0.13991326093673706	0.21925820410251617	0.17630863189697266	0.01567212864756584	0.0019034501165151596	0.0035892457235604525	0.000911891576834023	0.0006979743484407663	0.000547535833902657	0.00041973020415753126	0.0003058917063754052
422	pride	../syntropy_project/models/model_10	../syntropy_project/models/model_10	joy	0.4752873182296753	0.4752873182296753	0.1288023591041565	0.18308158218860626	0.18775522708892822	0.015014046803116798	0.0026630244683474302	0.004723065998405218	0.0007661271374672651	0.0006911208038218319	0.0005495634977705777	0.000456545123597607	0.00021003108122386038
374	excitement	../syntropy_project/models/model_10	../syntropy_project/models/model_10	joy	0.3965342938899994	0.3965342938899994	0.21883970499038696	0.20423586666584015	0.16822613775730133	0.006399504840373993	0.0011935599613934755	0.003097293898463249	0.0003961259499192238	0.0003040495212189853	0.0003269499575253576	0.0002624262124300003	0.0001841594639699906
1084	nervousness	../syntropy_project/models/model_10	../syntropy_project/models/model_10	nervousness	0.44361889362335205	0.00898896437138319	0.002616447862237692	0.010601749643683434	0.01537830475717783	0.0030730045400559902	0.0801924467086792	0.44361889362335205	0.023758577182888985	0.03700067475438118	0.05164993181824684	0.015721110627055168	0.3073998987674713
667	excitement	../syntropy_project/models/model_10	../syntropy_project/models/model_10	excitement	0.8345514535903931	0.023350685834884644	0.8345514535903931	0.045238494873046875	0.031492896378040314	0.030407264828681946	0.000757168629206717	0.028354786336421967	0.0020773783326148987	0.0007749629439786077	0.000785903655923903	0.0010531959123909473	0.0011556983226910233
666	disgust	../syntropy_project/models/model_10	../syntropy_project/models/model_10	anger	0.5272480249404907	0.013335169292986393	0.010449136607348919	0.019155248999595642	0.03075728379189968	0.0061458684504032135	0.03627637401223183	0.07187744975090027	0.009959422051906586	0.05802485719323158	0.20767931640148163	0.009091857820749283	0.5272480249404907
1037	excitement	../syntropy_project/models/model_10	../syntropy_project/models/model_10	excitement	0.7094588279724121	0.009745603427290916	0.7094588279724121	0.012611255049705505	0.19490253925323486	0.023809658363461494	0.0006671632872894406	0.042335961014032364	0.000983142526820302	0.0014932929771021008	0.0009745519491843879	0.0010700098937377334	0.0019480038899928331
1183	excitement	../syntropy_project/models/model_10	../syntropy_project/models/model_10	neutral	0.37689635157585144	0.35561084747314453	0.06155524030327797	0.37689635157585144	0.13186323642730713	0.014642956666648388	0.0083903344348073	0.022341106086969376	0.006743880920112133	0.0050460705533623695	0.006717504933476448	0.005903016775846481	0.004289517644792795
714	neutral	../syntropy_project/models/model_10	../syntropy_project/models/model_10	excitement	0.41162729263305664	0.1337977796792984	0.41162729263305664	0.0993548259139061	0.12707358598709106	0.09209467470645905	0.0035006951075047255	0.09289731830358505	0.019778894260525703	0.007074697874486446	0.0032875670585781336	0.003878460032865405	0.005634164437651634
208	joy	../syntropy_project/models/model_10	../syntropy_project/models/model_10	neutral	0.7757587432861328	0.13234418630599976	0.05485226958990097	0.7757587432861328	0.02496170997619629	0.008134245872497559	0.0006928941002115607	0.001051449216902256	0.0010387763613834977	0.0003503164916764945	0.0003813638468272984	0.0004090774164069444	2.495433363947086e-05
240	excitement	../syntropy_project/models/model_10	../syntropy_project/models/model_10	excitement	0.5929219722747803	0.18813806772232056	0.5929219722747803	0.17054718732833862	0.0374368317425251	0.007010653614997864	0.00034862576285377145	0.0018897373229265213	0.0007310530636459589	0.000256138650001958	0.00028813001699745655	0.00031720733386464417	0.00011438952788012102
999	neutral	../syntropy_project/models/model_10	../syntropy_project/models/model_10	neutral	0.5075262784957886	0.26564475893974304	0.1855250597000122	0.5075262784957886	0.02524670772254467	0.010485108010470867	0.0012667521368712187	0.0017994600348174572	0.0011232515098527074	0.00040362883009947836	0.0005443657864816487	0.00035777577431872487	7.680269482079893e-05
243	neutral	../syntropy_project/models/model_10	../syntropy_project/models/model_10	neutral	0.4798685610294342	0.27439719438552856	0.08677420020103455	0.4798685610294342	0.1140132024884224	0.024966221302747726	0.00578490411862731	0.00756708113476634	0.0016535032773390412	0.0009873443050310016	0.0011089000618085265	0.0021722104866057634	0.0007066177786327899
602	pride	../syntropy_project/models/model_10	../syntropy_project/models/model_10	pride	0.5832645893096924	0.09145330637693405	0.265680193901062	0.032662589102983475	0.5832645893096924	0.010612943209707737	0.0007604233105666935	0.01202832255512476	0.0005182822933420539	0.0010159999364987016	0.0005642824107781053	0.0005246096989139915	0.000914488104172051
983	pride	../syntropy_project/models/model_10	../syntropy_project/models/model_10	pride	0.64555424451828	0.07691888511180878	0.2008378952741623	0.03990591689944267	0.64555424451828	0.01751144789159298	0.0007589912856929004	0.013942297548055649	0.0005550275091081858	0.001364721916615963	0.000871436030138284	0.0005756089230999351	0.001203506370075047
1061	neutral	../syntropy_project/models/model_10	../syntropy_project/models/model_10	neutral	0.4410330653190613	0.2981996238231659	0.10806513577699661	0.4410330653190613	0.13126793503761292	0.007789897732436657	0.003730317810550332	0.005794467404484749	0.000980256125330925	0.0005202026222832501	0.0005501366686075926	0.00176011654548347	0.00030878811958245933
984	excitement	../syntropy_project/models/model_10	../syntropy_project/models/model_10	excitement	0.7448033094406128	0.04124865308403969	0.7448033094406128	0.019241446629166603	0.15293511748313904	0.016701774671673775	0.0004149723390582949	0.021824099123477936	0.0005356142064556479	0.0005267795058898628	0.000424425583332777	0.000375459436327219	0.0009684090036898851
765	joy	../syntropy_project/models/model_10	../syntropy_project/models/model_10	joy	0.4617079496383667	0.4617079496383667	0.2610461115837097	0.12712396681308746	0.13586843013763428	0.009362848475575447	0.0008338416228070855	0.002286344300955534	0.00041005545062944293	0.00037638278445228934	0.000429546955274418	0.0003177508187945932	0.0002368703280808404
174	pride	../syntropy_project/models/model_10	../syntropy_project/models/model_10	nervousness	0.3969227075576782	0.054809197783470154	0.015970956534147263	0.12219686806201935	0.10750696808099747	0.03764635697007179	0.04571538418531418	0.3969227075576782	0.07769110053777695	0.0666150450706482	0.03500775247812271	0.02696296013891697	0.012954741716384888
814	excitement	../syntropy_project/models/model_10	../syntropy_project/models/model_10	joy	0.3698612153530121	0.3698612153530121	0.3097793459892273	0.17663337290287018	0.1273024082183838	0.011391494423151016	0.0008247914956882596	0.0024714148603379726	0.0004195696965325624	0.000401140860049054	0.00036470789927989244	0.00039676393498666584	0.000153790446347557
994	pride	../syntropy_project/models/model_10	../syntropy_project/models/model_10	pride	0.29127785563468933	0.28061026334762573	0.2736288905143738	0.10950393229722977	0.29127785563468933	0.029890350997447968	0.0010910768760368228	0.006304403766989708	0.0019969085697084665	0.001968514872714877	0.0012483946047723293	0.0012653734302148223	0.0012140843318775296
967	neutral	../syntropy_project/models/model_10	../syntropy_project/models/model_10	joy	0.39860859513282776	0.39860859513282776	0.1564863622188568	0.3106037974357605	0.10712651163339615	0.017379797995090485	0.0019874772988259792	0.003909689839929342	0.0013379601296037436	0.000854252080898732	0.0006223410018719733	0.0007865953375585377	0.0002966407628264278
44	joy	../syntropy_project/models/model_10	../syntropy_project/models/model_10	joy	0.41703593730926514	0.41703593730926514	0.2999352216720581	0.16293787956237793	0.10661581158638	0.008760794065892696	0.0006054654950276017	0.0014905895804986358	0.0008026888244785368	0.0006686981651000679	0.0005911816260777414	0.0003952619736082852	0.00016038992907851934
1211	joy	../syntropy_project/models/model_10	../syntropy_project/models/model_10	joy	0.5062795281410217	0.5062795281410217	0.2309333235025406	0.1376599371433258	0.10490188747644424	0.014150800183415413	0.0006187252001836896	0.003262612968683243	0.0008097875397652388	0.0005888476152904332	0.0004482088261283934	0.00022527716646436602	0.00012098406295990571
477	excitement	../syntropy_project/models/model_10	../syntropy_project/models/model_10	joy	0.4509655237197876	0.4509655237197876	0.15383608639240265	0.24959059059619904	0.12373112142086029	0.008313259109854698	0.0022921059280633926	0.005823873914778233	0.001496338751167059	0.001201160834170878	0.0011568969348445535	0.0011511652264744043	0.00044181878911331296
29	joy	../syntropy_project/models/model_10	../syntropy_project/models/model_10	excitement	0.44028937816619873	0.18615105748176575	0.44028937816619873	0.08791796118021011	0.1592736393213272	0.11372515559196472	0.0010295185493305326	0.0028988905251026154	0.0011382546508684754	0.0033085444010794163	0.00240712845697999	0.0013010790571570396	0.0005594099638983607
31	pride	../syntropy_project/models/model_10	../syntropy_project/models/model_10	joy	0.40595749020576477	0.40595749020576477	0.1489827185869217	0.29188433289527893	0.10659313201904297	0.03563423827290535	0.003149221185594797	0.002959710545837879	0.0020167147740721703	0.0010568930301815271	0.0008531244820915163	0.000700154050718993	0.0002121735451510176
1157	joy	../syntropy_project/models/model_10	../syntropy_project/models/model_10	joy	0.5293484330177307	0.5293484330177307	0.21658219397068024	0.12508487701416016	0.10861851274967194	0.014756846241652966	0.0011034550843760371	0.0022705886512994766	0.0005923133576288819	0.0006177343893796206	0.0004670093476306647	0.00038639712147414684	0.00017166744510177523
382	neutral	../syntropy_project/models/model_10	../syntropy_project/models/model_10	joy	0.4583943486213684	0.4583943486213684	0.19928936660289764	0.2470371574163437	0.08123385161161423	0.01006235834211111	0.0013994897017255425	0.0008732554269954562	0.00051832728786394	0.0004242736322339624	0.0003716892679221928	0.00028354968526400626	0.0001122530156862922
907	neutral	../syntropy_project/models/model_10	../syntropy_project/models/model_10	neutral	0.7246167063713074	0.18264754116535187	0.03688341751694679	0.7246167063713074	0.02220473438501358	0.012681362219154835	0.006869900971651077	0.005971352104097605	0.0041541545651853085	0.0006701847305521369	0.0009359567193314433	0.0022002696059644222	0.000164433236932382
583	sadness	../syntropy_project/models/model_10	../syntropy_project/models/model_10	sadness	0.8641185164451599	0.017401307821273804	0.004470979794859886	0.021837813779711723	0.004446843639016151	0.004231886472553015	0.8641185164451599	0.019956106320023537	0.0073240683414042	0.008365573361515999	0.022539017722010612	0.017337104305624962	0.007970775477588177
86	joy	../syntropy_project/models/model_10	../syntropy_project/models/model_10	joy	0.502478301525116	0.502478301525116	0.10829109698534012	0.27745911478996277	0.08844547718763351	0.01136630680412054	0.003277854062616825	0.0037112112622708082	0.00182811648119241	0.0009205567184835672	0.0009087583748623729	0.0008945648442022502	0.00041871509165503085
1091	pride	../syntropy_project/models/model_10	../syntropy_project/models/model_10	pride	0.6649359464645386	0.08156263083219528	0.12876176834106445	0.08217404782772064	0.6649359464645386	0.008853498846292496	0.0008230007952079177	0.02861478179693222	0.0011503173736855388	0.0012925919145345688	0.0006888965726830065	0.0005877045332454145	0.0005548628978431225
308	fear	../syntropy_project/models/model_10	../syntropy_project/models/model_10	sadness	0.21400482952594757	0.08084291219711304	0.013136799447238445	0.11938872933387756	0.045952994376420975	0.06936167180538177	0.21400482952594757	0.17403791844844818	0.09921469539403915	0.05330682173371315	0.04408963769674301	0.056092627346515656	0.030570346862077713
756	joy	../syntropy_project/models/model_10	../syntropy_project/models/model_10	joy	0.4346044063568115	0.4346044063568115	0.28036996722221375	0.18193331360816956	0.08189147710800171	0.009337002411484718	0.002466541947796941	0.007059769239276648	0.0005151787190698087	0.0003852388181257993	0.0008193096145987511	0.00029570667538791895	0.000322142121149227
704	neutral	../syntropy_project/models/model_10	../syntropy_project/models/model_10	joy	0.32994458079338074	0.32994458079338074	0.1927025318145752	0.14133676886558533	0.3060104548931122	0.01600971445441246	0.0026721779722720385	0.006885754410177469	0.0010042277863249183	0.001072051702067256	0.0010938879568129778	0.0006626523099839687	0.0006051812088117003
70	fear	../syntropy_project/models/model_10	../syntropy_project/models/model_10	nervousness	0.27668750286102295	0.028988415375351906	0.01636667735874653	0.0682184174656868	0.021975722163915634	0.04436172917485237	0.12047138065099716	0.27668750286102295	0.053179576992988586	0.06641128659248352	0.139622762799263	0.10481476783752441	0.058901768177747726
1259	pride	../syntropy_project/models/model_10	../syntropy_project/models/model_10	pride	0.5208336114883423	0.16388264298439026	0.08080050349235535	0.12023551017045975	0.5208336114883423	0.009307189844548702	0.005119857378304005	0.08326959609985352	0.003197970800101757	0.0031375824473798275	0.0024996805004775524	0.002713348949328065	0.005002363119274378
411	joy	../syntropy_project/models/model_10	../syntropy_project/models/model_10	neutral	0.5459649562835693	0.2933831214904785	0.11454395204782486	0.5459649562835693	0.030489886179566383	0.009047990664839745	0.002179432427510619	0.001327352481894195	0.0013698777183890343	0.00045128862257115543	0.00045461131958290935	0.0006347587332129478	0.00015277827333193272
358	fear	../syntropy_project/models/model_10	../syntropy_project/models/model_10	confusion	0.36264199018478394	0.006058663595467806	0.002079327590763569	0.013925302773714066	0.01125103048980236	0.011322777718305588	0.0558135099709034	0.275318443775177	0.36264199018478394	0.06763341277837753	0.03296838700771332	0.023227619007229805	0.13775965571403503
244	neutral	../syntropy_project/models/model_10	../syntropy_project/models/model_10	excitement	0.3929544985294342	0.23399974405765533	0.3929544985294342	0.26623454689979553	0.07271991670131683	0.025241749361157417	0.002128805033862591	0.0032617636024951935	0.0010470683919265866	0.0007045621168799698	0.0011345032835379243	0.0003920914023183286	0.0001807963417377323
952	joy	../syntropy_project/models/model_10	../syntropy_project/models/model_10	pride	0.8091080188751221	0.011874313466250896	0.09964904189109802	0.011227219365537167	0.8091080188751221	0.010202835313975811	0.0009697647183202207	0.04856182262301445	0.0007325933547690511	0.0031528002582490444	0.0010616556974127889	0.001191172399558127	0.0022688843309879303
578	joy	../syntropy_project/models/model_10	../syntropy_project/models/model_10	excitement	0.43831712007522583	0.3908475637435913	0.43831712007522583	0.08841970562934875	0.06481082737445831	0.01395382359623909	0.0005404138937592506	0.0011868912260979414	0.00044035635073669255	0.00041127187432721257	0.0004960913793183863	0.0004212799540255219	0.00015461175644304603
535	pride	../syntropy_project/models/model_10	../syntropy_project/models/model_10	neutral	0.2252226322889328	0.17913435399532318	0.1180369183421135	0.2252226322889328	0.17581190168857574	0.07793997973203659	0.024415867403149605	0.08597877621650696	0.025005441159009933	0.02394847571849823	0.02292836271226406	0.01646188460290432	0.02511536329984665
1140	pride	../syntropy_project/models/model_10	../syntropy_project/models/model_10	joy	0.40892934799194336	0.40892934799194336	0.15719981491565704	0.3243597745895386	0.09232103079557419	0.011880045756697655	0.0014212512178346515	0.001380100497044623	0.0008955443627201021	0.0005422859103418887	0.00046854818356223404	0.00045602774480357766	0.00014623082824982703
1175	excitement	../syntropy_project/models/model_10	../syntropy_project/models/model_10	excitement	0.5891963839530945	0.2576446235179901	0.5891963839530945	0.05401577055454254	0.06020868569612503	0.033229656517505646	0.0004550335870590061	0.0009684223332442343	0.0004803351475857198	0.0010261372663080692	0.0017019074875861406	0.0006511742249131203	0.0004218101967126131
113	neutral	../syntropy_project/models/model_10	../syntropy_project/models/model_10	excitement	0.47718700766563416	0.15274706482887268	0.47718700766563416	0.1627850979566574	0.1778930276632309	0.016728250309824944	0.0007048638653941453	0.007620763033628464	0.0014157413970679045	0.00052913639228791	0.0008409840520471334	0.0006980884936638176	0.0008498706156387925
497	joy	../syntropy_project/models/model_10	../syntropy_project/models/model_10	joy	0.3196893334388733	0.3196893334388733	0.19435925781726837	0.2517104148864746	0.19489209353923798	0.021197710186243057	0.0035314958076924086	0.0029082056134939194	0.0021159271709620953	0.0023642810992896557	0.0032840354833751917	0.0015639796620234847	0.002383318729698658
1026	neutral	../syntropy_project/models/model_10	../syntropy_project/models/model_10	neutral	0.34240174293518066	0.288845032453537	0.16392716765403748	0.34240174293518066	0.11944404244422913	0.04918470233678818	0.004146031104028225	0.015269977040588856	0.0043244799599051476	0.002264892216771841	0.004673852119594812	0.0038544938433915377	0.001663538976572454
1263	joy	../syntropy_project/models/model_10	../syntropy_project/models/model_10	neutral	0.38547587394714355	0.3625888228416443	0.1555037945508957	0.38547587394714355	0.06954412162303925	0.02023289166390896	0.0015165674267336726	0.0018948795041069388	0.0009368484024889767	0.000611759489402175	0.0008036025683395565	0.0007328400970436633	0.00015796687512192875
309	neutral	../syntropy_project/models/model_10	../syntropy_project/models/model_10	neutral	0.5354043245315552	0.20432735979557037	0.03626022860407829	0.5354043245315552	0.05873725935816765	0.028671853244304657	0.036607302725315094	0.03638330101966858	0.02244553342461586	0.01507851853966713	0.014847961254417896	0.008224700577557087	0.003011703956872225
107	pride	../syntropy_project/models/model_10	../syntropy_project/models/model_10	pride	0.5453166365623474	0.15283001959323883	0.21289211511611938	0.055778924375772476	0.5453166365623474	0.01904725842177868	0.0017794518498703837	0.006131463684141636	0.0009217773913405836	0.0019779775757342577	0.0014854694018140435	0.0006446480401791632	0.001194220851175487
985	pride	../syntropy_project/models/model_10	../syntropy_project/models/model_10	neutral	0.4128101170063019	0.2969464957714081	0.07859162241220474	0.4128101170063019	0.18226629495620728	0.00630214624106884	0.0054663922637701035	0.01133686676621437	0.001440210035070777	0.0005551474168896675	0.001272941124625504	0.0015363089041784406	0.0014754515141248703
1015	sadness	../syntropy_project/models/model_10	../syntropy_project/models/model_10	nervousness	0.2311178594827652	0.043283648788928986	0.012489895336329937	0.12192918360233307	0.04681263491511345	0.047757312655448914	0.16111533343791962	0.2311178594827652	0.08976156264543533	0.06861771643161774	0.05486569181084633	0.03091176226735115	0.09133744239807129
926	pride	../syntropy_project/models/model_10	../syntropy_project/models/model_10	neutral	0.3437964618206024	0.29101884365081787	0.1386890411376953	0.3437964618206024	0.1630713790655136	0.029308363795280457	0.011804440058767796	0.012414025142788887	0.00243915943428874	0.0015404329169541597	0.0015011089853942394	0.0034614931792020798	0.0009552973788231611
1172	neutral	../syntropy_project/models/model_10	../syntropy_project/models/model_10	neutral	0.5397697687149048	0.22245822846889496	0.18863801658153534	0.5397697687149048	0.03687424585223198	0.00909594725817442	0.0007794876582920551	0.0011375340400263667	0.0006015640683472157	0.00014376190665643662	0.00021065774490125477	0.0002552364603616297	3.558926982805133e-05
218	joy	../syntropy_project/models/model_10	../syntropy_project/models/model_10	joy	0.4587192237377167	0.4587192237377167	0.18593207001686096	0.17549118399620056	0.16078251600265503	0.012662021443247795	0.001285066013224423	0.002751045161858201	0.0006898222491145134	0.0005274171708151698	0.00043665498378686607	0.0004892318975180387	0.00023382555809803307
514	neutral	../syntropy_project/models/model_10	../syntropy_project/models/model_10	neutral	0.5009116530418396	0.1861950159072876	0.085736945271492	0.5009116530418396	0.04689735919237137	0.09376882016658783	0.016876474022865295	0.028509417548775673	0.009224210865795612	0.0047800736501812935	0.00621816236525774	0.01838582567870617	0.002496098866686225
346	neutral	../syntropy_project/models/model_10	../syntropy_project/models/model_10	pride	0.3043403923511505	0.2679491341114044	0.1084456816315651	0.2335730940103531	0.3043403923511505	0.03322645649313927	0.005073028150945902	0.03213005140423775	0.003322215750813484	0.0033007520250976086	0.004362545441836119	0.0017968842294067144	0.002479660091921687
665	neutral	../syntropy_project/models/model_10	../syntropy_project/models/model_10	joy	0.4237026572227478	0.4237026572227478	0.09622607380151749	0.33829474449157715	0.10379987955093384	0.014916369691491127	0.005314445588737726	0.011359822005033493	0.0018218664918094873	0.0013026713859289885	0.0013523875968530774	0.0013358354335650802	0.0005733194411732256
708	excitement	../syntropy_project/models/model_10	../syntropy_project/models/model_10	joy	0.5383022427558899	0.5383022427558899	0.18911221623420715	0.1293763518333435	0.1231403574347496	0.010666619054973125	0.001861517783254385	0.004259849898517132	0.0009920219890773296	0.0006173247820697725	0.0005070730694569647	0.0007513376185670495	0.0004130304150748998
1208	joy	../syntropy_project/models/model_10	../syntropy_project/models/model_10	joy	0.4305756688117981	0.4305756688117981	0.11826841533184052	0.2351081520318985	0.19201520085334778	0.007234044838696718	0.0019181292736902833	0.011560714803636074	0.0011100200936198235	0.0007554808398708701	0.0005894510541111231	0.0005454034544527531	0.0003194017626810819
294	joy	../syntropy_project/models/model_10	../syntropy_project/models/model_10	joy	0.5069024562835693	0.5069024562835693	0.20902514457702637	0.10972412675619125	0.15741734206676483	0.007466347888112068	0.0011689149541780353	0.003922189585864544	0.0011437027715146542	0.0009352308697998524	0.0010306044714525342	0.0006261979578994215	0.0006377885001711547
1158	neutral	../syntropy_project/models/model_10	../syntropy_project/models/model_10	neutral	0.7583370208740234	0.1685955971479416	0.04695920646190643	0.7583370208740234	0.012105736881494522	0.007266032975167036	0.002201057504862547	0.001391243189573288	0.0012329735327512026	0.00033271810389123857	0.0005783737287856638	0.0008803721866570413	0.00011955757508985698
286	joy	../syntropy_project/models/model_10	../syntropy_project/models/model_10	joy	0.5794978737831116	0.5794978737831116	0.2433312088251114	0.09699398279190063	0.06705990433692932	0.007494811899960041	0.0014232131652534008	0.0018273877212777734	0.0006103902705945075	0.0004226286255288869	0.0005521525745280087	0.00048625958152115345	0.0003001389268320054
1117	sadness	../syntropy_project/models/model_10	../syntropy_project/models/model_10	sadness	0.4980490207672119	0.06958243250846863	0.03826445713639259	0.18489429354667664	0.052793677896261215	0.007325720973312855	0.4980490207672119	0.03171466290950775	0.007224296219646931	0.015199244022369385	0.010211371816694736	0.016776109114289284	0.06796468049287796
1239	neutral	../syntropy_project/models/model_10	../syntropy_project/models/model_10	pride	0.280607134103775	0.22916889190673828	0.22135387361049652	0.21349424123764038	0.280607134103775	0.036862537264823914	0.0016924220835790038	0.00639853160828352	0.003027398372069001	0.0030836479272693396	0.0020621400326490402	0.0017570783384144306	0.0004921158542856574
755	excitement	../syntropy_project/models/model_10	../syntropy_project/models/model_10	excitement	0.5206387639045715	0.11850692331790924	0.5206387639045715	0.18736498057842255	0.13477346301078796	0.014262419193983078	0.001144137466326356	0.018318958580493927	0.00134482781868428	0.0010125163244083524	0.0010491734137758613	0.0010306438198313117	0.0005531837814487517
1271	joy	../syntropy_project/models/model_10	../syntropy_project/models/model_10	joy	0.5225237607955933	0.5225237607955933	0.10801789164543152	0.19198039174079895	0.15135397017002106	0.017314350232481956	0.0022660568356513977	0.003138805041089654	0.001185489702038467	0.0009346478036604822	0.0006114051793701947	0.0004720271972473711	0.00020115198276471347
560	neutral	../syntropy_project/models/model_10	../syntropy_project/models/model_10	neutral	0.4298771619796753	0.2683829665184021	0.1168610081076622	0.4298771619796753	0.14895117282867432	0.01808934658765793	0.0024433720391243696	0.010073442943394184	0.0018054110696539283	0.000841422937810421	0.0012556249275803566	0.0009420874994248152	0.00047703436575829983
54	pride	../syntropy_project/models/model_10	../syntropy_project/models/model_10	neutral	0.42104825377464294	0.32771822810173035	0.12254074960947037	0.42104825377464294	0.08287780731916428	0.03520369157195091	0.0027166656218469143	0.00204780837520957	0.0021946679335087538	0.0012074881233274937	0.0010826543439179659	0.0010816408321261406	0.00028030583052895963
303	anger	../syntropy_project/models/model_10	../syntropy_project/models/model_10	disgust	0.4763026833534241	0.010511674918234348	0.007674145512282848	0.038461845368146896	0.024128826335072517	0.006364887580275536	0.013203203678131104	0.05402204766869545	0.015328559093177319	0.09815903753042221	0.4763026833534241	0.015482321381568909	0.24036067724227905
339	neutral	../syntropy_project/models/model_10	../syntropy_project/models/model_10	excitement	0.45911988615989685	0.1732052117586136	0.45911988615989685	0.2232927829027176	0.0722842812538147	0.05910626798868179	0.004223959520459175	0.00380317703820765	0.0018301303498446941	0.0011267571244388819	0.0010866491356864572	0.0008085081935860217	0.00011242786422371864
56	neutral	../syntropy_project/models/model_10	../syntropy_project/models/model_10	pride	0.3601107597351074	0.3067348003387451	0.15396082401275635	0.15084026753902435	0.3601107597351074	0.014162012375891209	0.0016121621010825038	0.008910929784178734	0.00099623529240489	0.001066317199729383	0.000682052515912801	0.0005092242499813437	0.0004143815313000232
858	nervousness	../syntropy_project/models/model_10	../syntropy_project/models/model_10	nervousness	0.7160049080848694	0.00863266084343195	0.003360171802341938	0.03303879499435425	0.009073438122868538	0.0045038554817438126	0.040059894323349	0.7160049080848694	0.020567433908581734	0.014576016925275326	0.015730565413832664	0.1144322007894516	0.02002011239528656
109	excitement	../syntropy_project/models/model_10	../syntropy_project/models/model_10	surprise	0.7698008418083191	0.016230996698141098	0.15185491740703583	0.02637362666428089	0.02563537284731865	0.7698008418083191	0.0008474389906041324	0.002482444979250431	0.0022025557700544596	0.0017283319029957056	0.0016747333575040102	0.0009691462619230151	0.00019963286467827857
1049	neutral	../syntropy_project/models/model_10	../syntropy_project/models/model_10	joy	0.42856764793395996	0.42856764793395996	0.11975985020399094	0.361752986907959	0.08172420412302017	0.004648250062018633	0.0006706361309625208	0.0012477501295506954	0.000624478911049664	0.00032141481642611325	0.00028416418354026973	0.00032609052141197026	7.252121577039361e-05
676	pride	../syntropy_project/models/model_10	../syntropy_project/models/model_10	joy	0.4247172474861145	0.4247172474861145	0.15330353379249573	0.24597065150737762	0.12997543811798096	0.03036610037088394	0.002383788116276264	0.004512204322963953	0.002738510724157095	0.002176554873585701	0.0019884565845131874	0.0011890506139025092	0.0006785552250221372
626	pride	../syntropy_project/models/model_10	../syntropy_project/models/model_10	pride	0.3758426606655121	0.26523277163505554	0.20402225852012634	0.1351175606250763	0.3758426606655121	0.008408930152654648	0.0006070545641705394	0.007316152099519968	0.0012962266337126493	0.0008906936855055392	0.0004320143780205399	0.0005450236494652927	0.0002885777212213725
198	neutral	../syntropy_project/models/model_10	../syntropy_project/models/model_10	joy	0.44122350215911865	0.44122350215911865	0.2488223761320114	0.18550395965576172	0.09941531717777252	0.01710384525358677	0.0011144852032884955	0.0019532470032572746	0.0014394513564184308	0.0012700575171038508	0.0009002549340948462	0.0009049751097336411	0.0003486222412902862
415	joy	../syntropy_project/models/model_10	../syntropy_project/models/model_10	neutral	0.3230646848678589	0.27132701873779297	0.11739155650138855	0.3230646848678589	0.06283053010702133	0.014946850948035717	0.1354229897260666	0.04981129989027977	0.004977040458470583	0.0040442971512675285	0.006809350103139877	0.00728820962831378	0.0020861125085502863
506	neutral	../syntropy_project/models/model_10	../syntropy_project/models/model_10	excitement	0.5766345262527466	0.0666428729891777	0.5766345262527466	0.16218234598636627	0.0928380936384201	0.06131366267800331	0.002006639027968049	0.02299884706735611	0.006387279834598303	0.0017658867873251438	0.0014438419602811337	0.003930101171135902	0.0018559294985607266
1062	nervousness	../syntropy_project/models/model_10	../syntropy_project/models/model_10	nervousness	0.5484569668769836	0.036785077303647995	0.011457842774689198	0.045175760984420776	0.0533413402736187	0.010114296339452267	0.07406126707792282	0.5484569668769836	0.025948069989681244	0.043250031769275665	0.03210901468992233	0.018256869167089462	0.10104352235794067
605	neutral	../syntropy_project/models/model_10	../syntropy_project/models/model_10	neutral	0.5042831897735596	0.3030216693878174	0.1175704300403595	0.5042831897735596	0.0563989095389843	0.010944514535367489	0.0017195844557136297	0.003333959262818098	0.000837102415971458	0.00033533404348418117	0.00036624952917918563	0.0010591467143967748	0.00012995388533454388
932	surprise	../syntropy_project/models/model_10	../syntropy_project/models/model_10	surprise	0.8150671720504761	0.02117740362882614	0.064727284014225	0.0447591096162796	0.027300210669636726	0.8150671720504761	0.001959026325494051	0.0025885377544909716	0.011619921773672104	0.0050265127792954445	0.0021968886721879244	0.003203937318176031	0.00037402083398774266
977	pride	../syntropy_project/models/model_10	../syntropy_project/models/model_10	excitement	0.3816603422164917	0.17846611142158508	0.3816603422164917	0.13131795823574066	0.2679956555366516	0.015423762612044811	0.001111268880777061	0.015934785827994347	0.001754410332068801	0.0018695468315854669	0.0017225609626621008	0.0009462316520512104	0.0017973787616938353
1142	excitement	../syntropy_project/models/model_10	../syntropy_project/models/model_10	neutral	0.28740474581718445	0.27725979685783386	0.06740148365497589	0.28740474581718445	0.09651799499988556	0.04411369562149048	0.1444256752729416	0.0354754664003849	0.013455084525048733	0.012090022675693035	0.008976273238658905	0.00792665220797062	0.004953093361109495
296	confusion	../syntropy_project/models/model_10	../syntropy_project/models/model_10	confusion	0.7203329801559448	0.013277595862746239	0.0012339651584625244	0.025878744199872017	0.014044688083231449	0.014321578666567802	0.01688765361905098	0.10469511151313782	0.7203329801559448	0.040406059473752975	0.01196209341287613	0.015925176441669464	0.02103434130549431
485	surprise	../syntropy_project/models/model_10	../syntropy_project/models/model_10	excitement	0.2966959774494171	0.22629451751708984	0.2966959774494171	0.13505485653877258	0.11691704392433167	0.10742892324924469	0.008800541050732136	0.019049301743507385	0.007243194617331028	0.026036854833364487	0.03808045759797096	0.005227775778621435	0.013170587830245495
442	surprise	../syntropy_project/models/model_10	../syntropy_project/models/model_10	joy	0.30363887548446655	0.30363887548446655	0.2785075008869171	0.19301091134548187	0.15853749215602875	0.05557370185852051	0.0015854802913963795	0.0026204970199614763	0.0013444020878523588	0.0017463533440604806	0.0015425673918798566	0.0013815095881000161	0.0005107302567921579
479	neutral	../syntropy_project/models/model_10	../syntropy_project/models/model_10	pride	0.4340236783027649	0.1103723868727684	0.2016468197107315	0.2064734250307083	0.4340236783027649	0.00770715344697237	0.001213310519233346	0.03237149864435196	0.0013155624037608504	0.0011510449694469571	0.001000085729174316	0.001453823409974575	0.0012712487950921059
946	joy	../syntropy_project/models/model_10	../syntropy_project/models/model_10	pride	0.4346189796924591	0.3181431293487549	0.12911877036094666	0.07609746605157852	0.4346189796924591	0.028219513595104218	0.0017362162470817566	0.00769867654889822	0.0007507313275709748	0.0013413074193522334	0.0012019852874800563	0.0006888240459375083	0.00038433296140283346
553	joy	../syntropy_project/models/model_10	../syntropy_project/models/model_10	excitement	0.5103933215141296	0.21881826221942902	0.5103933215141296	0.060831218957901	0.13136674463748932	0.06775165349245071	0.0008591815712861717	0.0038300002925097942	0.0009391585481353104	0.001544817816466093	0.0016360559966415167	0.0011091656051576138	0.000920446589589119
554	excitement	../syntropy_project/models/model_10	../syntropy_project/models/model_10	excitement	0.4337404668331146	0.09726961702108383	0.4337404668331146	0.05749879032373428	0.3760937452316284	0.009104729630053043	0.0012236380716785789	0.019853470847010612	0.0012730412418022752	0.0013698117109015584	0.0006707714055664837	0.0005990688223391771	0.0013027931563556194
1269	neutral	../syntropy_project/models/model_10	../syntropy_project/models/model_10	joy	0.4211033582687378	0.4211033582687378	0.09789790213108063	0.3707880973815918	0.09478863328695297	0.006397502962499857	0.0029241200536489487	0.0038198723923414946	0.0006506797508336604	0.0002969005727209151	0.000393548485590145	0.0006808388861827552	0.0002584592148195952
886	excitement	../syntropy_project/models/model_10	../syntropy_project/models/model_10	excitement	0.7647660970687866	0.0678429827094078	0.7647660970687866	0.06270410865545273	0.07289939373731613	0.011392815038561821	0.001329162623733282	0.015052800066769123	0.0011116568930447102	0.0007998885121196508	0.000606826797593385	0.0006179892225190997	0.0008763743680901825
333	excitement	../syntropy_project/models/model_10	../syntropy_project/models/model_10	pride	0.2811465561389923	0.24053320288658142	0.25447767972946167	0.1709582805633545	0.2811465561389923	0.03110657073557377	0.0020617006812244654	0.011914020404219627	0.0019499842310324311	0.0019817387219518423	0.0019792814273387194	0.001187397283501923	0.0007036311435513198
221	excitement	../syntropy_project/models/model_10	../syntropy_project/models/model_10	joy	0.35174185037612915	0.35174185037612915	0.32442760467529297	0.1939382702112198	0.10928453505039215	0.013229388743638992	0.0013419886818155646	0.0034543192014098167	0.0009353361674584448	0.000717058836016804	0.00042693180148489773	0.00030580186285078526	0.00019698630785569549
825	sadness	../syntropy_project/models/model_10	../syntropy_project/models/model_10	excitement	0.46294575929641724	0.1444792002439499	0.46294575929641724	0.10068341344594955	0.10821271687746048	0.1467212587594986	0.006713813170790672	0.01725086197257042	0.004015228245407343	0.004182621371001005	0.002030879259109497	0.0017082206904888153	0.001056008506566286
170	neutral	../syntropy_project/models/model_10	../syntropy_project/models/model_10	neutral	0.33714860677719116	0.058149803429841995	0.018592290580272675	0.33714860677719116	0.06308586895465851	0.045435018837451935	0.06405412405729294	0.11845184117555618	0.04845937341451645	0.023865964263677597	0.018443936482071877	0.15760193765163422	0.04671114683151245
1179	sadness	../syntropy_project/models/model_10	../syntropy_project/models/model_10	sadness	0.5819878578186035	0.038010261952877045	0.007292210590094328	0.05027257278561592	0.012702133506536484	0.009374718181788921	0.5819878578186035	0.18596841394901276	0.017083371058106422	0.01625066064298153	0.027140161022543907	0.02476595528423786	0.029151685535907745
925	surprise	../syntropy_project/models/model_10	../syntropy_project/models/model_10	neutral	0.5212019681930542	0.3516691327095032	0.06932791322469711	0.5212019681930542	0.036674026399850845	0.015149375423789024	0.002167732222005725	0.0010420590406283736	0.0013687866739928722	0.0004424352082423866	0.0004242819268256426	0.0004608722520060837	7.144720439100638e-05
1093	pride	../syntropy_project/models/model_10	../syntropy_project/models/model_10	joy	0.552274227142334	0.552274227142334	0.09745417535305023	0.15844957530498505	0.154730424284935	0.016477929428219795	0.005142095033079386	0.00532525684684515	0.002147523919120431	0.0020382681395858526	0.002158157993108034	0.0019053879659622908	0.001896944479085505
1262	joy	../syntropy_project/models/model_10	../syntropy_project/models/model_10	excitement	0.36077892780303955	0.302599161863327	0.36077892780303955	0.21655233204364777	0.0715586394071579	0.04331885278224945	0.0009778699604794383	0.001139450934715569	0.0006960207247175276	0.0007512050215154886	0.0008718196186237037	0.0006221015937626362	0.00013363112520892173
1217	anger	../syntropy_project/models/model_10	../syntropy_project/models/model_10	anger	0.9046538472175598	0.0014708427479490638	0.0013807673240080476	0.0028651326429098845	0.002081044716760516	0.0004252050712238997	0.009535402990877628	0.025395026430487633	0.0010503792436793447	0.004800189286470413	0.041139665991067886	0.00520246522501111	0.9046538472175598
297	nervousness	../syntropy_project/models/model_10	../syntropy_project/models/model_10	disgust	0.278811514377594	0.022049276158213615	0.01150647271424532	0.04703101888298988	0.02814592979848385	0.01031580101698637	0.22551719844341278	0.17308637499809265	0.029379932209849358	0.07407728582620621	0.278811514377594	0.023876391351222992	0.07620276510715485
816	pride	../syntropy_project/models/model_10	../syntropy_project/models/model_10	joy	0.35802942514419556	0.35802942514419556	0.17150774598121643	0.18139182031154633	0.2555404305458069	0.017803478986024857	0.002317765960469842	0.008215395733714104	0.00148612423799932	0.0011005833512172103	0.0011041098041459918	0.0010689215268939734	0.0004342101456131786
841	neutral	../syntropy_project/models/model_10	../syntropy_project/models/model_10	nervousness	0.8140547871589661	0.015554536134004593	0.013085353188216686	0.04546863213181496	0.017285453155636787	0.0036187388468533754	0.01845145784318447	0.8140547871589661	0.005658333655446768	0.004763302393257618	0.006918597035109997	0.03274735435843468	0.022393373772501945
1200	neutral	../syntropy_project/models/model_10	../syntropy_project/models/model_10	neutral	0.409423291683197	0.21248100697994232	0.24061031639575958	0.409423291683197	0.07548222690820694	0.04704812169075012	0.0022097069304436445	0.0062090251594781876	0.001987016061320901	0.0010057546896860003	0.001315465895459056	0.00155527179595083	0.0006728982552886009
1002	joy	../syntropy_project/models/model_10	../syntropy_project/models/model_10	joy	0.3449465334415436	0.3449465334415436	0.10543358325958252	0.1864183247089386	0.14128804206848145	0.06726951897144318	0.061333220452070236	0.03848932683467865	0.013269785791635513	0.01318818423897028	0.00796559639275074	0.011622116900980473	0.008775745518505573
350	joy	../syntropy_project/models/model_10	../syntropy_project/models/model_10	joy	0.31282082200050354	0.31282082200050354	0.13661564886569977	0.25487834215164185	0.27066299319267273	0.006853851489722729	0.003540342440828681	0.010251200757920742	0.0013117807684466243	0.0007555917836725712	0.0007056925096549094	0.0008778746123425663	0.0007258933619596064
796	joy	../syntropy_project/models/model_10	../syntropy_project/models/model_10	neutral	0.375664085149765	0.2587902843952179	0.19416020810604095	0.375664085149765	0.15369637310504913	0.009516765363514423	0.0011021794052794576	0.0037875876296311617	0.001151737873442471	0.0007510034483857453	0.00042797985952347517	0.0007067509577609599	0.0002450709289405495
199	excitement	../syntropy_project/models/model_10	../syntropy_project/models/model_10	excitement	0.5582512021064758	0.2596597969532013	0.5582512021064758	0.09048034250736237	0.08245737105607986	0.005530978087335825	0.0004132979374844581	0.0021466168109327555	0.0002138048002962023	0.00019791899831034243	0.00035443389788269997	0.00010846731311175972	0.00018575630383566022
430	excitement	../syntropy_project/models/model_10	../syntropy_project/models/model_10	excitement	0.5551709532737732	0.11762282997369766	0.5551709532737732	0.11166811734437943	0.18140186369419098	0.01889478601515293	0.001596835209056735	0.006574832834303379	0.0019937430042773485	0.0012034765677526593	0.0017039213562384248	0.0010102655505761504	0.001158323255367577
494	joy	../syntropy_project/models/model_10	../syntropy_project/models/model_10	joy	0.36715593934059143	0.36715593934059143	0.23116150498390198	0.21501882374286652	0.15401281416416168	0.023529967293143272	0.001657462096773088	0.0028459960594773293	0.0012044914765283465	0.0014015091583132744	0.0009369547478854656	0.000760516501031816	0.0003141225897707045
631	neutral	../syntropy_project/models/model_10	../syntropy_project/models/model_10	pride	0.8130454421043396	0.0036065508611500263	0.14581595361232758	0.003951654769480228	0.8130454421043396	0.007785709109157324	0.0003489324008114636	0.020910773426294327	0.00021905502944719046	0.001748874201439321	0.0007499609491787851	0.0004425839870236814	0.0013746308395639062
939	nervousness	../syntropy_project/models/model_10	../syntropy_project/models/model_10	nervousness	0.6989768743515015	0.026656366884708405	0.00643061101436615	0.0337219312787056	0.051511216908693314	0.00639753695577383	0.03201552480459213	0.6989768743515015	0.03715691342949867	0.03041241317987442	0.016202053055167198	0.02302890457212925	0.03748961165547371
10	joy	../syntropy_project/models/model_10	../syntropy_project/models/model_10	joy	0.463028222322464	0.463028222322464	0.1487753987312317	0.2389325201511383	0.09169971942901611	0.039909567683935165	0.00563574954867363	0.0039034346118569374	0.0014520020922645926	0.0018316713394597173	0.0020969894248992205	0.0015598222380504012	0.0011749030090868473
147	pride	../syntropy_project/models/model_10	../syntropy_project/models/model_10	pride	0.7848483324050903	0.05543628707528114	0.06699547171592712	0.020957496017217636	0.7848483324050903	0.00969361700117588	0.0022922020871192217	0.05003460496664047	0.001107013551518321	0.003615854773670435	0.001283689751289785	0.0011823136592283845	0.002553151920437813
298	pride	../syntropy_project/models/model_10	../syntropy_project/models/model_10	pride	0.36233222484588623	0.1622520536184311	0.21988417208194733	0.17424368858337402	0.36233222484588623	0.012805474922060966	0.002410057233646512	0.06012386828660965	0.0021509702783077955	0.0008344788220711052	0.001103078480809927	0.0008665794739499688	0.000993300462141633
1031	excitement	../syntropy_project/models/model_10	../syntropy_project/models/model_10	joy	0.5830253958702087	0.5830253958702087	0.13721859455108643	0.21327951550483704	0.0569705106317997	0.005311747081577778	0.0010303603485226631	0.0011344957165420055	0.0007296951953321695	0.0004395778232719749	0.0003866888873744756	0.0002466907608322799	0.00022677505330648273
622	joy	../syntropy_project/models/model_10	../syntropy_project/models/model_10	joy	0.3583245277404785	0.3583245277404785	0.1901753544807434	0.09368091076612473	0.33306753635406494	0.008012566715478897	0.0010619639651849866	0.01177254505455494	0.001455429126508534	0.0008644008194096386	0.0004044052038807422	0.0005313558503985405	0.0006489554070867598
864	neutral	../syntropy_project/models/model_10	../syntropy_project/models/model_10	neutral	0.5298500657081604	0.12655459344387054	0.04373512044548988	0.5298500657081604	0.0743478536605835	0.01586168259382248	0.03488735109567642	0.1031668558716774	0.01708066090941429	0.006721962243318558	0.01500740461051464	0.021085646003484726	0.01170081552118063
772	neutral	../syntropy_project/models/model_10	../syntropy_project/models/model_10	excitement	0.30284684896469116	0.2873915731906891	0.30284684896469116	0.15936443209648132	0.2140563279390335	0.024816984310746193	0.0016943769296631217	0.005582298152148724	0.0013504705857485533	0.000780510890763253	0.0009666116093285382	0.000769954698625952	0.00037961508496664464
254	joy	../syntropy_project/models/model_10	../syntropy_project/models/model_10	joy	0.3548341989517212	0.3548341989517212	0.18194027245044708	0.22306868433952332	0.19293057918548584	0.02356741577386856	0.005239592399448156	0.008342234417796135	0.0019134311005473137	0.002601402811706066	0.002739952877163887	0.0011508128372952342	0.0016713867662474513
777	nervousness	../syntropy_project/models/model_10	../syntropy_project/models/model_10	nervousness	0.7199941873550415	0.013883346691727638	0.010291283950209618	0.025787724182009697	0.010458891279995441	0.007992111146450043	0.04081173613667488	0.7199941873550415	0.013048318214714527	0.015477271750569344	0.023365192115306854	0.08526106923818588	0.03362898528575897
682	neutral	../syntropy_project/models/model_10	../syntropy_project/models/model_10	pride	0.356942355632782	0.22268106043338776	0.12288836389780045	0.1863165944814682	0.356942355632782	0.04342428594827652	0.004348483402282	0.042310167104005814	0.00923875067383051	0.005212899763137102	0.0021754372864961624	0.002697512274608016	0.0017641338054090738
1039	excitement	../syntropy_project/models/model_10	../syntropy_project/models/model_10	joy	0.4711834788322449	0.4711834788322449	0.25853925943374634	0.1751844882965088	0.07285559177398682	0.011592349968850613	0.0011839672224596143	0.0032944215927273035	0.0015617550816386938	0.00130475836340338	0.0014199350262060761	0.0010048783151432872	0.0008751308196224272
306	sadness	../syntropy_project/models/model_10	../syntropy_project/models/model_10	nervousness	0.5428906679153442	0.03179449960589409	0.008179372176527977	0.07733213901519775	0.028966495767235756	0.007951258681714535	0.12232346087694168	0.5428906679153442	0.018247686326503754	0.029340829700231552	0.03472568467259407	0.06814735382795334	0.030100546777248383
915	joy	../syntropy_project/models/model_10	../syntropy_project/models/model_10	pride	0.29997310042381287	0.256590336561203	0.1149899885058403	0.25189560651779175	0.29997310042381287	0.008411007933318615	0.013104472309350967	0.042846739292144775	0.0023143102880567312	0.0013497566105797887	0.00175855855923146	0.003496132791042328	0.0032698940485715866
1201	confusion	../syntropy_project/models/model_10	../syntropy_project/models/model_10	neutral	0.6424896121025085	0.1576995849609375	0.0619216226041317	0.6424896121025085	0.03299542888998985	0.03929513692855835	0.020768089219927788	0.017002098262310028	0.011384066194295883	0.0026218444108963013	0.004001691937446594	0.008786569349467754	0.0010342795867472887
1167	fear	../syntropy_project/models/model_10	../syntropy_project/models/model_10	nervousness	0.29540809988975525	0.05600776895880699	0.021585794165730476	0.07300888001918793	0.04379209876060486	0.012229596264660358	0.07901851832866669	0.29540809988975525	0.022873543202877045	0.043257735669612885	0.08783569931983948	0.033199552446603775	0.23178263008594513
233	neutral	../syntropy_project/models/model_10	../syntropy_project/models/model_10	neutral	0.6468608379364014	0.13065341114997864	0.11782775819301605	0.6468608379364014	0.07406333088874817	0.012895907275378704	0.0014735166914761066	0.009573878720402718	0.002892744494602084	0.0008549273479729891	0.0008391370065510273	0.0017494580242782831	0.0003150763805024326
1073	excitement	../syntropy_project/models/model_10	../syntropy_project/models/model_10	surprise	0.643118143081665	0.03175746649503708	0.21164198219776154	0.041174717247486115	0.04924231022596359	0.643118143081665	0.0012233871966600418	0.006599159445613623	0.006310948636382818	0.0038839138578623533	0.0022480224724859	0.002120788674801588	0.000679216580465436
1181	neutral	../syntropy_project/models/model_10	../syntropy_project/models/model_10	embarrassment	0.5596929788589478	0.0537412092089653	0.0047396887093782425	0.038856785744428635	0.11374841630458832	0.0072088586166501045	0.012527436017990112	0.05565336346626282	0.050913773477077484	0.5596929788589478	0.07210782915353775	0.01332329772412777	0.01748625747859478
135	pride	../syntropy_project/models/model_10	../syntropy_project/models/model_10	pride	0.2067030519247055	0.11738739162683487	0.044264741241931915	0.18557551503181458	0.2067030519247055	0.03932705894112587	0.04131307080388069	0.15935592353343964	0.06944306939840317	0.04407960921525955	0.06196703389286995	0.008395064622163773	0.022188609465956688
832	pride	../syntropy_project/models/model_10	../syntropy_project/models/model_10	joy	0.4739457368850708	0.4739457368850708	0.12328670918941498	0.15167199075222015	0.23705418407917023	0.004878842271864414	0.0017311197007074952	0.0031124737579375505	0.0013078940100967884	0.0011096405796706676	0.0007015563314780593	0.0006337168160825968	0.0005661993054673076
259	excitement	../syntropy_project/models/model_10	../syntropy_project/models/model_10	pride	0.5601495504379272	0.02140573412179947	0.3645904064178467	0.015720225870609283	0.5601495504379272	0.01122821494936943	0.0005650245002470911	0.022718142718076706	0.0003981146146543324	0.0010200475808233023	0.0004959405050612986	0.0005138746928423643	0.001194760319776833
680	pride	../syntropy_project/models/model_10	../syntropy_project/models/model_10	pride	0.7314072847366333	0.02212224155664444	0.2146669626235962	0.011575116775929928	0.7314072847366333	0.003976716194301844	0.00038684377796016634	0.013833737932145596	0.0002011782635236159	0.0006248947465792298	0.00030281764338724315	0.0002357534394832328	0.0006665572291240096
1177	joy	../syntropy_project/models/model_10	../syntropy_project/models/model_10	joy	0.403611421585083	0.403611421585083	0.22609294950962067	0.19393672049045563	0.13726890087127686	0.02889305166900158	0.0015941184246912599	0.002342116553336382	0.0010174642084166408	0.0012434889795258641	0.0021890229545533657	0.0009069458465091884	0.0009038731805048883
914	joy	../syntropy_project/models/model_10	../syntropy_project/models/model_10	excitement	0.3133475184440613	0.2560350298881531	0.3133475184440613	0.13621832430362701	0.056649100035429	0.20112483203411102	0.0030791135504841805	0.005678223446011543	0.003278762334957719	0.004190932493656874	0.009946043603122234	0.0028985105454921722	0.007553511764854193
1257	anger	../syntropy_project/models/model_10	../syntropy_project/models/model_10	nervousness	0.7825949788093567	0.008081581443548203	0.004764104261994362	0.01456921361386776	0.008942876942455769	0.0038536740466952324	0.030297081917524338	0.7825949788093567	0.011411839164793491	0.01817089505493641	0.01656411401927471	0.05656949803233147	0.044180139899253845
597	surprise	../syntropy_project/models/model_10	../syntropy_project/models/model_10	neutral	0.3404819369316101	0.19012495875358582	0.04671013355255127	0.3404819369316101	0.11908885836601257	0.03483959287405014	0.07423187792301178	0.13499903678894043	0.016088958829641342	0.010555212385952473	0.011466330848634243	0.013697772286832333	0.007715313229709864
363	neutral	../syntropy_project/models/model_10	../syntropy_project/models/model_10	joy	0.4359745979309082	0.4359745979309082	0.148854061961174	0.16851553320884705	0.2343488186597824	0.0056292824447155	0.0012017240514978766	0.003245512256398797	0.0005939804250374436	0.0005371393635869026	0.00042996066622436047	0.0003979589673690498	0.00027145977946929634
158	pride	../syntropy_project/models/model_10	../syntropy_project/models/model_10	excitement	0.34525856375694275	0.24714195728302002	0.34525856375694275	0.20098672807216644	0.1830158531665802	0.01304354052990675	0.001015125890262425	0.006212170235812664	0.0007300515426322818	0.0007539143553003669	0.0007971972227096558	0.0007394282147288322	0.00030541393789462745
140	pride	../syntropy_project/models/model_10	../syntropy_project/models/model_10	pride	0.34911927580833435	0.26671627163887024	0.166013702750206	0.12419690936803818	0.34911927580833435	0.06712667644023895	0.0032724507618695498	0.01037561520934105	0.0031928648240864277	0.0032391115091741085	0.0026979984249919653	0.0023740732576698065	0.0016749834176152945
895	fear	../syntropy_project/models/model_10	../syntropy_project/models/model_10	anger	0.2110963761806488	0.027081890031695366	0.013265003450214863	0.058794643729925156	0.05527308210730553	0.023903535678982735	0.05154486373066902	0.20206472277641296	0.05496314913034439	0.12361382693052292	0.13079935312271118	0.04759950935840607	0.2110963761806488
331	pride	../syntropy_project/models/model_10	../syntropy_project/models/model_10	pride	0.43568456172943115	0.16949142515659332	0.18279647827148438	0.1743660867214203	0.43568456172943115	0.013187241740524769	0.0010909162228927016	0.01806674525141716	0.0017452137544751167	0.0013434812426567078	0.0008349150884896517	0.0007027643150649965	0.0006900627049617469
591	joy	../syntropy_project/models/model_10	../syntropy_project/models/model_10	sadness	0.25795620679855347	0.03226889669895172	0.008595827966928482	0.14612610638141632	0.023336825892329216	0.03327373415231705	0.25795620679855347	0.16016803681850433	0.09057280421257019	0.0568789541721344	0.06980958580970764	0.0615311861038208	0.059481896460056305
739	joy	../syntropy_project/models/model_10	../syntropy_project/models/model_10	joy	0.41441547870635986	0.41441547870635986	0.1399073600769043	0.2228160947561264	0.150623619556427	0.020854178816080093	0.013193279504776001	0.02346927858889103	0.003199845552444458	0.003931814339011908	0.002394204493612051	0.0022371632512658834	0.0029577340465039015
1103	neutral	../syntropy_project/models/model_10	../syntropy_project/models/model_10	joy	0.3645283579826355	0.3645283579826355	0.08622194826602936	0.3525613844394684	0.10153709352016449	0.03541596978902817	0.01142385508865118	0.028086049482226372	0.006699508521705866	0.004306565038859844	0.004263540264219046	0.003360799979418516	0.0015948537038639188
371	sadness	../syntropy_project/models/model_10	../syntropy_project/models/model_10	disgust	0.417969286441803	0.007900170981884003	0.009600493125617504	0.02384069561958313	0.010294489562511444	0.006824648007750511	0.055633097887039185	0.07742521166801453	0.01307529304176569	0.04047533497214317	0.417969286441803	0.02547520399093628	0.31148606538772583
312	excitement	../syntropy_project/models/model_10	../syntropy_project/models/model_10	excitement	0.3182576596736908	0.2306886464357376	0.3182576596736908	0.2052929401397705	0.19285227358341217	0.04233190044760704	0.0011291769333183765	0.0034241981338709593	0.0018181399209424853	0.0014484337298199534	0.001086502568796277	0.00118487817235291	0.000485284166643396
65	neutral	../syntropy_project/models/model_10	../syntropy_project/models/model_10	neutral	0.2729100286960602	0.06547555327415466	0.051994893699884415	0.2729100286960602	0.026572799310088158	0.014835759997367859	0.028444360941648483	0.07278864085674286	0.016251729801297188	0.019411588087677956	0.23242592811584473	0.12353875488042831	0.07534988969564438
572	excitement	../syntropy_project/models/model_10	../syntropy_project/models/model_10	excitement	0.3132631480693817	0.20527584850788116	0.3132631480693817	0.3060131371021271	0.1469620317220688	0.01987350545823574	0.0012278492795303464	0.0043103862553834915	0.0009929301450029016	0.0005759320920333266	0.0011027018772438169	0.00029753296985290945	0.0001049124839482829
781	excitement	../syntropy_project/models/model_10	../syntropy_project/models/model_10	joy	0.39030155539512634	0.39030155539512634	0.23629769682884216	0.09257713705301285	0.2691051959991455	0.006934949662536383	0.000521209673024714	0.0025346027687191963	0.0004025223315693438	0.0005259712925180793	0.0003663249663077295	0.00021540136367548257	0.0002174820110667497
32	nervousness	../syntropy_project/models/model_10	../syntropy_project/models/model_10	nervousness	0.5111965537071228	0.017235396429896355	0.005804126616567373	0.05864560604095459	0.01869417168200016	0.015352142043411732	0.05148530751466751	0.5111965537071228	0.04561512917280197	0.027755077928304672	0.02004908211529255	0.2081225961446762	0.0200448427349329
783	excitement	../syntropy_project/models/model_10	../syntropy_project/models/model_10	excitement	0.4597991108894348	0.06381485611200333	0.4597991108894348	0.04024277627468109	0.3361317217350006	0.03042728826403618	0.002547481330111623	0.05041998624801636	0.0027070939540863037	0.00425063818693161	0.003029017010703683	0.0013043403159826994	0.005325731821358204
743	excitement	../syntropy_project/models/model_10	../syntropy_project/models/model_10	excitement	0.2993684411048889	0.23639453947544098	0.2993684411048889	0.15268594026565552	0.2802390158176422	0.007777816150337458	0.00166664260905236	0.018804259598255157	0.0008082217536866665	0.0006364323198795319	0.00045858474913984537	0.0005788226262666285	0.0005811933660879731
290	excitement	../syntropy_project/models/model_10	../syntropy_project/models/model_10	excitement	0.4066140651702881	0.09996689110994339	0.4066140651702881	0.06213632598519325	0.37143251299858093	0.031779613345861435	0.0017554571386426687	0.018606122583150864	0.0009988585952669382	0.0022982743103057146	0.0017568672774359584	0.0010372695978730917	0.0016177041688933969
96	neutral	../syntropy_project/models/model_10	../syntropy_project/models/model_10	joy	0.3638538420200348	0.3638538420200348	0.187080517411232	0.1558639109134674	0.272186279296875	0.00949091650545597	0.0008778470219112933	0.0062166121788322926	0.001102045294828713	0.0015604442451149225	0.0009176357416436076	0.0004510089638642967	0.0003988261451013386
184	excitement	../syntropy_project/models/model_10	../syntropy_project/models/model_10	joy	0.4835147559642792	0.4835147559642792	0.15073014795780182	0.2395271211862564	0.1045299619436264	0.013209198601543903	0.0018538854783400893	0.0022968959528952837	0.001112197176553309	0.0011373094748705626	0.0010635040234774351	0.0006711396272294223	0.000353862444171682
788	joy	../syntropy_project/models/model_10	../syntropy_project/models/model_10	joy	0.4271511435508728	0.4271511435508728	0.06748274713754654	0.15959413349628448	0.30917665362358093	0.01779615506529808	0.003906264901161194	0.007640458177775145	0.0015368598978966475	0.001996949315071106	0.0013100267387926579	0.0015893860254436731	0.0008191748638637364
970	surprise	../syntropy_project/models/model_10	../syntropy_project/models/model_10	joy	0.3354218006134033	0.3354218006134033	0.1750022917985916	0.17827220261096954	0.2749020755290985	0.023286405950784683	0.0012208265252411366	0.005971910431981087	0.0020675030536949635	0.0020027102436870337	0.0009717056527733803	0.00059193727793172	0.00028858159203082323
163	joy	../syntropy_project/models/model_10	../syntropy_project/models/model_10	pride	0.5725678205490112	0.1351286917924881	0.20085182785987854	0.052302293479442596	0.5725678205490112	0.005379265174269676	0.0010848877718672156	0.028901511803269386	0.0006747164879925549	0.0008584014722146094	0.00044888511183671653	0.000560533837415278	0.0012412710348144174
490	nervousness	../syntropy_project/models/model_10	../syntropy_project/models/model_10	nervousness	0.3170031011104584	0.05007115751504898	0.014085465110838413	0.08094312995672226	0.09498067200183868	0.06589825451374054	0.10394581407308578	0.3170031011104584	0.07433002442121506	0.08090276271104813	0.031240152195096016	0.04719213396310806	0.039407260715961456
405	neutral	../syntropy_project/models/model_10	../syntropy_project/models/model_10	neutral	0.49752137064933777	0.22731684148311615	0.09347155690193176	0.49752137064933777	0.13332636654376984	0.015064827166497707	0.0104402219876647	0.013348950073122978	0.002573543693870306	0.001311813946813345	0.0014557295944541693	0.00337464758194983	0.0007941517396830022
156	joy	../syntropy_project/models/model_10	../syntropy_project/models/model_10	neutral	0.326944500207901	0.1790620982646942	0.11665984988212585	0.326944500207901	0.127738818526268	0.087148517370224	0.019673531875014305	0.052604109048843384	0.027287190780043602	0.01466240081936121	0.018545743077993393	0.01262880302965641	0.017044421285390854
650	joy	../syntropy_project/models/model_10	../syntropy_project/models/model_10	excitement	0.3965965807437897	0.30195584893226624	0.3965965807437897	0.12262845784425735	0.15253043174743652	0.009050929918885231	0.0026705970522016287	0.008259414695203304	0.001592656597495079	0.00101504847407341	0.0008715199073776603	0.001101321424357593	0.001727274851873517
770	excitement	../syntropy_project/models/model_10	../syntropy_project/models/model_10	joy	0.3652840256690979	0.3652840256690979	0.31027016043663025	0.202533558011055	0.08846552670001984	0.027444900944828987	0.001216566888615489	0.0010821433970704675	0.0009506781934760511	0.0008876079227775335	0.0009444266906939447	0.0006078986916691065	0.0003125275543425232
1003	disgust	../syntropy_project/models/model_10	../syntropy_project/models/model_10	disgust	0.6690050959587097	0.006191218737512827	0.010370089672505856	0.02510080300271511	0.006430583540350199	0.021203327924013138	0.023991519585251808	0.02237165905535221	0.02374807745218277	0.048207078129053116	0.6690050959587097	0.07242994755506516	0.07095054537057877
275	excitement	../syntropy_project/models/model_10	../syntropy_project/models/model_10	excitement	0.4115053117275238	0.2670852243900299	0.4115053117275238	0.0709414929151535	0.22766649723052979	0.007463350426405668	0.0015023850137367845	0.008291876874864101	0.0007559222867712379	0.000850082200486213	0.0006661406951025128	0.0008005875861272216	0.0024711969308555126
394	sadness	../syntropy_project/models/model_10	../syntropy_project/models/model_10	anger	0.6829032897949219	0.009624933823943138	0.0063379607163369656	0.01859804429113865	0.01338009350001812	0.004155933856964111	0.04416107013821602	0.11640027910470963	0.008323833346366882	0.022067826241254807	0.05731935426592827	0.01672734133899212	0.6829032897949219
1258	neutral	../syntropy_project/models/model_10	../syntropy_project/models/model_10	joy	0.31004416942596436	0.31004416942596436	0.18900451064109802	0.19266930222511292	0.09847738593816757	0.07211445271968842	0.02364937961101532	0.040216512978076935	0.013536517508327961	0.01178216002881527	0.025291936472058296	0.014668344520032406	0.0085453437641263
575	excitement	../syntropy_project/models/model_10	../syntropy_project/models/model_10	neutral	0.2802540361881256	0.248323455452919	0.28023892641067505	0.2802540361881256	0.16892948746681213	0.010758653283119202	0.0011153911473229527	0.007237511686980724	0.0010486997198313475	0.000540368549991399	0.0005604614270851016	0.0006277001812122762	0.00036538991844281554
614	excitement	../syntropy_project/models/model_10	../syntropy_project/models/model_10	excitement	0.5171486735343933	0.06972401589155197	0.5171486735343933	0.09877137839794159	0.12389738112688065	0.053122807294130325	0.00549606466665864	0.0887116938829422	0.008816711604595184	0.005206250119954348	0.005481528118252754	0.005067723803222179	0.018555765971541405
826	pride	../syntropy_project/models/model_10	../syntropy_project/models/model_10	excitement	0.399015337228775	0.05169960856437683	0.399015337228775	0.04881555214524269	0.3833438754081726	0.032853998243808746	0.005454661790281534	0.052416566759347916	0.005713826045393944	0.009235531091690063	0.0042417109943926334	0.0025319091510027647	0.004677354358136654
277	neutral	../syntropy_project/models/model_10	../syntropy_project/models/model_10	excitement	0.4898213744163513	0.21661582589149475	0.4898213744163513	0.09687119722366333	0.15276402235031128	0.02932097017765045	0.002151623833924532	0.0027512263040989637	0.0010723865125328302	0.001926990575157106	0.002897856757044792	0.0015100088203325868	0.0022965301759541035
327	joy	../syntropy_project/models/model_10	../syntropy_project/models/model_10	joy	0.534863293170929	0.534863293170929	0.1176423728466034	0.20176289975643158	0.11905978620052338	0.01254638098180294	0.004323698580265045	0.0032224443275481462	0.0016794812399894	0.0016842763870954514	0.001378511544317007	0.0011669467203319073	0.0006698368233628571
1186	excitement	../syntropy_project/models/model_10	../syntropy_project/models/model_10	excitement	0.4011651575565338	0.18222901225090027	0.4011651575565338	0.12992139160633087	0.24669533967971802	0.030930420383810997	0.0005894650821574032	0.0055914223194122314	0.0007406947552226484	0.0006725261337123811	0.0008641601889394224	0.0003508766822051257	0.0002495396474841982
1052	pride	../syntropy_project/models/model_10	../syntropy_project/models/model_10	pride	0.46040090918540955	0.12357928603887558	0.24910658597946167	0.059504564851522446	0.46040090918540955	0.023881986737251282	0.0063407327979803085	0.0334056094288826	0.008302150294184685	0.011241978965699673	0.016893630847334862	0.0023758525494486094	0.0049666231498122215
624	nervousness	../syntropy_project/models/model_10	../syntropy_project/models/model_10	excitement	0.4011378884315491	0.13890911638736725	0.4011378884315491	0.11158487945795059	0.21061554551124573	0.03677996248006821	0.009770054370164871	0.06409531086683273	0.003429268253967166	0.005748905707150698	0.0074430606327950954	0.0025106535758823156	0.00797531008720398
581	excitement	../syntropy_project/models/model_10	../syntropy_project/models/model_10	pride	0.3556068241596222	0.3254110515117645	0.09638243168592453	0.1911129206418991	0.3556068241596222	0.014556381851434708	0.005110930185765028	0.005130273289978504	0.0013119109207764268	0.0016463525826111436	0.001205937471240759	0.0011427956633269787	0.0013821987668052316
570	pride	../syntropy_project/models/model_10	../syntropy_project/models/model_10	pride	0.6224892139434814	0.113660529255867	0.05905238166451454	0.1134575754404068	0.6224892139434814	0.013781750574707985	0.006015213672071695	0.055128734558820724	0.002652966184541583	0.0038619230035692453	0.0031857856083661318	0.002860451815649867	0.003853556700050831
922	neutral	../syntropy_project/models/model_10	../syntropy_project/models/model_10	neutral	0.5313992500305176	0.3026387393474579	0.0693536028265953	0.5313992500305176	0.0488373227417469	0.03323227912187576	0.004270633216947317	0.0037069437094032764	0.0020176717080175877	0.0010650792391970754	0.0014726308872923255	0.0017505462747067213	0.00025536329485476017
178	disgust	../syntropy_project/models/model_10	../syntropy_project/models/model_10	nervousness	0.28697940707206726	0.017721299082040787	0.014306589961051941	0.04660981148481369	0.019344275817275047	0.03353169560432434	0.10599306225776672	0.28697940707206726	0.02738441713154316	0.06640934944152832	0.1747651845216751	0.09380356967449188	0.11315134912729263
427	nervousness	../syntropy_project/models/model_10	../syntropy_project/models/model_10	nervousness	0.7253817915916443	0.009183225221931934	0.003980318550020456	0.017158791422843933	0.008282246068120003	0.007943376898765564	0.05262596160173416	0.7253817915916443	0.01660778559744358	0.025031957775354385	0.02573360875248909	0.07567010819911957	0.032400842756032944
964	neutral	../syntropy_project/models/model_10	../syntropy_project/models/model_10	neutral	0.803579568862915	0.10279268771409988	0.046090930700302124	0.803579568862915	0.016387278214097023	0.02068968117237091	0.00254238722845912	0.002577876904979348	0.0026253287214785814	0.0004589796008076519	0.0006263714749366045	0.0015282301465049386	0.00010068764822790399
377	anger	../syntropy_project/models/model_10	../syntropy_project/models/model_10	anger	0.49662256240844727	0.005700020585209131	0.004454298876225948	0.01616485044360161	0.011814340017735958	0.002297742757946253	0.06564413756132126	0.10744037479162216	0.008251636289060116	0.053982336074113846	0.19529327750205994	0.032334402203559875	0.49662256240844727
381	pride	../syntropy_project/models/model_10	../syntropy_project/models/model_10	joy	0.3386043608188629	0.3386043608188629	0.22712647914886475	0.3343929648399353	0.08595315366983414	0.010255727916955948	0.0006005867035128176	0.0016066664829850197	0.0005634999834001064	0.0003093983104918152	0.0002563248563092202	0.00027895564562641084	5.1862145483028144e-05
861	neutral	../syntropy_project/models/model_10	../syntropy_project/models/model_10	neutral	0.4388202130794525	0.050243742763996124	0.02845287322998047	0.4388202130794525	0.02678990364074707	0.04433825612068176	0.05662349984049797	0.08935711532831192	0.07285396009683609	0.030400797724723816	0.06926357001066208	0.07822654396295547	0.014629576355218887
88	pride	../syntropy_project/models/model_10	../syntropy_project/models/model_10	joy	0.4076039791107178	0.4076039791107178	0.11442513763904572	0.09659018367528915	0.3671128749847412	0.007134501356631517	0.0009076752467080951	0.004208976402878761	0.0005945165175944567	0.0006029747310094535	0.00037114022416062653	0.00028659807867370546	0.0001614248176338151
671	neutral	../syntropy_project/models/model_10	../syntropy_project/models/model_10	excitement	0.36859947443008423	0.17356657981872559	0.36859947443008423	0.16252031922340393	0.27435120940208435	0.005402075592428446	0.0007914050365798175	0.011782452464103699	0.0007198832463473082	0.0006139216711744666	0.0004258010012563318	0.0005278962198644876	0.0006989528192207217
836	excitement	../syntropy_project/models/model_10	../syntropy_project/models/model_10	neutral	0.4031822681427002	0.22560980916023254	0.09802556782960892	0.4031822681427002	0.2188665270805359	0.007601901423186064	0.0044858879409730434	0.03593273460865021	0.0013904195511713624	0.0008135378593578935	0.0009578599128872156	0.002389944391325116	0.0007435657316818833
1266	surprise	../syntropy_project/models/model_10	../syntropy_project/models/model_10	nervousness	0.5280225872993469	0.03264842554926872	0.01478434819728136	0.14884255826473236	0.01606048457324505	0.020426776260137558	0.044338759034872055	0.5280225872993469	0.03130781650543213	0.01803879253566265	0.024659087881445885	0.10286805033683777	0.018002351745963097
481	joy	../syntropy_project/models/model_10	../syntropy_project/models/model_10	pride	0.3322027921676636	0.27082282304763794	0.2060314565896988	0.1539635956287384	0.3322027921676636	0.0194356981664896	0.0016532548470422626	0.010095895268023014	0.0014425819972530007	0.0015561685431748629	0.0009300951496697962	0.0008214192930608988	0.0010441814083606005
943	disgust	../syntropy_project/models/model_10	../syntropy_project/models/model_10	embarrassment	0.20515276491641998	0.03323841094970703	0.017123203724622726	0.03123391792178154	0.11190308630466461	0.02317614108324051	0.12165936082601547	0.2025112360715866	0.04200160130858421	0.20515276491641998	0.12126538902521133	0.03235860913991928	0.05837629735469818
1006	pride	../syntropy_project/models/model_10	../syntropy_project/models/model_10	pride	0.8668340444564819	0.008002543821930885	0.08608513325452805	0.004076960030943155	0.8668340444564819	0.008744658902287483	0.0006542449118569493	0.018118543550372124	0.00046945951180532575	0.003084756899625063	0.0012818932300433517	0.0005248421803116798	0.0021229649428278208
285	joy	../syntropy_project/models/model_10	../syntropy_project/models/model_10	joy	0.5264764428138733	0.5264764428138733	0.1670205444097519	0.15295422077178955	0.1257450133562088	0.014840520918369293	0.003426527138799429	0.004196651745587587	0.001396753010340035	0.0010540570365265012	0.0012957088183611631	0.0007823978667147458	0.0008112360374070704
1205	pride	../syntropy_project/models/model_10	../syntropy_project/models/model_10	joy	0.5389530658721924	0.5389530658721924	0.17796869575977325	0.1270708441734314	0.11814004182815552	0.014976557344198227	0.004538633860647678	0.007588515989482403	0.001650433405302465	0.0033504252787679434	0.0026101910043507814	0.0015351180918514729	0.0016174480551853776
352	joy	../syntropy_project/models/model_10	../syntropy_project/models/model_10	joy	0.4316825866699219	0.4316825866699219	0.15124693512916565	0.2646684944629669	0.12814493477344513	0.015916932374238968	0.0016326254699379206	0.003386510070413351	0.0010389711242169142	0.0007925552781671286	0.0006362991407513618	0.0005577743286266923	0.0002953256480395794
266	neutral	../syntropy_project/models/model_10	../syntropy_project/models/model_10	joy	0.46280404925346375	0.46280404925346375	0.10725190490484238	0.32271599769592285	0.09442739188671112	0.007549688220024109	0.001286555896513164	0.00193410471547395	0.0007233647629618645	0.0004507707490120083	0.0003907548380084336	0.00037520905607379973	9.023594611790031e-05
59	sadness	../syntropy_project/models/model_10	../syntropy_project/models/model_10	sadness	0.26043954491615295	0.062297165393829346	0.031636279076337814	0.062231458723545074	0.036964062601327896	0.06286204606294632	0.26043954491615295	0.2164035588502884	0.033044688403606415	0.06474404782056808	0.09755271673202515	0.04663208872079849	0.025192292407155037
979	nervousness	../syntropy_project/models/model_10	../syntropy_project/models/model_10	nervousness	0.8256834149360657	0.005828471854329109	0.0028482945635914803	0.016329113394021988	0.0062921056523919106	0.0026235326658934355	0.022839926183223724	0.8256834149360657	0.01078544557094574	0.008599050343036652	0.011033057235181332	0.06268931925296783	0.02444823645055294
965	excitement	../syntropy_project/models/model_10	../syntropy_project/models/model_10	joy	0.4030226767063141	0.4030226767063141	0.1429188996553421	0.30323076248168945	0.10263878852128983	0.03187616914510727	0.0025627745781093836	0.003376973560079932	0.002331061754375696	0.002296686638146639	0.0030513794627040625	0.001797298202291131	0.000896548037417233
732	neutral	../syntropy_project/models/model_10	../syntropy_project/models/model_10	neutral	0.6410769820213318	0.08978220820426941	0.13275811076164246	0.6410769820213318	0.08322809636592865	0.01979876309633255	0.001660737325437367	0.026315363124012947	0.0019152421737089753	0.0006621406064368784	0.0014516572700813413	0.0011537045938894153	0.00019697823154274374
615	pride	../syntropy_project/models/model_10	../syntropy_project/models/model_10	pride	0.3455978333950043	0.2561127841472626	0.05468346178531647	0.15881605446338654	0.3455978333950043	0.06310001760721207	0.016733039170503616	0.06199438497424126	0.0117882015183568	0.014934170059859753	0.008726227097213268	0.005599896889179945	0.001913903746753931
1146	pride	../syntropy_project/models/model_10	../syntropy_project/models/model_10	pride	0.8934698104858398	0.0026997849345207214	0.07952044159173965	0.0016549641732126474	0.8934698104858398	0.0038768178783357143	0.00021961794118396938	0.014351185411214828	0.00014542489952873439	0.0017715205904096365	0.0007535398472100496	0.0002523263683542609	0.0012846151366829872
573	neutral	../syntropy_project/models/model_10	../syntropy_project/models/model_10	joy	0.2742615044116974	0.2742615044116974	0.21325527131557465	0.25839662551879883	0.14273051917552948	0.08834899216890335	0.0024457047693431377	0.006750720553100109	0.003519158810377121	0.0020520868711173534	0.0023499461822211742	0.004128278233110905	0.0017611247021704912
820	surprise	../syntropy_project/models/model_10	../syntropy_project/models/model_10	surprise	0.857835590839386	0.010887902230024338	0.03596014529466629	0.02841239608824253	0.02304854243993759	0.857835590839386	0.0025981049984693527	0.007862159051001072	0.017496541142463684	0.008364659734070301	0.004084478598088026	0.002875200007110834	0.0005743069341406226
678	pride	../syntropy_project/models/model_10	../syntropy_project/models/model_10	pride	0.8199948072433472	0.020155079662799835	0.1296696662902832	0.012520603835582733	0.8199948072433472	0.004210056271404028	0.00029017782071605325	0.011405756697058678	0.00021831717458553612	0.0006480468437075615	0.0002565814065746963	0.00025706857559271157	0.0003738633531611413
451	neutral	../syntropy_project/models/model_10	../syntropy_project/models/model_10	neutral	0.5254379510879517	0.2803615629673004	0.12522079050540924	0.5254379510879517	0.035272397100925446	0.025479067116975784	0.001706410082988441	0.001540812780149281	0.0017419371288269758	0.0007383616757579148	0.0012023344170302153	0.001111276331357658	0.00018715251644607633
731	joy	../syntropy_project/models/model_10	../syntropy_project/models/model_10	joy	0.3515457212924957	0.3515457212924957	0.26533159613609314	0.2713703513145447	0.0969991460442543	0.01038073655217886	0.0004952889285050333	0.00243397057056427	0.000514673360157758	0.00031554518500342965	0.0002981297147925943	0.00023403414525091648	8.083677676040679e-05
420	neutral	../syntropy_project/models/model_10	../syntropy_project/models/model_10	neutral	0.47318965196609497	0.16841904819011688	0.13740266859531403	0.47318965196609497	0.1457771211862564	0.012392397038638592	0.0033395346254110336	0.048099931329488754	0.003987197298556566	0.0013077667681500316	0.0013851724797859788	0.0031264503486454487	0.0015730488812550902
380	pride	../syntropy_project/models/model_10	../syntropy_project/models/model_10	pride	0.6124343872070312	0.06493812799453735	0.2125452756881714	0.07485942542552948	0.6124343872070312	0.011155524291098118	0.00074290408520028	0.018768317997455597	0.0009430848294869065	0.0012288688449189067	0.0011867927387356758	0.0006786613957956433	0.0005185393965803087
83	excitement	../syntropy_project/models/model_10	../syntropy_project/models/model_10	joy	0.4064783751964569	0.4064783751964569	0.10050317645072937	0.4057769775390625	0.049457699060440063	0.016106484457850456	0.006569658871740103	0.005521710496395826	0.0045721265487372875	0.0008900259272195399	0.0014689818490296602	0.001980243483558297	0.0006745485006831586
129	pride	../syntropy_project/models/model_10	../syntropy_project/models/model_10	pride	0.444082111120224	0.26892074942588806	0.12535938620567322	0.12577718496322632	0.444082111120224	0.01313513983041048	0.0042965225875377655	0.012104368768632412	0.0013388950610533357	0.0012925956398248672	0.0010307063348591328	0.001413768739439547	0.0012485041515901685
916	neutral	../syntropy_project/models/model_10	../syntropy_project/models/model_10	neutral	0.5664934515953064	0.2527589499950409	0.13065552711486816	0.5664934515953064	0.03197234496474266	0.013140641152858734	0.0009667028789408505	0.0017952818889170885	0.0008878251537680626	0.0003190303687006235	0.0003118231543339789	0.0006268800352700055	7.142050162656233e-05
774	confusion	../syntropy_project/models/model_10	../syntropy_project/models/model_10	neutral	0.24633660912513733	0.1464507132768631	0.03204990178346634	0.24633660912513733	0.07511746883392334	0.03909960389137268	0.12693843245506287	0.20605942606925964	0.05083112791180611	0.02114698477089405	0.018654515966773033	0.018838757649064064	0.01847645454108715
1065	nervousness	../syntropy_project/models/model_10	../syntropy_project/models/model_10	pride	0.34346097707748413	0.12724751234054565	0.23994821310043335	0.08238045871257782	0.34346097707748413	0.06947734951972961	0.004139077849686146	0.09754234552383423	0.013041244819760323	0.006665146443992853	0.0032850378192961216	0.005170088727027178	0.0076424661092460155
522	pride	../syntropy_project/models/model_10	../syntropy_project/models/model_10	excitement	0.45837733149528503	0.16029256582260132	0.45837733149528503	0.057304587215185165	0.30691537261009216	0.004682647529989481	0.0010570976883172989	0.00856276135891676	0.0006716022035107017	0.0005315425805747509	0.0006793526699766517	0.0001635159133002162	0.0007615899085067213
260	neutral	../syntropy_project/models/model_10	../syntropy_project/models/model_10	neutral	0.7271246314048767	0.08848556876182556	0.09899122267961502	0.7271246314048767	0.02786596491932869	0.03450828418135643	0.005785320419818163	0.007657115813344717	0.00431086728349328	0.0014437902718782425	0.0013369652442634106	0.0022190664894878864	0.0002711922279559076
596	neutral	../syntropy_project/models/model_10	../syntropy_project/models/model_10	neutral	0.6842054724693298	0.2121865600347519	0.06236286833882332	0.6842054724693298	0.02474328689277172	0.00712295388802886	0.002705123508349061	0.0028945894446223974	0.0017841535154730082	0.00035128986928611994	0.000529607234057039	0.0009482004097662866	0.00016587656864430755
818	surprise	../syntropy_project/models/model_10	../syntropy_project/models/model_10	joy	0.3858463764190674	0.3858463764190674	0.15276440978050232	0.23084589838981628	0.1542184054851532	0.049503080546855927	0.004078031051903963	0.0065001146867871284	0.00506366603076458	0.004220558796077967	0.003564695129171014	0.001980977365747094	0.0014138140249997377
988	pride	../syntropy_project/models/model_10	../syntropy_project/models/model_10	pride	0.3380972743034363	0.20847786962985992	0.0904422476887703	0.2672383785247803	0.3380972743034363	0.0296940878033638	0.015193425118923187	0.033911898732185364	0.0026680920273065567	0.0027990033850073814	0.003689585952088237	0.003843449056148529	0.00394473597407341
906	pride	../syntropy_project/models/model_10	../syntropy_project/models/model_10	neutral	0.343892902135849	0.21003854274749756	0.14486713707447052	0.343892902135849	0.20616205036640167	0.03731672465801239	0.0058925156481564045	0.03896167501807213	0.0028419874142855406	0.0018275395268574357	0.002467657206580043	0.003659827634692192	0.002071347553282976
138	pride	../syntropy_project/models/model_10	../syntropy_project/models/model_10	pride	0.7963885068893433	0.011311596259474754	0.16173481941223145	0.007790707517415285	0.7963885068893433	0.004927007015794516	0.00046581149217672646	0.014804827980697155	0.00018132058903574944	0.0009016980184242129	0.0005290589178912342	0.0002831813180819154	0.0006814712542109191
292	pride	../syntropy_project/models/model_10	../syntropy_project/models/model_10	joy	0.4555279612541199	0.4555279612541199	0.1050659641623497	0.178852379322052	0.2445213943719864	0.008000655099749565	0.0015021571889519691	0.003919113893061876	0.0008274919237010181	0.000647056323941797	0.0005134864477440715	0.00037705476279370487	0.0002453071065247059
1035	confusion	../syntropy_project/models/model_10	../syntropy_project/models/model_10	nervousness	0.26067283749580383	0.03355377912521362	0.009111843071877956	0.10859766602516174	0.059270527213811874	0.030670201405882835	0.052368100732564926	0.26067283749580383	0.11361543834209442	0.14791499078273773	0.04765532910823822	0.0799882635474205	0.05658099055290222
376	pride	../syntropy_project/models/model_10	../syntropy_project/models/model_10	pride	0.554113507270813	0.011516395956277847	0.4053873121738434	0.011570255272090435	0.554113507270813	0.004568750970065594	0.00033391013857908547	0.009856697171926498	0.0003322710108477622	0.0008182612946256995	0.000569593976251781	0.0003642551600933075	0.0005688171950168908
141	pride	../syntropy_project/models/model_10	../syntropy_project/models/model_10	excitement	0.2564353346824646	0.24163392186164856	0.2564353346824646	0.2452751249074936	0.2107316106557846	0.02963985875248909	0.004662079270929098	0.005163779016584158	0.001693981932476163	0.0015584157081320882	0.001764854067005217	0.0009512024116702378	0.0004898163606412709
609	pride	../syntropy_project/models/model_10	../syntropy_project/models/model_10	excitement	0.3617432415485382	0.15631689131259918	0.3617432415485382	0.09424325078725815	0.31966912746429443	0.014184970408678055	0.0020318925380706787	0.04692826047539711	0.0007241481798700988	0.001028326340019703	0.0016205592546612024	0.0007735005929134786	0.0007359553128480911
838	pride	../syntropy_project/models/model_10	../syntropy_project/models/model_10	pride	0.7951983213424683	0.00979007501155138	0.17738358676433563	0.0030464467126876116	0.7951983213424683	0.0029962884727865458	0.00022169554722495377	0.0093168830499053	7.730038487352431e-05	0.0007909990381449461	0.0003137534367851913	0.00014904758427292109	0.0007155686616897583
1156	excitement	../syntropy_project/models/model_10	../syntropy_project/models/model_10	neutral	0.3184601366519928	0.20849615335464478	0.3085634410381317	0.3184601366519928	0.10387979447841644	0.036717332899570465	0.003438180312514305	0.01449755672365427	0.0015656114555895329	0.0009510123636573553	0.0014217995340004563	0.0018857343820855021	0.00012320307723712176
139	neutral	../syntropy_project/models/model_10	../syntropy_project/models/model_10	neutral	0.3734583854675293	0.23267965018749237	0.056912489235401154	0.3734583854675293	0.07675167173147202	0.06256750971078873	0.10179009288549423	0.03380139172077179	0.021499164402484894	0.011848251335322857	0.011804129928350449	0.014927825890481472	0.001959540182724595
911	joy	../syntropy_project/models/model_10	../syntropy_project/models/model_10	excitement	0.5473419427871704	0.23914845287799835	0.5473419427871704	0.08082595467567444	0.10897558927536011	0.020508786663413048	0.00043516402365639806	0.0008071614429354668	0.0005965688615106046	0.00046403260785155	0.0004477683687582612	0.0003363331488799304	0.0001122135145124048
973	excitement	../syntropy_project/models/model_10	../syntropy_project/models/model_10	excitement	0.7042105793952942	0.012194668874144554	0.7042105793952942	0.013045916333794594	0.22409527003765106	0.035656820982694626	0.0005414017359726131	0.0054825241677463055	0.0004964726394973695	0.0012947921641170979	0.0013960631331428885	0.00086871103849262	0.0007167265866883099
224	excitement	../syntropy_project/models/model_10	../syntropy_project/models/model_10	excitement	0.8005256652832031	0.05301995947957039	0.8005256652832031	0.06964679807424545	0.05074786767363548	0.00895024836063385	0.0005862730904482305	0.013901007361710072	0.0007887294050306082	0.0003120067121926695	0.00029049403383396566	0.00048189100925810635	0.0007491586147807539
398	pride	../syntropy_project/models/model_10	../syntropy_project/models/model_10	pride	0.8455199003219604	0.006911013275384903	0.12099899351596832	0.004412974696606398	0.8455199003219604	0.001975376158952713	0.0001597305090399459	0.01830139011144638	9.369355393573642e-05	0.0005908904713578522	0.00019985117251053452	0.00017985395970754325	0.0006562849157489836
274	neutral	../syntropy_project/models/model_10	../syntropy_project/models/model_10	joy	0.5158950686454773	0.5158950686454773	0.16186541318893433	0.12427794933319092	0.15594574809074402	0.02558029629290104	0.006777736824005842	0.0030537708662450314	0.0015634457813575864	0.0021452996879816055	0.0011322080390527844	0.000980211654677987	0.0007828273810446262
323	pride	../syntropy_project/models/model_10	../syntropy_project/models/model_10	pride	0.3381916284561157	0.2295389175415039	0.3093615472316742	0.08220372349023819	0.3381916284561157	0.02233821526169777	0.0012689351569861174	0.013225289061665535	0.0007972067105583847	0.0009429130586795509	0.0008043624111451209	0.0006576263112947345	0.0006696847849525511
342	pride	../syntropy_project/models/model_10	../syntropy_project/models/model_10	excitement	0.4099494218826294	0.17727124691009521	0.4099494218826294	0.09768065065145493	0.29628244042396545	0.011712231673300266	0.0004534102336037904	0.004575133789330721	0.0005697988090105355	0.000515557883772999	0.00045608211075887084	0.000332622294081375	0.0002013709890889004
807	joy	../syntropy_project/models/model_10	../syntropy_project/models/model_10	excitement	0.38267484307289124	0.2557728886604309	0.38267484307289124	0.17053119838237762	0.08970306813716888	0.08882731944322586	0.0020951484329998493	0.0032557237427681684	0.00223303004167974	0.0015786229632794857	0.0013169200392439961	0.0015345942229032516	0.0004765630583278835
1078	excitement	../syntropy_project/models/model_10	../syntropy_project/models/model_10	excitement	0.9473967552185059	0.012791828252375126	0.9473967552185059	0.01653914898633957	0.009927905164659023	0.006627904251217842	0.00021887671027798206	0.00511848833411932	0.00024911880609579384	0.0001817939628381282	0.00031227877479977906	0.0002915472723543644	0.0003443292516749352
718	neutral	../syntropy_project/models/model_10	../syntropy_project/models/model_10	neutral	0.5938656330108643	0.2530778646469116	0.03383695334196091	0.5938656330108643	0.07039546221494675	0.006535663735121489	0.01129174791276455	0.015048989094793797	0.004153912886977196	0.001298941089771688	0.001478994614444673	0.007487660739570856	0.0015282629756256938
969	embarrassment	../syntropy_project/models/model_10	../syntropy_project/models/model_10	pride	0.5014687180519104	0.07581649720668793	0.02992592751979828	0.08379948884248734	0.5014687180519104	0.013086301274597645	0.007987123914062977	0.21987871825695038	0.014314573258161545	0.013962402939796448	0.005159309599548578	0.011642861180007458	0.02295813150703907
447	neutral	../syntropy_project/models/model_10	../syntropy_project/models/model_10	neutral	0.42594730854034424	0.1100974977016449	0.06529274582862854	0.42594730854034424	0.04443440958857536	0.06555991619825363	0.05203865095973015	0.17391258478164673	0.011577739380300045	0.007292499300092459	0.009427844546735287	0.02816210687160492	0.006256660912185907
634	neutral	../syntropy_project/models/model_10	../syntropy_project/models/model_10	joy	0.3076556622982025	0.3076556622982025	0.13809064030647278	0.2234175205230713	0.2495080977678299	0.02119734324514866	0.0044778031297028065	0.01441439799964428	0.004701508674770594	0.010910681448876858	0.0105001674965024	0.003529753303155303	0.011596320196986198
344	joy	../syntropy_project/models/model_10	../syntropy_project/models/model_10	excitement	0.3472512662410736	0.321926087141037	0.3472512662410736	0.2086004763841629	0.09013468772172928	0.02612658590078354	0.0007616502116434276	0.002115227049216628	0.000986450701020658	0.0007084798417054117	0.0006161328637972474	0.0005766072426922619	0.0001962909591384232
1040	sadness	../syntropy_project/models/model_10	../syntropy_project/models/model_10	pride	0.25580960512161255	0.21752701699733734	0.037286177277565	0.23760326206684113	0.25580960512161255	0.04887058958411217	0.08061245828866959	0.04716590419411659	0.020846599712967873	0.02115732431411743	0.010458752512931824	0.011547977104783058	0.011114279739558697
1005	neutral	../syntropy_project/models/model_10	../syntropy_project/models/model_10	pride	0.48355066776275635	0.2121306210756302	0.18272507190704346	0.09778162091970444	0.48355066776275635	0.008975070901215076	0.0012152288109064102	0.010248365812003613	0.0007309599895961583	0.0009524664492346346	0.0005425096023827791	0.0006666856934316456	0.0004806377983186394
843	nervousness	../syntropy_project/models/model_10	../syntropy_project/models/model_10	nervousness	0.7057490348815918	0.02579629048705101	0.009139727801084518	0.03205186501145363	0.02983143925666809	0.009829165413975716	0.07555527240037918	0.7057490348815918	0.024152182042598724	0.027119772508740425	0.016818847507238388	0.013213060796260834	0.030743377283215523
549	embarrassment	../syntropy_project/models/model_10	../syntropy_project/models/model_10	embarrassment	0.8176457285881042	0.003146418835967779	0.0006067394861020148	0.002278983360156417	0.018470071256160736	0.0011738105677068233	0.00769291166216135	0.043949194252491	0.010006538592278957	0.8176457285881042	0.0749821737408638	0.004374421201646328	0.015672987326979637
1112	neutral	../syntropy_project/models/model_10	../syntropy_project/models/model_10	joy	0.3198695480823517	0.3198695480823517	0.2817360460758209	0.2544364035129547	0.12629887461662292	0.011113574728369713	0.0010544013930484653	0.0027738213539123535	0.0007404877687804401	0.0004668399051297456	0.0006339371902868152	0.0005659552989527583	0.00031005757045932114
526	excitement	../syntropy_project/models/model_10	../syntropy_project/models/model_10	excitement	0.39864930510520935	0.09916515648365021	0.39864930510520935	0.37301018834114075	0.08508384972810745	0.013356399722397327	0.001442206441424787	0.025952059775590897	0.0009432359365746379	0.0003864543978124857	0.0005468378658406436	0.0010404032655060291	0.00042391446186229587
365	excitement	../syntropy_project/models/model_10	../syntropy_project/models/model_10	joy	0.2415357083082199	0.2415357083082199	0.2225913107395172	0.141265407204628	0.22702094912528992	0.078927181661129	0.01208321563899517	0.04174447059631348	0.007889984175562859	0.008977493271231651	0.005690854974091053	0.004382237792015076	0.007891210727393627
855	joy	../syntropy_project/models/model_10	../syntropy_project/models/model_10	pride	0.4404207170009613	0.18800097703933716	0.19783948361873627	0.12146314978599548	0.4404207170009613	0.02646060846745968	0.0021025214809924364	0.01534974668174982	0.002719998126849532	0.002459775423631072	0.0013861694606021047	0.0007013282738626003	0.001095501473173499
701	neutral	../syntropy_project/models/model_10	../syntropy_project/models/model_10	joy	0.37870922684669495	0.37870922684669495	0.23897553980350494	0.2348726987838745	0.08795692026615143	0.03477369621396065	0.005080913659185171	0.004888094030320644	0.002292022807523608	0.0022960591595619917	0.004951355047523975	0.0021867495961487293	0.003016694216057658
321	surprise	../syntropy_project/models/model_10	../syntropy_project/models/model_10	excitement	0.5054451823234558	0.15839724242687225	0.5054451823234558	0.16958779096603394	0.10093077272176743	0.04431546851992607	0.0016730428906157613	0.009045138955116272	0.0040178196504712105	0.0026464529801160097	0.0013965818798169494	0.001713969511911273	0.0008305417140945792
803	joy	../syntropy_project/models/model_10	../syntropy_project/models/model_10	excitement	0.5477369427680969	0.19170033931732178	0.5477369427680969	0.11511553078889847	0.06568224728107452	0.07243122905492783	0.0005646797362715006	0.001684489194303751	0.0007547995774075389	0.0009907474741339684	0.0020194717217236757	0.0010833380511030555	0.00023618369596078992
707	excitement	../syntropy_project/models/model_10	../syntropy_project/models/model_10	joy	0.5285055041313171	0.5285055041313171	0.1891113668680191	0.19344037771224976	0.07767705619335175	0.007101316936314106	0.0011138827539980412	0.0008028029114939272	0.0008019512169994414	0.0006742391851730645	0.0002975715324282646	0.00035479047801345587	0.00011917122174054384
944	pride	../syntropy_project/models/model_10	../syntropy_project/models/model_10	pride	0.34649714827537537	0.2599089741706848	0.09047991037368774	0.2608366012573242	0.34649714827537537	0.013390222564339638	0.0053969030268490314	0.010020858608186245	0.005358745343983173	0.002214818960055709	0.0011956584639847279	0.001939976355060935	0.0027602247428148985
613	neutral	../syntropy_project/models/model_10	../syntropy_project/models/model_10	joy	0.42348673939704895	0.42348673939704895	0.09976566582918167	0.22589409351348877	0.11237593740224838	0.035548821091651917	0.04796157032251358	0.03503407910466194	0.0038887024857103825	0.004588924814015627	0.005753551609814167	0.003868082072585821	0.001833758200518787
39	anger	../syntropy_project/models/model_10	../syntropy_project/models/model_10	nervousness	0.24663037061691284	0.028412532061338425	0.03832612931728363	0.2127031683921814	0.04544997215270996	0.03688766434788704	0.05886170640587807	0.24663037061691284	0.11399585753679276	0.03636869788169861	0.054589010775089264	0.015774445608258247	0.11200045794248581
30	excitement	../syntropy_project/models/model_10	../syntropy_project/models/model_10	excitement	0.4772726595401764	0.1157112717628479	0.4772726595401764	0.03792175278067589	0.2949596345424652	0.051841653883457184	0.0010391038376837969	0.01407723966985941	0.0013730828650295734	0.0019019603496417403	0.002164653968065977	0.0005485916044563055	0.0011883653933182359
242	excitement	../syntropy_project/models/model_10	../syntropy_project/models/model_10	joy	0.3860566318035126	0.3860566318035126	0.10150814801454544	0.3425363302230835	0.10743264108896255	0.03709383308887482	0.009453855454921722	0.005724226590245962	0.003220935817807913	0.0024606483057141304	0.0019646447617560625	0.0016810684464871883	0.0008670874522067606
1110	joy	../syntropy_project/models/model_10	../syntropy_project/models/model_10	neutral	0.4400355815887451	0.34015271067619324	0.1323322206735611	0.4400355815887451	0.03967973589897156	0.027620621025562286	0.009615465067327023	0.001922388095408678	0.00257145706564188	0.0013979936484247446	0.0023579695262014866	0.001703353482298553	0.0006104353815317154
136	joy	../syntropy_project/models/model_10	../syntropy_project/models/model_10	joy	0.4092804491519928	0.4092804491519928	0.06899120658636093	0.3776945173740387	0.09338220953941345	0.02005646750330925	0.008855740539729595	0.010002527385950089	0.00338035193271935	0.0024116896092891693	0.0028993203304708004	0.002212248742580414	0.000833152502309531
310	excitement	../syntropy_project/models/model_10	../syntropy_project/models/model_10	neutral	0.3569045960903168	0.1800745129585266	0.03297619894146919	0.3569045960903168	0.16679248213768005	0.018598174676299095	0.10178633034229279	0.0872623547911644	0.012646006420254707	0.007989203557372093	0.006904659792780876	0.017756950110197067	0.010308596305549145
1066	nervousness	../syntropy_project/models/model_10	../syntropy_project/models/model_10	nervousness	0.48078256845474243	0.01331297680735588	0.004249658901244402	0.037833280861377716	0.011243029497563839	0.008394460193812847	0.028977684676647186	0.48078256845474243	0.02959933690726757	0.02092403918504715	0.01241669524461031	0.33955979347229004	0.012706506066024303
503	neutral	../syntropy_project/models/model_10	../syntropy_project/models/model_10	neutral	0.5944597721099854	0.2216726839542389	0.0814945325255394	0.5944597721099854	0.046191632747650146	0.041750404983758926	0.0036902157589793205	0.002081648213788867	0.0026216907426714897	0.0013850878458470106	0.002574152546003461	0.0019247407326474786	0.00015342202095780522
780	neutral	../syntropy_project/models/model_10	../syntropy_project/models/model_10	neutral	0.2562692165374756	0.25035324692726135	0.09122943133115768	0.2562692165374756	0.21540133655071259	0.0831463411450386	0.0128181092441082	0.016394704580307007	0.01282087154686451	0.020658893510699272	0.02782326750457287	0.007985908538103104	0.005098630674183369
1122	excitement	../syntropy_project/models/model_10	../syntropy_project/models/model_10	excitement	0.38675543665885925	0.2795502543449402	0.38675543665885925	0.13653571903705597	0.15377415716648102	0.02848541922867298	0.0014052814804017544	0.005474804434925318	0.0018461445579305291	0.002126071136444807	0.0018583284690976143	0.0009757753578014672	0.0012126084184274077
1264	joy	../syntropy_project/models/model_10	../syntropy_project/models/model_10	neutral	0.4206424653530121	0.272977352142334	0.05741005018353462	0.4206424653530121	0.08911611139774323	0.033078305423259735	0.031480226665735245	0.05106886476278305	0.012725818902254105	0.006456906441599131	0.008127681910991669	0.013149785809218884	0.003766334382817149
453	joy	../syntropy_project/models/model_10	../syntropy_project/models/model_10	joy	0.350213885307312	0.350213885307312	0.20852956175804138	0.283711314201355	0.1230260506272316	0.022032475098967552	0.0020779757760465145	0.004198823124170303	0.0019829259254038334	0.0014163199812173843	0.0014954599319025874	0.0009908122010529041	0.0003244142862968147
3	neutral	../syntropy_project/models/model_10	../syntropy_project/models/model_10	joy	0.370908260345459	0.370908260345459	0.20995914936065674	0.21831263601779938	0.14583177864551544	0.045607343316078186	0.002455522771924734	0.002512105042114854	0.0013915669405832887	0.0012789602624252439	0.0008973576477728784	0.000623695959802717	0.00022160972002893686
111	neutral	../syntropy_project/models/model_10	../syntropy_project/models/model_10	neutral	0.3321393132209778	0.17463526129722595	0.23057186603546143	0.3321393132209778	0.14617060124874115	0.047980453819036484	0.008976714685559273	0.03480757772922516	0.010503407567739487	0.0041082752868533134	0.005548544693738222	0.0028748163022100925	0.001683067181147635
670	joy	../syntropy_project/models/model_10	../syntropy_project/models/model_10	joy	0.4815792143344879	0.4815792143344879	0.11984782665967941	0.30628159642219543	0.07320909202098846	0.010007861070334911	0.002367942128330469	0.002981598721817136	0.0012705045519396663	0.0009853239171206951	0.0005350075080059469	0.0006863466696813703	0.00024770706659182906
1097	excitement	../syntropy_project/models/model_10	../syntropy_project/models/model_10	pride	0.5331305265426636	0.009507901966571808	0.4228750765323639	0.009645986370742321	0.5331305265426636	0.012199816294014454	0.00034895437420345843	0.00906203594058752	0.0005496439407579601	0.001097973552532494	0.0006418213597498834	0.00039112690137699246	0.0005491941119544208
482	pride	../syntropy_project/models/model_10	../syntropy_project/models/model_10	pride	0.7352180480957031	0.006958073936402798	0.24393092095851898	0.0024069356732070446	0.7352180480957031	0.002223213901743293	0.00022592995082959533	0.007517368532717228	0.0001465091627324	0.0006755653885193169	0.00022262755373958498	0.0001015520902001299	0.0003732004261109978
921	pride	../syntropy_project/models/model_10	../syntropy_project/models/model_10	joy	0.40169233083724976	0.40169233083724976	0.04269401356577873	0.16599337756633759	0.3609538972377777	0.010373695753514767	0.004992026370018721	0.006153305061161518	0.0013990493025630713	0.002004769863560796	0.0014489609748125076	0.001252332585863769	0.001042284187860787
931	nervousness	../syntropy_project/models/model_10	../syntropy_project/models/model_10	pride	0.37620410323143005	0.07333172112703323	0.1726231575012207	0.04475502297282219	0.37620410323143005	0.020616859197616577	0.003313828958198428	0.2851124405860901	0.0030589404050260782	0.005502901505678892	0.003332908730953932	0.005124720744788647	0.007023449055850506
1139	confusion	../syntropy_project/models/model_10	../syntropy_project/models/model_10	excitement	0.6342529654502869	0.03670112416148186	0.6342529654502869	0.06902619451284409	0.08904805779457092	0.054297834634780884	0.0036102195736020803	0.09319959580898285	0.0048326849937438965	0.003334849840030074	0.003228374756872654	0.004359017126262188	0.004109002184122801
429	joy	../syntropy_project/models/model_10	../syntropy_project/models/model_10	joy	0.5040481090545654	0.5040481090545654	0.09231727570295334	0.29205188155174255	0.09531152993440628	0.007286235690116882	0.002661954378709197	0.003033343004062772	0.0011203307658433914	0.0004600846441462636	0.0007030991837382317	0.0007319250726141036	0.00027423276333138347
314	joy	../syntropy_project/models/model_10	../syntropy_project/models/model_10	excitement	0.3792290985584259	0.34143978357315063	0.3792290985584259	0.1410847157239914	0.11666082590818405	0.016326459124684334	0.0006993121933192015	0.001678807893767953	0.0010831954423338175	0.0005645730998367071	0.0005559697165153921	0.0004980040830560029	0.00017930541071109474
1030	surprise	../syntropy_project/models/model_10	../syntropy_project/models/model_10	surprise	0.40148231387138367	0.15797139704227448	0.14970232546329498	0.10613121092319489	0.12501519918441772	0.40148231387138367	0.005703500937670469	0.020391380414366722	0.01913648284971714	0.0066482918336987495	0.003040093695744872	0.003412271849811077	0.0013655538205057383
319	excitement	../syntropy_project/models/model_10	../syntropy_project/models/model_10	excitement	0.527521014213562	0.07211976498365402	0.527521014213562	0.10025963932275772	0.2405862808227539	0.021921377629041672	0.0012270888546481729	0.03161284700036049	0.0010604802519083023	0.0010426470544189215	0.001096404972486198	0.0005539152189157903	0.0009984951466321945
579	nervousness	../syntropy_project/models/model_10	../syntropy_project/models/model_10	nervousness	0.535161554813385	0.020091291517019272	0.003900173120200634	0.031649839133024216	0.00930680800229311	0.01397192757576704	0.11262653768062592	0.535161554813385	0.1431691199541092	0.041705772280693054	0.03258496895432472	0.01997705176472664	0.035854920744895935
630	pride	../syntropy_project/models/model_10	../syntropy_project/models/model_10	neutral	0.3946181535720825	0.3035358488559723	0.1398429423570633	0.3946181535720825	0.139122873544693	0.012723646126687527	0.0013186429860070348	0.004330978728830814	0.0021462319418787956	0.0008621326996944845	0.0007545581320300698	0.0005191885866224766	0.00022475099831353873
5	nervousness	../syntropy_project/models/model_10	../syntropy_project/models/model_10	sadness	0.40292179584503174	0.059818085283041	0.027163639664649963	0.03863624110817909	0.030250540003180504	0.015817468985915184	0.40292179584503174	0.245003342628479	0.012151656672358513	0.028032395988702774	0.061861004680395126	0.02092444710433483	0.057419292628765106
100	neutral	../syntropy_project/models/model_10	../syntropy_project/models/model_10	joy	0.6748455166816711	0.6748455166816711	0.07770061492919922	0.16569100320339203	0.0680360421538353	0.008162747137248516	0.001356563065201044	0.0018835030496120453	0.0007788044167682528	0.0005654711276292801	0.0004790083330590278	0.0003866210172418505	0.00011408665886847302
710	joy	../syntropy_project/models/model_10	../syntropy_project/models/model_10	joy	0.5455151200294495	0.5455151200294495	0.2126854956150055	0.1524539440870285	0.0634891614317894	0.006835258565843105	0.0028487127274274826	0.00605144863948226	0.0025801912415772676	0.0015938547439873219	0.0016559816431254148	0.001337459427304566	0.002953411778435111
567	excitement	../syntropy_project/models/model_10	../syntropy_project/models/model_10	pride	0.6265367865562439	0.03422648087143898	0.24029985070228577	0.029380423948168755	0.6265367865562439	0.02060219645500183	0.001718935091048479	0.03828873857855797	0.0011282593477517366	0.001714022713713348	0.0013555906480178237	0.0011764104710891843	0.0035722958855330944
545	neutral	../syntropy_project/models/model_10	../syntropy_project/models/model_10	neutral	0.4639650583267212	0.136587455868721	0.18660017848014832	0.4639650583267212	0.08035466820001602	0.09710868448019028	0.011189721524715424	0.004761267453432083	0.008019454777240753	0.0046731275506317616	0.003321967087686062	0.0031733247451484203	0.00024509942159056664
644	joy	../syntropy_project/models/model_10	../syntropy_project/models/model_10	joy	0.4298740327358246	0.4298740327358246	0.14376027882099152	0.24248161911964417	0.16858918964862823	0.01155464630573988	0.0005781424115411937	0.0014813223388046026	0.0006044982583262026	0.0003671988670248538	0.00027537488494999707	0.00034888400114141405	8.476802031509578e-05
909	confusion	../syntropy_project/models/model_10	../syntropy_project/models/model_10	confusion	0.5637603402137756	0.011223344132304192	0.003116458188742399	0.02028944343328476	0.02081337571144104	0.01856212504208088	0.021482940763235092	0.13975447416305542	0.5637603402137756	0.07580843567848206	0.026483384892344475	0.013315598480403423	0.08539002388715744
802	neutral	../syntropy_project/models/model_10	../syntropy_project/models/model_10	neutral	0.29243963956832886	0.24082240462303162	0.13666877150535583	0.29243963956832886	0.269103467464447	0.039343733340501785	0.0025311110075563192	0.011500515043735504	0.003050371538847685	0.0019370156805962324	0.0010780077427625656	0.0011166672920808196	0.0004083407111465931
467	surprise	../syntropy_project/models/model_10	../syntropy_project/models/model_10	joy	0.49344122409820557	0.49344122409820557	0.17231692373752594	0.22931501269340515	0.07140348851680756	0.024937426671385765	0.0023713987320661545	0.0019037839956581593	0.00179676606785506	0.0011905916035175323	0.0006055613630451262	0.0004837018786929548	0.00023420786601491272
390	excitement	../syntropy_project/models/model_10	../syntropy_project/models/model_10	pride	0.33200523257255554	0.17966337502002716	0.30614742636680603	0.11528103798627853	0.33200523257255554	0.03045903518795967	0.002480150666087866	0.021538443863391876	0.0035702050663530827	0.004220979753881693	0.00161218352150172	0.001925115124322474	0.0010968060232698917
227	neutral	../syntropy_project/models/model_10	../syntropy_project/models/model_10	joy	0.4393526613712311	0.4393526613712311	0.11276528984308243	0.22460024058818817	0.20010550320148468	0.012290840968489647	0.0036210413090884686	0.004286658950150013	0.0009513417026028037	0.0008678610320203006	0.0004335185221862048	0.0005186358466744423	0.00020644422329496592
536	excitement	../syntropy_project/models/model_10	../syntropy_project/models/model_10	excitement	0.7818084359169006	0.03387964144349098	0.7818084359169006	0.02692098170518875	0.1333157867193222	0.014249291270971298	0.0005695841973647475	0.006773514207452536	0.000389212480513379	0.0006946613430045545	0.0005025028949603438	0.000385554158128798	0.0005107784527353942
1057	neutral	../syntropy_project/models/model_10	../syntropy_project/models/model_10	joy	0.3466220498085022	0.3466220498085022	0.30075138807296753	0.18584203720092773	0.13247525691986084	0.026784703135490417	0.0007525574183091521	0.0016751702642068267	0.0016330848447978497	0.0013090720167383552	0.0011168851051479578	0.0007261360296979547	0.00031161506194621325
712	neutral	../syntropy_project/models/model_10	../syntropy_project/models/model_10	excitement	0.2913244068622589	0.2529272139072418	0.2913244068622589	0.13505826890468597	0.04187673330307007	0.21042831242084503	0.006392490118741989	0.00332145718857646	0.009964101016521454	0.007673321757465601	0.021260499954223633	0.006864049471914768	0.012909092009067535
471	neutral	../syntropy_project/models/model_10	../syntropy_project/models/model_10	excitement	0.46503695845603943	0.1470210701227188	0.46503695845603943	0.10393692553043365	0.1678209751844406	0.09748856723308563	0.002458533737808466	0.007609901949763298	0.0010922335786744952	0.0022453356068581343	0.002338218968361616	0.001130506512708962	0.0018208555411547422
66	excitement	../syntropy_project/models/model_10	../syntropy_project/models/model_10	joy	0.3872116804122925	0.3872116804122925	0.22566449642181396	0.20291787385940552	0.1626041680574417	0.012134367600083351	0.001371552236378193	0.004933763761073351	0.0012462190352380276	0.0006251191953197122	0.0005407840362749994	0.0004277858242858201	0.00032220754656009376
1089	neutral	../syntropy_project/models/model_10	../syntropy_project/models/model_10	neutral	0.47245821356773376	0.3285366892814636	0.11670339107513428	0.47245821356773376	0.054469142109155655	0.01439250260591507	0.004071392118930817	0.004887513350695372	0.0016400543972849846	0.0005965953459963202	0.0009194946615025401	0.0010997744975611567	0.00022524043743032962
67	surprise	../syntropy_project/models/model_10	../syntropy_project/models/model_10	nervousness	0.7087197303771973	0.006242178380489349	0.003851438406854868	0.01686077192425728	0.012024812400341034	0.018219629302620888	0.029783915728330612	0.7087197303771973	0.03878509998321533	0.038642771542072296	0.02434931881725788	0.04633620008826256	0.056184083223342896
629	joy	../syntropy_project/models/model_10	../syntropy_project/models/model_10	joy	0.2919708490371704	0.2919708490371704	0.06493514031171799	0.2909851372241974	0.10168448835611343	0.01847291737794876	0.03499869629740715	0.05282100290060043	0.02387348748743534	0.043088823556900024	0.030046476051211357	0.015854189172387123	0.03126872703433037
211	pride	../syntropy_project/models/model_10	../syntropy_project/models/model_10	pride	0.7831686735153198	0.0032559316605329514	0.15723387897014618	0.004845891147851944	0.7831686735153198	0.006138476077467203	0.0006320464890450239	0.03287222236394882	0.0007080525974743068	0.006673825439065695	0.0016428267117589712	0.0007516511250287294	0.0020764395594596863
12	pride	../syntropy_project/models/model_10	../syntropy_project/models/model_10	joy	0.35624030232429504	0.35624030232429504	0.1409633755683899	0.12191811203956604	0.3432544469833374	0.012948577292263508	0.0041057514026761055	0.011751883663237095	0.002419991884380579	0.0022292330395430326	0.0011267043882980943	0.0014611261431127787	0.001580483978614211
566	joy	../syntropy_project/models/model_10	../syntropy_project/models/model_10	neutral	0.3484881818294525	0.2034655511379242	0.1956372708082199	0.3484881818294525	0.04177488759160042	0.19706861674785614	0.00255293189547956	0.002928754547610879	0.003728027455508709	0.0017724509816616774	0.0008854398038238287	0.0015396728413179517	0.0001581773249199614
720	sadness	../syntropy_project/models/model_10	../syntropy_project/models/model_10	anger	0.2546089291572571	0.02449861168861389	0.006928171496838331	0.026438837870955467	0.017900506034493446	0.0048136948607862	0.2130344659090042	0.2427038997411728	0.033228617161512375	0.05593714863061905	0.08404922485351562	0.0358579196035862	0.2546089291572571
299	excitement	../syntropy_project/models/model_10	../syntropy_project/models/model_10	pride	0.6518822908401489	0.021885408088564873	0.26092997193336487	0.015269380062818527	0.6518822908401489	0.012775108218193054	0.0007951975567266345	0.031698551028966904	0.0004554468614514917	0.0014735806034877896	0.0009804664878174663	0.0005176845588721335	0.0013368951622396708
513	pride	../syntropy_project/models/model_10	../syntropy_project/models/model_10	pride	0.5046419501304626	0.21763662993907928	0.07750849425792694	0.14029864966869354	0.5046419501304626	0.02179791033267975	0.0048921601846814156	0.02126430906355381	0.0027627884410321712	0.0027265921235084534	0.0022044177167117596	0.0018558225128799677	0.0024102376773953438
849	nervousness	../syntropy_project/models/model_10	../syntropy_project/models/model_10	nervousness	0.8206461071968079	0.0064798700623214245	0.005769689567387104	0.019262097775936127	0.008552857674658298	0.010114846751093864	0.031834594905376434	0.8206461071968079	0.012972402386367321	0.01067746989428997	0.012368706054985523	0.043650124222040176	0.017671234905719757
1141	sadness	../syntropy_project/models/model_10	../syntropy_project/models/model_10	pride	0.3610117435455322	0.26636242866516113	0.24239739775657654	0.0841347947716713	0.3610117435455322	0.029189176857471466	0.0037094298750162125	0.007022283971309662	0.001026519457809627	0.002373319584876299	0.001346571953035891	0.0006242773961275816	0.0008020116947591305
745	excitement	../syntropy_project/models/model_10	../syntropy_project/models/model_10	pride	0.27577725052833557	0.11585326492786407	0.25252923369407654	0.16671112179756165	0.27577725052833557	0.05316008999943733	0.008140439167618752	0.08762618154287338	0.007219608873128891	0.00609450601041317	0.008896579965949059	0.004988150205463171	0.013003522530198097
754	embarrassment	../syntropy_project/models/model_10	../syntropy_project/models/model_10	nervousness	0.48043861985206604	0.04498964920639992	0.014089778065681458	0.031129496172070503	0.27357134222984314	0.011101297102868557	0.01731356605887413	0.48043861985206604	0.011343004181981087	0.053447283804416656	0.02064467966556549	0.007453719154000282	0.034477606415748596
1207	nervousness	../syntropy_project/models/model_10	../syntropy_project/models/model_10	nervousness	0.39033904671669006	0.060253746807575226	0.059345442801713943	0.11111254245042801	0.07826553285121918	0.040130846202373505	0.05536678060889244	0.39033904671669006	0.027514979243278503	0.056570444256067276	0.04180635139346123	0.032158270478248596	0.04713594168424606
558	neutral	../syntropy_project/models/model_10	../syntropy_project/models/model_10	neutral	0.4165939390659332	0.2995522916316986	0.09653636068105698	0.4165939390659332	0.15720821917057037	0.01007353886961937	0.00345877418294549	0.011331927962601185	0.0016909330151975155	0.0008597623673267663	0.0010019673500210047	0.001232369220815599	0.0004598549858201295
589	pride	../syntropy_project/models/model_10	../syntropy_project/models/model_10	excitement	0.29132601618766785	0.15991923213005066	0.29132601618766785	0.1894335150718689	0.175227552652359	0.14709541201591492	0.003754856064915657	0.008122525177896023	0.0071677821688354015	0.008436526171863079	0.004711517598479986	0.003181117819622159	0.0016238483367487788
1048	disgust	../syntropy_project/models/model_10	../syntropy_project/models/model_10	disgust	0.8118851780891418	0.005905547644942999	0.010981861501932144	0.020636480301618576	0.007936724461615086	0.010978059843182564	0.011193590238690376	0.008673335425555706	0.005679104011505842	0.054596010595560074	0.8118851780891418	0.009056886658072472	0.042477212846279144
1188	joy	../syntropy_project/models/model_10	../syntropy_project/models/model_10	joy	0.3493354916572571	0.3493354916572571	0.28566113114356995	0.1668546050786972	0.16898465156555176	0.02367694489657879	0.0009560826001688838	0.002146933227777481	0.0008536421228200197	0.0005733361467719078	0.0003671533486340195	0.00046027160715311766	0.00012985552893951535
424	joy	../syntropy_project/models/model_10	../syntropy_project/models/model_10	joy	0.3259682357311249	0.3259682357311249	0.1973964124917984	0.16816850006580353	0.27210280299186707	0.012052941136062145	0.0026012896560132504	0.01465604081749916	0.002789054997265339	0.0011725927470251918	0.0007096101180650294	0.0013633286580443382	0.001019177259877324
1127	pride	../syntropy_project/models/model_10	../syntropy_project/models/model_10	joy	0.5090972781181335	0.5090972781181335	0.11542429774999619	0.2626550793647766	0.09523868560791016	0.007462656125426292	0.0028528154361993074	0.0025871284306049347	0.00199670298025012	0.0007908380357548594	0.0006187435355968773	0.0008007831056602299	0.0004750124062411487
1100	neutral	../syntropy_project/models/model_10	../syntropy_project/models/model_10	joy	0.30591118335723877	0.30591118335723877	0.13949118554592133	0.2442472130060196	0.2679578959941864	0.019658556208014488	0.0026989327743649483	0.014169064350426197	0.0017198855057358742	0.001394213060848415	0.0011176223633810878	0.0011180115398019552	0.0005162846064195037
273	joy	../syntropy_project/models/model_10	../syntropy_project/models/model_10	joy	0.632272481918335	0.632272481918335	0.11922795325517654	0.16200436651706696	0.059806764125823975	0.01928645186126232	0.002041018335148692	0.0009419163106940687	0.0014814042951911688	0.001478439080528915	0.0009443358285352588	0.00041265401523560286	0.00010225960431853309
937	joy	../syntropy_project/models/model_10	../syntropy_project/models/model_10	joy	0.4207606315612793	0.4207606315612793	0.22607815265655518	0.2761652171611786	0.05911780148744583	0.013442015275359154	0.0010134321637451649	0.0008274808642454445	0.0007467219838872552	0.0006710999296046793	0.0005934922955930233	0.0004407449741847813	0.0001432012941222638
362	joy	../syntropy_project/models/model_10	../syntropy_project/models/model_10	joy	0.4728446304798126	0.4728446304798126	0.24645693600177765	0.14599479734897614	0.12343956530094147	0.006578059867024422	0.0011445734417065978	0.0021122274920344353	0.0003653085441328585	0.00031112541910260916	0.0003058654547203332	0.00023310973483603448	0.00021377891243901104
237	joy	../syntropy_project/models/model_10	../syntropy_project/models/model_10	joy	0.2924022376537323	0.2924022376537323	0.29212886095046997	0.25370916724205017	0.13148650527000427	0.01729857176542282	0.0035222815349698067	0.005453348625451326	0.0014705040957778692	0.0008256406872533262	0.0008404986001551151	0.0005767265683971345	0.0002856446953956038
1165	excitement	../syntropy_project/models/model_10	../syntropy_project/models/model_10	joy	0.31875842809677124	0.31875842809677124	0.2765420079231262	0.14147841930389404	0.22169329226016998	0.03110596165060997	0.0011189181823283434	0.0032992856577038765	0.0013387840008363128	0.0015216212486848235	0.0017822888912633061	0.0007751421653665602	0.0005858500371687114
1220	embarrassment	../syntropy_project/models/model_10	../syntropy_project/models/model_10	nervousness	0.3804793655872345	0.010091857053339481	0.0016852073604241014	0.01621563360095024	0.00978168100118637	0.012554226443171501	0.06144998222589493	0.3804793655872345	0.3285943269729614	0.05947323143482208	0.031385231763124466	0.03778295964002609	0.05050632357597351
2	joy	../syntropy_project/models/model_10	../syntropy_project/models/model_10	joy	0.5169651508331299	0.5169651508331299	0.13058049976825714	0.24331600964069366	0.08107677847146988	0.021138235926628113	0.0024240929633378983	0.0016348246717825532	0.0009736944921314716	0.0006543743656948209	0.0005954141379334033	0.0004977301578037441	0.00014315679436549544
6	pride	../syntropy_project/models/model_10	../syntropy_project/models/model_10	excitement	0.3581315279006958	0.12545543909072876	0.3581315279006958	0.1252925544977188	0.30199456214904785	0.06393130868673325	0.002316029043868184	0.012948300689458847	0.002578136045485735	0.0025689753238111734	0.0019623483531177044	0.0013179534580558538	0.001502840779721737
1054	neutral	../syntropy_project/models/model_10	../syntropy_project/models/model_10	neutral	0.40602338314056396	0.2701728940010071	0.21414995193481445	0.40602338314056396	0.08521302789449692	0.01750454492866993	0.001172338961623609	0.0027781445533037186	0.0011200659209862351	0.0006688346620649099	0.0005936734960414469	0.00043955707224085927	0.00016348206554539502
311	pride	../syntropy_project/models/model_10	../syntropy_project/models/model_10	excitement	0.3869090974330902	0.09825154393911362	0.3869090974330902	0.12674464285373688	0.2840114235877991	0.030655041337013245	0.003281843848526478	0.05328116938471794	0.0020568056497722864	0.0024133461993187666	0.005517841316759586	0.0034012983087450266	0.0034758648835122585
1092	disgust	../syntropy_project/models/model_10	../syntropy_project/models/model_10	disgust	0.8243919014930725	0.009143040515482426	0.01233932189643383	0.016594890505075455	0.004438128788024187	0.006544102448970079	0.006194322369992733	0.0044802101328969	0.003075182903558016	0.032724883407354355	0.8243919014930725	0.00636669946834445	0.0737074613571167
532	joy	../syntropy_project/models/model_10	../syntropy_project/models/model_10	neutral	0.44191229343414307	0.338614821434021	0.11770761013031006	0.44191229343414307	0.06144503131508827	0.026722608134150505	0.003761592321097851	0.004519195761531591	0.0018121730536222458	0.0010003328789025545	0.0010761572048068047	0.001051930128596723	0.00037629538564942777
552	surprise	../syntropy_project/models/model_10	../syntropy_project/models/model_10	excitement	0.2985803186893463	0.10740723460912704	0.2985803186893463	0.153993621468544	0.15715451538562775	0.09447579085826874	0.012761201709508896	0.09371712058782578	0.016668008640408516	0.013287520036101341	0.01838856190443039	0.011887745931744576	0.02167835459113121
679	excitement	../syntropy_project/models/model_10	../syntropy_project/models/model_10	joy	0.37121617794036865	0.37121617794036865	0.2294009029865265	0.1440756618976593	0.20587797462940216	0.035779885947704315	0.004955963231623173	0.003068281104788184	0.0013092168373987079	0.0015128058148548007	0.0015216815518215299	0.0007465140661224723	0.0005349487764760852
966	pride	../syntropy_project/models/model_10	../syntropy_project/models/model_10	pride	0.3518944978713989	0.18522107601165771	0.1028580367565155	0.3124791979789734	0.3518944978713989	0.013815129175782204	0.00319583504460752	0.017228642478585243	0.003080358961597085	0.002868673298507929	0.0031158935744315386	0.0022091560531407595	0.002033501397818327
215	fear	../syntropy_project/models/model_10	../syntropy_project/models/model_10	nervousness	0.601768434047699	0.007881700061261654	0.002111257752403617	0.012526893056929111	0.008134152740240097	0.010544230230152607	0.04505210742354393	0.601768434047699	0.18507906794548035	0.04497472941875458	0.019458165392279625	0.02581351064145565	0.036655720323324203
527	nervousness	../syntropy_project/models/model_10	../syntropy_project/models/model_10	nervousness	0.4555150866508484	0.023940928280353546	0.006373169366270304	0.026683589443564415	0.034868765622377396	0.00397111289203167	0.12883639335632324	0.4555150866508484	0.02362990751862526	0.05676380172371864	0.06901684403419495	0.02251617982983589	0.1478842794895172
27	excitement	../syntropy_project/models/model_10	../syntropy_project/models/model_10	excitement	0.3231489062309265	0.24947473406791687	0.3231489062309265	0.13114862143993378	0.2678755819797516	0.015811903402209282	0.002132261171936989	0.00595488864928484	0.001011329353787005	0.0011884492123499513	0.0007425021030940115	0.0008232829859480262	0.0006876671686768532
1227	neutral	../syntropy_project/models/model_10	../syntropy_project/models/model_10	neutral	0.41524574160575867	0.11637990921735764	0.05943058431148529	0.41524574160575867	0.13960804045200348	0.03184515982866287	0.03303316980600357	0.1277897208929062	0.022380147129297256	0.008783206343650818	0.01262996532022953	0.02166908048093319	0.01120532862842083
727	joy	../syntropy_project/models/model_10	../syntropy_project/models/model_10	joy	0.40638473629951477	0.40638473629951477	0.14861047267913818	0.2290932536125183	0.18207836151123047	0.019623542204499245	0.0038104888517409563	0.006023325026035309	0.0013811347307637334	0.00093424366787076	0.0009481438901275396	0.0006605380331166089	0.00045169831719249487
730	nervousness	../syntropy_project/models/model_10	../syntropy_project/models/model_10	nervousness	0.5554344058036804	0.010051678866147995	0.04073930159211159	0.011011714115738869	0.31944841146469116	0.01610792800784111	0.0038020454812794924	0.5554344058036804	0.003264668630436063	0.01445914339274168	0.005820744670927525	0.007743216119706631	0.01211676187813282
875	neutral	../syntropy_project/models/model_10	../syntropy_project/models/model_10	neutral	0.4542432725429535	0.34789302945137024	0.07489321380853653	0.4542432725429535	0.09248910844326019	0.014204945415258408	0.003207589266821742	0.006755634676665068	0.0017854208126664162	0.001329062506556511	0.0014950948534533381	0.0012793726054951549	0.0004242570430506021
542	neutral	../syntropy_project/models/model_10	../syntropy_project/models/model_10	neutral	0.5114490389823914	0.11586686223745346	0.07179803401231766	0.5114490389823914	0.17521537840366364	0.03843352198600769	0.009201889857649803	0.021343465894460678	0.027272596955299377	0.013075979426503181	0.01079618465155363	0.004137917421758175	0.0014091242337599397
541	excitement	../syntropy_project/models/model_10	../syntropy_project/models/model_10	excitement	0.8279860615730286	0.034659307450056076	0.8279860615730286	0.043564122170209885	0.04527904838323593	0.035819992423057556	0.00040237876237370074	0.009179049171507359	0.0009145312360487878	0.0005605996120721102	0.0006132066482678056	0.0004841717309318483	0.0005376457120291889
823	nervousness	../syntropy_project/models/model_10	../syntropy_project/models/model_10	joy	0.3826327621936798	0.3826327621936798	0.08517815172672272	0.31252172589302063	0.18976761400699615	0.014153667725622654	0.002877534367144108	0.0061831967905163765	0.00188063841778785	0.0015770136378705502	0.0011637764982879162	0.0016038075555115938	0.0004601592372637242
598	joy	../syntropy_project/models/model_10	../syntropy_project/models/model_10	joy	0.40585148334503174	0.40585148334503174	0.15666383504867554	0.3843061625957489	0.03942514583468437	0.007348679006099701	0.0012000988936051726	0.0030483300797641277	0.0009875637479126453	0.0003199938510078937	0.0003841766738332808	0.00032751011895015836	0.00013702886644750834
354	pride	../syntropy_project/models/model_10	../syntropy_project/models/model_10	joy	0.5003178119659424	0.5003178119659424	0.280010461807251	0.11335555464029312	0.088025763630867	0.01410957146435976	0.0007335064001381397	0.0013062803773209453	0.0006295872153714299	0.0006126880762167275	0.00046308565651997924	0.0002709838154260069	0.0001646106829866767
1114	neutral	../syntropy_project/models/model_10	../syntropy_project/models/model_10	neutral	0.5480462908744812	0.28653502464294434	0.10756273567676544	0.5480462908744812	0.02410067617893219	0.022800007835030556	0.003227423643693328	0.0014235647395253181	0.003249394241720438	0.0008199369185604155	0.001175073441118002	0.0009064719779416919	0.00015332855400629342
677	excitement	../syntropy_project/models/model_10	../syntropy_project/models/model_10	excitement	0.32198411226272583	0.26203128695487976	0.32198411226272583	0.17594431340694427	0.16146866977214813	0.05883607268333435	0.0016733125085011125	0.005824298597872257	0.0030109230428934097	0.002927719848230481	0.002770033199340105	0.002084975829347968	0.001444295747205615
256	joy	../syntropy_project/models/model_10	../syntropy_project/models/model_10	joy	0.45275619626045227	0.45275619626045227	0.133128359913826	0.35818320512771606	0.041561439633369446	0.009114907123148441	0.0013607722939923406	0.001787570072337985	0.0009131912956945598	0.00040687870932742953	0.0004042444343212992	0.00032057694625109434	6.27414119662717e-05
291	pride	../syntropy_project/models/model_10	../syntropy_project/models/model_10	pride	0.5152431726455688	0.07969334721565247	0.2613389194011688	0.059739693999290466	0.5152431726455688	0.031092386692762375	0.001326106139458716	0.041580308228731155	0.0017619043355807662	0.0032556226942688227	0.0017713828710839152	0.001210107933729887	0.0019870661199092865
25	excitement	../syntropy_project/models/model_10	../syntropy_project/models/model_10	excitement	0.2662169337272644	0.25192415714263916	0.2662169337272644	0.2202773541212082	0.21757899224758148	0.03305007889866829	0.0013854538556188345	0.004953449591994286	0.0011984045850113034	0.0012740815291181207	0.0009019259014166892	0.0009178755572065711	0.0003213004965800792
336	joy	../syntropy_project/models/model_10	../syntropy_project/models/model_10	joy	0.3164968490600586	0.3164968490600586	0.14916354417800903	0.18763795495033264	0.20179378986358643	0.08283668011426926	0.008329781703650951	0.02944290265440941	0.00956178829073906	0.006591265555471182	0.0036943936720490456	0.0030809231102466583	0.0013701808638870716
486	pride	../syntropy_project/models/model_10	../syntropy_project/models/model_10	excitement	0.5195805430412292	0.15441587567329407	0.5195805430412292	0.2585297226905823	0.04638666287064552	0.0168878473341465	0.0005024720449000597	0.0013288919581100345	0.00044162708218209445	0.00036103001912124455	0.0008943853317759931	0.0005133084487169981	0.00015746810822747648
47	excitement	../syntropy_project/models/model_10	../syntropy_project/models/model_10	excitement	0.7924015522003174	0.05065634846687317	0.7924015522003174	0.055558573454618454	0.048125725239515305	0.023976515978574753	0.001489422284066677	0.02067459747195244	0.001892190775834024	0.001312918495386839	0.0010608029551804066	0.0014268661616370082	0.0014245500788092613
318	nervousness	../syntropy_project/models/model_10	../syntropy_project/models/model_10	nervousness	0.18281689286231995	0.16173171997070312	0.054414961487054825	0.1505270153284073	0.14169418811798096	0.05137735232710838	0.057320114225149155	0.18281689286231995	0.04543806612491608	0.03691456839442253	0.02946189045906067	0.019471243023872375	0.06883201003074646
106	nervousness	../syntropy_project/models/model_10	../syntropy_project/models/model_10	nervousness	0.850951611995697	0.004591050092130899	0.0025481751654297113	0.008380734361708164	0.004116275813430548	0.0026164802256971598	0.01941736601293087	0.850951611995697	0.00945733580738306	0.007026982959359884	0.007868490181863308	0.05840664356946945	0.024618906900286674
899	nervousness	../syntropy_project/models/model_10	../syntropy_project/models/model_10	neutral	0.4388541281223297	0.15845490992069244	0.06494933366775513	0.4388541281223297	0.07505842298269272	0.012415499426424503	0.022930828854441643	0.19254770874977112	0.00694409292191267	0.004980891011655331	0.006298243999481201	0.0107145169749856	0.005851403344422579
55	pride	../syntropy_project/models/model_10	../syntropy_project/models/model_10	pride	0.37183329463005066	0.1875099539756775	0.35708901286125183	0.05095816031098366	0.37183329463005066	0.02048463560640812	0.0011705418583005667	0.007939498871564865	0.0007516422192566097	0.0008885823772288859	0.0006582214264199138	0.00028577030752785504	0.00043069099774584174
584	anger	../syntropy_project/models/model_10	../syntropy_project/models/model_10	sadness	0.5179749727249146	0.06864984333515167	0.007244632113724947	0.040840957313776016	0.017905738204717636	0.01235884241759777	0.5179749727249146	0.1384483128786087	0.02781306579709053	0.02700722962617874	0.04187464714050293	0.048287827521562576	0.05159395560622215
213	neutral	../syntropy_project/models/model_10	../syntropy_project/models/model_10	neutral	0.6321231126785278	0.07117562741041183	0.07093635201454163	0.6321231126785278	0.06598152965307236	0.03880404308438301	0.015587612986564636	0.05193755775690079	0.013335125520825386	0.004999789875000715	0.004426225554198027	0.02246789075434208	0.008225190453231335
120	joy	../syntropy_project/models/model_10	../syntropy_project/models/model_10	joy	0.3506363332271576	0.3506363332271576	0.2847071588039398	0.1361561268568039	0.15811318159103394	0.05624766647815704	0.00203890074044466	0.004813866689801216	0.0015073707327246666	0.001924223150126636	0.0018228926928713918	0.001532923779450357	0.0004993487964384258
628	pride	../syntropy_project/models/model_10	../syntropy_project/models/model_10	pride	0.44314008951187134	0.2090471386909485	0.22592972218990326	0.09348715841770172	0.44314008951187134	0.013557452708482742	0.0007699410780332983	0.011154062114655972	0.0008139029960148036	0.0008832440944388509	0.0005119781708344817	0.00039476450183428824	0.0003105778305325657
842	neutral	../syntropy_project/models/model_10	../syntropy_project/models/model_10	joy	0.4352723956108093	0.4352723956108093	0.1546398252248764	0.3373037278652191	0.06464308500289917	0.004171354230493307	0.000991291832178831	0.0011581730796024203	0.000731600564904511	0.00030313199386000633	0.00030869830516166985	0.0003009721403941512	0.00017572652723174542
582	joy	../syntropy_project/models/model_10	../syntropy_project/models/model_10	joy	0.3891589045524597	0.3891589045524597	0.14743559062480927	0.32333117723464966	0.10486780107021332	0.0272337906062603	0.002835284685716033	0.0018091010861098766	0.0016724136658012867	0.0005130557110533118	0.0004985496052540839	0.000523789320141077	0.0001206269153044559
72	joy	../syntropy_project/models/model_10	../syntropy_project/models/model_10	joy	0.41950589418411255	0.41950589418411255	0.08605922758579254	0.14171944558620453	0.33620667457580566	0.008495096117258072	0.001550585962831974	0.0030151873361319304	0.0007068574195727706	0.0012938029831275344	0.0007327544735744596	0.0005515407538041472	0.00016296605463139713
410	joy	../syntropy_project/models/model_10	../syntropy_project/models/model_10	excitement	0.3201242983341217	0.29265907406806946	0.3201242983341217	0.22500541806221008	0.1041041910648346	0.04409625008702278	0.002079406986013055	0.003698373679071665	0.00314117968082428	0.0015253202291205525	0.0013454859144985676	0.001618515932932496	0.000602506217546761
672	excitement	../syntropy_project/models/model_10	../syntropy_project/models/model_10	joy	0.3902505338191986	0.3902505338191986	0.2983871400356293	0.19480398297309875	0.049860090017318726	0.053386036306619644	0.0013157424982637167	0.0009829906048253179	0.0021798971574753523	0.0019529621349647641	0.0041236234828829765	0.002325579524040222	0.0004313821846153587
839	neutral	../syntropy_project/models/model_10	../syntropy_project/models/model_10	neutral	0.4518163800239563	0.16036279499530792	0.22056563198566437	0.4518163800239563	0.05375707522034645	0.09041284024715424	0.009733064100146294	0.0015640571946278214	0.0023131065536290407	0.0011513479985296726	0.005680449772626162	0.0017160385614261031	0.0009272451279684901
919	joy	../syntropy_project/models/model_10	../syntropy_project/models/model_10	neutral	0.6421715617179871	0.25882619619369507	0.04672258719801903	0.6421715617179871	0.024091249331831932	0.015982750803232193	0.00416297884657979	0.0025226348079741	0.0023319688625633717	0.0006967838271521032	0.0010043797083199024	0.001371934311464429	0.00011495514627313241
432	pride	../syntropy_project/models/model_10	../syntropy_project/models/model_10	pride	0.2758936285972595	0.25863319635391235	0.17932875454425812	0.25125589966773987	0.2758936285972595	0.009610973298549652	0.0023817007895559072	0.016458785161376	0.001657913438975811	0.001608006190508604	0.0012751384638249874	0.0009727283613756299	0.0009232277516275644
1085	neutral	../syntropy_project/models/model_10	../syntropy_project/models/model_10	neutral	0.6247714757919312	0.30324870347976685	0.03864889591932297	0.6247714757919312	0.007440065965056419	0.009830772876739502	0.006520927418023348	0.002821363741531968	0.0030557841528207064	0.0005158938001841307	0.0009519147570244968	0.001768087618984282	0.0004260885762050748
1010	joy	../syntropy_project/models/model_10	../syntropy_project/models/model_10	neutral	0.3149751126766205	0.19167505204677582	0.1086316630244255	0.3149751126766205	0.2289329171180725	0.02075311169028282	0.023770606145262718	0.040585797280073166	0.008195198141038418	0.019703442230820656	0.01820104755461216	0.010502947494387627	0.014073146507143974
881	surprise	../syntropy_project/models/model_10	../syntropy_project/models/model_10	surprise	0.7270569205284119	0.03215069696307182	0.09397326409816742	0.05860068276524544	0.06633210182189941	0.7270569205284119	0.0015904922038316727	0.007553637959063053	0.004349862225353718	0.0039222827181220055	0.0021643463987857103	0.002060309983789921	0.00024538967409171164
617	surprise	../syntropy_project/models/model_10	../syntropy_project/models/model_10	pride	0.1985165923833847	0.07645082473754883	0.07844854146242142	0.16975776851177216	0.1985165923833847	0.17111067473888397	0.014478862285614014	0.15316273272037506	0.07607360929250717	0.02361433580517769	0.00835096649825573	0.016850998625159264	0.013184035196900368
1058	joy	../syntropy_project/models/model_10	../syntropy_project/models/model_10	neutral	0.34898725152015686	0.27443036437034607	0.2085285782814026	0.34898725152015686	0.12312301248311996	0.03082471340894699	0.002496676053851843	0.005409065634012222	0.0022205261047929525	0.0014161025173962116	0.0010051846038550138	0.0010850668186321855	0.0004734491230919957
523	neutral	../syntropy_project/models/model_10	../syntropy_project/models/model_10	excitement	0.5929610133171082	0.12567760050296783	0.5929610133171082	0.14923548698425293	0.09886552393436432	0.015112175606191158	0.000995971611700952	0.013224040158092976	0.001680021989159286	0.0006275460473261774	0.0005419126246124506	0.0005527821485884488	0.0005259334575384855
1033	neutral	../syntropy_project/models/model_10	../syntropy_project/models/model_10	excitement	0.3658074736595154	0.23412564396858215	0.3658074736595154	0.2067781686782837	0.15533438324928284	0.026263829320669174	0.0007123908726498485	0.007082116324454546	0.001080316724255681	0.0009014675160869956	0.0012155144941061735	0.0003658431814983487	0.0003329047467559576
325	nervousness	../syntropy_project/models/model_10	../syntropy_project/models/model_10	nervousness	0.8681110739707947	0.005368778947740793	0.006587413605302572	0.010039329528808594	0.007487232331186533	0.003057024208828807	0.01625397615134716	0.8681110739707947	0.0038523331750184298	0.005625640973448753	0.005876700393855572	0.049417492002248764	0.018323054537177086
924	pride	../syntropy_project/models/model_10	../syntropy_project/models/model_10	pride	0.31475943326950073	0.1432991325855255	0.13899533450603485	0.1665089726448059	0.31475943326950073	0.09993359446525574	0.012944528833031654	0.06316057592630386	0.011926690116524696	0.019564423710107803	0.010975291021168232	0.00817364826798439	0.009758279658854008
1250	joy	../syntropy_project/models/model_10	../syntropy_project/models/model_10	joy	0.4422697126865387	0.4422697126865387	0.06933046132326126	0.3036056458950043	0.16052035987377167	0.009589402936398983	0.003310793312266469	0.005311040673404932	0.0017078688833862543	0.0009747876320034266	0.0009121990296989679	0.001929836580529809	0.0005379090434871614
316	embarrassment	../syntropy_project/models/model_10	../syntropy_project/models/model_10	nervousness	0.8173686265945435	0.007840395905077457	0.005215896293520927	0.0173262357711792	0.007374096196144819	0.004239662550389767	0.030849171802401543	0.8173686265945435	0.008736085146665573	0.009607454761862755	0.00995354913175106	0.05793348327279091	0.023555275052785873
945	pride	../syntropy_project/models/model_10	../syntropy_project/models/model_10	joy	0.39178889989852905	0.39178889989852905	0.12748375535011292	0.310638427734375	0.1525820642709732	0.007863204926252365	0.001989748328924179	0.0036452726926654577	0.0015131556428968906	0.0007984198746271431	0.0006395590608008206	0.0007338215946219862	0.00032370808185078204
933	disgust	../syntropy_project/models/model_10	../syntropy_project/models/model_10	neutral	0.30560287833213806	0.07503446191549301	0.05816236510872841	0.30560287833213806	0.13834188878536224	0.05498804152011871	0.06189627945423126	0.1163201853632927	0.05692155286669731	0.04070045053958893	0.029724368825554848	0.03746827319264412	0.02483932301402092
465	excitement	../syntropy_project/models/model_10	../syntropy_project/models/model_10	fear	0.4670116901397705	0.02048659883439541	0.004139303229749203	0.1260157823562622	0.014129675924777985	0.01411302387714386	0.0773448646068573	0.12465406209230423	0.04520275816321373	0.0324815958738327	0.04712032526731491	0.4670116901397705	0.02730029635131359
590	anger	../syntropy_project/models/model_10	../syntropy_project/models/model_10	disgust	0.3037814795970917	0.01793416030704975	0.022435355931520462	0.052838705480098724	0.013463536277413368	0.030223557725548744	0.0702611580491066	0.12069142609834671	0.01891937293112278	0.03593162074685097	0.3037814795970917	0.21857976913452148	0.09493985027074814
1101	pride	../syntropy_project/models/model_10	../syntropy_project/models/model_10	pride	0.6884093284606934	0.05608445405960083	0.18885447084903717	0.030872851610183716	0.6884093284606934	0.014860115014016628	0.0006600764463655651	0.015718868002295494	0.0008331258432008326	0.0016899744514375925	0.0006406276952475309	0.0006432760856114328	0.0007327977218665183
1087	nervousness	../syntropy_project/models/model_10	../syntropy_project/models/model_10	nervousness	0.8410336375236511	0.0034749601036310196	0.0016222965205088258	0.005604216828942299	0.0061754388734698296	0.0015962687321007252	0.019224710762500763	0.8410336375236511	0.01108491513878107	0.015402905642986298	0.015239688567817211	0.02701721340417862	0.052523739635944366
561	joy	../syntropy_project/models/model_10	../syntropy_project/models/model_10	joy	0.6236392855644226	0.6236392855644226	0.027974102646112442	0.22108615934848785	0.09858070313930511	0.005524831358343363	0.010545618832111359	0.006059249863028526	0.0018919624853879213	0.001081641879864037	0.0011608053464442492	0.0014651748351752758	0.0009904683101922274
736	joy	../syntropy_project/models/model_10	../syntropy_project/models/model_10	joy	0.3720606565475464	0.3720606565475464	0.18034414947032928	0.18787626922130585	0.2471134215593338	0.004565900191664696	0.0010499166091904044	0.005005529150366783	0.00044657362741418183	0.0005352291627787054	0.0004402681952342391	0.000279368570772931	0.00028282482526265085
60	surprise	../syntropy_project/models/model_10	../syntropy_project/models/model_10	pride	0.36010318994522095	0.12787559628486633	0.30342307686805725	0.08397110551595688	0.36010318994522095	0.09880678355693817	0.0025549642741680145	0.01328277587890625	0.0016157707432284951	0.003506609471514821	0.002202532719820738	0.0012684161774814129	0.0013891690177842975
433	pride	../syntropy_project/models/model_10	../syntropy_project/models/model_10	excitement	0.39593449234962463	0.21597997844219208	0.39593449234962463	0.09021784365177155	0.23206165432929993	0.030526574701070786	0.002349949674680829	0.011743838898837566	0.0028134898748248816	0.00520466361194849	0.005750773008912802	0.0019385290797799826	0.00547818373888731
808	excitement	../syntropy_project/models/model_10	../syntropy_project/models/model_10	excitement	0.33926811814308167	0.3010733723640442	0.33926811814308167	0.14081402122974396	0.16305750608444214	0.049817800521850586	0.0014927696902304888	0.0013232794590294361	0.0008582607260905206	0.0007138135260902345	0.0006833762163296342	0.0005422235699370503	0.000355481228325516
92	joy	../syntropy_project/models/model_10	../syntropy_project/models/model_10	neutral	0.4315224587917328	0.23615828156471252	0.0715034008026123	0.4315224587917328	0.07744479924440384	0.03580521047115326	0.03747480362653732	0.06163892149925232	0.009709465317428112	0.008629479445517063	0.01202335674315691	0.011965984478592873	0.0061239395290613174
968	joy	../syntropy_project/models/model_10	../syntropy_project/models/model_10	joy	0.4096986949443817	0.4096986949443817	0.23003387451171875	0.269464373588562	0.06856667995452881	0.01568099483847618	0.0010917795589193702	0.0016012897249311209	0.00116849469486624	0.0008866401039995253	0.0008851320599205792	0.0006930903764441609	0.00022884180361870676
493	joy	../syntropy_project/models/model_10	../syntropy_project/models/model_10	joy	0.546310544013977	0.546310544013977	0.15941180288791656	0.19984468817710876	0.07323073595762253	0.015379221178591251	0.0012402900028973818	0.001288128551095724	0.0010620005195960402	0.0009008251363411546	0.000610956980381161	0.0005261697224341333	0.00019466741650830954
351	joy	../syntropy_project/models/model_10	../syntropy_project/models/model_10	joy	0.5276934504508972	0.5276934504508972	0.19950897991657257	0.1548987627029419	0.10135463625192642	0.009134347550570965	0.0011447705328464508	0.002397888107225299	0.0009857900440692902	0.0009614928858354688	0.000871102383825928	0.0005535291857086122	0.0004952747840434313
194	neutral	../syntropy_project/models/model_10	../syntropy_project/models/model_10	fear	0.39167362451553345	0.031884483993053436	0.017734164372086525	0.07195057719945908	0.030817784368991852	0.026464242488145828	0.010607230477035046	0.3180460035800934	0.019157446920871735	0.027086475864052773	0.04222869873046875	0.39167362451553345	0.012349064461886883
280	neutral	../syntropy_project/models/model_10	../syntropy_project/models/model_10	excitement	0.2744876742362976	0.24314497411251068	0.2744876742362976	0.2617165148258209	0.16251161694526672	0.02928978018462658	0.003495162585750222	0.012945485301315784	0.003514538984745741	0.0027238880284130573	0.0016810235101729631	0.0030431856866925955	0.0014461004175245762
948	neutral	../syntropy_project/models/model_10	../syntropy_project/models/model_10	neutral	0.40636640787124634	0.18533562123775482	0.15189118683338165	0.40636640787124634	0.18428254127502441	0.010413785465061665	0.002679403405636549	0.050751928240060806	0.0018681699875742197	0.0011278929887339473	0.0024025714956223965	0.0018871150678023696	0.000993314664810896
884	pride	../syntropy_project/models/model_10	../syntropy_project/models/model_10	pride	0.6354478001594543	0.011155104264616966	0.3125687837600708	0.00865581352263689	0.6354478001594543	0.01489609107375145	0.0005584774189628661	0.012825568206608295	0.00036745076067745686	0.001900292350910604	0.0008084507426247001	0.00040209051803685725	0.0004140881937928498
359	pride	../syntropy_project/models/model_10	../syntropy_project/models/model_10	excitement	0.2884688675403595	0.15699660778045654	0.2884688675403595	0.14698860049247742	0.25413769483566284	0.09598159044981003	0.0033828094601631165	0.01934097334742546	0.012877017259597778	0.009000081568956375	0.006300461012870073	0.003691034158691764	0.0028342166915535927
1230	neutral	../syntropy_project/models/model_10	../syntropy_project/models/model_10	excitement	0.35630011558532715	0.18460431694984436	0.35630011558532715	0.22719329595565796	0.20004253089427948	0.01056621503084898	0.0012385118752717972	0.015941262245178223	0.0011582779698073864	0.0006053780089132488	0.000756002264097333	0.001131561934016645	0.0004626649897545576
930	excitement	../syntropy_project/models/model_10	../syntropy_project/models/model_10	excitement	0.3981357216835022	0.16473405063152313	0.3981357216835022	0.19741018116474152	0.16692617535591125	0.04741347208619118	0.0016952456207945943	0.014258182607591152	0.003288433887064457	0.0020554300863295794	0.0015549624804407358	0.0013891563285142183	0.0011388527927920222
938	neutral	../syntropy_project/models/model_10	../syntropy_project/models/model_10	nervousness	0.4498067796230316	0.06912436336278915	0.0614146962761879	0.15834805369377136	0.1323878914117813	0.010231798514723778	0.026798348873853683	0.4498067796230316	0.013594390824437141	0.01987670175731182	0.026887081563472748	0.009243751876056194	0.022286130115389824
588	excitement	../syntropy_project/models/model_10	../syntropy_project/models/model_10	joy	0.3740721046924591	0.3740721046924591	0.07425615936517715	0.3444923460483551	0.1615961641073227	0.018743982538580894	0.007157617248594761	0.009286540560424328	0.002629910595715046	0.0020618471316993237	0.002308889292180538	0.002104050712659955	0.0012904709437862039
1029	neutral	../syntropy_project/models/model_10	../syntropy_project/models/model_10	neutral	0.38042908906936646	0.2885298728942871	0.11142554879188538	0.38042908906936646	0.19813548028469086	0.012219622731208801	0.0018137636361643672	0.004164308775216341	0.0009937002323567867	0.0006872633821330965	0.0007585784187540412	0.0006291019381023943	0.00021374507923610508
1041	fear	../syntropy_project/models/model_10	../syntropy_project/models/model_10	sadness	0.20903515815734863	0.056076619774103165	0.04844236746430397	0.12197879701852798	0.09880074858665466	0.03884648159146309	0.20903515815734863	0.12200881540775299	0.040258511900901794	0.03903600573539734	0.08810821920633316	0.02951217070221901	0.10789607465267181
812	joy	../syntropy_project/models/model_10	../syntropy_project/models/model_10	joy	0.28487735986709595	0.28487735986709595	0.21759864687919617	0.23159421980381012	0.15111277997493744	0.08474316447973251	0.003863613586872816	0.007708425167948008	0.007604500744491816	0.004206559155136347	0.0032278159633278847	0.0024918329436331987	0.000971126661170274
182	pride	../syntropy_project/models/model_10	../syntropy_project/models/model_10	pride	0.4664820730686188	0.13695602118968964	0.26718127727508545	0.07822784781455994	0.4664820730686188	0.012216994538903236	0.0008847316494211555	0.03407309576869011	0.0008280508336611092	0.0011703610653057694	0.0008303725626319647	0.0005475041689351201	0.000601647887378931
716	joy	../syntropy_project/models/model_10	../syntropy_project/models/model_10	joy	0.3765771985054016	0.3765771985054016	0.13867470622062683	0.2320633828639984	0.1846284419298172	0.0426030308008194	0.0040821596048772335	0.006622356828302145	0.0034899183083325624	0.0031820705626159906	0.00375286559574306	0.002604534151032567	0.001719392603263259
529	surprise	../syntropy_project/models/model_10	../syntropy_project/models/model_10	neutral	0.43524011969566345	0.23295989632606506	0.10423692315816879	0.43524011969566345	0.10665211081504822	0.06296393275260925	0.015317686833441257	0.018593762069940567	0.0049248649738729	0.0023502351250499487	0.0042527769692242146	0.007260356098413467	0.005247373133897781
110	neutral	../syntropy_project/models/model_10	../syntropy_project/models/model_10	joy	0.4423218369483948	0.4423218369483948	0.0792732983827591	0.12675192952156067	0.31657326221466064	0.015772588551044464	0.003950388636440039	0.00876831728965044	0.0012856813846156001	0.0017572501674294472	0.0014461087994277477	0.0010974040487781167	0.0010019511682912707
370	excitement	../syntropy_project/models/model_10	../syntropy_project/models/model_10	joy	0.40707921981811523	0.40707921981811523	0.28248903155326843	0.13290062546730042	0.16562600433826447	0.00669135432690382	0.001028386177495122	0.0028460328467190266	0.0003169276169501245	0.0003241554368287325	0.0003565434308256954	0.0002102669677697122	0.0001314628025284037
458	sadness	../syntropy_project/models/model_10	../syntropy_project/models/model_10	anger	0.22711288928985596	0.013874796219170094	0.011709260754287243	0.026451896876096725	0.08352448791265488	0.008538921363651752	0.04376087337732315	0.14937573671340942	0.05042998865246773	0.13619664311408997	0.1797798126935959	0.06924474239349365	0.22711288928985596
239	neutral	../syntropy_project/models/model_10	../syntropy_project/models/model_10	joy	0.38092032074928284	0.38092032074928284	0.14375469088554382	0.17843978106975555	0.28222739696502686	0.006365586072206497	0.0013011789415031672	0.004442066885530949	0.0006503770127892494	0.0006997024756856263	0.0004246326570864767	0.0004075976030435413	0.0003665495023597032
1185	pride	../syntropy_project/models/model_10	../syntropy_project/models/model_10	pride	0.44070547819137573	0.08149269223213196	0.15305723249912262	0.06349824368953705	0.44070547819137573	0.020405348390340805	0.004897003062069416	0.2040584683418274	0.003594899782910943	0.00830572284758091	0.00562069658190012	0.005872832145541906	0.008491500280797482
661	joy	../syntropy_project/models/model_10	../syntropy_project/models/model_10	joy	0.4526481330394745	0.4526481330394745	0.23455876111984253	0.15201595425605774	0.11371077597141266	0.035545721650123596	0.0028034101705998182	0.0024302953388541937	0.0015880020800977945	0.0020642876625061035	0.001306834165006876	0.0010475052986294031	0.00028034139540977776
204	excitement	../syntropy_project/models/model_10	../syntropy_project/models/model_10	excitement	0.9739769101142883	0.0034497464075684547	0.9739769101142883	0.006118111312389374	0.007849340327084064	0.005185381509363651	9.212879376718774e-05	0.0026992852799594402	0.00010247398313367739	8.1929552834481e-05	0.00014124682638794184	0.0001590877363923937	0.00014436422497965395
594	joy	../syntropy_project/models/model_10	../syntropy_project/models/model_10	excitement	0.25335830450057983	0.13456092774868011	0.25335830450057983	0.2381419688463211	0.17839191854000092	0.02947009541094303	0.02728981338441372	0.1217101439833641	0.002114415168762207	0.0038487159181386232	0.005225564818829298	0.0038359786849468946	0.0020522482227534056
908	neutral	../syntropy_project/models/model_10	../syntropy_project/models/model_10	confusion	0.1677808165550232	0.04150522127747536	0.02118956670165062	0.1618843525648117	0.049165237694978714	0.056920334696769714	0.09708988666534424	0.16400830447673798	0.1677808165550232	0.08868998289108276	0.061847999691963196	0.042907409369945526	0.04701085016131401
723	joy	../syntropy_project/models/model_10	../syntropy_project/models/model_10	joy	0.36349621415138245	0.36349621415138245	0.15280985832214355	0.2457578182220459	0.19240844249725342	0.03411980718374252	0.002521606395021081	0.004017986357212067	0.0014202255988493562	0.00136465800460428	0.0009360299445688725	0.0007514418684877455	0.0003958542365580797
1131	joy	../syntropy_project/models/model_10	../syntropy_project/models/model_10	neutral	0.628238320350647	0.2696542739868164	0.060372740030288696	0.628238320350647	0.009101913310587406	0.022089695557951927	0.005395873449742794	0.0008131748763844371	0.0013855767901986837	0.0003608823462855071	0.0009523378685116768	0.0015761528629809618	5.9005451475968584e-05
1225	neutral	../syntropy_project/models/model_10	../syntropy_project/models/model_10	nervousness	0.3371603786945343	0.11110548675060272	0.0243231114000082	0.16949348151683807	0.0801568403840065	0.03450486809015274	0.09387677162885666	0.3371603786945343	0.04403901845216751	0.04956131428480148	0.023790745064616203	0.02115677483379841	0.010831211693584919
543	pride	../syntropy_project/models/model_10	../syntropy_project/models/model_10	excitement	0.36337918043136597	0.16681639850139618	0.36337918043136597	0.11928991228342056	0.23583295941352844	0.07330228388309479	0.0024317060597240925	0.010924018919467926	0.004145926330238581	0.0068072048015892506	0.007400468923151493	0.004515699576586485	0.005154185462743044
183	excitement	../syntropy_project/models/model_10	../syntropy_project/models/model_10	neutral	0.28131940960884094	0.22550106048583984	0.2703218162059784	0.28131940960884094	0.18909063935279846	0.01179460622370243	0.0017528139287605882	0.016189951449632645	0.0009715509368106723	0.0010939422063529491	0.0009006919572129846	0.00048422804684378207	0.0005792605224996805
137	pride	../syntropy_project/models/model_10	../syntropy_project/models/model_10	joy	0.30158522725105286	0.30158522725105286	0.0813446119427681	0.19676408171653748	0.2897215187549591	0.020880255848169327	0.008929888717830181	0.07169926166534424	0.005501754581928253	0.0048650335520505905	0.0035392586141824722	0.009187907911837101	0.005981160793453455
705	neutral	../syntropy_project/models/model_10	../syntropy_project/models/model_10	joy	0.3651542663574219	0.3651542663574219	0.15827058255672455	0.31262049078941345	0.13269932568073273	0.013124803081154823	0.004072017036378384	0.007664673496037722	0.002460944000631571	0.001297993236221373	0.0008223453187383711	0.0010836102301254869	0.0007289460627362132
80	excitement	../syntropy_project/models/model_10	../syntropy_project/models/model_10	excitement	0.3207568824291229	0.2669192850589752	0.3207568824291229	0.20262935757637024	0.14243994653224945	0.05412391945719719	0.0014839536743238568	0.0033626900985836983	0.0017138993134722114	0.001762337051331997	0.002240351866930723	0.001947177341207862	0.0006202163058333099
890	neutral	../syntropy_project/models/model_10	../syntropy_project/models/model_10	neutral	0.7120356559753418	0.1674962043762207	0.05953254923224449	0.7120356559753418	0.013790427707135677	0.030079310759902	0.005768310744315386	0.0033744529355317354	0.0029210431966930628	0.0008207380305975676	0.0012915143743157387	0.002583475783467293	0.0003063211333937943
533	excitement	../syntropy_project/models/model_10	../syntropy_project/models/model_10	disgust	0.35543662309646606	0.04812519997358322	0.0355345793068409	0.06345396488904953	0.043915893882513046	0.013011734001338482	0.04963674768805504	0.11866943538188934	0.02006405033171177	0.06811182200908661	0.35543662309646606	0.04995592311024666	0.13408400118350983
480	pride	../syntropy_project/models/model_10	../syntropy_project/models/model_10	neutral	0.5135804414749146	0.08990304917097092	0.2206849306821823	0.5135804414749146	0.11860384792089462	0.015814708545804024	0.0058067175559699535	0.022613516077399254	0.003605063771829009	0.0010033505968749523	0.003992737270891666	0.0030130974482744932	0.0013785036280751228
165	confusion	../syntropy_project/models/model_10	../syntropy_project/models/model_10	nervousness	0.2568798065185547	0.03520270064473152	0.012073211371898651	0.08714376389980316	0.10952857881784439	0.0495925173163414	0.03642595186829567	0.2568798065185547	0.18295735120773315	0.06723129749298096	0.033843930810689926	0.023753181099891663	0.10536779463291168
248	joy	../syntropy_project/models/model_10	../syntropy_project/models/model_10	excitement	0.3985598385334015	0.24843764305114746	0.3985598385334015	0.16827480494976044	0.1376238763332367	0.030745135620236397	0.001761236460879445	0.008822835050523281	0.00139327603392303	0.0011287640081718564	0.001127760042436421	0.001278576091863215	0.0008462340338155627
307	anger	../syntropy_project/models/model_10	../syntropy_project/models/model_10	anger	0.4121101498603821	0.006048130802810192	0.005968593526631594	0.02161991223692894	0.016566917300224304	0.012650820426642895	0.04227723553776741	0.038548074662685394	0.017927004024386406	0.1145867183804512	0.27413493394851685	0.03756144642829895	0.4121101498603821
857	excitement	../syntropy_project/models/model_10	../syntropy_project/models/model_10	joy	0.5136505961418152	0.5136505961418152	0.09906002134084702	0.30641329288482666	0.046167969703674316	0.025168759748339653	0.002551672048866749	0.0016592254396528006	0.0020979437977075577	0.0013232019264250994	0.0009771531913429499	0.0007051062420941889	0.00022506629466079175
538	excitement	../syntropy_project/models/model_10	../syntropy_project/models/model_10	joy	0.36177095770835876	0.36177095770835876	0.139204204082489	0.16999709606170654	0.21359218657016754	0.04126867279410362	0.013678080402314663	0.04112858325242996	0.0049993800930678844	0.004925463814288378	0.004517377819865942	0.002725643338635564	0.0021923542954027653
334	neutral	../syntropy_project/models/model_10	../syntropy_project/models/model_10	neutral	0.4082021713256836	0.35529759526252747	0.1431821882724762	0.4082021713256836	0.06297295540571213	0.023725509643554688	0.001980207394808531	0.0015765767311677337	0.0012848908081650734	0.0005433196783997118	0.0004793739062733948	0.0006457254057750106	0.00010942161316052079
97	excitement	../syntropy_project/models/model_10	../syntropy_project/models/model_10	pride	0.3051705062389374	0.19687344133853912	0.14247123897075653	0.20770953595638275	0.3051705062389374	0.028959915041923523	0.008628211915493011	0.07458476722240448	0.010891957208514214	0.005228381138294935	0.005082868970930576	0.005718044936656952	0.008681201376020908
548	neutral	../syntropy_project/models/model_10	../syntropy_project/models/model_10	joy	0.4869195222854614	0.4869195222854614	0.06955602765083313	0.20336416363716125	0.12390387058258057	0.024929294362664223	0.019676022231578827	0.02477928064763546	0.01924492046236992	0.010697731748223305	0.004029638599604368	0.0052425917237997055	0.0076568853110075
1121	joy	../syntropy_project/models/model_10	../syntropy_project/models/model_10	joy	0.41282469034194946	0.41282469034194946	0.2526029944419861	0.1823030710220337	0.0907752588391304	0.03982756286859512	0.0016626357100903988	0.0027521669398993254	0.0025560513604432344	0.0037952493876218796	0.0070153893902897835	0.002331020776182413	0.001553956652060151
904	joy	../syntropy_project/models/model_10	../syntropy_project/models/model_10	joy	0.39016515016555786	0.39016515016555786	0.22159607708454132	0.13908688724040985	0.18903230130672455	0.043759044259786606	0.005974804051220417	0.002985752886161208	0.001868262654170394	0.002350834896788001	0.0013274106895551085	0.0011811055010184646	0.0006722597172483802
850	neutral	../syntropy_project/models/model_10	../syntropy_project/models/model_10	neutral	0.6350391507148743	0.18637001514434814	0.06704970449209213	0.6350391507148743	0.0816848948597908	0.013406827114522457	0.004132505040615797	0.004947479814291	0.00228926376439631	0.0008377565536648035	0.001443211454898119	0.0021715404000133276	0.0006276331259869039
771	surprise	../syntropy_project/models/model_10	../syntropy_project/models/model_10	neutral	0.4580300748348236	0.11212757229804993	0.0469810888171196	0.4580300748348236	0.08522669970989227	0.09876147657632828	0.021170049905776978	0.03315006569027901	0.05404093116521835	0.02366112731397152	0.027621643617749214	0.018892966210842133	0.02033643051981926
759	excitement	../syntropy_project/models/model_10	../syntropy_project/models/model_10	neutral	0.5410758852958679	0.24701732397079468	0.10442151129245758	0.5410758852958679	0.06377089768648148	0.01547231338918209	0.005404327530413866	0.006196219008415937	0.007614580448716879	0.00248967157676816	0.0028972295112907887	0.0021768826991319656	0.001463199034333229
1150	neutral	../syntropy_project/models/model_10	../syntropy_project/models/model_10	neutral	0.5151835680007935	0.1882939636707306	0.10328716039657593	0.5151835680007935	0.08619880676269531	0.06445866078138351	0.008251742459833622	0.011692014522850513	0.0060784597881138325	0.005801547784358263	0.00545469531789422	0.004602687433362007	0.0006966841756366193
302	nervousness	../syntropy_project/models/model_10	../syntropy_project/models/model_10	nervousness	0.49284592270851135	0.012940405867993832	0.0028271412011235952	0.019434140995144844	0.026139788329601288	0.004357297904789448	0.0465371236205101	0.49284592270851135	0.044108033180236816	0.09296225756406784	0.08426818996667862	0.031584981828927994	0.14199469983577728
1042	sadness	../syntropy_project/models/model_10	../syntropy_project/models/model_10	nervousness	0.8195685148239136	0.003451247001066804	0.0026629625353962183	0.004763649310916662	0.009691491723060608	0.0035533637274056673	0.022081146016716957	0.8195685148239136	0.011577126570045948	0.014808082953095436	0.015806853771209717	0.019475046545267105	0.07256042212247849
388	pride	../syntropy_project/models/model_10	../syntropy_project/models/model_10	pride	0.5566115379333496	0.04121227189898491	0.2789296507835388	0.02735995128750801	0.5566115379333496	0.021899651736021042	0.0020138912368565798	0.06473658978939056	0.0009295187774114311	0.0021925391629338264	0.001908151083625853	0.0012234023306518793	0.0009827641770243645
235	joy	../syntropy_project/models/model_10	../syntropy_project/models/model_10	pride	0.4158129096031189	0.21238334476947784	0.21051673591136932	0.1352415829896927	0.4158129096031189	0.008925903588533401	0.000955840980168432	0.010263071395456791	0.0017142081633210182	0.0014838929055258632	0.0009745844872668386	0.0009419082198292017	0.0007860988844186068
912	nervousness	../syntropy_project/models/model_10	../syntropy_project/models/model_10	nervousness	0.5334632396697998	0.00662111584097147	0.0025209838058799505	0.012397834099829197	0.034447118639945984	0.01057105790823698	0.010650106705725193	0.5334632396697998	0.24347789585590363	0.039658576250076294	0.00943692959845066	0.017718112096190453	0.07903704047203064
798	pride	../syntropy_project/models/model_10	../syntropy_project/models/model_10	pride	0.8349251747131348	0.014714671298861504	0.09037914127111435	0.018869847059249878	0.8349251747131348	0.0057111699134111404	0.0005415256600826979	0.028262220323085785	0.0005636284477077425	0.0022395753767341375	0.0018996517173945904	0.0012471986701712012	0.0006460873410105705
305	pride	../syntropy_project/models/model_10	../syntropy_project/models/model_10	excitement	0.8598266839981079	0.023764604702591896	0.8598266839981079	0.027380499988794327	0.04105523228645325	0.01442892849445343	0.0008199388394132257	0.02815925143659115	0.0013385893544182181	0.0008442820399068296	0.0009042667807079852	0.0008318916661664844	0.0006458935677073896
865	neutral	../syntropy_project/models/model_10	../syntropy_project/models/model_10	neutral	0.5073032975196838	0.2459842562675476	0.14453648030757904	0.5073032975196838	0.07318472862243652	0.015741579234600067	0.002498936839401722	0.005043246783316135	0.0019263732247054577	0.0010907170362770557	0.0008363770903088152	0.0016194097697734833	0.00023455164046026766
1032	joy	../syntropy_project/models/model_10	../syntropy_project/models/model_10	neutral	0.40689826011657715	0.3595491647720337	0.06428986042737961	0.40689826011657715	0.08098601549863815	0.028444774448871613	0.008626590482890606	0.031792059540748596	0.007025257684290409	0.0031024764757603407	0.0038327097427099943	0.003983829636126757	0.0014689636882394552
249	joy	../syntropy_project/models/model_10	../syntropy_project/models/model_10	joy	0.5054330229759216	0.5054330229759216	0.12231577187776566	0.20175009965896606	0.14542800188064575	0.015089594759047031	0.0021364614367485046	0.0026195913087576628	0.0013287931215018034	0.001282069948501885	0.0013304377207532525	0.0008894883212633431	0.00039664344512857497
852	joy	../syntropy_project/models/model_10	../syntropy_project/models/model_10	neutral	0.49950626492500305	0.18020740151405334	0.16848668456077576	0.49950626492500305	0.10291387140750885	0.010822899639606476	0.011242508888244629	0.015982864424586296	0.003961947280913591	0.000801177229732275	0.003692680038511753	0.0018213764997199178	0.0005603168392553926
1105	neutral	../syntropy_project/models/model_10	../syntropy_project/models/model_10	neutral	0.3674784004688263	0.08637433499097824	0.10453218221664429	0.3674784004688263	0.1263580620288849	0.05058024078607559	0.03028699941933155	0.12213174253702164	0.010356135666370392	0.016924528405070305	0.012798478826880455	0.04895259439945221	0.023226333782076836
71	joy	../syntropy_project/models/model_10	../syntropy_project/models/model_10	joy	0.43703365325927734	0.43703365325927734	0.13036927580833435	0.25567254424095154	0.14907290041446686	0.018960943445563316	0.00229390780441463	0.003125213086605072	0.0010234013898298144	0.0007792130345478654	0.0006946437642909586	0.0007505255634896457	0.00022373178217094392
94	pride	../syntropy_project/models/model_10	../syntropy_project/models/model_10	excitement	0.45677608251571655	0.1781093031167984	0.45677608251571655	0.08396321535110474	0.25072768330574036	0.02003050222992897	0.0005483865388669074	0.006672549527138472	0.0006476165726780891	0.0013489825651049614	0.0005621766322292387	0.00030776619678363204	0.0003057476133108139
610	neutral	../syntropy_project/models/model_10	../syntropy_project/models/model_10	neutral	0.4620331823825836	0.13648176193237305	0.06782302260398865	0.4620331823825836	0.06886164844036102	0.08886530250310898	0.02133309841156006	0.07631853222846985	0.022451087832450867	0.01396896317601204	0.017937401309609413	0.022123511880636215	0.0018024330493062735
33	pride	../syntropy_project/models/model_10	../syntropy_project/models/model_10	excitement	0.32338646054267883	0.08794453740119934	0.32338646054267883	0.10062739998102188	0.2898888885974884	0.12787194550037384	0.0027538472786545753	0.03963131085038185	0.010477735660970211	0.00664084916934371	0.0035037496127188206	0.003182856598868966	0.004090559668838978
862	nervousness	../syntropy_project/models/model_10	../syntropy_project/models/model_10	nervousness	0.31034404039382935	0.142686128616333	0.014772122725844383	0.06882450729608536	0.22159422934055328	0.02212308533489704	0.02368279919028282	0.31034404039382935	0.09552856534719467	0.05360366031527519	0.014289967715740204	0.009077419526875019	0.023473436012864113
448	joy	../syntropy_project/models/model_10	../syntropy_project/models/model_10	neutral	0.4409690499305725	0.3383505642414093	0.08304893225431442	0.4409690499305725	0.06742800772190094	0.04131227359175682	0.0081680528819561	0.008672487922012806	0.004052026197314262	0.0025397285353392363	0.001985735259950161	0.0026221408043056726	0.0008509638719260693
445	neutral	../syntropy_project/models/model_10	../syntropy_project/models/model_10	excitement	0.42256078124046326	0.2522905468940735	0.42256078124046326	0.14322425425052643	0.14641600847244263	0.02754051610827446	0.0012710263254120946	0.003950014244765043	0.000649015128146857	0.0007403807830996811	0.0005642896867357194	0.00044319831067696214	0.00034996517933905125
990	disgust	../syntropy_project/models/model_10	../syntropy_project/models/model_10	nervousness	0.39477288722991943	0.006902868859469891	0.0012268227292224765	0.00718989223241806	0.012736278586089611	0.0031753925140947104	0.030353210866451263	0.39477288722991943	0.13186827301979065	0.08350526541471481	0.06908182054758072	0.015015206299722195	0.2441721111536026
651	pride	../syntropy_project/models/model_10	../syntropy_project/models/model_10	neutral	0.2873208522796631	0.19286759197711945	0.12279962003231049	0.2873208522796631	0.2381894290447235	0.040016259998083115	0.009723317809402943	0.07270566374063492	0.006808909121900797	0.01154575776308775	0.007086923811584711	0.005057522561401129	0.005878166761249304
762	joy	../syntropy_project/models/model_10	../syntropy_project/models/model_10	excitement	0.3313242495059967	0.27062341570854187	0.3313242495059967	0.06641014665365219	0.2907140552997589	0.013113824650645256	0.0008945401641540229	0.01900342106819153	0.0010770222870633006	0.001861246069893241	0.0015543110202997923	0.0009940002346411347	0.002429770305752754
77	neutral	../syntropy_project/models/model_10	../syntropy_project/models/model_10	neutral	0.6778618097305298	0.06682903319597244	0.03352180868387222	0.6778618097305298	0.06262212991714478	0.011148870922625065	0.013216034509241581	0.09304516762495041	0.017410703003406525	0.0018110258970409632	0.003988912329077721	0.013889022171497345	0.004655443597584963
84	fear	../syntropy_project/models/model_10	../syntropy_project/models/model_10	joy	0.347870409488678	0.347870409488678	0.038783252239227295	0.3349795639514923	0.2407565861940384	0.014326305128633976	0.004755018744617701	0.006155400071293116	0.003030173946171999	0.0020491532050073147	0.0027921050786972046	0.002079200930893421	0.0024228196125477552
900	joy	../syntropy_project/models/model_10	../syntropy_project/models/model_10	joy	0.46615687012672424	0.46615687012672424	0.13305507600307465	0.2285362035036087	0.10727955400943756	0.02901129610836506	0.01140324492007494	0.0083241555839777	0.003870353102684021	0.0039133173413574696	0.0036620537284761667	0.0036997671704739332	0.0010881372727453709
82	neutral	../syntropy_project/models/model_10	../syntropy_project/models/model_10	joy	0.34217900037765503	0.34217900037765503	0.17052215337753296	0.2029428333044052	0.15105098485946655	0.10078214108943939	0.010459251701831818	0.006998556666076183	0.005580022931098938	0.0018422050634399056	0.0027974755503237247	0.003852593945339322	0.0009928998770192266
457	excitement	../syntropy_project/models/model_10	../syntropy_project/models/model_10	excitement	0.4289760887622833	0.04150683432817459	0.4289760887622833	0.06971950829029083	0.37096258997917175	0.03935690596699715	0.004130079876631498	0.024557529017329216	0.002500127535313368	0.005325122270733118	0.006710059475153685	0.002523949835449457	0.0037311860360205173
1107	nervousness	../syntropy_project/models/model_10	../syntropy_project/models/model_10	nervousness	0.6335277557373047	0.009037400595843792	0.004779772367328405	0.020157143473625183	0.007585766259580851	0.00742728728801012	0.05629851669073105	0.6335277557373047	0.02708706259727478	0.02531546540558338	0.05076577514410019	0.10557278245687485	0.05244528129696846
1050	neutral	../syntropy_project/models/model_10	../syntropy_project/models/model_10	pride	0.3222614824771881	0.1990148276090622	0.234378844499588	0.2008630484342575	0.3222614824771881	0.03222336992621422	0.0007905277307145298	0.006702505983412266	0.0015631087590008974	0.0007954774191603065	0.0007197314989753067	0.0005169127252884209	0.00017017759091686457
436	nervousness	../syntropy_project/models/model_10	../syntropy_project/models/model_10	pride	0.4259312152862549	0.09487837553024292	0.3196658492088318	0.09209279716014862	0.4259312152862549	0.02038782648742199	0.003446609014645219	0.03233761340379715	0.0017500838730484247	0.003014826215803623	0.0017202922608703375	0.0017462767427787185	0.003028271719813347
654	pride	../syntropy_project/models/model_10	../syntropy_project/models/model_10	pride	0.39546656608581543	0.03912058472633362	0.0654904767870903	0.023420754820108414	0.39546656608581543	0.02953466773033142	0.03712192177772522	0.3243921995162964	0.006677508354187012	0.027069883421063423	0.011610915884375572	0.012077167630195618	0.028017422184348106
1008	joy	../syntropy_project/models/model_10	../syntropy_project/models/model_10	surprise	0.6646335124969482	0.038085926324129105	0.051616497337818146	0.04866209998726845	0.04614473879337311	0.6646335124969482	0.006402917671948671	0.02723768912255764	0.06953746825456619	0.028795151039958	0.0086295697838068	0.007306366227567196	0.0029480017255991697
404	nervousness	../syntropy_project/models/model_10	../syntropy_project/models/model_10	nervousness	0.4197450578212738	0.040621526539325714	0.03688794746994972	0.08314697444438934	0.16164512932300568	0.015328886918723583	0.01836273819208145	0.4197450578212738	0.04929396137595177	0.02209075354039669	0.017576970160007477	0.015748651698231697	0.11955142021179199
1136	neutral	../syntropy_project/models/model_10	../syntropy_project/models/model_10	pride	0.3533584177494049	0.33127668499946594	0.15748459100723267	0.13260804116725922	0.3533584177494049	0.01212222222238779	0.002116780960932374	0.006111157592386007	0.0010997073259204626	0.0011723589850589633	0.0008511164342053235	0.000693229550961405	0.001105685718357563
764	joy	../syntropy_project/models/model_10	../syntropy_project/models/model_10	joy	0.42941251397132874	0.42941251397132874	0.17823149263858795	0.1990898698568344	0.16311244666576385	0.01732083223760128	0.003588869236409664	0.00479910708963871	0.0016362324822694063	0.0010906483512371778	0.0007422599592246115	0.0006186972022987902	0.0003570065018720925
722	confusion	../syntropy_project/models/model_10	../syntropy_project/models/model_10	joy	0.4457642138004303	0.4457642138004303	0.11595900356769562	0.16771762073040009	0.17966724932193756	0.02163882367312908	0.009457575157284737	0.029501426964998245	0.005500584840774536	0.006951997987926006	0.0074008009396493435	0.004924036096781492	0.005516638979315758
104	surprise	../syntropy_project/models/model_10	../syntropy_project/models/model_10	excitement	0.3443078398704529	0.1990056335926056	0.3443078398704529	0.11412255465984344	0.11182968318462372	0.2032427042722702	0.002613441552966833	0.011917736381292343	0.003422772977501154	0.0030872731003910303	0.0025741634890437126	0.002833559876307845	0.0010425415821373463
1170	joy	../syntropy_project/models/model_10	../syntropy_project/models/model_10	joy	0.3693235516548157	0.3693235516548157	0.11487788707017899	0.23688898980617523	0.16152706742286682	0.05195915699005127	0.015688644722104073	0.017206722870469093	0.009340815246105194	0.011274821124970913	0.006166934035718441	0.0034274111967533827	0.0023180642165243626
673	excitement	../syntropy_project/models/model_10	../syntropy_project/models/model_10	joy	0.39585232734680176	0.39585232734680176	0.2535569667816162	0.2530415952205658	0.07528434693813324	0.013708357699215412	0.0017791386926546693	0.0028615184128284454	0.001347426208667457	0.0008746514795348048	0.0007472882862202823	0.0005552321672439575	0.00039115227991715074
62	sadness	../syntropy_project/models/model_10	../syntropy_project/models/model_10	nervousness	0.5469379425048828	0.011230790987610817	0.0082032959908247	0.01693265698850155	0.008318048901855946	0.0043761818669736385	0.2713184952735901	0.5469379425048828	0.011454438790678978	0.01402037963271141	0.016993440687656403	0.0644836276769638	0.025730757042765617
281	pride	../syntropy_project/models/model_10	../syntropy_project/models/model_10	pride	0.7233542799949646	0.01656385324895382	0.21840891242027283	0.009914067573845387	0.7233542799949646	0.008252600207924843	0.0003841114812530577	0.020225979387760162	0.0002752761647570878	0.0010379197774454951	0.00046922542969696224	0.00037725636502727866	0.00073655741289258
737	joy	../syntropy_project/models/model_10	../syntropy_project/models/model_10	neutral	0.41101720929145813	0.3877193033695221	0.12243494391441345	0.41101720929145813	0.06251475214958191	0.009947632439434528	0.0016165552660822868	0.0014065718278288841	0.0015737774083390832	0.0007778432336635888	0.000437222101027146	0.0003925536584574729	0.00016164880071301013
238	joy	../syntropy_project/models/model_10	../syntropy_project/models/model_10	joy	0.5418826341629028	0.5418826341629028	0.11271405220031738	0.17867408692836761	0.13532638549804688	0.007281991187483072	0.006390722468495369	0.011392422951757908	0.0011856682831421494	0.001293228124268353	0.0016820242162793875	0.000681212346535176	0.0014956125523895025
223	embarrassment	../syntropy_project/models/model_10	../syntropy_project/models/model_10	embarrassment	0.416012704372406	0.023431403562426567	0.0054335384629666805	0.033071186393499374	0.04500814154744148	0.008736527524888515	0.04743064567446709	0.12456053495407104	0.06489913165569305	0.416012704372406	0.12556710839271545	0.026012444868683815	0.07983660697937012
145	neutral	../syntropy_project/models/model_10	../syntropy_project/models/model_10	joy	0.4863875210285187	0.4863875210285187	0.09645749628543854	0.3350302278995514	0.05970505252480507	0.011022073216736317	0.0023979407269507647	0.0035272834356874228	0.002390845911577344	0.001430212170816958	0.0007311297813430429	0.0007627623272128403	0.00015746496501378715
1187	nervousness	../syntropy_project/models/model_10	../syntropy_project/models/model_10	neutral	0.32768213748931885	0.12567338347434998	0.07799208164215088	0.32768213748931885	0.21318607032299042	0.038631051778793335	0.011411594226956367	0.14960649609565735	0.017008600756525993	0.011231770738959312	0.009100263938307762	0.007050174754112959	0.011426452547311783
373	fear	../syntropy_project/models/model_10	../syntropy_project/models/model_10	nervousness	0.8710498809814453	0.0012194574810564518	0.00037848451756872237	0.0028406649362295866	0.005670720711350441	0.0028377340640872717	0.004356741439551115	0.8710498809814453	0.020356222987174988	0.022630302235484123	0.006111244671046734	0.04439427703619003	0.01815420761704445
118	neutral	../syntropy_project/models/model_10	../syntropy_project/models/model_10	joy	0.5288870930671692	0.5288870930671692	0.1823561042547226	0.13230691850185394	0.11254013329744339	0.033221930265426636	0.0025770901702344418	0.0017591146752238274	0.0026017811615020037	0.0013497702311724424	0.001014605164527893	0.0008296211017295718	0.0005559350247494876
905	neutral	../syntropy_project/models/model_10	../syntropy_project/models/model_10	joy	0.5537909865379333	0.5537909865379333	0.06323128193616867	0.16416501998901367	0.19116000831127167	0.0125929219648242	0.0036225367803126574	0.005671166814863682	0.0015988481463864446	0.001680169370956719	0.001183094223961234	0.000835566665045917	0.0004683221341110766
250	neutral	../syntropy_project/models/model_10	../syntropy_project/models/model_10	neutral	0.4097376763820648	0.33346980810165405	0.1298000067472458	0.4097376763820648	0.09897620975971222	0.014746836386620998	0.002000212436541915	0.004111465997993946	0.001528437132947147	0.0020044869743287563	0.0018795662326738238	0.001409330521710217	0.0003359800321049988
1226	excitement	../syntropy_project/models/model_10	../syntropy_project/models/model_10	excitement	0.45538246631622314	0.20713190734386444	0.45538246631622314	0.14646245539188385	0.1519656926393509	0.028261857107281685	0.0011038576485589147	0.004786790814250708	0.0015486788470298052	0.0015399049734696746	0.0007609688327647746	0.0006135953008197248	0.0004418073804117739
9	joy	../syntropy_project/models/model_10	../syntropy_project/models/model_10	joy	0.29721003770828247	0.29721003770828247	0.22721929848194122	0.17313307523727417	0.24933338165283203	0.0404355525970459	0.002719317330047488	0.0053136954084038734	0.0008439588127657771	0.001105954055674374	0.0010987486457452178	0.0009609163389541209	0.0006261024391278625
449	joy	../syntropy_project/models/model_10	../syntropy_project/models/model_10	joy	0.3182906210422516	0.3182906210422516	0.2519165575504303	0.1939065009355545	0.19923560321331024	0.02317575365304947	0.002402358455583453	0.005205847788602114	0.0017380145145580173	0.0015702820383012295	0.0011746364179998636	0.0005798502825200558	0.0008039866224862635
987	joy	../syntropy_project/models/model_10	../syntropy_project/models/model_10	excitement	0.4057227373123169	0.19323112070560455	0.4057227373123169	0.20854562520980835	0.1370059698820114	0.04681605100631714	0.0015062190359458327	0.0025208154693245888	0.0012698685750365257	0.0014249045634642243	0.0005218507722020149	0.0012340251123532653	0.00020090199541300535
593	joy	../syntropy_project/models/model_10	../syntropy_project/models/model_10	pride	0.3150283992290497	0.12866893410682678	0.11937941610813141	0.25562670826911926	0.3150283992290497	0.03009568713605404	0.005599795375019312	0.11059936881065369	0.013924259692430496	0.0063901799730956554	0.004442049656063318	0.005659172777086496	0.004585958551615477
389	excitement	../syntropy_project/models/model_10	../syntropy_project/models/model_10	pride	0.5141125321388245	0.06123531237244606	0.3230574429035187	0.049425188452005386	0.5141125321388245	0.014899352565407753	0.0007534924079664052	0.03214726224541664	0.0008945430745370686	0.0011861879611387849	0.0006381812272593379	0.0007408695528283715	0.000909615948330611
848	joy	../syntropy_project/models/model_10	../syntropy_project/models/model_10	neutral	0.34348881244659424	0.30794528126716614	0.11287377029657364	0.34348881244659424	0.11893262714147568	0.030553406104445457	0.017001254484057426	0.04622233286499977	0.007763521280139685	0.00433308957144618	0.005506024695932865	0.004016411490738392	0.0013633078197017312
1024	neutral	../syntropy_project/models/model_10	../syntropy_project/models/model_10	neutral	0.7782443761825562	0.05907956138253212	0.039545297622680664	0.7782443761825562	0.03238514065742493	0.02481607347726822	0.00992382038384676	0.027280960232019424	0.012170561589300632	0.002496792934834957	0.003723094007000327	0.008876172825694084	0.0014581918949261308
557	joy	../syntropy_project/models/model_10	../syntropy_project/models/model_10	confusion	0.7263614535331726	0.005694475956261158	0.001113496720790863	0.0184482429176569	0.012079920619726181	0.015564506873488426	0.01726381480693817	0.061081308871507645	0.7263614535331726	0.060387615114450455	0.01663198135793209	0.007952457293868065	0.05742071568965912
460	excitement	../syntropy_project/models/model_10	../syntropy_project/models/model_10	joy	0.34403541684150696	0.34403541684150696	0.22581174969673157	0.23194149136543274	0.18007740378379822	0.009116580709815025	0.0009917877614498138	0.0060456423088908195	0.0006655424949713051	0.00036362241371534765	0.00036310681025497615	0.00035731136449612677	0.0002302836364833638
1171	excitement	../syntropy_project/models/model_10	../syntropy_project/models/model_10	pride	0.5032354593276978	0.13619399070739746	0.25344422459602356	0.058569181710481644	0.5032354593276978	0.012581709772348404	0.0015173240099102259	0.026806196197867393	0.001194213517010212	0.002411657478660345	0.001449683797545731	0.0006392059731297195	0.0019570712465792894
144	excitement	../syntropy_project/models/model_10	../syntropy_project/models/model_10	joy	0.390885591506958	0.390885591506958	0.10934426635503769	0.22687853872776031	0.2349875420331955	0.013492992147803307	0.004130648914724588	0.014589325524866581	0.0016958439955487847	0.0016497473698109388	0.001158060971647501	0.0007648667669855058	0.00042258205940015614
501	joy	../syntropy_project/models/model_10	../syntropy_project/models/model_10	joy	0.36793646216392517	0.36793646216392517	0.2479063868522644	0.11360098421573639	0.25648146867752075	0.006806620396673679	0.0010824111523106694	0.003915285225957632	0.0005087291938252747	0.0006463791360147297	0.0004820925823878497	0.0002831918827723712	0.0003501063911244273
1174	joy	../syntropy_project/models/model_10	../syntropy_project/models/model_10	neutral	0.6039922833442688	0.2226209044456482	0.10582589358091354	0.6039922833442688	0.04024534672498703	0.020869344472885132	0.0014438660582527518	0.002128309803083539	0.0009757865918800235	0.00034397823037579656	0.00046625034883618355	0.0010314579121768475	5.658400914398953e-05
539	excitement	../syntropy_project/models/model_10	../syntropy_project/models/model_10	joy	0.34478890895843506	0.34478890895843506	0.2503175437450409	0.16279563307762146	0.10494576394557953	0.06444151699542999	0.01841677352786064	0.017587708309292793	0.003273526206612587	0.006806880235671997	0.011249946430325508	0.00581605639308691	0.009559736587107182
177	neutral	../syntropy_project/models/model_10	../syntropy_project/models/model_10	pride	0.32278579473495483	0.2231939733028412	0.18922342360019684	0.21855036914348602	0.32278579473495483	0.02669643610715866	0.001227630185894668	0.0107954116538167	0.0028085841331630945	0.0017844676040112972	0.0014391796430572867	0.0009283082908950746	0.000566452625207603
1228	neutral	../syntropy_project/models/model_10	../syntropy_project/models/model_10	neutral	0.4115450382232666	0.283909410238266	0.21540603041648865	0.4115450382232666	0.049109987914562225	0.018682681024074554	0.004751727916300297	0.009876805357635021	0.002270964439958334	0.0009542866609990597	0.0014072736958041787	0.0012039786670356989	0.0008817867492325604
1212	neutral	../syntropy_project/models/model_10	../syntropy_project/models/model_10	neutral	0.5063278675079346	0.3198928236961365	0.10890984535217285	0.5063278675079346	0.050758007913827896	0.007002528756856918	0.0018204336520284414	0.002455103676766157	0.0011918924283236265	0.0004501143703237176	0.0005042916745878756	0.0005539041012525558	0.00013321911683306098
649	sadness	../syntropy_project/models/model_10	../syntropy_project/models/model_10	disgust	0.2470673769712448	0.026666995137929916	0.005026625469326973	0.04425429552793503	0.022990919649600983	0.02188197523355484	0.06544935703277588	0.17094042897224426	0.0739903673529625	0.19086028635501862	0.2470673769712448	0.05569590628147125	0.075175441801548
1267	pride	../syntropy_project/models/model_10	../syntropy_project/models/model_10	nervousness	0.4482884109020233	0.028754822909832	0.016594186425209045	0.025269117206335068	0.19395947456359863	0.00832338910549879	0.030166469514369965	0.4482884109020233	0.009274202398955822	0.05856785550713539	0.02882920205593109	0.010503577999770641	0.14146928489208221
7	pride	../syntropy_project/models/model_10	../syntropy_project/models/model_10	pride	0.7969582676887512	0.02943950518965721	0.10250331461429596	0.02213463932275772	0.7969582676887512	0.013422851450741291	0.0017530856421217322	0.02673082798719406	0.000377917691366747	0.003689230652526021	0.0013501582434400916	0.0008366151596419513	0.0008035501232370734
621	neutral	../syntropy_project/models/model_10	../syntropy_project/models/model_10	neutral	0.5020039081573486	0.2975865602493286	0.12599018216133118	0.5020039081573486	0.039789315313100815	0.02498915232717991	0.002521097892895341	0.0011637932620942593	0.003221184480935335	0.0009896747069433331	0.0009696176857687533	0.0007265960448421538	4.88304540340323e-05
950	neutral	../syntropy_project/models/model_10	../syntropy_project/models/model_10	joy	0.488368421792984	0.488368421792984	0.12409739941358566	0.3236539959907532	0.051460348069667816	0.008004898205399513	0.0013319263234734535	0.0015301427338272333	0.0005427450523711741	0.00028910249238833785	0.0003097785811405629	0.00030287570552900434	0.0001083934839698486
357	sadness	../syntropy_project/models/model_10	../syntropy_project/models/model_10	sadness	0.35126063227653503	0.022135162726044655	0.010601460933685303	0.0461798831820488	0.017581352964043617	0.0068200090900063515	0.35126063227653503	0.140900120139122	0.01752866804599762	0.02501855604350567	0.09097064286470413	0.05475807189941406	0.21624547243118286
329	nervousness	../syntropy_project/models/model_10	../syntropy_project/models/model_10	nervousness	0.35957857966423035	0.015116852708160877	0.007358138915151358	0.019844040274620056	0.04643025994300842	0.0048685562796890736	0.05774962902069092	0.35957857966423035	0.018344251438975334	0.1071178987622261	0.11420415341854095	0.0429515540599823	0.2064361274242401
901	neutral	../syntropy_project/models/model_10	../syntropy_project/models/model_10	excitement	0.2869759202003479	0.22901518642902374	0.2869759202003479	0.2630913257598877	0.16591303050518036	0.04565197974443436	0.001323219621554017	0.004271478392183781	0.0011162201408296824	0.000932259310502559	0.0008361968793906271	0.0006880778237245977	0.0001850725238909945
935	excitement	../syntropy_project/models/model_10	../syntropy_project/models/model_10	joy	0.41997939348220825	0.41997939348220825	0.15677088499069214	0.1921357661485672	0.21789048612117767	0.006975913420319557	0.0008369743009097874	0.0035438151098787785	0.0005171553348191082	0.0005393460742197931	0.0003372535284142941	0.00030339317163452506	0.0001695168757578358
258	pride	../syntropy_project/models/model_10	../syntropy_project/models/model_10	joy	0.488020658493042	0.488020658493042	0.09830537438392639	0.339965283870697	0.05807047337293625	0.00993126630783081	0.0021111660171300173	0.0010029549011960626	0.0009888705099001527	0.0005188898649066687	0.00045347269042395055	0.0004909074050374329	0.00014069642929825932
1096	neutral	../syntropy_project/models/model_10	../syntropy_project/models/model_10	neutral	0.5607767701148987	0.19416946172714233	0.12224841117858887	0.5607767701148987	0.07317598164081573	0.01947740465402603	0.004302673507481813	0.016842875629663467	0.001926128868944943	0.0013547396520152688	0.0014237642753869295	0.003930584527552128	0.0003711448225658387
1009	joy	../syntropy_project/models/model_10	../syntropy_project/models/model_10	neutral	0.36272555589675903	0.20395344495773315	0.029695183038711548	0.36272555589675903	0.19923235476016998	0.02031092345714569	0.03539621829986572	0.0996137410402298	0.00995295587927103	0.007936009205877781	0.00857284851372242	0.012959529645740986	0.009651193395256996
1153	joy	../syntropy_project/models/model_10	../syntropy_project/models/model_10	neutral	0.44109266996383667	0.3236376941204071	0.1502138376235962	0.44109266996383667	0.04760085791349411	0.03052646480500698	0.0015858870465308428	0.0008155517280101776	0.0015822493005543947	0.0007114495383575559	0.0012646520044654608	0.00082552176900208	0.00014319746696855873
668	joy	../syntropy_project/models/model_10	../syntropy_project/models/model_10	neutral	0.49551936984062195	0.301952987909317	0.16939352452754974	0.49551936984062195	0.012592272832989693	0.013960924930870533	0.0015871556242927909	0.0004799278685823083	0.0020889905281364918	0.0008484485442750156	0.0009121746406890452	0.0005170895019546151	0.0001469936833018437
934	sadness	../syntropy_project/models/model_10	../syntropy_project/models/model_10	sadness	0.31736353039741516	0.16971194744110107	0.05002136528491974	0.19051939249038696	0.04684619605541229	0.0394282191991806	0.31736353039741516	0.0558859221637249	0.02382756397128105	0.0252353698015213	0.03540356084704399	0.025102192535996437	0.020654771476984024
525	nervousness	../syntropy_project/models/model_10	../syntropy_project/models/model_10	nervousness	0.44172078371047974	0.04627463221549988	0.009901236742734909	0.0641995370388031	0.030524341389536858	0.010224712081253529	0.15820959210395813	0.44172078371047974	0.029041750356554985	0.045838043093681335	0.04995358735322952	0.050222184509038925	0.06388945132493973
917	surprise	../syntropy_project/models/model_10	../syntropy_project/models/model_10	surprise	0.8285569548606873	0.021503625437617302	0.021247783675789833	0.038129862397909164	0.022765878587961197	0.8285569548606873	0.004915808793157339	0.008995506912469864	0.029170610010623932	0.012626400217413902	0.00672147236764431	0.004528812598437071	0.000837281288113445
1236	nervousness	../syntropy_project/models/model_10	../syntropy_project/models/model_10	nervousness	0.32973071932792664	0.031891994178295135	0.028346655890345573	0.18407824635505676	0.09015297144651413	0.0055136228911578655	0.050823017954826355	0.32973071932792664	0.012630109675228596	0.025938019156455994	0.05285525321960449	0.027813345193862915	0.1602260023355484
844	pride	../syntropy_project/models/model_10	../syntropy_project/models/model_10	neutral	0.34311118721961975	0.2741185128688812	0.15037643909454346	0.34311118721961975	0.16211900115013123	0.013135215267539024	0.008818318136036396	0.03208062797784805	0.0052257319912314415	0.001746445894241333	0.002053698990494013	0.0036866068840026855	0.0035281176678836346
1210	excitement	../syntropy_project/models/model_10	../syntropy_project/models/model_10	excitement	0.3875526785850525	0.22704404592514038	0.3875526785850525	0.1355752944946289	0.1745566427707672	0.058796919882297516	0.0035705675836652517	0.004720125813037157	0.0017688339576125145	0.0022085905075073242	0.0024814733769744635	0.0013120310613885522	0.0004128610889893025
440	disgust	../syntropy_project/models/model_10	../syntropy_project/models/model_10	disgust	0.4225408136844635	0.006199318915605545	0.00232474016956985	0.016077931970357895	0.009725525043904781	0.0037226625718176365	0.034458477050065994	0.07384587824344635	0.01968679204583168	0.1279163956642151	0.4225408136844635	0.03879445791244507	0.24470697343349457
531	joy	../syntropy_project/models/model_10	../syntropy_project/models/model_10	joy	0.4373229742050171	0.4373229742050171	0.19284141063690186	0.2189052402973175	0.14116720855236053	0.00613492913544178	0.0008570579229854047	0.001129043404944241	0.0005186652415432036	0.00038028741255402565	0.0002938753750640899	0.00034041539765894413	0.0001088926728698425
226	excitement	../syntropy_project/models/model_10	../syntropy_project/models/model_10	joy	0.38341736793518066	0.38341736793518066	0.17524456977844238	0.277530312538147	0.12595762312412262	0.029535511508584023	0.001492609502747655	0.003148523159325123	0.0011975133093073964	0.0008598865242674947	0.0007587231229990721	0.0006433561211451888	0.00021410168847069144
228	pride	../syntropy_project/models/model_10	../syntropy_project/models/model_10	joy	0.24648766219615936	0.24648766219615936	0.16559521853923798	0.22696153819561005	0.24433943629264832	0.02254311740398407	0.016956588253378868	0.05776016414165497	0.0036055142991244793	0.0027238335460424423	0.0045122685842216015	0.003423873335123062	0.005090815015137196
1116	neutral	../syntropy_project/models/model_10	../syntropy_project/models/model_10	joy	0.45404911041259766	0.45404911041259766	0.2086273729801178	0.21391019225120544	0.11121165752410889	0.007034556474536657	0.000944210565648973	0.0015451943036168814	0.0006502802716568112	0.0006813897052779794	0.0007361041498370469	0.00042108894558623433	0.00018887020996771753
212	pride	../syntropy_project/models/model_10	../syntropy_project/models/model_10	pride	0.8293598294258118	0.007670604158192873	0.12432263791561127	0.005455538630485535	0.8293598294258118	0.005830245092511177	0.0005927142919972539	0.02097121998667717	0.00033210532274097204	0.0026822963263839483	0.0012612103018909693	0.0003789721231441945	0.0011426539858803153
79	nervousness	../syntropy_project/models/model_10	../syntropy_project/models/model_10	neutral	0.27185213565826416	0.2192942202091217	0.20961685478687286	0.27185213565826416	0.20701295137405396	0.06530250608921051	0.004985781852155924	0.009678440168499947	0.004619159735739231	0.0024911535438150167	0.0031579926144331694	0.0015262748347595334	0.000462538591818884
148	pride	../syntropy_project/models/model_10	../syntropy_project/models/model_10	excitement	0.2690703570842743	0.22125008702278137	0.2690703570842743	0.18772605061531067	0.23105815052986145	0.034572258591651917	0.011682373471558094	0.033851735293865204	0.003710289718583226	0.0019808600191026926	0.00278172898106277	0.0011514693032950163	0.0011646765051409602
1090	excitement	../syntropy_project/models/model_10	../syntropy_project/models/model_10	joy	0.49099045991897583	0.49099045991897583	0.16887612640857697	0.2512117028236389	0.059992704540491104	0.022863632068037987	0.0022279885597527027	0.0012169207911938429	0.0008606002666056156	0.0005527326720766723	0.0005679132882505655	0.00048681546468287706	0.0001524620020063594
793	excitement	../syntropy_project/models/model_10	../syntropy_project/models/model_10	joy	0.38841211795806885	0.38841211795806885	0.2523837685585022	0.24668487906455994	0.0888267233967781	0.008164065890014172	0.002124563092365861	0.00578948762267828	0.0016075186431407928	0.0014791435096412897	0.0020833679009228945	0.0009291620808653533	0.0015152539126574993
851	joy	../syntropy_project/models/model_10	../syntropy_project/models/model_10	excitement	0.3535081148147583	0.2886289060115814	0.3535081148147583	0.14775289595127106	0.15717639029026031	0.03839809074997902	0.0011258526938036084	0.008131799288094044	0.0018766510765999556	0.0015955420676618814	0.0008792827138677239	0.000534706050530076	0.0003916985879186541
133	joy	../syntropy_project/models/model_10	../syntropy_project/models/model_10	joy	0.557366132736206	0.557366132736206	0.06232111155986786	0.2621743083000183	0.09609328210353851	0.009402533061802387	0.004829957149922848	0.0032273943070322275	0.001271722954697907	0.0008790663559921086	0.0010356990387663245	0.0009288218570873141	0.0004698752018157393
1027	surprise	../syntropy_project/models/model_10	../syntropy_project/models/model_10	surprise	0.6522776484489441	0.0622488372027874	0.1632280796766281	0.05028911307454109	0.04899870231747627	0.6522776484489441	0.0017057691002264619	0.0058520762249827385	0.005547140259295702	0.0035137764643877745	0.00326573196798563	0.002406216226518154	0.000666916836053133
408	nervousness	../syntropy_project/models/model_10	../syntropy_project/models/model_10	excitement	0.27636563777923584	0.24624435603618622	0.27636563777923584	0.1878906637430191	0.16046439111232758	0.06303716450929642	0.004897783510386944	0.02402378059923649	0.013819253072142601	0.007028366904705763	0.004794297274202108	0.0034921555779874325	0.007942172698676586
869	neutral	../syntropy_project/models/model_10	../syntropy_project/models/model_10	excitement	0.27896416187286377	0.17070743441581726	0.27896416187286377	0.23359377682209015	0.2575813829898834	0.0470358282327652	0.001988230971619487	0.004469496197998524	0.001904739299789071	0.0017894479678943753	0.0010071896249428391	0.0006514046690426767	0.00030690623680129647
507	fear	../syntropy_project/models/model_10	../syntropy_project/models/model_10	sadness	0.29454177618026733	0.024158678948879242	0.008001921698451042	0.04019678756594658	0.03750428184866905	0.007068216800689697	0.29454177618026733	0.14559075236320496	0.022602220997214317	0.10800454765558243	0.1774594783782959	0.025459349155426025	0.10941196978092194
993	pride	../syntropy_project/models/model_10	../syntropy_project/models/model_10	neutral	0.5823637843132019	0.2891574203968048	0.06626725941896439	0.5823637843132019	0.03973262757062912	0.012237360700964928	0.003086859593167901	0.0033288332633674145	0.0016053125727921724	0.0006864307797513902	0.0007492679287679493	0.0006721814861521125	0.0001126997813116759
504	pride	../syntropy_project/models/model_10	../syntropy_project/models/model_10	pride	0.5116474628448486	0.06024893745779991	0.13090777397155762	0.060079529881477356	0.5116474628448486	0.02801806479692459	0.00981384702026844	0.15338163077831268	0.0111694959923625	0.011771995574235916	0.010656441561877728	0.0059555815532803535	0.006349270697683096
785	pride	../syntropy_project/models/model_10	../syntropy_project/models/model_10	pride	0.3911062479019165	0.125289186835289	0.0853569284081459	0.19639454782009125	0.3911062479019165	0.04572099819779396	0.017785703763365746	0.07201362401247025	0.008943239226937294	0.015216459520161152	0.01681053265929222	0.0061046769842505455	0.01925777643918991
347	excitement	../syntropy_project/models/model_10	../syntropy_project/models/model_10	neutral	0.30822038650512695	0.28253158926963806	0.17603202164173126	0.30822038650512695	0.19110900163650513	0.02458660490810871	0.0032915982883423567	0.008386270143091679	0.001622465904802084	0.0009650590945966542	0.0009214245365001261	0.0014376939507201314	0.0008957972167991102
386	pride	../syntropy_project/models/model_10	../syntropy_project/models/model_10	excitement	0.3715271055698395	0.2049279808998108	0.3715271055698395	0.13513316214084625	0.2473410964012146	0.019033154472708702	0.0012170531554147601	0.014655417762696743	0.0012525279307737947	0.0011953676585108042	0.0014860894298180938	0.0009526704088784754	0.0012784504797309637
0	joy	../syntropy_project/models/model_10	../syntropy_project/models/model_10	excitement	0.30738577246665955	0.16630156338214874	0.30738577246665955	0.14765533804893494	0.15233352780342102	0.025863096117973328	0.00856791902333498	0.1705092489719391	0.0041981167159974575	0.0029454431496560574	0.0033075539395213127	0.006275822874158621	0.004656571429222822
360	excitement	../syntropy_project/models/model_10	../syntropy_project/models/model_10	joy	0.31150224804878235	0.31150224804878235	0.14777012169361115	0.219640851020813	0.25403720140457153	0.041040435433387756	0.0027758670039474964	0.01053315494209528	0.004640246741473675	0.003312401007860899	0.0020546186715364456	0.0014291418483480811	0.001263688667677343
1203	joy	../syntropy_project/models/model_10	../syntropy_project/models/model_10	joy	0.3941161036491394	0.3941161036491394	0.1381387561559677	0.1872938722372055	0.2631415128707886	0.004759512841701508	0.001326975878328085	0.00838758610188961	0.0007124628173187375	0.0007058779592625797	0.0004898642655462027	0.0005569995264522731	0.00037051233812235296
475	joy	../syntropy_project/models/model_10	../syntropy_project/models/model_10	neutral	0.4043770730495453	0.2247972935438156	0.19520549476146698	0.4043770730495453	0.10894690454006195	0.030660903081297874	0.002346818568184972	0.008657493628561497	0.006800252012908459	0.00931798480451107	0.004338475409895182	0.0030903236474841833	0.0014610328944399953
872	pride	../syntropy_project/models/model_10	../syntropy_project/models/model_10	pride	0.6495494842529297	0.014481810852885246	0.30148303508758545	0.010452655144035816	0.6495494842529297	0.006665152497589588	0.0003088488010689616	0.014985271729528904	0.0001982907997444272	0.0007594804046675563	0.0003105132782366127	0.0002646494540385902	0.0005407590069808066
1223	neutral	../syntropy_project/models/model_10	../syntropy_project/models/model_10	neutral	0.4890802204608917	0.29708102345466614	0.08617690950632095	0.4890802204608917	0.050853047519922256	0.047985684126615524	0.010143730789422989	0.0062002562917768955	0.0067978366278111935	0.0016188941663131118	0.0016939325723797083	0.0021339862141758204	0.00023448497813660651
846	excitement	../syntropy_project/models/model_10	../syntropy_project/models/model_10	excitement	0.36439448595046997	0.20701482892036438	0.36439448595046997	0.08782079070806503	0.31584036350250244	0.019555479288101196	0.0007767983479425311	0.0021659613121300936	0.0005156539846211672	0.0010444658109918237	0.00048140849685296416	0.0002558522974140942	0.00013393106928560883
711	pride	../syntropy_project/models/model_10	../syntropy_project/models/model_10	excitement	0.3858310878276825	0.052019208669662476	0.3858310878276825	0.06820032000541687	0.29330793023109436	0.0074109709821641445	0.0018442828441038728	0.1740969866514206	0.003948652185499668	0.0024040702264755964	0.0013181866379454732	0.001673392252996564	0.007944914512336254
172	pride	../syntropy_project/models/model_10	../syntropy_project/models/model_10	pride	0.5435551404953003	0.08228489756584167	0.20257973670959473	0.06626967340707779	0.5435551404953003	0.016284985467791557	0.0022074838634580374	0.07266568392515182	0.0023778711911290884	0.003929782658815384	0.0022489132825285196	0.0012659055646508932	0.004329882096499205
450	joy	../syntropy_project/models/model_10	../syntropy_project/models/model_10	joy	0.5008593201637268	0.5008593201637268	0.12380610406398773	0.20515012741088867	0.14706219732761383	0.012179629877209663	0.0035771369002759457	0.003052379237487912	0.0012871535727754235	0.0009378952672705054	0.0007900053751654923	0.0008233839180320501	0.00047463132068514824
125	pride	../syntropy_project/models/model_10	../syntropy_project/models/model_10	pride	0.5301649570465088	0.16727685928344727	0.18441277742385864	0.06719096004962921	0.5301649570465088	0.02172902040183544	0.0026828066911548376	0.01804046332836151	0.0010185475694015622	0.0023202085867524147	0.001540789962746203	0.0012633934384211898	0.002359256148338318
713	nervousness	../syntropy_project/models/model_10	../syntropy_project/models/model_10	anger	0.2790638208389282	0.010236356407403946	0.004657495301216841	0.014640881679952145	0.01644318178296089	0.0042170868255198	0.05604642629623413	0.2085714042186737	0.02347176894545555	0.1044752299785614	0.2382667511701584	0.03990951180458069	0.2790638208389282
530	neutral	../syntropy_project/models/model_10	../syntropy_project/models/model_10	joy	0.48493242263793945	0.48493242263793945	0.09738802909851074	0.20483821630477905	0.18796423077583313	0.0064095426350831985	0.004670843947678804	0.00967019610106945	0.0012724228436127305	0.0006232702871784568	0.0007545142434537411	0.0007602423429489136	0.0007160912500694394
90	neutral	../syntropy_project/models/model_10	../syntropy_project/models/model_10	excitement	0.42111828923225403	0.1861988753080368	0.42111828923225403	0.2469460666179657	0.1112244725227356	0.015048199333250523	0.0013595607597380877	0.014398309402167797	0.0011895854258909822	0.0006611199933104217	0.0005561452708207071	0.0005974704399704933	0.0007019106415100396
1231	pride	../syntropy_project/models/model_10	../syntropy_project/models/model_10	neutral	0.5585892200469971	0.24034158885478973	0.11568606644868851	0.5585892200469971	0.051340252161026	0.020626898854970932	0.0037961453199386597	0.00517871230840683	0.001545693026855588	0.0005987089825794101	0.0007725856848992407	0.0013234801590442657	0.0002006071590585634
181	neutral	../syntropy_project/models/model_10	../syntropy_project/models/model_10	neutral	0.4499509334564209	0.24045135080814362	0.22135435044765472	0.4499509334564209	0.05939073488116264	0.022486185654997826	0.0013009860413149	0.0020970075856894255	0.0013734967214986682	0.0005621068994514644	0.000508237921167165	0.00044435542076826096	8.029387390706688e-05
989	neutral	../syntropy_project/models/model_10	../syntropy_project/models/model_10	neutral	0.5627512335777283	0.18936137855052948	0.12405935674905777	0.5627512335777283	0.08597023040056229	0.01819692552089691	0.0054059405811131	0.006091705057770014	0.002498700749129057	0.0008828869904391468	0.0011218158761039376	0.002285302383825183	0.0013745181495323777
414	neutral	../syntropy_project/models/model_10	../syntropy_project/models/model_10	neutral	0.44116276502609253	0.18594954907894135	0.0675206184387207	0.44116276502609253	0.19344012439250946	0.022186756134033203	0.011710137128829956	0.03699440136551857	0.004924256820231676	0.0033566057682037354	0.009108229540288448	0.006724633276462555	0.016921930015087128
251	disgust	../syntropy_project/models/model_10	../syntropy_project/models/model_10	nervousness	0.41932129859924316	0.020479390397667885	0.011197658255696297	0.020284481346607208	0.028785554692149162	0.007680203765630722	0.0961792841553688	0.41932129859924316	0.017573282122612	0.05539250373840332	0.11891873180866241	0.03948434069752693	0.16470327973365784
69	excitement	../syntropy_project/models/model_10	../syntropy_project/models/model_10	neutral	0.3288463056087494	0.2712484896183014	0.14252276718616486	0.3288463056087494	0.2227000743150711	0.015019689686596394	0.0035849851556122303	0.011157795786857605	0.0016067392425611615	0.0008942066342569888	0.0008369483985006809	0.0009179491316899657	0.000664051971398294
131	anger	../syntropy_project/models/model_10	../syntropy_project/models/model_10	nervousness	0.2791585624217987	0.025900306180119514	0.012642950750887394	0.05920200049877167	0.017352329567074776	0.03156425431370735	0.061634935438632965	0.2791585624217987	0.06618177145719528	0.042809002101421356	0.09491918981075287	0.13192489743232727	0.17670971155166626
300	joy	../syntropy_project/models/model_10	../syntropy_project/models/model_10	neutral	0.30168917775154114	0.1817614883184433	0.03387535735964775	0.30168917775154114	0.08826769888401031	0.04390444979071617	0.24183699488639832	0.05738919600844383	0.011896672658622265	0.00843298714607954	0.008882265537977219	0.019712897017598152	0.0023507552687078714
746	embarrassment	../syntropy_project/models/model_10	../syntropy_project/models/model_10	embarrassment	0.2874653935432434	0.01674835756421089	0.003609549952670932	0.03455260023474693	0.02845563367009163	0.019948685541749	0.11317527294158936	0.07842432707548141	0.14373837411403656	0.2874653935432434	0.06368646025657654	0.01747719570994377	0.19271816313266754
326	nervousness	../syntropy_project/models/model_10	../syntropy_project/models/model_10	excitement	0.5647066831588745	0.15873506665229797	0.5647066831588745	0.16523946821689606	0.0944913923740387	0.00905190035700798	0.0018203536747023463	0.0028743925504386425	0.001178504666313529	0.0007324365433305502	0.0005422494141384959	0.0004693518567364663	0.00015814127982594073
1244	excitement	../syntropy_project/models/model_10	../syntropy_project/models/model_10	excitement	0.2902955710887909	0.21978655457496643	0.2902955710887909	0.15398578345775604	0.2318330705165863	0.08466077595949173	0.0036159928422421217	0.007098016794770956	0.002348522422835231	0.0019274023361504078	0.0019150512525811791	0.0019350002985447645	0.0005981511785648763
887	joy	../syntropy_project/models/model_10	../syntropy_project/models/model_10	pride	0.37436240911483765	0.275327205657959	0.1520145982503891	0.1303693801164627	0.37436240911483765	0.04366393759846687	0.003536657430231571	0.011996154673397541	0.0018562792101874948	0.0022240050602704287	0.0016389997908845544	0.0016549656866118312	0.0013554496690630913
499	joy	../syntropy_project/models/model_10	../syntropy_project/models/model_10	excitement	0.32339707016944885	0.2646402418613434	0.32339707016944885	0.10376214981079102	0.2300187647342682	0.06625476479530334	0.0009559745085425675	0.0053615085780620575	0.0010897370520979166	0.0019423272460699081	0.001275148126296699	0.0007262614089995623	0.0005760584608651698
741	neutral	../syntropy_project/models/model_10	../syntropy_project/models/model_10	pride	0.2698855400085449	0.1707155704498291	0.08780752122402191	0.19397129118442535	0.2698855400085449	0.1266777217388153	0.00930667482316494	0.04529762268066406	0.03625616803765297	0.02642204985022545	0.01191809494048357	0.011079588904976845	0.010662094689905643
364	neutral	../syntropy_project/models/model_10	../syntropy_project/models/model_10	neutral	0.8037823438644409	0.04890693351626396	0.07720240950584412	0.8037823438644409	0.025698600336909294	0.007942168042063713	0.0031534091103821993	0.024717815220355988	0.002494184533134103	0.0005222149193286896	0.00086009077494964	0.004266174044460058	0.0004536885826382786
495	joy	../syntropy_project/models/model_10	../syntropy_project/models/model_10	excitement	0.44001373648643494	0.21997258067131042	0.44001373648643494	0.1875133216381073	0.11722961813211441	0.030892128124833107	0.0008129775524139404	0.0015215239254757762	0.0006735033239237964	0.0005243278574198484	0.0004975369665771723	0.0002778132329694927	7.08934385329485e-05
1252	joy	../syntropy_project/models/model_10	../syntropy_project/models/model_10	anger	0.27704936265945435	0.041348908096551895	0.045249663293361664	0.07289961725473404	0.05216674879193306	0.09733961522579193	0.018782563507556915	0.047991085797548294	0.016344856470823288	0.05602797865867615	0.26050376892089844	0.014295829460024834	0.27704936265945435
338	neutral	../syntropy_project/models/model_10	../syntropy_project/models/model_10	neutral	0.3301636874675751	0.16169582307338715	0.10045430809259415	0.3301636874675751	0.27637946605682373	0.026462525129318237	0.0041503687389194965	0.07794588804244995	0.008232391439378262	0.003908940590918064	0.0024192649871110916	0.006128710228949785	0.002058515790849924
421	nervousness	../syntropy_project/models/model_10	../syntropy_project/models/model_10	neutral	0.5539506673812866	0.201225146651268	0.14873738586902618	0.5539506673812866	0.06988925486803055	0.015799030661582947	0.0019974950700998306	0.0049938904121518135	0.001537230098620057	0.00041949329897761345	0.0005967571632936597	0.0007012640708126128	0.00015237071784213185
164	excitement	../syntropy_project/models/model_10	../syntropy_project/models/model_10	excitement	0.33683088421821594	0.1605062335729599	0.33683088421821594	0.15870267152786255	0.2982141971588135	0.018317779526114464	0.0018992251716554165	0.020943963900208473	0.0012334674829617143	0.0009083680342882872	0.0006664962274953723	0.0006914837285876274	0.0010852080304175615
28	confusion	../syntropy_project/models/model_10	../syntropy_project/models/model_10	confusion	0.4866032004356384	0.01326818484812975	0.001741262967698276	0.019359925761818886	0.012387793511152267	0.03625001385807991	0.06099867448210716	0.21057075262069702	0.4866032004356384	0.07566403597593307	0.021005623042583466	0.03384910151362419	0.02830136939883232
516	excitement	../syntropy_project/models/model_10	../syntropy_project/models/model_10	neutral	0.3211720585823059	0.1923786699771881	0.10411790013313293	0.3211720585823059	0.19146215915679932	0.08240494132041931	0.014893200248479843	0.041938211768865585	0.010743550956249237	0.007509192917495966	0.006342776585370302	0.008231704123318195	0.018805675208568573
193	pride	../syntropy_project/models/model_10	../syntropy_project/models/model_10	neutral	0.3104112446308136	0.22567526996135712	0.10354743152856827	0.3104112446308136	0.17702670395374298	0.11478877067565918	0.007778521161526442	0.02337070181965828	0.015036019496619701	0.008903340436518192	0.005791812669485807	0.005041755735874176	0.0026285164058208466
706	excitement	../syntropy_project/models/model_10	../syntropy_project/models/model_10	joy	0.5497620701789856	0.5497620701789856	0.12742632627487183	0.12233462929725647	0.1808343082666397	0.006138517055660486	0.0025304846931248903	0.005486313719302416	0.002157818526029587	0.0011599366553127766	0.000745218014344573	0.0007231950876303017	0.0007011647103354335
874	joy	../syntropy_project/models/model_10	../syntropy_project/models/model_10	joy	0.3995058238506317	0.3995058238506317	0.17223361134529114	0.3040769398212433	0.07679508626461029	0.03695245832204819	0.003485225373879075	0.002730041276663542	0.0013477564789354801	0.0010231788037344813	0.0007933886954560876	0.0008052558405324817	0.00025128008564934134
169	neutral	../syntropy_project/models/model_10	../syntropy_project/models/model_10	joy	0.5075492858886719	0.5075492858886719	0.11333345621824265	0.2257707417011261	0.1153210923075676	0.009082731790840626	0.0066426959820091724	0.009600571356713772	0.0019566011615097523	0.0016196647193282843	0.003692583180963993	0.0016634318744763732	0.0037670903839170933
1270	pride	../syntropy_project/models/model_10	../syntropy_project/models/model_10	surprise	0.6848122477531433	0.02560645528137684	0.19006620347499847	0.04367625340819359	0.03665939345955849	0.6848122477531433	0.0016061747446656227	0.004770193714648485	0.0042281970381736755	0.0038258477579802275	0.0029701413586735725	0.0012116114376112819	0.000567244307603687
652	pride	../syntropy_project/models/model_10	../syntropy_project/models/model_10	pride	0.7075613737106323	0.009016481228172779	0.14452259242534637	0.010024362243711948	0.7075613737106323	0.0510704331099987	0.0015306463465094566	0.0626295655965805	0.0017609988572075963	0.00636961217969656	0.0016808479558676481	0.0012065322371199727	0.0026266146451234818
173	excitement	../syntropy_project/models/model_10	../syntropy_project/models/model_10	excitement	0.5514959692955017	0.10751724988222122	0.5514959692955017	0.14319054782390594	0.16127406060695648	0.0134976115077734	0.002375998767092824	0.01678798347711563	0.00075954117346555	0.0004087661800440401	0.0014496276853606105	0.0008604460163041949	0.0003822474100161344
518	pride	../syntropy_project/models/model_10	../syntropy_project/models/model_10	neutral	0.30953171849250793	0.26869478821754456	0.13593946397304535	0.30953171849250793	0.24733874201774597	0.012336980551481247	0.002606314606964588	0.015528264455497265	0.0022440929897129536	0.0010759909637272358	0.001824827748350799	0.0017526259180158377	0.0011262124171480536
1034	joy	../syntropy_project/models/model_10	../syntropy_project/models/model_10	joy	0.4085560739040375	0.4085560739040375	0.2327428013086319	0.25943976640701294	0.06741951406002045	0.02555585280060768	0.0013667303137481213	0.001279471325688064	0.0009215142345055938	0.0007523181266151369	0.0008933691424317658	0.0008859420195221901	0.00018674654711503536
787	excitement	../syntropy_project/models/model_10	../syntropy_project/models/model_10	excitement	0.4497450888156891	0.2046949416399002	0.4497450888156891	0.11062975227832794	0.19761712849140167	0.020865891128778458	0.0020195255056023598	0.006918950472027063	0.0014307837700471282	0.0020308298990130424	0.0018532942049205303	0.0011611275840550661	0.0010326385963708162
491	pride	../syntropy_project/models/model_10	../syntropy_project/models/model_10	pride	0.3783586323261261	0.3580544590950012	0.11110234260559082	0.12349031865596771	0.3783586323261261	0.01452736184000969	0.0026658412534743547	0.006685314234346151	0.0012782352278009057	0.0013640966499224305	0.0011674516135826707	0.0007757200510241091	0.0005302229546941817
73	excitement	../syntropy_project/models/model_10	../syntropy_project/models/model_10	neutral	0.3252100646495819	0.27880576252937317	0.23742687702178955	0.3252100646495819	0.1211412101984024	0.02912295237183571	0.0017810765421018004	0.0033743949607014656	0.0009775394573807716	0.0005970404017716646	0.0008188651991076767	0.0005844841944053769	0.00015971298853401095
1190	surprise	../syntropy_project/models/model_10	../syntropy_project/models/model_10	surprise	0.7863760590553284	0.02781451866030693	0.04386025667190552	0.07644576579332352	0.021062830463051796	0.7863760590553284	0.004041374661028385	0.007601980585604906	0.01976938173174858	0.005427963100373745	0.0035567558370530605	0.003587324172258377	0.0004558033833745867
587	pride	../syntropy_project/models/model_10	../syntropy_project/models/model_10	pride	0.5295945405960083	0.1629965752363205	0.05954131856560707	0.12573358416557312	0.5295945405960083	0.016779020428657532	0.003434018464758992	0.08156847953796387	0.00503875408321619	0.007217922247946262	0.0036858494859188795	0.003018431132659316	0.0013915007002651691
657	joy	../syntropy_project/models/model_10	../syntropy_project/models/model_10	joy	0.41692155599594116	0.41692155599594116	0.2545766532421112	0.06306928396224976	0.23037317395210266	0.0045524644665420055	0.0020593199878931046	0.021591566503047943	0.0012471838854253292	0.0012034092796966434	0.0010487587423995137	0.0005190831143409014	0.002837681444361806
234	pride	../syntropy_project/models/model_10	../syntropy_project/models/model_10	pride	0.5507287383079529	0.04767001047730446	0.30862942337989807	0.03311099484562874	0.5507287383079529	0.01712653413414955	0.0010586442658677697	0.034990232437849045	0.001118041342124343	0.001817714306525886	0.0007965736440382898	0.000979559845291078	0.0019735421519726515
214	pride	../syntropy_project/models/model_10	../syntropy_project/models/model_10	joy	0.29582440853118896	0.29582440853118896	0.2172677367925644	0.17159800231456757	0.217992901802063	0.026306789368391037	0.008819802664220333	0.04563218355178833	0.003650343045592308	0.004583383444696665	0.0028640369419008493	0.0020749419927597046	0.003385416930541396
162	surprise	../syntropy_project/models/model_10	../syntropy_project/models/model_10	joy	0.32140228152275085	0.32140228152275085	0.09722280502319336	0.21875086426734924	0.23208272457122803	0.06697745621204376	0.005424328148365021	0.031884193420410156	0.01155783236026764	0.006099218502640724	0.00265132961794734	0.003659759648144245	0.0022872157860547304
132	joy	../syntropy_project/models/model_10	../syntropy_project/models/model_10	excitement	0.34299734234809875	0.3316682279109955	0.34299734234809875	0.07899301499128342	0.2240740954875946	0.014504637569189072	0.0009961164323613048	0.0032142875716090202	0.0010645735310390592	0.0007291136425919831	0.0009180287597700953	0.0004522880190052092	0.00038828692049719393
978	anger	../syntropy_project/models/model_10	../syntropy_project/models/model_10	anger	0.6535072922706604	0.007529676891863346	0.002881034044548869	0.007281383499503136	0.014447476714849472	0.0015989755047485232	0.029122496023774147	0.21169543266296387	0.006769391242414713	0.015620946884155273	0.0348815955221653	0.01466427557170391	0.6535072922706604
1069	neutral	../syntropy_project/models/model_10	../syntropy_project/models/model_10	neutral	0.6158949732780457	0.15084688365459442	0.06750283390283585	0.6158949732780457	0.0538487546145916	0.03118264488875866	0.0146032040938735	0.030914584174752235	0.014923321083188057	0.0063726408407092094	0.0062718321569263935	0.005709789227694273	0.0019285541493445635
1268	joy	../syntropy_project/models/model_10	../syntropy_project/models/model_10	neutral	0.40933093428611755	0.3139251172542572	0.20231279730796814	0.40933093428611755	0.04653702303767204	0.01618044450879097	0.0017694049747660756	0.0027945369947701693	0.004180806688964367	0.000888896407559514	0.000856756407301873	0.0008395860786549747	0.0003835830430034548
185	embarrassment	../syntropy_project/models/model_10	../syntropy_project/models/model_10	nervousness	0.24716012179851532	0.0359354093670845	0.012152434326708317	0.06124601513147354	0.04503694549202919	0.038566358387470245	0.10762268304824829	0.24716012179851532	0.07314903289079666	0.1300126016139984	0.09188372641801834	0.09455278515815735	0.0626819059252739
41	neutral	../syntropy_project/models/model_10	../syntropy_project/models/model_10	joy	0.42089730501174927	0.42089730501174927	0.07311982661485672	0.21838197112083435	0.2350342571735382	0.014733909629285336	0.006437673699110746	0.016109755262732506	0.003430359298363328	0.0028776852414011955	0.002944864332675934	0.0027098797727376223	0.003322451841086149
692	joy	../syntropy_project/models/model_10	../syntropy_project/models/model_10	neutral	0.39243414998054504	0.3911037743091583	0.11725631356239319	0.39243414998054504	0.06831485033035278	0.014781078323721886	0.003347707213833928	0.005074180196970701	0.0038497108034789562	0.0011034182971343398	0.0010711263166740537	0.0011509517207741737	0.0005127076874487102
108	pride	../syntropy_project/models/model_10	../syntropy_project/models/model_10	joy	0.4344017803668976	0.4344017803668976	0.17225690186023712	0.19959047436714172	0.15176095068454742	0.026255056262016296	0.007369659841060638	0.003424173453822732	0.0009414071682840586	0.0013249311596155167	0.0010481138015165925	0.0007669707993045449	0.0008596110274083912
958	pride	../syntropy_project/models/model_10	../syntropy_project/models/model_10	neutral	0.3523094654083252	0.2823040783405304	0.06693138927221298	0.3523094654083252	0.2526816725730896	0.008491982705891132	0.006595906801521778	0.02248457260429859	0.0019038458121940494	0.0013296608813107014	0.0009438784327358007	0.003047024831175804	0.0009764610440470278
568	fear	../syntropy_project/models/model_10	../syntropy_project/models/model_10	anger	0.24870893359184265	0.028594478964805603	0.021590938791632652	0.09949734061956406	0.02019396610558033	0.011740121059119701	0.06480155885219574	0.18949031829833984	0.015408524312078953	0.03297682851552963	0.15539909899234772	0.11159783601760864	0.24870893359184265
724	pride	../syntropy_project/models/model_10	../syntropy_project/models/model_10	joy	0.4530223608016968	0.4530223608016968	0.10888203978538513	0.2614218294620514	0.14284174144268036	0.018129846081137657	0.0028864284977316856	0.005434826482087374	0.002169108483940363	0.0018941848538815975	0.0014653446851298213	0.0012568103848025203	0.0005955735105089843
1077	excitement	../syntropy_project/models/model_10	../syntropy_project/models/model_10	neutral	0.29660168290138245	0.28949883580207825	0.11733993142843246	0.29660168290138245	0.1800650805234909	0.07483966648578644	0.006425617728382349	0.007652086205780506	0.010075869038701057	0.008977193385362625	0.004888012073934078	0.0023360836785286665	0.0012999622849747539
1224	neutral	../syntropy_project/models/model_10	../syntropy_project/models/model_10	neutral	0.3325534760951996	0.19405008852481842	0.27676767110824585	0.3325534760951996	0.13499638438224792	0.05135604366660118	0.0012855256209149957	0.0039034420624375343	0.0017418524948880076	0.001090474077500403	0.0009960803436115384	0.0011615291005000472	9.737469372339547e-05
483	neutral	../syntropy_project/models/model_10	../syntropy_project/models/model_10	neutral	0.693519115447998	0.18689025938510895	0.06519867479801178	0.693519115447998	0.04235905036330223	0.007009035907685757	0.000976763665676117	0.0021868080366402864	0.000798981636762619	0.00028911736444570124	0.00026197638362646103	0.00045607646461576223	5.411268648458645e-05
468	joy	../syntropy_project/models/model_10	../syntropy_project/models/model_10	neutral	0.42589837312698364	0.22324542701244354	0.287689745426178	0.42589837312698364	0.04788874089717865	0.011864369735121727	0.0009101677569560707	0.001064399373717606	0.0005264086648821831	0.00023916998179629445	0.0004168156592641026	0.0002094198571285233	4.6969056711532176e-05
24	joy	../syntropy_project/models/model_10	../syntropy_project/models/model_10	pride	0.38087010383605957	0.15632511675357819	0.30489060282707214	0.11680076271295547	0.38087010383605957	0.022114047780632973	0.001011005835607648	0.013667387887835503	0.0010776129784062505	0.0012146610533818603	0.0007334777619689703	0.0006847543991170824	0.000610483402851969
752	neutral	../syntropy_project/models/model_10	../syntropy_project/models/model_10	excitement	0.5706365704536438	0.07227464765310287	0.5706365704536438	0.10269726812839508	0.19632115960121155	0.04133571311831474	0.001491954899393022	0.011416453868150711	0.0006501208990812302	0.0008766527753323317	0.0017688254592940211	0.0003739129169844091	0.0001566907885717228
811	neutral	../syntropy_project/models/model_10	../syntropy_project/models/model_10	joy	0.5096925497055054	0.5096925497055054	0.12015562504529953	0.22741511464118958	0.13346432149410248	0.004267573356628418	0.0012246501864865422	0.0017480280948802829	0.0007533153402619064	0.00045543190208263695	0.0002470088074915111	0.0003522729966789484	0.0002241330366814509
845	neutral	../syntropy_project/models/model_10	../syntropy_project/models/model_10	joy	0.43676477670669556	0.43676477670669556	0.09690382331609726	0.15364672243595123	0.29069966077804565	0.004722410812973976	0.002425172831863165	0.00981654692441225	0.0012171692214906216	0.0013397891307249665	0.001043757307343185	0.0008251805556938052	0.000594960933085531
1075	neutral	../syntropy_project/models/model_10	../syntropy_project/models/model_10	neutral	0.36380380392074585	0.304538756608963	0.10812082886695862	0.36380380392074585	0.1004062294960022	0.07351382821798325	0.011936880648136139	0.005800667684525251	0.0056045823730528355	0.007387406192719936	0.01086512953042984	0.006059287581592798	0.001962526934221387
366	excitement	../syntropy_project/models/model_10	../syntropy_project/models/model_10	excitement	0.3161218464374542	0.23784399032592773	0.3161218464374542	0.28061437606811523	0.12851135432720184	0.027803273871541023	0.0010589553276076913	0.004939215257763863	0.0011241129832342267	0.00041830140980891883	0.0005739786429330707	0.0006579455803148448	0.0003326273581478745
947	neutral	../syntropy_project/models/model_10	../syntropy_project/models/model_10	neutral	0.4895269274711609	0.1480640470981598	0.15194813907146454	0.4895269274711609	0.16500116884708405	0.008583823218941689	0.005833938252180815	0.023528199642896652	0.00140930968336761	0.0008231661049649119	0.0012788973981514573	0.0024533411487936974	0.0015490029472857714
1118	pride	../syntropy_project/models/model_10	../syntropy_project/models/model_10	nervousness	0.7914905548095703	0.013534574769437313	0.014058082364499569	0.035382892936468124	0.04113973304629326	0.007513806223869324	0.015020535327494144	0.7914905548095703	0.013135366141796112	0.01427486166357994	0.012347509153187275	0.024374183267354965	0.01772790588438511
383	neutral	../syntropy_project/models/model_10	../syntropy_project/models/model_10	joy	0.46488285064697266	0.46488285064697266	0.15987712144851685	0.2367725968360901	0.12877105176448822	0.005528257228434086	0.0008124260930344462	0.0014897717628628016	0.0006343042477965355	0.0004311113734729588	0.00032584398286417127	0.000336443044943735	0.000138225601403974
717	nervousness	../syntropy_project/models/model_10	../syntropy_project/models/model_10	nervousness	0.851963996887207	0.00503325741738081	0.0029011655133217573	0.008554411120712757	0.006562573369592428	0.0014671373646706343	0.025616733357310295	0.851963996887207	0.009841115213930607	0.009748907759785652	0.009985138662159443	0.042275894433259964	0.026049653068184853
454	anger	../syntropy_project/models/model_10	../syntropy_project/models/model_10	nervousness	0.4085974395275116	0.014432335272431374	0.005943890195339918	0.0611189641058445	0.01329786516726017	0.012857580557465553	0.11417515575885773	0.4085974395275116	0.07061588019132614	0.03729672357439995	0.03639010339975357	0.15886329114437103	0.06641083210706711
264	excitement	../syntropy_project/models/model_10	../syntropy_project/models/model_10	pride	0.3421825170516968	0.13649436831474304	0.2573789656162262	0.17462195456027985	0.3421825170516968	0.03469572588801384	0.0030880786944180727	0.03919953480362892	0.00386158749461174	0.002451908541843295	0.0028721895068883896	0.0024136051069945097	0.0007395149441435933
963	neutral	../syntropy_project/models/model_10	../syntropy_project/models/model_10	joy	0.4726696312427521	0.4726696312427521	0.13337208330631256	0.3002452850341797	0.06878355890512466	0.019147323444485664	0.001846355153247714	0.001449535135179758	0.0009254310862161219	0.00048193903057835996	0.0004353304684627801	0.0005216875579208136	0.0001217230164911598
232	excitement	../syntropy_project/models/model_10	../syntropy_project/models/model_10	joy	0.49702656269073486	0.49702656269073486	0.13825999200344086	0.2295348048210144	0.11465354263782501	0.013074246235191822	0.0014389832504093647	0.002838690998032689	0.0011520531261339784	0.0005719789769500494	0.0006977277807891369	0.0005177700077183545	0.0002337007172172889
444	excitement	../syntropy_project/models/model_10	../syntropy_project/models/model_10	pride	0.4944319725036621	0.027033314108848572	0.42763352394104004	0.009808125905692577	0.4944319725036621	0.014321769587695599	0.0004188818274997175	0.021958282217383385	0.0005227703368291259	0.0015183003852143884	0.00036183607880957425	0.0003424514434300363	0.0016488555120304227
395	joy	../syntropy_project/models/model_10	../syntropy_project/models/model_10	nervousness	0.52338045835495	0.06560347229242325	0.057463325560092926	0.04040947183966637	0.22089651226997375	0.011916043236851692	0.019885828718543053	0.52338045835495	0.008487051352858543	0.010974731296300888	0.009009802713990211	0.008320730179548264	0.023652544245123863
834	excitement	../syntropy_project/models/model_10	../syntropy_project/models/model_10	excitement	0.34239697456359863	0.17724619805812836	0.34239697456359863	0.08775532990694046	0.32369115948677063	0.042536672204732895	0.001443423330783844	0.012675262987613678	0.004497393500059843	0.002955836243927479	0.001213961048051715	0.0012703300453722477	0.002317542675882578
176	confusion	../syntropy_project/models/model_10	../syntropy_project/models/model_10	nervousness	0.7562847137451172	0.015521594323217869	0.012826870195567608	0.031696733087301254	0.020785227417945862	0.005735912825912237	0.05328431725502014	0.7562847137451172	0.009885763749480247	0.024310918524861336	0.023146364837884903	0.01643965393304825	0.030081942677497864
18	nervousness	../syntropy_project/models/model_10	../syntropy_project/models/model_10	nervousness	0.22280418872833252	0.05410224571824074	0.03929733857512474	0.13427716493606567	0.12592913210391998	0.06170543655753136	0.06006930395960808	0.22280418872833252	0.06336827576160431	0.10066857188940048	0.054922476410865784	0.0320427343249321	0.05081312358379364
1115	neutral	../syntropy_project/models/model_10	../syntropy_project/models/model_10	neutral	0.7241138219833374	0.12434519827365875	0.08658651262521744	0.7241138219833374	0.04740072414278984	0.012015063315629959	0.0010549701983109117	0.0020410623401403427	0.001042718649841845	0.00020335255248937756	0.00034811958903446794	0.0007543659885413945	9.406213939655572e-05
813	excitement	../syntropy_project/models/model_10	../syntropy_project/models/model_10	joy	0.3788538873195648	0.3788538873195648	0.22233738005161285	0.30516722798347473	0.07798786461353302	0.010645263828337193	0.0007125991396605968	0.0013018567115068436	0.0008783511002548039	0.0007380646420642734	0.0005717377061955631	0.0006509379600174725	0.00015477862325496972
918	pride	../syntropy_project/models/model_10	../syntropy_project/models/model_10	pride	0.23775240778923035	0.14078208804130554	0.08005548268556595	0.12944038212299347	0.23775240778923035	0.040768176317214966	0.11289134621620178	0.1509077101945877	0.007114328909665346	0.018077431246638298	0.03033001720905304	0.01446753740310669	0.037413086742162704
767	excitement	../syntropy_project/models/model_10	../syntropy_project/models/model_10	excitement	0.49121981859207153	0.1844392865896225	0.49121981859207153	0.08234187215566635	0.20566719770431519	0.020731430500745773	0.0017036076169461012	0.006118513643741608	0.0009565275977365673	0.0021339883096516132	0.0031786297913640738	0.0008798883645795286	0.0006291397730819881
595	joy	../syntropy_project/models/model_10	../syntropy_project/models/model_10	pride	0.6320163011550903	0.12223710864782333	0.10574495792388916	0.048178281635046005	0.6320163011550903	0.009002995677292347	0.005885155405849218	0.051710519939661026	0.0029924605041742325	0.010053255595266819	0.00393073633313179	0.0019021998159587383	0.0063460590317845345
61	neutral	../syntropy_project/models/model_10	../syntropy_project/models/model_10	neutral	0.4352166950702667	0.23905085027217865	0.1328228861093521	0.4352166950702667	0.14113683998584747	0.03435930237174034	0.001758609083481133	0.005469873081892729	0.004018687643110752	0.002153760055080056	0.001870549051091075	0.0016117601189762354	0.0005301327328197658
272	pride	../syntropy_project/models/model_10	../syntropy_project/models/model_10	excitement	0.7321463227272034	0.12273202836513519	0.7321463227272034	0.07465021312236786	0.04402540624141693	0.018333809450268745	0.0006254044710658491	0.004873203579336405	0.0009501511813141406	0.0005020538228563964	0.0004221593262627721	0.00043319884571246803	0.0003061140887439251
1195	neutral	../syntropy_project/models/model_10	../syntropy_project/models/model_10	neutral	0.42717376351356506	0.316704124212265	0.16319280862808228	0.42717376351356506	0.06718335300683975	0.018893444910645485	0.0011912871850654483	0.0013436138397082686	0.0017933149356395006	0.0008098114631138742	0.0008145066676661372	0.0007028260151855648	0.0001971186138689518
278	joy	../syntropy_project/models/model_10	../syntropy_project/models/model_10	excitement	0.29909375309944153	0.2574072480201721	0.29909375309944153	0.2808433175086975	0.08974473923444748	0.05379631742835045	0.001854240894317627	0.006456469651311636	0.0025723178405314684	0.0019945399835705757	0.0019103498198091984	0.003551645902916789	0.0007751454832032323
949	pride	../syntropy_project/models/model_10	../syntropy_project/models/model_10	neutral	0.5075927972793579	0.2163136601448059	0.08834605664014816	0.5075927972793579	0.13951371610164642	0.009484970942139626	0.00679566478356719	0.024247879162430763	0.00209999643266201	0.0010073495795950294	0.0014861206291243434	0.002426998456940055	0.0006848497432656586
694	pride	../syntropy_project/models/model_10	../syntropy_project/models/model_10	joy	0.32126379013061523	0.32126379013061523	0.27216729521751404	0.21106994152069092	0.1584598869085312	0.012998179532587528	0.0019246956799179316	0.01430018525570631	0.002796151442453265	0.0013905978994444013	0.0014255393762141466	0.001325802644714713	0.0008779545896686614
368	neutral	../syntropy_project/models/model_10	../syntropy_project/models/model_10	joy	0.5211209654808044	0.5211209654808044	0.156146839261055	0.16190309822559357	0.1454269140958786	0.008252336643636227	0.0015176640590652823	0.0031910643447190523	0.0007394782733172178	0.0005172902601771057	0.0004461128555703908	0.00038947927532717586	0.00034878653241321445
1004	joy	../syntropy_project/models/model_10	../syntropy_project/models/model_10	neutral	0.45571696758270264	0.20721423625946045	0.20780526101589203	0.45571696758270264	0.07601941376924515	0.03020472824573517	0.006369787734001875	0.008883994072675705	0.0028064902871847153	0.0010261372663080692	0.0018960329471156001	0.0018239517230540514	0.00023298239102587104
735	neutral	../syntropy_project/models/model_10	../syntropy_project/models/model_10	joy	0.3801373243331909	0.3801373243331909	0.2546660006046295	0.17324121296405792	0.16751860082149506	0.009777833707630634	0.0010724765015766025	0.007023576181381941	0.0022694705985486507	0.001434031524695456	0.001091578509658575	0.0008186418563127518	0.0009493459365330637
923	surprise	../syntropy_project/models/model_10	../syntropy_project/models/model_10	neutral	0.4536152482032776	0.23576602339744568	0.08751654624938965	0.4536152482032776	0.08834260702133179	0.0783776119351387	0.01069698203355074	0.0196390300989151	0.004277854226529598	0.004522770177572966	0.009275543503463268	0.004943643230944872	0.0030261585488915443
971	surprise	../syntropy_project/models/model_10	../syntropy_project/models/model_10	joy	0.3076286017894745	0.3076286017894745	0.2972838282585144	0.18902671337127686	0.12423795461654663	0.05868799611926079	0.0020638094283640385	0.00500017125159502	0.0034906023647636175	0.0042373668402433395	0.004954436793923378	0.002616999438032508	0.0007715809624642134
806	joy	../syntropy_project/models/model_10	../syntropy_project/models/model_10	neutral	0.450386643409729	0.38889652490615845	0.09579833596944809	0.450386643409729	0.03431497886776924	0.021690184250473976	0.0024776437785476446	0.0014318799367174506	0.0029317878652364016	0.000784560979809612	0.0006213177111931145	0.000574843434151262	9.135396976489574e-05
867	neutral	../syntropy_project/models/model_10	../syntropy_project/models/model_10	neutral	0.7610127329826355	0.13311685621738434	0.04010535404086113	0.7610127329826355	0.03062777779996395	0.016500014811754227	0.005362155381590128	0.005902270320802927	0.0023279583547264338	0.0006880847504362464	0.0010198282543569803	0.0030002559069544077	0.0003368300385773182
547	pride	../syntropy_project/models/model_10	../syntropy_project/models/model_10	pride	0.7598565220832825	0.02602003887295723	0.14939722418785095	0.016819216310977936	0.7598565220832825	0.008044200018048286	0.0007030770648270845	0.03506913781166077	0.00039350081351585686	0.0012764421990141273	0.0006293038604781032	0.0005552443326450884	0.0012361458502709866
997	neutral	../syntropy_project/models/model_10	../syntropy_project/models/model_10	neutral	0.8090409636497498	0.13334527611732483	0.030077697709202766	0.8090409636497498	0.008105822838842869	0.011412220075726509	0.0034514116123318672	0.0012112411204725504	0.001267812680453062	0.0001651583588682115	0.0005978380213491619	0.0012643564259633422	6.013504389557056e-05
688	excitement	../syntropy_project/models/model_10	../syntropy_project/models/model_10	excitement	0.8502616882324219	0.01257085520774126	0.8502616882324219	0.023949550464749336	0.05488895624876022	0.027642974629998207	0.001951910904608667	0.02230606973171234	0.0013597507495433092	0.000899881066288799	0.0017588587943464518	0.0010263686999678612	0.0013830867828801274
738	neutral	../syntropy_project/models/model_10	../syntropy_project/models/model_10	neutral	0.5658394694328308	0.2048305720090866	0.10502303391695023	0.5658394694328308	0.06991365551948547	0.03361048921942711	0.004687414970248938	0.008915002457797527	0.002356952289119363	0.0010511844884604216	0.0013148756697773933	0.0018831671914085746	0.0005742261419072747
1018	pride	../syntropy_project/models/model_10	../syntropy_project/models/model_10	neutral	0.7610593438148499	0.06708002090454102	0.07401168346405029	0.7610593438148499	0.0473492257297039	0.00555437384173274	0.0018821930279955268	0.037499964237213135	0.0013178553199395537	0.0004464128869585693	0.0008570747449994087	0.0027419133111834526	0.00019984239770565182
456	surprise	../syntropy_project/models/model_10	../syntropy_project/models/model_10	excitement	0.5681256651878357	0.08826614916324615	0.5681256651878357	0.16155891120433807	0.1351468563079834	0.0323597751557827	0.0013167642755433917	0.007577585056424141	0.0013317434350028634	0.0012086372589692473	0.0013192895567044616	0.0010192492045462132	0.0007694070809520781
393	excitement	../syntropy_project/models/model_10	../syntropy_project/models/model_10	joy	0.4144286811351776	0.4144286811351776	0.266943097114563	0.21054890751838684	0.08648620545864105	0.017409250140190125	0.0005167399649508297	0.0007705518510192633	0.0008403274696320295	0.0007098459755070508	0.0007850110996514559	0.0004909944836981595	7.037199975457042e-05
675	excitement	../syntropy_project/models/model_10	../syntropy_project/models/model_10	neutral	0.5575071573257446	0.25012069940567017	0.09925340116024017	0.5575071573257446	0.032473187893629074	0.05338217690587044	0.0030846407171338797	0.0007479999330826104	0.0005770300049334764	0.00046869704965502024	0.001707297284156084	0.0006167719257064164	6.088801092118956e-05
760	pride	../syntropy_project/models/model_10	../syntropy_project/models/model_10	pride	0.44666531682014465	0.1225975900888443	0.2999396324157715	0.08153575658798218	0.44666531682014465	0.018271325156092644	0.0011921561090275645	0.024005189538002014	0.0012716196943074465	0.0016183669213205576	0.0009678730275481939	0.0007593014743179083	0.0011758417822420597
1253	pride	../syntropy_project/models/model_10	../syntropy_project/models/model_10	joy	0.3691779375076294	0.3691779375076294	0.06115635484457016	0.21120545268058777	0.23613561689853668	0.03272387012839317	0.03526841104030609	0.03027232363820076	0.0060703204944729805	0.004453551489859819	0.004581639543175697	0.00509274285286665	0.0038617588579654694
728	joy	../syntropy_project/models/model_10	../syntropy_project/models/model_10	joy	0.44233083724975586	0.44233083724975586	0.08520565181970596	0.1072915717959404	0.332868754863739	0.015640683472156525	0.0020296922884881496	0.008608502335846424	0.0019211857579648495	0.0018690263386815786	0.0009423839510418475	0.0006537720910273492	0.0006379122496582568
419	pride	../syntropy_project/models/model_10	../syntropy_project/models/model_10	joy	0.29991424083709717	0.29991424083709717	0.22084109485149384	0.2192404568195343	0.23016883432865143	0.011223065666854382	0.0017632724484428763	0.011483626440167427	0.0014275930589064956	0.0012192151043564081	0.0007872114656493068	0.001261123106814921	0.0006702879327349365
375	neutral	../syntropy_project/models/model_10	../syntropy_project/models/model_10	neutral	0.5965763926506042	0.18951155245304108	0.0474638007581234	0.5965763926506042	0.05449039116501808	0.030742723494768143	0.01772509329020977	0.02042761817574501	0.010244506411254406	0.006115713156759739	0.010810010135173798	0.013717720285058022	0.002174501772969961
412	joy	../syntropy_project/models/model_10	../syntropy_project/models/model_10	joy	0.33922773599624634	0.33922773599624634	0.15301142632961273	0.1928451955318451	0.2722613513469696	0.02091135084629059	0.00556545564904809	0.009655640460550785	0.0012684318935498595	0.0012688239803537726	0.0015481774462386966	0.0011873786570504308	0.0012489763321354985
74	sadness	../syntropy_project/models/model_10	../syntropy_project/models/model_10	disgust	0.20176319777965546	0.03051302582025528	0.02122875489294529	0.1557251214981079	0.045070696622133255	0.021774854511022568	0.056321125477552414	0.14904652535915375	0.03518707677721977	0.12261071801185608	0.20176319777965546	0.09371015429496765	0.06704878062009811
1191	neutral	../syntropy_project/models/model_10	../syntropy_project/models/model_10	joy	0.4249402582645416	0.4249402582645416	0.09781209379434586	0.3562541902065277	0.10153123736381531	0.012510780245065689	0.0016879795584827662	0.0023607166949659586	0.0009121450711973011	0.0007009537657722831	0.0006452166708186269	0.0005277283489704132	0.00011666768841678277
1242	neutral	../syntropy_project/models/model_10	../syntropy_project/models/model_10	joy	0.5063391327857971	0.5063391327857971	0.12885905802249908	0.16986402869224548	0.1759996861219406	0.009067020379006863	0.002068710047751665	0.00427079014480114	0.0009880498982965946	0.0008497721282765269	0.0007426526281051338	0.0005016396171413362	0.0004494749882724136
500	pride	../syntropy_project/models/model_10	../syntropy_project/models/model_10	pride	0.4865626394748688	0.14351795613765717	0.28481900691986084	0.04939200356602669	0.4865626394748688	0.022494588047266006	0.0039035743102431297	0.004481092561036348	0.0005227159708738327	0.0012613991275429726	0.0018030571518465877	0.0005631864769384265	0.0006787520251236856
903	joy	../syntropy_project/models/model_10	../syntropy_project/models/model_10	neutral	0.39903613924980164	0.39244768023490906	0.13860350847244263	0.39903613924980164	0.05765223130583763	0.007285033818334341	0.000916882127057761	0.0013093323213979602	0.0012764597777277231	0.0005694842548109591	0.0004411495174281299	0.00033977191196754575	0.0001223667641170323
616	pride	../syntropy_project/models/model_10	../syntropy_project/models/model_10	excitement	0.3742561936378479	0.22782351076602936	0.3742561936378479	0.13123513758182526	0.17508862912654877	0.07876761257648468	0.0017596373800188303	0.00315129105001688	0.0019785992335528135	0.002118077129125595	0.002573622390627861	0.0008648588554933667	0.00038281138404272497
114	joy	../syntropy_project/models/model_10	../syntropy_project/models/model_10	joy	0.46565163135528564	0.46565163135528564	0.10920152068138123	0.3446007966995239	0.0707182064652443	0.00667656259611249	0.0009875656105577946	0.00047363474732264876	0.0007366866921074688	0.00038242278969846666	0.0003087292134296149	0.0001883737277239561	7.391595863737166e-05
417	pride	../syntropy_project/models/model_10	../syntropy_project/models/model_10	neutral	0.3909192383289337	0.3770783841609955	0.11613582074642181	0.3909192383289337	0.08580294996500015	0.01488224696367979	0.006555245723575354	0.0022879629395902157	0.0013527288101613522	0.0004477068723645061	0.0017683068290352821	0.0014557511312887073	0.0013135441113263369
601	neutral	../syntropy_project/models/model_10	../syntropy_project/models/model_10	neutral	0.5818949341773987	0.22498956322669983	0.04083915799856186	0.5818949341773987	0.03774720057845116	0.03371094539761543	0.028006069362163544	0.025043010711669922	0.009734178893268108	0.004895668011158705	0.004157493822276592	0.008295261301100254	0.0006865407340228558
604	joy	../syntropy_project/models/model_10	../syntropy_project/models/model_10	neutral	0.3391396105289459	0.21521027386188507	0.21158060431480408	0.3391396105289459	0.054928869009017944	0.1004563719034195	0.011605768464505672	0.008227446116507053	0.005655055865645409	0.011330381967127323	0.027333950623869896	0.010322718881070614	0.004208894446492195
940	excitement	../syntropy_project/models/model_10	../syntropy_project/models/model_10	excitement	0.4837849736213684	0.17839926481246948	0.4837849736213684	0.10151061415672302	0.1304183006286621	0.06053321808576584	0.0032670560758560896	0.017848990857601166	0.001303744618780911	0.0025067776441574097	0.005636090878397226	0.0022902190685272217	0.012500811368227005
89	pride	../syntropy_project/models/model_10	../syntropy_project/models/model_10	joy	0.6574371457099915	0.6574371457099915	0.10403387993574142	0.13176870346069336	0.0957539901137352	0.005313976667821407	0.0015297436621040106	0.002430073916912079	0.0006271389429457486	0.000392437243135646	0.00032006617402657866	0.00026582033024169505	0.00012703132233582437
1169	nervousness	../syntropy_project/models/model_10	../syntropy_project/models/model_10	fear	0.6714369654655457	0.009175162762403488	0.002042674459517002	0.0328044593334198	0.012499283999204636	0.00924032460898161	0.024592574685811996	0.14025552570819855	0.040460459887981415	0.030682599171996117	0.014175848104059696	0.6714369654655457	0.01263412181288004
1218	joy	../syntropy_project/models/model_10	../syntropy_project/models/model_10	joy	0.3714284300804138	0.3714284300804138	0.13397496938705444	0.3292522430419922	0.13094444572925568	0.02121816575527191	0.0018553667468950152	0.004447640851140022	0.00285422638989985	0.0016826773062348366	0.0009602988720871508	0.0009204329689964652	0.0004611595650203526
753	sadness	../syntropy_project/models/model_10	../syntropy_project/models/model_10	sadness	0.4608640968799591	0.03952266648411751	0.0075708129443228245	0.06277970969676971	0.01889871433377266	0.014388488605618477	0.4608640968799591	0.20678585767745972	0.03660625219345093	0.02618994377553463	0.02362743951380253	0.06424121558666229	0.03852469101548195
498	disgust	../syntropy_project/models/model_10	../syntropy_project/models/model_10	sadness	0.25596222281455994	0.02925741672515869	0.010231545194983482	0.054679591208696365	0.03472359851002693	0.015689723193645477	0.25596222281455994	0.16235530376434326	0.04223107546567917	0.14623872935771942	0.12616507709026337	0.025376802310347557	0.09708896279335022
1206	joy	../syntropy_project/models/model_10	../syntropy_project/models/model_10	joy	0.45949724316596985	0.45949724316596985	0.2686755657196045	0.14579950273036957	0.0879114642739296	0.029978014528751373	0.0013520511565729976	0.0018217283068224788	0.0009062217432074249	0.001467977766878903	0.0012124078348279	0.0008550757193006575	0.0005227171932347119
1000	neutral	../syntropy_project/models/model_10	../syntropy_project/models/model_10	excitement	0.40649983286857605	0.158987358212471	0.40649983286857605	0.20173794031143188	0.17484110593795776	0.027511337772011757	0.0020908089354634285	0.01344128418713808	0.003635294968262315	0.001971746562048793	0.0018616900779306889	0.002461749128997326	0.004959958605468273
998	joy	../syntropy_project/models/model_10	../syntropy_project/models/model_10	joy	0.4205945134162903	0.4205945134162903	0.13646173477172852	0.3295183479785919	0.0962691679596901	0.007123851217329502	0.002008724957704544	0.004658146295696497	0.0009530779207125306	0.0005889518070034683	0.0008413507021032274	0.000582824635785073	0.00039928589831106365
11	joy	../syntropy_project/models/model_10	../syntropy_project/models/model_10	joy	0.37787365913391113	0.37787365913391113	0.2704397737979889	0.10096529126167297	0.22422629594802856	0.02092321217060089	0.001348782447166741	0.002112457063049078	0.00047499084030278027	0.0005929537583142519	0.00043924571946263313	0.00034312097704969347	0.0002603405446279794
396	nervousness	../syntropy_project/models/model_10	../syntropy_project/models/model_10	nervousness	0.2760785222053528	0.20050707459449768	0.09735636413097382	0.18436895310878754	0.16346833109855652	0.013332708738744259	0.028103617951273918	0.2760785222053528	0.008724154904484749	0.005389633122831583	0.007118204142898321	0.008695780299603939	0.0068566398695111275
847	excitement	../syntropy_project/models/model_10	../syntropy_project/models/model_10	excitement	0.412183940410614	0.269704133272171	0.412183940410614	0.174641415476799	0.09230466187000275	0.04037553444504738	0.0009784549474716187	0.003702230751514435	0.0013220994733273983	0.0012407023459672928	0.0018589319661259651	0.0010337451240047812	0.0006541110342368484
555	excitement	../syntropy_project/models/model_10	../syntropy_project/models/model_10	excitement	0.37488722801208496	0.2564587891101837	0.37488722801208496	0.12473105639219284	0.21487991511821747	0.012070925906300545	0.0014746729284524918	0.00989170465618372	0.0016039559850469232	0.0011647859355434775	0.0009690861916169524	0.0008160535362549126	0.0010518458439037204
42	surprise	../syntropy_project/models/model_10	../syntropy_project/models/model_10	neutral	0.3699873983860016	0.15505823493003845	0.0880315825343132	0.3699873983860016	0.0839802548289299	0.09332093596458435	0.02598891407251358	0.11140002310276031	0.015329084359109402	0.009132565930485725	0.01044890284538269	0.02536557987332344	0.011956418864428997
167	anger	../syntropy_project/models/model_10	../syntropy_project/models/model_10	disgust	0.25101181864738464	0.025275925174355507	0.025127993896603584	0.0835222527384758	0.019025003537535667	0.10462925583124161	0.060606054961681366	0.13777559995651245	0.12267264723777771	0.11449868232011795	0.25101181864738464	0.014204531908035278	0.04165009781718254
416	joy	../syntropy_project/models/model_10	../syntropy_project/models/model_10	joy	0.3327958881855011	0.3327958881855011	0.25103455781936646	0.14399971067905426	0.23971852660179138	0.019274501129984856	0.001409399788826704	0.00915984995663166	0.0007771180244162679	0.0005433738115243614	0.0005197655409574509	0.00043454713886603713	0.0003326895530335605
576	neutral	../syntropy_project/models/model_10	../syntropy_project/models/model_10	joy	0.40118932723999023	0.40118932723999023	0.11422847211360931	0.11146670579910278	0.3559228479862213	0.010850135236978531	0.0011998254340142012	0.0020335568115115166	0.0005283175269141793	0.0011250032112002373	0.0008550487691536546	0.0003909756778739393	0.0002097606484312564
267	joy	../syntropy_project/models/model_10	../syntropy_project/models/model_10	excitement	0.6979042291641235	0.08743774890899658	0.6979042291641235	0.09471868723630905	0.07386522740125656	0.013868669979274273	0.0017977944808080792	0.022627895697951317	0.0013696367386728525	0.0011337909381836653	0.0016139042563736439	0.0015580011531710625	0.002104413928464055
910	joy	../syntropy_project/models/model_10	../syntropy_project/models/model_10	joy	0.42634454369544983	0.42634454369544983	0.12819914519786835	0.19386012852191925	0.17290137708187103	0.031445831060409546	0.008230349980294704	0.020358052104711533	0.004211556166410446	0.005381674040108919	0.004090263042598963	0.0021814724896103144	0.0027955288533121347
426	excitement	../syntropy_project/models/model_10	../syntropy_project/models/model_10	pride	0.5082477331161499	0.008844573982059956	0.4456222653388977	0.006988095585256815	0.5082477331161499	0.013672877103090286	0.0003547505766618997	0.011851189658045769	0.0003836928226519376	0.0011915297945961356	0.0008823280804790556	0.0006601589266210794	0.0013007298111915588
690	neutral	../syntropy_project/models/model_10	../syntropy_project/models/model_10	neutral	0.40658384561538696	0.3285745084285736	0.1639564037322998	0.40658384561538696	0.08154086768627167	0.011805729009211063	0.0013524662936106324	0.00249895709566772	0.0015529115917161107	0.0007231206400319934	0.0007190873147919774	0.0004869190161116421	0.00020519408280961215
544	pride	../syntropy_project/models/model_10	../syntropy_project/models/model_10	joy	0.49774953722953796	0.49774953722953796	0.11264734715223312	0.18723532557487488	0.15656164288520813	0.023858539760112762	0.0033695099409669638	0.005243523977696896	0.004904086235910654	0.0027665100060403347	0.00264331279322505	0.0013660149415954947	0.0016546185361221433
1192	neutral	../syntropy_project/models/model_10	../syntropy_project/models/model_10	neutral	0.5455837845802307	0.27351248264312744	0.09230941534042358	0.5455837845802307	0.056597962975502014	0.018718687817454338	0.0027235657908022404	0.004699672572314739	0.0024003477301448584	0.0008738486212678254	0.0011753911385312676	0.001113634672947228	0.00029120632098056376
674	excitement	../syntropy_project/models/model_10	../syntropy_project/models/model_10	neutral	0.3367004990577698	0.2919469177722931	0.19645315408706665	0.3367004990577698	0.12940695881843567	0.021555965766310692	0.003540607402101159	0.01299695111811161	0.002280613873153925	0.0014941362896934152	0.0014802595833316445	0.001385144772939384	0.0007588248117826879
689	joy	../syntropy_project/models/model_10	../syntropy_project/models/model_10	joy	0.38458651304244995	0.38458651304244995	0.2867705821990967	0.19153058528900146	0.08402618020772934	0.0438990592956543	0.0010312696686014533	0.001513389521278441	0.001289372332394123	0.0017240953166037798	0.0021944637410342693	0.001022336189635098	0.0004121521778870374
1120	surprise	../syntropy_project/models/model_10	../syntropy_project/models/model_10	surprise	0.8496814966201782	0.01354228239506483	0.031799040734767914	0.048432763665914536	0.015129746869206429	0.8496814966201782	0.0048104384914040565	0.0029756473377346992	0.017330607399344444	0.009336625225841999	0.004558155778795481	0.002170021878555417	0.0002330926072318107
1246	excitement	../syntropy_project/models/model_10	../syntropy_project/models/model_10	nervousness	0.3495250940322876	0.058664288371801376	0.0257797259837389	0.09305368363857269	0.11826356500387192	0.007015756797045469	0.06859462708234787	0.3495250940322876	0.02751881815493107	0.1193915456533432	0.05381675809621811	0.027604183182120323	0.050771910697221756
159	joy	../syntropy_project/models/model_10	../syntropy_project/models/model_10	neutral	0.30871835350990295	0.22956572473049164	0.2607254981994629	0.30871835350990295	0.1790970116853714	0.014755846001207829	0.0013907907996326685	0.002812903607264161	0.0014289442915469408	0.00047324286424554884	0.0005000860546715558	0.0004418667813297361	8.964027074398473e-05
1001	joy	../syntropy_project/models/model_10	../syntropy_project/models/model_10	excitement	0.4745837152004242	0.17821216583251953	0.4745837152004242	0.06648611277341843	0.11052240431308746	0.11302533000707626	0.0026198725681751966	0.015558934770524502	0.0036838462110608816	0.004066640045493841	0.008897933177649975	0.0034931881818920374	0.018849845975637436
257	excitement	../syntropy_project/models/model_10	../syntropy_project/models/model_10	joy	0.5644915699958801	0.5644915699958801	0.1664172261953354	0.14663568139076233	0.10948312282562256	0.00857420451939106	0.0010315951658412814	0.0014849998988211155	0.0005353779997676611	0.0004908709088340402	0.00027929211501032114	0.00041296935523860157	0.00016311656509060413
1221	pride	../syntropy_project/models/model_10	../syntropy_project/models/model_10	joy	0.43207162618637085	0.43207162618637085	0.08237989246845245	0.15905196964740753	0.2774983048439026	0.016548126935958862	0.003975570667535067	0.015559928491711617	0.0024650203995406628	0.003921983763575554	0.0031717605888843536	0.0016524936072528362	0.0017033566255122423
335	neutral	../syntropy_project/models/model_10	../syntropy_project/models/model_10	joy	0.44885337352752686	0.44885337352752686	0.11193150281906128	0.3662447929382324	0.05491039156913757	0.012420632876455784	0.0015743171097710729	0.0014176159165799618	0.0011477400548756123	0.0004640416882466525	0.00044380800682120025	0.0004965992993675172	9.523129119770601e-05
976	joy	../syntropy_project/models/model_10	../syntropy_project/models/model_10	neutral	0.27715981006622314	0.2384607344865799	0.12111672013998032	0.27715981006622314	0.26169902086257935	0.056009385734796524	0.009187075309455395	0.018943773582577705	0.004629903007298708	0.0027405722066760063	0.0033791367895901203	0.005376629065722227	0.0012971832184121013
15	pride	../syntropy_project/models/model_10	../syntropy_project/models/model_10	joy	0.4044654965400696	0.4044654965400696	0.154661625623703	0.20856516063213348	0.20330050587654114	0.01975031942129135	0.001596003887243569	0.003957502078264952	0.0010883318027481437	0.0008378492202609777	0.0007584612467326224	0.0007038650219328701	0.0003148868272546679
1144	joy	../syntropy_project/models/model_10	../syntropy_project/models/model_10	joy	0.39708197116851807	0.39708197116851807	0.16223062574863434	0.3566524088382721	0.05962516367435455	0.01885916478931904	0.0011439737863838673	0.0016290397616103292	0.0011477023363113403	0.0005392979364842176	0.0005395441548898816	0.00044918464845977724	0.00010202834528172389
324	excitement	../syntropy_project/models/model_10	../syntropy_project/models/model_10	excitement	0.6954358816146851	0.08980575948953629	0.6954358816146851	0.0650625228881836	0.07566975057125092	0.0398344025015831	0.0022570909932255745	0.02354455180466175	0.002873404650017619	0.0014399585779756308	0.0012762906262651086	0.0013965045800432563	0.001403812668286264
768	surprise	../syntropy_project/models/model_10	../syntropy_project/models/model_10	pride	0.746727705001831	0.10710068047046661	0.0826372504234314	0.03588871285319328	0.746727705001831	0.012125934474170208	0.0007123497780412436	0.010748792439699173	0.0007916118483990431	0.0011793996673077345	0.0005999885033816099	0.0007804386550560594	0.0007070506107993424
607	pride	../syntropy_project/models/model_10	../syntropy_project/models/model_10	excitement	0.40233615040779114	0.13029858469963074	0.40233615040779114	0.13500361144542694	0.2621062695980072	0.04029184207320213	0.002643289975821972	0.017761219292879105	0.001678057131357491	0.0023548367898911238	0.0032538517843931913	0.001260744291357696	0.0010115400655195117
1119	excitement	../syntropy_project/models/model_10	../syntropy_project/models/model_10	excitement	0.38004961609840393	0.18383139371871948	0.38004961609840393	0.2083989530801773	0.1419788897037506	0.0653226375579834	0.002856745384633541	0.007902035489678383	0.002151103923097253	0.00141084601636976	0.0020129908807575703	0.002534939907491207	0.0015499104047194123
888	excitement	../syntropy_project/models/model_10	../syntropy_project/models/model_10	pride	0.46010294556617737	0.08891481161117554	0.36683186888694763	0.04764179140329361	0.46010294556617737	0.021386809647083282	0.0009593230206519365	0.008923579938709736	0.001069905236363411	0.001756930840201676	0.0009418480913154781	0.0005902841803617775	0.0008799172937870026
1023	neutral	../syntropy_project/models/model_10	../syntropy_project/models/model_10	neutral	0.40398889780044556	0.2380523979663849	0.13492554426193237	0.40398889780044556	0.15260513126850128	0.04988823086023331	0.004524387884885073	0.007490931544452906	0.003142477013170719	0.0014978685649111867	0.0011991573264822364	0.002061401726678014	0.0006235214532352984
222	fear	../syntropy_project/models/model_10	../syntropy_project/models/model_10	nervousness	0.8828188180923462	0.0030070533975958824	0.001665096846409142	0.007343053352087736	0.0035098795779049397	0.0019080183701589704	0.013168346136808395	0.8828188180923462	0.008512155152857304	0.005315867252647877	0.004163407254964113	0.05569251999258995	0.012895716354250908
179	joy	../syntropy_project/models/model_10	../syntropy_project/models/model_10	joy	0.47564247250556946	0.47564247250556946	0.08295605331659317	0.3653537333011627	0.0673694983124733	0.003994365688413382	0.0011201940942555666	0.0012579531176015735	0.0008608600473962724	0.0004701622819993645	0.00043349742190912366	0.0003975697618443519	0.00014365994138643146
868	excitement	../syntropy_project/models/model_10	../syntropy_project/models/model_10	excitement	0.6646034121513367	0.17074427008628845	0.6646034121513367	0.07740020006895065	0.07038747519254684	0.014837195165455341	0.00020880163356196135	0.0006832865765318274	0.0001751524832798168	0.00031797998235560954	0.000289819116005674	0.0002692927955649793	8.315454761032015e-05
99	disgust	../syntropy_project/models/model_10	../syntropy_project/models/model_10	disgust	0.25965937972068787	0.029308689758181572	0.00875064916908741	0.0704207792878151	0.03954300284385681	0.00964200310409069	0.05205569788813591	0.14427179098129272	0.06870973855257034	0.12354255467653275	0.25965937972068787	0.03029092215001583	0.16380472481250763
757	joy	../syntropy_project/models/model_10	../syntropy_project/models/model_10	joy	0.4572305977344513	0.4572305977344513	0.15595762431621552	0.21209706366062164	0.1531975269317627	0.014851026237010956	0.0023207473568618298	0.002128529828041792	0.0006434785900637507	0.0005872952751815319	0.00043322198325768113	0.0003649615391623229	0.0001879154733614996
521	neutral	../syntropy_project/models/model_10	../syntropy_project/models/model_10	neutral	0.4614541530609131	0.3817780613899231	0.04253598302602768	0.4614541530609131	0.07996603846549988	0.017299916595220566	0.004693986382335424	0.00514608109369874	0.0021349142771214247	0.0010675956727936864	0.0014419615035876632	0.0022285664454102516	0.000252762547461316
761	confusion	../syntropy_project/models/model_10	../syntropy_project/models/model_10	nervousness	0.42243415117263794	0.034895602613687515	0.007347365375608206	0.0570780411362648	0.0766926258802414	0.026628918945789337	0.04539041221141815	0.42243415117263794	0.11508452892303467	0.08710438013076782	0.0327007919549942	0.028482139110565186	0.06616104394197464
22	surprise	../syntropy_project/models/model_10	../syntropy_project/models/model_10	nervousness	0.23167699575424194	0.03370095044374466	0.019305020570755005	0.04400481656193733	0.03581850603222847	0.01833253726363182	0.07589156180620193	0.23167699575424194	0.03937527537345886	0.10736309736967087	0.1697840541601181	0.04939540848135948	0.17535175383090973
356	neutral	../syntropy_project/models/model_10	../syntropy_project/models/model_10	neutral	0.42081716656684875	0.23726212978363037	0.17802731692790985	0.42081716656684875	0.13759645819664001	0.013459871523082256	0.0012950868112966418	0.007491021417081356	0.0015777071239426732	0.0007771184318698943	0.0007080637733452022	0.0007441776106134057	0.00024390697944909334
733	confusion	../syntropy_project/models/model_10	../syntropy_project/models/model_10	nervousness	0.5919731855392456	0.012372593395411968	0.0025055324658751488	0.025539344176650047	0.009522185660898685	0.009616157971322536	0.05807696655392647	0.5919731855392456	0.1684114634990692	0.024623192846775055	0.015627019107341766	0.046239349991083145	0.035492971539497375
1055	excitement	../syntropy_project/models/model_10	../syntropy_project/models/model_10	pride	0.7203256487846375	0.06145515665411949	0.18252934515476227	0.01621394045650959	0.7203256487846375	0.006636189762502909	0.00043752949568443	0.010195714421570301	0.00022262500715442002	0.0008605612674728036	0.0003137351886834949	0.0003321170515846461	0.0004773647815454751
1178	neutral	../syntropy_project/models/model_10	../syntropy_project/models/model_10	neutral	0.437027245759964	0.2572413682937622	0.09004165977239609	0.437027245759964	0.17996875941753387	0.01786988042294979	0.0026652682572603226	0.008160220459103584	0.0028123643714934587	0.0013286392204463482	0.0009105411008931696	0.0016743103042244911	0.00029969471506774426
611	joy	../syntropy_project/models/model_10	../syntropy_project/models/model_10	neutral	0.40280842781066895	0.25952234864234924	0.1572827845811844	0.40280842781066895	0.13565778732299805	0.022675443440675735	0.0023089642636477947	0.008104206062853336	0.0030459309928119183	0.002371871378272772	0.0022282819263637066	0.002865914022549987	0.0011281064944341779
1245	joy	../syntropy_project/models/model_10	../syntropy_project/models/model_10	joy	0.379993736743927	0.379993736743927	0.16705293953418732	0.27267447113990784	0.1339452713727951	0.012840762734413147	0.005908045452088118	0.009996529668569565	0.002931650960817933	0.0031834773253649473	0.004927164409309626	0.0025243759155273438	0.004021534230560064
340	excitement	../syntropy_project/models/model_10	../syntropy_project/models/model_10	excitement	0.599257230758667	0.14086905121803284	0.599257230758667	0.07688803970813751	0.14883486926555634	0.027894435450434685	0.000425011501647532	0.004076174460351467	0.00040953626739792526	0.000398098083678633	0.0005677860463038087	0.00023988247266970575	0.00013989578292239457
431	neutral	../syntropy_project/models/model_10	../syntropy_project/models/model_10	pride	0.8186226487159729	0.0076797460205852985	0.15218764543533325	0.006106802262365818	0.8186226487159729	0.004204992670565844	0.00030149269150570035	0.008779240772128105	0.00011351027205819264	0.0006550565012730658	0.0003993795835413039	0.0002793091698549688	0.0006701904349029064
879	excitement	../syntropy_project/models/model_10	../syntropy_project/models/model_10	excitement	0.47791603207588196	0.2503642737865448	0.47791603207588196	0.0847354456782341	0.1571524441242218	0.0239996500313282	0.0007715541287325323	0.0023214169777929783	0.0007863534847274423	0.0005914102657698095	0.0005657475558109581	0.0005174839170649648	0.000278257648460567
217	pride	../syntropy_project/models/model_10	../syntropy_project/models/model_10	joy	0.4958426356315613	0.4958426356315613	0.1588885635137558	0.15644384920597076	0.178679421544075	0.006219333969056606	0.0009885734179988503	0.0015280850930139422	0.00039472064236178994	0.00037250525201670825	0.000293801975203678	0.0002151355001842603	0.0001332513929810375
203	joy	../syntropy_project/models/model_10	../syntropy_project/models/model_10	joy	0.38002341985702515	0.38002341985702515	0.17285239696502686	0.1627812534570694	0.24786874651908875	0.022795354947447777	0.001954547595232725	0.004556723870337009	0.0019847231451421976	0.0023316743317991495	0.0015928776701912284	0.0007832366391085088	0.00047503161476925015
1255	nervousness	../syntropy_project/models/model_10	../syntropy_project/models/model_10	neutral	0.5494450926780701	0.2452658712863922	0.13569945096969604	0.5494450926780701	0.034461475908756256	0.022937864065170288	0.002539892215281725	0.004107429180294275	0.001928271958604455	0.0006839632987976074	0.0011949865147471428	0.0012420353014022112	0.0004936950281262398
1036	neutral	../syntropy_project/models/model_10	../syntropy_project/models/model_10	neutral	0.6324883699417114	0.2010018527507782	0.05787470191717148	0.6324883699417114	0.054439838975667953	0.027721626684069633	0.007381571922451258	0.008489573374390602	0.0028177634812891483	0.0019387064967304468	0.002005100715905428	0.0032044232357293367	0.000636464508716017
93	joy	../syntropy_project/models/model_10	../syntropy_project/models/model_10	joy	0.4488561749458313	0.4488561749458313	0.19459861516952515	0.23754890263080597	0.10545226186513901	0.006911673117429018	0.0018897299887612462	0.0020128756295889616	0.0010753123788163066	0.000411731016356498	0.00047316207201220095	0.0004504974349401891	0.0003190507413819432
898	neutral	../syntropy_project/models/model_10	../syntropy_project/models/model_10	joy	0.4272659718990326	0.4272659718990326	0.11140414327383041	0.329351544380188	0.0915132611989975	0.022553976625204086	0.003494970966130495	0.007075858302414417	0.003094920190051198	0.0012203888036310673	0.0011620193254202604	0.001463461434468627	0.0003994502476416528
68	surprise	../syntropy_project/models/model_10	../syntropy_project/models/model_10	pride	0.30439215898513794	0.1745372712612152	0.05049830675125122	0.14703847467899323	0.30439215898513794	0.0839453712105751	0.023920070379972458	0.11994827538728714	0.02295851521193981	0.03061942383646965	0.021838266402482986	0.009103544056415558	0.011200306937098503
1013	fear	../syntropy_project/models/model_10	../syntropy_project/models/model_10	nervousness	0.5808453559875488	0.01307927817106247	0.004709635395556688	0.06510183960199356	0.02057919092476368	0.0171499140560627	0.0553455576300621	0.5808453559875488	0.05400000140070915	0.02627183124423027	0.035335272550582886	0.0739036276936531	0.0536784790456295
284	joy	../syntropy_project/models/model_10	../syntropy_project/models/model_10	joy	0.544167697429657	0.544167697429657	0.179592564702034	0.13155783712863922	0.12551796436309814	0.01330973394215107	0.0012644565431401134	0.002203712472692132	0.0008901630062609911	0.000510391837451607	0.00033937065745703876	0.0004209952021483332	0.0002251098776469007
696	excitement	../syntropy_project/models/model_10	../syntropy_project/models/model_10	excitement	0.8348115086555481	0.028890088200569153	0.8348115086555481	0.024796348065137863	0.07098651677370071	0.01454212423413992	0.00038740181480534375	0.02192501164972782	0.0009727218421176076	0.0005822288221679628	0.000496279972139746	0.00048209994565695524	0.0011276837904006243
85	joy	../syntropy_project/models/model_10	../syntropy_project/models/model_10	joy	0.5608994364738464	0.5608994364738464	0.0782313421368599	0.22702987492084503	0.11707004904747009	0.005503470543771982	0.0031919179018586874	0.00516459159553051	0.0008481520344503224	0.0004863945650868118	0.0005839061341248453	0.000693460286129266	0.0002974452800117433
434	joy	../syntropy_project/models/model_10	../syntropy_project/models/model_10	joy	0.633873701095581	0.633873701095581	0.06224837899208069	0.19783033430576324	0.07376804947853088	0.014379777014255524	0.004736131057143211	0.004104527644813061	0.0036788503639400005	0.0018265488324686885	0.001426764763891697	0.0013153115287423134	0.0008116044336929917
894	neutral	../syntropy_project/models/model_10	../syntropy_project/models/model_10	neutral	0.4396921396255493	0.1367269605398178	0.04559408128261566	0.4396921396255493	0.14515814185142517	0.0394723154604435	0.028392188251018524	0.0559004470705986	0.030156129971146584	0.022942153736948967	0.012005872093141079	0.025207974016666412	0.01875154674053192
153	joy	../syntropy_project/models/model_10	../syntropy_project/models/model_10	excitement	0.3461425304412842	0.23936235904693604	0.3461425304412842	0.2946282923221588	0.08400887250900269	0.02097170613706112	0.003386920318007469	0.0060340529307723045	0.0015231224242597818	0.0010483848163858056	0.0021208948455750942	0.0005070128827355802	0.0002658771409187466
75	nervousness	../syntropy_project/models/model_10	../syntropy_project/models/model_10	nervousness	0.527357280254364	0.013547144830226898	0.004042324610054493	0.02701435051858425	0.02163092978298664	0.004486093297600746	0.03540392965078354	0.527357280254364	0.025180192664265633	0.056567754596471786	0.0784144327044487	0.025282327085733414	0.18107318878173828
1106	sadness	../syntropy_project/models/model_10	../syntropy_project/models/model_10	neutral	0.17523133754730225	0.065468430519104	0.03056996874511242	0.17523133754730225	0.09594383835792542	0.06193592771887779	0.10811986774206161	0.11382774263620377	0.06481325626373291	0.07687433063983917	0.060706377029418945	0.07076354324817657	0.07574521750211716
789	neutral	../syntropy_project/models/model_10	../syntropy_project/models/model_10	neutral	0.40984076261520386	0.21373409032821655	0.10507553070783615	0.40984076261520386	0.2147693634033203	0.004744976293295622	0.0031106651294976473	0.04023109748959541	0.0020827632397413254	0.0011704497737810016	0.0017542102141305804	0.0022304377052932978	0.001255752518773079
580	neutral	../syntropy_project/models/model_10	../syntropy_project/models/model_10	joy	0.511777400970459	0.511777400970459	0.09006454795598984	0.25856342911720276	0.125531405210495	0.0070381429977715015	0.0021048656199127436	0.0025542760267853737	0.0006452018860727549	0.000521418231073767	0.0005167594645172358	0.00038795010186731815	0.0002945912128780037
446	excitement	../syntropy_project/models/model_10	../syntropy_project/models/model_10	joy	0.4452163875102997	0.4452163875102997	0.12939448654651642	0.3549302816390991	0.04812237620353699	0.014614677056670189	0.002819706918671727	0.0014878854854032397	0.0009716731728985906	0.000817157095298171	0.0007855735602788627	0.0006185487727634609	0.00022130981960799545
703	pride	../syntropy_project/models/model_10	../syntropy_project/models/model_10	neutral	0.37278658151626587	0.11863074451684952	0.22145718336105347	0.37278658151626587	0.12482161074876785	0.02636076509952545	0.00984475202858448	0.05825421214103699	0.005106545519083738	0.007533896714448929	0.014797050505876541	0.007244427688419819	0.03316226974129677
188	nervousness	../syntropy_project/models/model_10	../syntropy_project/models/model_10	nervousness	0.4021977484226227	0.15376657247543335	0.05142728239297867	0.1669079065322876	0.14107881486415863	0.018758075311779976	0.020531868562102318	0.4021977484226227	0.010301830247044563	0.007688987534493208	0.006249511148780584	0.014104795642197132	0.006986626423895359
271	neutral	../syntropy_project/models/model_10	../syntropy_project/models/model_10	pride	0.31214672327041626	0.2476772964000702	0.15035925805568695	0.2303488701581955	0.31214672327041626	0.03596964478492737	0.003164730966091156	0.012861124239861965	0.0023393072187900543	0.0015121913747861981	0.0012952276738360524	0.0015717247733846307	0.0007540096412412822
236	joy	../syntropy_project/models/model_10	../syntropy_project/models/model_10	joy	0.44197922945022583	0.44197922945022583	0.19445185363292694	0.21170935034751892	0.12047046422958374	0.01802825927734375	0.003102898132055998	0.004123629070818424	0.002552109071984887	0.001486640889197588	0.0009370168554596603	0.0008338682819157839	0.00032468975405208766
487	pride	../syntropy_project/models/model_10	../syntropy_project/models/model_10	pride	0.454507440328598	0.23966698348522186	0.05427364259958267	0.11533157527446747	0.454507440328598	0.01052805781364441	0.009167693555355072	0.08835829794406891	0.008712444454431534	0.00767351221293211	0.005030625034123659	0.0025949948467314243	0.00415479252114892
1229	nervousness	../syntropy_project/models/model_10	../syntropy_project/models/model_10	neutral	0.3063402771949768	0.09601883590221405	0.020359590649604797	0.3063402771949768	0.04516172409057617	0.02563539892435074	0.15481528639793396	0.1930111199617386	0.04323185235261917	0.028877073898911476	0.02860616147518158	0.03893077373504639	0.019011877477169037
559	fear	../syntropy_project/models/model_10	../syntropy_project/models/model_10	neutral	0.25747644901275635	0.011931507848203182	0.006260931491851807	0.25747644901275635	0.028233973309397697	0.012106971815228462	0.05871858075261116	0.15886202454566956	0.18555504083633423	0.07125580310821533	0.08895108848810196	0.049677200615406036	0.07097038626670837
117	excitement	../syntropy_project/models/model_10	../syntropy_project/models/model_10	joy	0.3680056929588318	0.3680056929588318	0.2965456247329712	0.13187627494335175	0.18048095703125	0.010002469643950462	0.0016669684555381536	0.007245512679219246	0.00147012691013515	0.000587146554607898	0.001057669403962791	0.0006063290638849139	0.0004551379242911935
637	joy	../syntropy_project/models/model_10	../syntropy_project/models/model_10	excitement	0.49370232224464417	0.19616305828094482	0.49370232224464417	0.08178623020648956	0.1876441240310669	0.032933566719293594	0.0012182538630440831	0.0037884563207626343	0.0005189229850657284	0.0006414547679014504	0.0007191685726866126	0.0003887623024638742	0.0004955951008014381
1143	joy	../syntropy_project/models/model_10	../syntropy_project/models/model_10	pride	0.3259618878364563	0.23328761756420135	0.11622875928878784	0.17840716242790222	0.3259618878364563	0.01609286479651928	0.006881464272737503	0.1073281392455101	0.00573658337816596	0.0031479359604418278	0.0021056225523352623	0.002301272237673402	0.0025205928832292557
801	embarrassment	../syntropy_project/models/model_10	../syntropy_project/models/model_10	disgust	0.31240734457969666	0.1806134581565857	0.039673689752817154	0.09433920681476593	0.03396857529878616	0.009939093142747879	0.044263146817684174	0.03802410885691643	0.021566346287727356	0.12014568597078323	0.31240734457969666	0.017205901443958282	0.08785340189933777
750	neutral	../syntropy_project/models/model_10	../syntropy_project/models/model_10	neutral	0.44025546312332153	0.1419401466846466	0.09627977013587952	0.44025546312332153	0.2663954198360443	0.033167220652103424	0.0027900300920009613	0.010125627741217613	0.0028327724430710077	0.0023806188255548477	0.0017019083024933934	0.001665786956436932	0.0004652092757169157
512	anger	../syntropy_project/models/model_10	../syntropy_project/models/model_10	neutral	0.2679143249988556	0.10114765167236328	0.04435603693127632	0.2679143249988556	0.10348936170339584	0.02830754965543747	0.06514711678028107	0.23238784074783325	0.019267719238996506	0.022366609424352646	0.025913164019584656	0.035588376224040985	0.05411425605416298
633	excitement	../syntropy_project/models/model_10	../syntropy_project/models/model_10	neutral	0.3397793769836426	0.2624928057193756	0.18063844740390778	0.3397793769836426	0.13418246805667877	0.028587494045495987	0.009608035907149315	0.025821557268500328	0.004992926027625799	0.002585045760497451	0.0038408234249800444	0.004997161217033863	0.0024737115018069744
936	joy	../syntropy_project/models/model_10	../syntropy_project/models/model_10	joy	0.37975093722343445	0.37975093722343445	0.1343231499195099	0.2217646986246109	0.2264070063829422	0.022880306467413902	0.004330245312303305	0.005342231132090092	0.0013175568310543895	0.0013861232437193394	0.0009664184763096273	0.0009516887366771698	0.0005796589539386332
1079	neutral	../syntropy_project/models/model_10	../syntropy_project/models/model_10	pride	0.3223782181739807	0.19722537696361542	0.292918860912323	0.16163763403892517	0.3223782181739807	0.00853542797267437	0.000944248866289854	0.012256591580808163	0.0013517565093934536	0.0009563009371049702	0.0008100548293441534	0.0003276972856838256	0.0006578546017408371
962	surprise	../syntropy_project/models/model_10	../syntropy_project/models/model_10	joy	0.3577115833759308	0.3577115833759308	0.09683775901794434	0.3339715600013733	0.1621638834476471	0.03430105745792389	0.0029141956474632025	0.00497259758412838	0.0021554818376898766	0.0017725202487781644	0.0015485576586797833	0.0012816989328712225	0.0003691711463034153
126	neutral	../syntropy_project/models/model_10	../syntropy_project/models/model_10	neutral	0.4237937033176422	0.350454181432724	0.08621665090322495	0.4237937033176422	0.11906816065311432	0.006053113378584385	0.002863834844902158	0.007850871421396732	0.000969035318121314	0.0005417400388978422	0.0005873417248949409	0.0011679510353133082	0.00043330088374204934
790	neutral	../syntropy_project/models/model_10	../syntropy_project/models/model_10	excitement	0.3734303116798401	0.12576641142368317	0.3734303116798401	0.13018593192100525	0.3035692572593689	0.054851774126291275	0.0016272588400170207	0.005994263105094433	0.0015667697880417109	0.0012544561177492142	0.0011824100511148572	0.0003913763794116676	0.00017976461094804108
829	joy	../syntropy_project/models/model_10	../syntropy_project/models/model_10	neutral	0.37306728959083557	0.1772933304309845	0.21929068863391876	0.37306728959083557	0.2012856900691986	0.013858952559530735	0.001953587867319584	0.008032424375414848	0.0020151555072516203	0.0013491942081600428	0.0008823869866319001	0.000683216261677444	0.00028813525568693876
116	excitement	../syntropy_project/models/model_10	../syntropy_project/models/model_10	excitement	0.7568636536598206	0.056586626917123795	0.7568636536598206	0.046235691756010056	0.09687977284193039	0.0170382522046566	0.0008641787571832538	0.021794376894831657	0.001001387950964272	0.0005728742689825594	0.0005203189793974161	0.0006540455506183207	0.000988901942037046
473	embarrassment	../syntropy_project/models/model_10	../syntropy_project/models/model_10	nervousness	0.27599015831947327	0.01197172049432993	0.0053354972042143345	0.030077790841460228	0.037750814110040665	0.006072442512959242	0.026008719578385353	0.27599015831947327	0.03699536249041557	0.2046644687652588	0.212021604180336	0.06667009741067886	0.08644136786460876
740	excitement	../syntropy_project/models/model_10	../syntropy_project/models/model_10	joy	0.33426254987716675	0.33426254987716675	0.07345567643642426	0.2723792791366577	0.17446814477443695	0.03693463280797005	0.019013822078704834	0.03481777757406235	0.016590245068073273	0.012755082920193672	0.010242629796266556	0.005540584214031696	0.009539554826915264
1074	neutral	../syntropy_project/models/model_10	../syntropy_project/models/model_10	neutral	0.656981885433197	0.18606224656105042	0.09646536409854889	0.656981885433197	0.025000130757689476	0.024023815989494324	0.0034184132236987352	0.0032528762239962816	0.0017975200898945332	0.0005683695781044662	0.0008996210526674986	0.001312360749579966	0.00021741585806012154
57	joy	../syntropy_project/models/model_10	../syntropy_project/models/model_10	joy	0.40767017006874084	0.40767017006874084	0.20716065168380737	0.12643872201442719	0.22641409933567047	0.026160120964050293	0.001301965327002108	0.0023376725148409605	0.0006391676142811775	0.0006609214469790459	0.0005469280877150595	0.0004921892541460693	0.00017730568652041256
603	excitement	../syntropy_project/models/model_10	../syntropy_project/models/model_10	excitement	0.3204158842563629	0.18610252439975739	0.3204158842563629	0.1496889740228653	0.19974680244922638	0.06247154623270035	0.01117375772446394	0.032456908375024796	0.003276847768574953	0.007664958946406841	0.013197199441492558	0.00570432236418128	0.008100243285298347
786	neutral	../syntropy_project/models/model_10	../syntropy_project/models/model_10	nervousness	0.3835315406322479	0.07063161581754684	0.039961621165275574	0.04785500466823578	0.022877786308526993	0.015408164821565151	0.21018768846988678	0.3835315406322479	0.047380924224853516	0.027802830561995506	0.04904019460082054	0.03223833814263344	0.05308421701192856
830	joy	../syntropy_project/models/model_10	../syntropy_project/models/model_10	joy	0.5653226375579834	0.5653226375579834	0.160251647233963	0.16044385731220245	0.0961218848824501	0.012428037822246552	0.0017602507723495364	0.0012039958965033293	0.0006252372404560447	0.0006808139150962234	0.0005634424742311239	0.0004283406015019864	0.0001698602718533948
119	neutral	../syntropy_project/models/model_10	../syntropy_project/models/model_10	joy	0.390159547328949	0.390159547328949	0.09864474833011627	0.3530121445655823	0.08663731068372726	0.02089427225291729	0.010915057733654976	0.012460323981940746	0.006322921719402075	0.005402843467891216	0.008145618252456188	0.004442206583917141	0.002962985076010227
656	pride	../syntropy_project/models/model_10	../syntropy_project/models/model_10	pride	0.5012921690940857	0.15234671533107758	0.2076580673456192	0.08686691522598267	0.5012921690940857	0.02109222672879696	0.0014528442407026887	0.022779028862714767	0.001118416665121913	0.0017209076322615147	0.001424849615432322	0.0009123238851316273	0.0013355119153857231
1214	excitement	../syntropy_project/models/model_10	../syntropy_project/models/model_10	excitement	0.9235019683837891	0.010974165983498096	0.9235019683837891	0.024118151515722275	0.014667771756649017	0.011770052835345268	0.00039145044866017997	0.011463782750070095	0.0007897700415924191	0.000305501336697489	0.00043928780360147357	0.0005868599400855601	0.000991201144643128
669	neutral	../syntropy_project/models/model_10	../syntropy_project/models/model_10	neutral	0.3569032847881317	0.2244139313697815	0.21513056755065918	0.3569032847881317	0.14138063788414001	0.046731699258089066	0.0021670109126716852	0.0036141967866569757	0.0017625008476898074	0.002329386305063963	0.002615588251501322	0.0023954755160957575	0.0005557051626965404
105	sadness	../syntropy_project/models/model_10	../syntropy_project/models/model_10	sadness	0.4091578423976898	0.02235591411590576	0.004640736151486635	0.033753812313079834	0.012239018455147743	0.019047336652874947	0.4091578423976898	0.23074911534786224	0.06874449551105499	0.05111193656921387	0.06081845983862877	0.046487510204315186	0.04089374840259552
635	neutral	../syntropy_project/models/model_10	../syntropy_project/models/model_10	neutral	0.4383299946784973	0.40640750527381897	0.04835807532072067	0.4383299946784973	0.05862172320485115	0.015622989274561405	0.009127503260970116	0.011397117748856544	0.0035755441058427095	0.002332948846742511	0.003008158877491951	0.002493329579010606	0.0007252200739458203
369	neutral	../syntropy_project/models/model_10	../syntropy_project/models/model_10	neutral	0.7413724064826965	0.13701659440994263	0.06560822576284409	0.7413724064826965	0.03204411640763283	0.012128825299441814	0.0024397047236561775	0.0029028980061411858	0.0025999541394412518	0.0008251183899119496	0.0011559947161003947	0.001614703913219273	0.0002914922370109707
268	neutral	../syntropy_project/models/model_10	../syntropy_project/models/model_10	joy	0.4084338843822479	0.4084338843822479	0.1409866064786911	0.37389856576919556	0.05869251862168312	0.010819400660693645	0.0013185882708057761	0.002101516118273139	0.001728805829770863	0.0006533439154736698	0.0006447408813983202	0.0005669711972586811	0.00015504630573559552
655	neutral	../syntropy_project/models/model_10	../syntropy_project/models/model_10	neutral	0.5936685800552368	0.1280590295791626	0.04951858893036842	0.5936685800552368	0.06174268573522568	0.11558835208415985	0.012933706864714622	0.010372879914939404	0.011288383044302464	0.005849933251738548	0.005292711779475212	0.005309962201863527	0.00037516289739869535
819	joy	../syntropy_project/models/model_10	../syntropy_project/models/model_10	pride	0.4328732192516327	0.31732070446014404	0.10588366538286209	0.1256079524755478	0.4328732192516327	0.004104537423700094	0.0013448592508211732	0.009770800359547138	0.0007942316588014364	0.0008097037789411843	0.0005527713801711798	0.0004208918253425509	0.0005167853087186813
822	excitement	../syntropy_project/models/model_10	../syntropy_project/models/model_10	neutral	0.2558705806732178	0.17507116496562958	0.20125535130500793	0.2558705806732178	0.24676768481731415	0.044135384261608124	0.004515583626925945	0.02772444859147072	0.01918584108352661	0.010387605056166649	0.004634163808077574	0.0056800032034516335	0.004772190935909748
953	pride	../syntropy_project/models/model_10	../syntropy_project/models/model_10	pride	0.8418337106704712	0.004228096455335617	0.13454186916351318	0.0026799452025443316	0.8418337106704712	0.003614456858485937	0.00020737758313771337	0.010015174746513367	0.00010258075053570792	0.0012584595242515206	0.0005266082007437944	0.0002222531329607591	0.0007694210507906973
46	nervousness	../syntropy_project/models/model_10	../syntropy_project/models/model_10	pride	0.8079262375831604	0.005505250301212072	0.1307845264673233	0.006317704916000366	0.8079262375831604	0.01010536402463913	0.000511480844579637	0.03305201604962349	0.0004064784443471581	0.0022231547627598047	0.0014219196746125817	0.0005584830068983138	0.0011875071795657277
349	surprise	../syntropy_project/models/model_10	../syntropy_project/models/model_10	excitement	0.4191129803657532	0.2878358066082001	0.4191129803657532	0.09925299882888794	0.15338565409183502	0.03362131491303444	0.0011192201636731625	0.0024662173818796873	0.0009166854433715343	0.000864210887812078	0.0006937063299119473	0.0005435157800093293	0.00018776893557514995
1098	neutral	../syntropy_project/models/model_10	../syntropy_project/models/model_10	neutral	0.5778810977935791	0.24109265208244324	0.11107722669839859	0.5778810977935791	0.04789329692721367	0.00972278043627739	0.003134945873171091	0.004526178818196058	0.0016037793830037117	0.0005335703608579934	0.0008503652061335742	0.0013448104728013277	0.000339224876370281
876	disgust	../syntropy_project/models/model_10	../syntropy_project/models/model_10	disgust	0.22920912504196167	0.045240018516778946	0.03071228414773941	0.10281878709793091	0.03500984609127045	0.04057560861110687	0.14517967402935028	0.10306841880083084	0.03284832835197449	0.09919969737529755	0.22920912504196167	0.026100095361471176	0.11003803461790085
773	pride	../syntropy_project/models/model_10	../syntropy_project/models/model_10	joy	0.30452853441238403	0.30452853441238403	0.26981592178344727	0.1745842844247818	0.1667885184288025	0.05944748967885971	0.0027978357393294573	0.007771932519972324	0.003639721544459462	0.0027808204758912325	0.0045151486992836	0.0020613211672753096	0.0012684144312515855
195	neutral	../syntropy_project/models/model_10	../syntropy_project/models/model_10	neutral	0.43464696407318115	0.1611422449350357	0.13190901279449463	0.43464696407318115	0.14834636449813843	0.014548692852258682	0.01057861652225256	0.07857204973697662	0.005878320895135403	0.0030710285063833	0.005518338643014431	0.004254951141774654	0.001533419475890696
102	pride	../syntropy_project/models/model_10	../syntropy_project/models/model_10	joy	0.49569037556648254	0.49569037556648254	0.13798530399799347	0.2139062136411667	0.11428769677877426	0.024762112647294998	0.0036680197808891535	0.004059684928506613	0.0016887509264051914	0.0012008310295641422	0.0013577280333265662	0.0009350475738756359	0.00045823692926205695
4	joy	../syntropy_project/models/model_10	../syntropy_project/models/model_10	pride	0.3009991943836212	0.2682856321334839	0.16854220628738403	0.2210167795419693	0.3009991943836212	0.018746869638562202	0.004880222026258707	0.012139830738306046	0.0009144906653091311	0.001159766805358231	0.0011240052990615368	0.0013391287066042423	0.0008518209215253592
619	surprise	../syntropy_project/models/model_10	../syntropy_project/models/model_10	neutral	0.35660520195961	0.23294270038604736	0.054294560104608536	0.35660520195961	0.09946556389331818	0.0769745409488678	0.04348375275731087	0.058938924223184586	0.022983958944678307	0.018570033833384514	0.012133262120187283	0.013286531902849674	0.010321094654500484
571	excitement	../syntropy_project/models/model_10	../syntropy_project/models/model_10	joy	0.3775196671485901	0.3775196671485901	0.16822345554828644	0.25374138355255127	0.16872720420360565	0.014173462055623531	0.002734835958108306	0.010751181282103062	0.0009924719342961907	0.0007518490310758352	0.000828117597848177	0.0008195695118047297	0.0007368458318524063
52	excitement	../syntropy_project/models/model_10	../syntropy_project/models/model_10	excitement	0.39541587233543396	0.20708748698234558	0.39541587233543396	0.11677723377943039	0.24041981995105743	0.02578589878976345	0.0009232972515746951	0.01059743296355009	0.0006947832880541682	0.0007310004439204931	0.000634590454865247	0.0005812526796944439	0.00035132787888869643
263	neutral	../syntropy_project/models/model_10	../syntropy_project/models/model_10	neutral	0.34185168147087097	0.2991500496864319	0.062261514365673065	0.34185168147087097	0.2086901068687439	0.027150865644216537	0.02766995131969452	0.01421875599771738	0.004397702869027853	0.0022287536412477493	0.003400732297450304	0.004502583760768175	0.004477282054722309
1159	excitement	../syntropy_project/models/model_10	../syntropy_project/models/model_10	joy	0.38262495398521423	0.38262495398521423	0.22752277553081512	0.16832219064235687	0.20687314867973328	0.007278804667294025	0.0010281591676175594	0.0045043062418699265	0.0005873868358321488	0.0003849606146104634	0.00031283049611374736	0.00031090027187019587	0.0002494984946679324
443	joy	../syntropy_project/models/model_10	../syntropy_project/models/model_10	excitement	0.3144061863422394	0.2973116934299469	0.3144061863422394	0.14588242769241333	0.20751772820949554	0.00889679603278637	0.00230139191262424	0.014554777182638645	0.0030129579827189445	0.0022135393228381872	0.0011838842183351517	0.0014839437790215015	0.0012346119619905949
1138	joy	../syntropy_project/models/model_10	../syntropy_project/models/model_10	joy	0.31729209423065186	0.31729209423065186	0.21308036148548126	0.13400736451148987	0.31552207469940186	0.0061208102852106094	0.0012030834332108498	0.009029560722410679	0.0009697906789369881	0.0009600886842235923	0.0005995940882712603	0.0004982699174433947	0.0007169180316850543
782	nervousness	../syntropy_project/models/model_10	../syntropy_project/models/model_10	nervousness	0.8136640787124634	0.008841225877404213	0.00539507856592536	0.014467972330749035	0.008089986629784107	0.008127139881253242	0.03782782331109047	0.8136640787124634	0.017461586743593216	0.011545729823410511	0.0075191929936409	0.05067427083849907	0.01638595014810562
837	neutral	../syntropy_project/models/model_10	../syntropy_project/models/model_10	joy	0.3476238548755646	0.3476238548755646	0.07766324281692505	0.3374324440956116	0.1725628525018692	0.027209855616092682	0.014459999278187752	0.006617391481995583	0.004556267522275448	0.004246644675731659	0.0038214244414120913	0.002089700661599636	0.001716390484943986
1047	excitement	../syntropy_project/models/model_10	../syntropy_project/models/model_10	excitement	0.5601620674133301	0.07689321041107178	0.5601620674133301	0.12591859698295593	0.15090665221214294	0.05378398299217224	0.003772520925849676	0.017463482916355133	0.0029641862493008375	0.0021434295922517776	0.0023992753122001886	0.001433355500921607	0.0021592911798506975
691	joy	../syntropy_project/models/model_10	../syntropy_project/models/model_10	joy	0.5683348774909973	0.5683348774909973	0.08942811191082001	0.2328285425901413	0.09027183055877686	0.008033961057662964	0.002915681339800358	0.0028784580063074827	0.001767764682881534	0.00147924292832613	0.0009829873451963067	0.0006975707365199924	0.0003809494955930859
304	nervousness	../syntropy_project/models/model_10	../syntropy_project/models/model_10	nervousness	0.4310780465602875	0.04235359653830528	0.09895117580890656	0.043650802224874496	0.29858577251434326	0.02316935546696186	0.006013865582644939	0.4310780465602875	0.005607665050774813	0.013678922317922115	0.007708017714321613	0.0032023731619119644	0.02600039169192314
341	excitement	../syntropy_project/models/model_10	../syntropy_project/models/model_10	excitement	0.5486546754837036	0.12909811735153198	0.5486546754837036	0.09511817991733551	0.20077325403690338	0.019229674711823463	0.0006884063477627933	0.003912375308573246	0.0006555439322255552	0.0006737914518453181	0.000689530570525676	0.0002946915046777576	0.00021175933943595737
991	joy	../syntropy_project/models/model_10	../syntropy_project/models/model_10	joy	0.5168750286102295	0.5168750286102295	0.07351014763116837	0.16240930557250977	0.13080818951129913	0.031315118074417114	0.031005339697003365	0.01740640215575695	0.011548995040357113	0.010681044310331345	0.005568452645093203	0.0040209610015153885	0.00485101155936718
313	neutral	../syntropy_project/models/model_10	../syntropy_project/models/model_10	neutral	0.3432252109050751	0.25239288806915283	0.28205373883247375	0.3432252109050751	0.10214328020811081	0.0105644715949893	0.001308828010223806	0.004522216040641069	0.0010874972213059664	0.0011513243662193418	0.0008933981880545616	0.00041251000948250294	0.0002445847785566002
149	joy	../syntropy_project/models/model_10	../syntropy_project/models/model_10	joy	0.34793588519096375	0.34793588519096375	0.3064447045326233	0.1123022511601448	0.1876111626625061	0.03449394553899765	0.0006671321461908519	0.004059171769768	0.0018788896268233657	0.001991588156670332	0.0013154206098988652	0.000850628362968564	0.00044916453771293163
124	pride	../syntropy_project/models/model_10	../syntropy_project/models/model_10	pride	0.6445450782775879	0.030494799837470055	0.2513498365879059	0.021140290424227715	0.6445450782775879	0.01277780719101429	0.001001725671812892	0.030990373343229294	0.0007425948861055076	0.002822697628289461	0.0019200299866497517	0.0005869808373972774	0.0016277338145300746
1128	pride	../syntropy_project/models/model_10	../syntropy_project/models/model_10	joy	0.6019657850265503	0.6019657850265503	0.10650026053190231	0.15047414600849152	0.13109566271305084	0.004987325053662062	0.0014549912884831429	0.0017334945732727647	0.0006544183124788105	0.0004594617639668286	0.00031841243617236614	0.00022882061603013426	0.0001271367509616539
574	joy	../syntropy_project/models/model_10	../syntropy_project/models/model_10	neutral	0.244744211435318	0.16551969945430756	0.04533509910106659	0.244744211435318	0.12848709523677826	0.09161053597927094	0.05425373092293739	0.11406711488962173	0.049965035170316696	0.03406437858939171	0.033982232213020325	0.024893049150705338	0.013077874667942524
697	nervousness	../syntropy_project/models/model_10	../syntropy_project/models/model_10	nervousness	0.9286565780639648	0.002417993964627385	0.0025992996525019407	0.005194386932998896	0.0033334442414343357	0.0013194108614698052	0.009954579174518585	0.9286565780639648	0.0032593694049865007	0.003912912681698799	0.00303704384714365	0.025808293372392654	0.010506689548492432
664	pride	../syntropy_project/models/model_10	../syntropy_project/models/model_10	pride	0.2725908160209656	0.1953945904970169	0.17174232006072998	0.24337707459926605	0.2725908160209656	0.03307872638106346	0.011783733032643795	0.042519740760326385	0.005520425736904144	0.007371614221483469	0.007796854246407747	0.003478589002043009	0.005345408339053392
50	excitement	../syntropy_project/models/model_10	../syntropy_project/models/model_10	excitement	0.2840433418750763	0.10563760995864868	0.2840433418750763	0.11857786029577255	0.2792719006538391	0.15478186309337616	0.0041815899312496185	0.03367588296532631	0.009149739518761635	0.004143479745835066	0.0015817461535334587	0.0027048683259636164	0.0022501221392303705
1125	pride	../syntropy_project/models/model_10	../syntropy_project/models/model_10	joy	0.2855382263660431	0.2855382263660431	0.1857326626777649	0.2849193215370178	0.21606995165348053	0.007355013862252235	0.0020848140120506287	0.015157496556639671	0.0012843841686844826	0.0004939111531712115	0.0005010574823245406	0.0006545038195326924	0.00020860478980466723
726	surprise	../syntropy_project/models/model_10	../syntropy_project/models/model_10	surprise	0.7925814986228943	0.019481195136904716	0.0711003765463829	0.02932741679251194	0.050483617931604385	0.7925814986228943	0.001821763115003705	0.008643530309200287	0.01039289589971304	0.008529496379196644	0.004923580680042505	0.0017603205051273108	0.0009543681517243385
799	joy	../syntropy_project/models/model_10	../syntropy_project/models/model_10	joy	0.4382588863372803	0.4382588863372803	0.2030114382505417	0.11070159822702408	0.23567062616348267	0.003918060101568699	0.0007888780091889203	0.005396544933319092	0.0006472109234891832	0.0005494251381605864	0.00035292585380375385	0.0003397919936105609	0.00036461278796195984
833	pride	../syntropy_project/models/model_10	../syntropy_project/models/model_10	pride	0.3137708008289337	0.2539704144001007	0.2231951653957367	0.18561382591724396	0.3137708008289337	0.0053835222497582436	0.0010660848347470164	0.006606621202081442	0.0017363072838634253	0.0023423265665769577	0.0018288252176716924	0.0006973452400416136	0.0037887059152126312
353	joy	../syntropy_project/models/model_10	../syntropy_project/models/model_10	joy	0.45926207304000854	0.45926207304000854	0.09064389020204544	0.2820347249507904	0.14138692617416382	0.010746501386165619	0.004649531561881304	0.005806504283100367	0.0015266707632690668	0.0009222113294526935	0.000934310897719115	0.0012204890372231603	0.0008661840693093836
1222	joy	../syntropy_project/models/model_10	../syntropy_project/models/model_10	excitement	0.41303959488868713	0.27269724011421204	0.41303959488868713	0.11338077485561371	0.13336603343486786	0.052501726895570755	0.0008965450688265264	0.0036355119664222	0.002386215142905712	0.0026927136350423098	0.002488266211003065	0.0019177085487172008	0.000997690367512405
142	fear	../syntropy_project/models/model_10	../syntropy_project/models/model_10	fear	0.6398798823356628	0.01154660526663065	0.003017731476575136	0.04296979680657387	0.010353701189160347	0.012133575044572353	0.04084977135062218	0.13461579382419586	0.04391196742653847	0.020907504484057426	0.026946237310767174	0.6398798823356628	0.012867504730820656
470	surprise	../syntropy_project/models/model_10	../syntropy_project/models/model_10	neutral	0.18122202157974243	0.1115146055817604	0.018278000876307487	0.18122202157974243	0.11315831542015076	0.08320682495832443	0.09342312067747116	0.09458044171333313	0.11935923993587494	0.08695487678050995	0.04693601652979851	0.02293960005044937	0.028427017852663994
882	joy	../syntropy_project/models/model_10	../syntropy_project/models/model_10	nervousness	0.42182451486587524	0.057852353900671005	0.03553641587495804	0.17155100405216217	0.07093612849712372	0.03961125388741493	0.040432754904031754	0.42182451486587524	0.031075498089194298	0.019314762204885483	0.015061321668326855	0.08150757104158401	0.015296409837901592
653	pride	../syntropy_project/models/model_10	../syntropy_project/models/model_10	excitement	0.3128085732460022	0.30534178018569946	0.3128085732460022	0.14310982823371887	0.20432120561599731	0.02478944882750511	0.0009038240532390773	0.0029072545003145933	0.0012801060220226645	0.0017712697153910995	0.0015885374741628766	0.0007250769413076341	0.00045302812941372395
399	nervousness	../syntropy_project/models/model_10	../syntropy_project/models/model_10	nervousness	0.3157779574394226	0.029293594881892204	0.036449234932661057	0.06862586736679077	0.12470655143260956	0.022772932425141335	0.08706571906805038	0.3157779574394226	0.04637709632515907	0.08407633751630783	0.07577820122241974	0.026296760886907578	0.08277974277734756
1072	neutral	../syntropy_project/models/model_10	../syntropy_project/models/model_10	neutral	0.3603525757789612	0.2783951461315155	0.159572571516037	0.3603525757789612	0.16931863129138947	0.015482482500374317	0.002814178355038166	0.008537210524082184	0.0019489143742248416	0.0010923320660367608	0.0011125047458335757	0.0009310305467806756	0.00044243709999136627
1219	anger	../syntropy_project/models/model_10	../syntropy_project/models/model_10	neutral	0.43440648913383484	0.1577165275812149	0.0552854984998703	0.43440648913383484	0.07746858149766922	0.09369406849145889	0.05337516963481903	0.04467898607254028	0.028519410640001297	0.007668149657547474	0.02199612930417061	0.0196756049990654	0.005515334662050009
320	joy	../syntropy_project/models/model_10	../syntropy_project/models/model_10	neutral	0.31628718972206116	0.14086270332336426	0.26125645637512207	0.31628718972206116	0.19222259521484375	0.056833844631910324	0.0027385028079152107	0.021654268726706505	0.002385466592386365	0.0009364357101731002	0.0015024387976154685	0.0026191778015345335	0.0007009648252278566
19	joy	../syntropy_project/models/model_10	../syntropy_project/models/model_10	joy	0.4036237299442291	0.4036237299442291	0.14442749321460724	0.14669391512870789	0.22921331226825714	0.05056915059685707	0.006674280855804682	0.008735914714634418	0.002296543214470148	0.0022441570181399584	0.0018939058063551784	0.0020247064530849457	0.0016028396785259247
684	pride	../syntropy_project/models/model_10	../syntropy_project/models/model_10	pride	0.33996516466140747	0.32308048009872437	0.16473689675331116	0.15833847224712372	0.33996516466140747	0.004833401646465063	0.0006050643278285861	0.006029399577528238	0.0007058348855935037	0.0006712247850373387	0.0005115221138112247	0.00031083059730008245	0.0002116361865773797
35	anger	../syntropy_project/models/model_10	../syntropy_project/models/model_10	anger	0.7105522751808167	0.005811551120132208	0.004214485641568899	0.014158135280013084	0.005068001803010702	0.005779039580374956	0.0177826676517725	0.019088122993707657	0.03828844800591469	0.020494181662797928	0.14758139848709106	0.011181699112057686	0.7105522751808167
824	excitement	../syntropy_project/models/model_10	../syntropy_project/models/model_10	excitement	0.44799813628196716	0.10155462473630905	0.44799813628196716	0.19267617166042328	0.21198315918445587	0.026713931933045387	0.0008792646112851799	0.012182958424091339	0.0013516579056158662	0.002138450974598527	0.0010916030732914805	0.0008098790422081947	0.0006201364449225366
902	neutral	../syntropy_project/models/model_10	../syntropy_project/models/model_10	neutral	0.4554164707660675	0.20956239104270935	0.23528647422790527	0.4554164707660675	0.07231427729129791	0.01915290765464306	0.0018700051587074995	0.0018611813429743052	0.0019003376364707947	0.0008698488236404955	0.001113829086534679	0.000553026853594929	9.917183342622593e-05
505	pride	../syntropy_project/models/model_10	../syntropy_project/models/model_10	pride	0.6854710578918457	0.01418155524879694	0.12548436224460602	0.029068879783153534	0.6854710578918457	0.01883109100162983	0.0010228290921077132	0.10800005495548248	0.002070978283882141	0.005486248526722193	0.002804775023832917	0.005546124652028084	0.002032001968473196
827	joy	../syntropy_project/models/model_10	../syntropy_project/models/model_10	neutral	0.43111652135849	0.3496018946170807	0.11643388867378235	0.43111652135849	0.06907472014427185	0.026268864050507545	0.0020362338982522488	0.0017600232968106866	0.0015370342880487442	0.0008444366394542158	0.0007236224482767284	0.000480717106256634	0.0001220681588165462
1137	joy	../syntropy_project/models/model_10	../syntropy_project/models/model_10	joy	0.5887606143951416	0.5887606143951416	0.11469102650880814	0.18558566272258759	0.08817866444587708	0.016397956758737564	0.0012077968567609787	0.001250551431439817	0.001258918084204197	0.0010922752553597093	0.0010574364569038153	0.0004051708965562284	0.0001139077139669098
407	excitement	../syntropy_project/models/model_10	../syntropy_project/models/model_10	pride	0.48938462138175964	0.16221843659877777	0.20980077981948853	0.11497117578983307	0.48938462138175964	0.008039652369916439	0.0008581862784922123	0.010080035775899887	0.0012271760497242212	0.0011651425156742334	0.0005603903555311263	0.0007649933104403317	0.0009294009068980813
920	joy	../syntropy_project/models/model_10	../syntropy_project/models/model_10	neutral	0.46317097544670105	0.24651889503002167	0.18252825736999512	0.46317097544670105	0.08495047688484192	0.015002245083451271	0.001402683206833899	0.003425339702516794	0.0012670053401961923	0.0005711926496587694	0.0005089312908239663	0.000480566086480394	0.00017346968525089324
817	neutral	../syntropy_project/models/model_10	../syntropy_project/models/model_10	joy	0.5797173976898193	0.5797173976898193	0.14350508153438568	0.17527933418750763	0.0773177221417427	0.016311688348650932	0.002112104557454586	0.0016884522046893835	0.0015650754794478416	0.0009804846486076713	0.0007237173849716783	0.0006052383105270565	0.00019376575073692948
866	surprise	../syntropy_project/models/model_10	../syntropy_project/models/model_10	excitement	0.40426871180534363	0.10362888127565384	0.40426871180534363	0.2975413203239441	0.139499694108963	0.029774216935038567	0.002706999657675624	0.013718735426664352	0.0027115161065012217	0.001862078788690269	0.0017501197289675474	0.0013904646039009094	0.0011471507605165243
537	neutral	../syntropy_project/models/model_10	../syntropy_project/models/model_10	neutral	0.6481862664222717	0.10974998027086258	0.04801766946911812	0.6481862664222717	0.06936038285493851	0.03230131044983864	0.01662123017013073	0.04394714906811714	0.008357085287570953	0.003953100182116032	0.004054386168718338	0.012581049464643002	0.0028704425785690546
758	pride	../syntropy_project/models/model_10	../syntropy_project/models/model_10	neutral	0.3992328643798828	0.15355178713798523	0.08002111315727234	0.3992328643798828	0.28289595246315	0.017499353736639023	0.00811611395329237	0.03460773825645447	0.003028976498171687	0.0037083651404827833	0.004417982883751392	0.004769170191138983	0.008150448091328144
1134	surprise	../syntropy_project/models/model_10	../syntropy_project/models/model_10	pride	0.3220214545726776	0.2448207288980484	0.24330386519432068	0.15383976697921753	0.3220214545726776	0.02170613966882229	0.0012754090130329132	0.007937852293252945	0.0018132845871150494	0.0011973707005381584	0.0007508620037697256	0.0007245823508128524	0.0006086952053010464
1011	pride	../syntropy_project/models/model_10	../syntropy_project/models/model_10	excitement	0.2989431917667389	0.23010371625423431	0.2989431917667389	0.20828257501125336	0.2007610946893692	0.03784741461277008	0.0013721776194870472	0.012170898728072643	0.00243607209995389	0.0032109757885336876	0.0019360054284334183	0.0010875262087211013	0.0018483608728274703
38	nervousness	../syntropy_project/models/model_10	../syntropy_project/models/model_10	nervousness	0.4045686721801758	0.02311323769390583	0.005978198256343603	0.0165757667273283	0.04131293296813965	0.002752062166109681	0.039582688361406326	0.4045686721801758	0.013884452171623707	0.06188645213842392	0.05329257622361183	0.01637210324406624	0.3206808567047119
175	pride	../syntropy_project/models/model_10	../syntropy_project/models/model_10	joy	0.48535647988319397	0.48535647988319397	0.10223820060491562	0.24549072980880737	0.12505419552326202	0.020593082532286644	0.0047697750851511955	0.007184966932982206	0.0026544909924268723	0.002358343917876482	0.0022068785037845373	0.0012302021495997906	0.0008627055794931948
245	joy	../syntropy_project/models/model_10	../syntropy_project/models/model_10	joy	0.3725634217262268	0.3725634217262268	0.08666960150003433	0.31293559074401855	0.13669133186340332	0.024431541562080383	0.011652609333395958	0.01907157711684704	0.007423969451338053	0.009902087040245533	0.011784946545958519	0.003930016420781612	0.0029432051815092564
810	pride	../syntropy_project/models/model_10	../syntropy_project/models/model_10	joy	0.3796163499355316	0.3796163499355316	0.13114815950393677	0.2418697029352188	0.21699346601963043	0.014816121198236942	0.0018615577137097716	0.008291204459965229	0.0017722186166793108	0.0012267419369891286	0.0010711043141782284	0.0008573354571126401	0.00047602455015294254
1151	joy	../syntropy_project/models/model_10	../syntropy_project/models/model_10	neutral	0.4149291515350342	0.295220285654068	0.06278106570243835	0.4149291515350342	0.12698283791542053	0.05015252158045769	0.011089911684393883	0.014338361099362373	0.01025438867509365	0.006027916446328163	0.0035228997003287077	0.003829414024949074	0.0008711526170372963
1083	pride	../syntropy_project/models/model_10	../syntropy_project/models/model_10	excitement	0.3198426365852356	0.180649533867836	0.3198426365852356	0.2127792090177536	0.2468891441822052	0.01920817233622074	0.001676935818977654	0.014210879802703857	0.00102843320928514	0.0009058683062903583	0.0009660250507295132	0.0010273921070620418	0.0008157283300533891
1168	joy	../syntropy_project/models/model_10	../syntropy_project/models/model_10	joy	0.3363327980041504	0.3363327980041504	0.15267080068588257	0.24369168281555176	0.20626948773860931	0.03535638004541397	0.0031933155842125416	0.0113237164914608	0.002347175730392337	0.003027568571269512	0.002297807252034545	0.0025451176334172487	0.0009440729045309126
784	embarrassment	../syntropy_project/models/model_10	../syntropy_project/models/model_10	anger	0.2727203965187073	0.020771395415067673	0.0067125423811376095	0.04029460996389389	0.01641130819916725	0.004684309009462595	0.06187882274389267	0.159312441945076	0.0259876549243927	0.09766526520252228	0.2558193802833557	0.037741970270872116	0.2727203965187073
1256	neutral	../syntropy_project/models/model_10	../syntropy_project/models/model_10	pride	0.7852833867073059	0.08291523903608322	0.07379231601953506	0.03956732898950577	0.7852833867073059	0.0037936754524707794	0.0007694019586779177	0.010013164021074772	0.0005598858115263283	0.001425510854460299	0.0006248068530112505	0.0004694315430242568	0.0007857856107875705
489	neutral	../syntropy_project/models/model_10	../syntropy_project/models/model_10	neutral	0.7413415312767029	0.11140148341655731	0.06500818580389023	0.7413415312767029	0.02072998695075512	0.038623612374067307	0.0054481057450175285	0.005892268382012844	0.004846568219363689	0.001243263715878129	0.0017201077425852418	0.003524213330820203	0.00022076973982620984
154	excitement	../syntropy_project/models/model_10	../syntropy_project/models/model_10	excitement	0.44483673572540283	0.24673965573310852	0.44483673572540283	0.134381502866745	0.10950296372175217	0.05050863325595856	0.0010991531889885664	0.0045205214992165565	0.0019154970068484545	0.0017396213952451944	0.0022941352799534798	0.0014782303478568792	0.0009833642980083823
638	anger	../syntropy_project/models/model_10	../syntropy_project/models/model_10	anger	0.9084594249725342	0.0013268804177641869	0.0026608831249177456	0.003231091657653451	0.0023228521458804607	0.0005511540221050382	0.010777420364320278	0.024981850758194923	0.0010727859335020185	0.003634617431089282	0.03667406365275383	0.004306922201067209	0.9084594249725342
961	neutral	../syntropy_project/models/model_10	../syntropy_project/models/model_10	neutral	0.4860767126083374	0.23183496296405792	0.1436077356338501	0.4860767126083374	0.08404853940010071	0.022083276882767677	0.005523168947547674	0.01073481421917677	0.007513741496950388	0.004385534208267927	0.002125041326507926	0.0013692638603970408	0.0006972046103328466
662	pride	../syntropy_project/models/model_10	../syntropy_project/models/model_10	joy	0.5073649287223816	0.5073649287223816	0.08069653809070587	0.2821764051914215	0.11409700661897659	0.007906087674200535	0.0022492092102766037	0.0025194732006639242	0.0010767871281132102	0.0005501846317201853	0.0006308794836513698	0.0005292754503898323	0.0002032048359978944
853	excitement	../syntropy_project/models/model_10	../syntropy_project/models/model_10	pride	0.38940536975860596	0.124418243765831	0.07767942547798157	0.2437153458595276	0.38940536975860596	0.015374463051557541	0.004975177813321352	0.12286252528429031	0.008656184189021587	0.003654496744275093	0.0021799635142087936	0.0042954059317708015	0.002783514792099595
942	surprise	../syntropy_project/models/model_10	../syntropy_project/models/model_10	joy	0.31019294261932373	0.31019294261932373	0.17501957714557648	0.2388535887002945	0.23148462176322937	0.02964717149734497	0.0019469469552859664	0.005994031671434641	0.002477607224136591	0.0017165492754429579	0.001059877802617848	0.0009778797393664718	0.0006291574100032449
287	excitement	../syntropy_project/models/model_10	../syntropy_project/models/model_10	excitement	0.32817548513412476	0.2461974173784256	0.32817548513412476	0.28882622718811035	0.11812193691730499	0.00704472791403532	0.0010641827248036861	0.007488599978387356	0.0009455221588723361	0.00046271178871393204	0.00044538636575452983	0.0006248983554542065	0.0006028502830304205
625	excitement	../syntropy_project/models/model_10	../syntropy_project/models/model_10	joy	0.42021262645721436	0.42021262645721436	0.1770126074552536	0.2949092984199524	0.08624333143234253	0.017711827531456947	0.0007986490963958204	0.0006848245393484831	0.0008827304118312895	0.0005679899477399886	0.00041969973244704306	0.00046843805466778576	8.797742339083925e-05
1196	joy	../syntropy_project/models/model_10	../syntropy_project/models/model_10	joy	0.3182675540447235	0.3182675540447235	0.2344793677330017	0.10768479853868484	0.30879396200180054	0.01891501061618328	0.000960680830758065	0.006163768004626036	0.001696981256827712	0.0013420655159279704	0.0007948526181280613	0.0004118893120903522	0.0004891036078333855
685	joy	../syntropy_project/models/model_10	../syntropy_project/models/model_10	joy	0.4986841380596161	0.4986841380596161	0.10553447902202606	0.2755535840988159	0.09464062750339508	0.01754586026072502	0.0029987755697220564	0.0015864316374063492	0.0011554795783013105	0.0007628074381500483	0.0007005591760389507	0.0006906602648086846	0.00014663847105111927
1080	neutral	../syntropy_project/models/model_10	../syntropy_project/models/model_10	neutral	0.5423231720924377	0.177901491522789	0.14869163930416107	0.5423231720924377	0.08420759439468384	0.021553192287683487	0.002491789171472192	0.013805355876684189	0.003475387580692768	0.0012598932953551412	0.0014296333538368344	0.0020499478559941053	0.0008108949987217784
986	neutral	../syntropy_project/models/model_10	../syntropy_project/models/model_10	neutral	0.39320939779281616	0.2870895266532898	0.0896422415971756	0.39320939779281616	0.13875693082809448	0.027285942807793617	0.010988261550664902	0.0371549054980278	0.00531774340197444	0.0032949699088931084	0.003073989413678646	0.003016278613358736	0.0011697830632328987
569	joy	../syntropy_project/models/model_10	../syntropy_project/models/model_10	neutral	0.32994070649147034	0.12267492711544037	0.16909335553646088	0.32994070649147034	0.1200593113899231	0.04478338360786438	0.03748934343457222	0.12358000129461288	0.010115406475961208	0.01169690489768982	0.00959109514951706	0.009986099787056446	0.010989367961883545
1213	excitement	../syntropy_project/models/model_10	../syntropy_project/models/model_10	joy	0.33612093329429626	0.33612093329429626	0.2529822885990143	0.3007485270500183	0.08467349410057068	0.01728016324341297	0.0011666507925838232	0.003021592041477561	0.0015440275892615318	0.0007588888402096927	0.0009747383301146328	0.0005612359382212162	0.00016736387624405324
734	excitement	../syntropy_project/models/model_10	../syntropy_project/models/model_10	pride	0.36051827669143677	0.07572753727436066	0.18305560946464539	0.07389550656080246	0.36051827669143677	0.05421535670757294	0.00693740788847208	0.20442651212215424	0.005300844553858042	0.00923793576657772	0.008111037313938141	0.007614813279360533	0.010959130711853504
792	pride	../syntropy_project/models/model_10	../syntropy_project/models/model_10	neutral	0.2952651381492615	0.08816960453987122	0.048025526106357574	0.2952651381492615	0.2683873772621155	0.0213787704706192	0.02976854518055916	0.11889900267124176	0.03522178530693054	0.015442638657987118	0.018416956067085266	0.016601745039224625	0.0444229394197464
17	sadness	../syntropy_project/models/model_10	../syntropy_project/models/model_10	sadness	0.32243120670318604	0.03987913951277733	0.0057255784049630165	0.043910857290029526	0.02091085910797119	0.01696092262864113	0.32243120670318604	0.2772092819213867	0.061291228979825974	0.04776674136519432	0.06086812913417816	0.05296887829899788	0.05007709190249443
127	neutral	../syntropy_project/models/model_10	../syntropy_project/models/model_10	neutral	0.5073015093803406	0.32622551918029785	0.05298250541090965	0.5073015093803406	0.08260630071163177	0.0074359942227602005	0.009816945530474186	0.006583501119166613	0.0019004771020263433	0.0006012532394379377	0.0012075002305209637	0.0022465756628662348	0.0010918918997049332
322	confusion	../syntropy_project/models/model_10	../syntropy_project/models/model_10	nervousness	0.2028803676366806	0.12618017196655273	0.0930834412574768	0.1458156257867813	0.13824814558029175	0.04737871140241623	0.0853004902601242	0.2028803676366806	0.09816158562898636	0.02507871203124523	0.020201049745082855	0.011742002330720425	0.005929641891270876
255	nervousness	../syntropy_project/models/model_10	../syntropy_project/models/model_10	nervousness	0.7664510011672974	0.00774724967777729	0.00449642026796937	0.015187840908765793	0.009059530682861805	0.00443744333460927	0.04740966111421585	0.7664510011672974	0.013037384487688541	0.017274485900998116	0.017312832176685333	0.0612487755715847	0.036337338387966156
1046	joy	../syntropy_project/models/model_10	../syntropy_project/models/model_10	joy	0.40878620743751526	0.40878620743751526	0.16829125583171844	0.25075963139533997	0.1588541716337204	0.006527565885335207	0.0009957874426618218	0.003325996221974492	0.0007038365001790226	0.000601036474108696	0.0005821424419991672	0.0003174975863657892	0.0002548511838540435
982	nervousness	../syntropy_project/models/model_10	../syntropy_project/models/model_10	nervousness	0.8186870217323303	0.003353538690134883	0.0017238297732546926	0.007102008443325758	0.003508000634610653	0.0015194019069895148	0.03166872262954712	0.8186870217323303	0.0064502013847231865	0.009142478927969933	0.013743221759796143	0.07000792771577835	0.0330936424434185
927	neutral	../syntropy_project/models/model_10	../syntropy_project/models/model_10	nervousness	0.5077894926071167	0.04043082520365715	0.018019158393144608	0.09547318518161774	0.02138921059668064	0.018419452011585236	0.08102394640445709	0.5077894926071167	0.05008019506931305	0.01604282669723034	0.011618021875619888	0.1191745176911354	0.020539065822958946
980	neutral	../syntropy_project/models/model_10	../syntropy_project/models/model_10	neutral	0.6465409994125366	0.24145624041557312	0.08041973412036896	0.6465409994125366	0.020050711929798126	0.007226197514683008	0.0008905667345970869	0.0007470371783711016	0.001229819725267589	0.0003091924299951643	0.0004360172606538981	0.0006433113594539464	5.0075130275217816e-05
1249	joy	../syntropy_project/models/model_10	../syntropy_project/models/model_10	neutral	0.4923775792121887	0.34733083844184875	0.1038237065076828	0.4923775792121887	0.03718137368559837	0.014328970573842525	0.0015416675014421344	0.0009380360716022551	0.0011757875327020884	0.0003934389096684754	0.0004527214914560318	0.0003904422919731587	6.537957960972562e-05
190	joy	../syntropy_project/models/model_10	../syntropy_project/models/model_10	excitement	0.3019791543483734	0.2534525394439697	0.3019791543483734	0.2200138419866562	0.19822530448436737	0.018037470057606697	0.0010209813481196761	0.004942846018821001	0.0006125234067440033	0.0006269595469348133	0.0006309679010882974	0.00030779026565141976	0.00014956759696360677
115	neutral	../syntropy_project/models/model_10	../syntropy_project/models/model_10	neutral	0.5235391855239868	0.1513175517320633	0.19854728877544403	0.5235391855239868	0.09929931908845901	0.01835014298558235	0.0020577111281454563	0.003921583294868469	0.000834653910715133	0.00026977862580679357	0.0007973663741722703	0.0007831156253814697	0.0002823373069986701
992	pride	../syntropy_project/models/model_10	../syntropy_project/models/model_10	pride	0.25121328234672546	0.2469555139541626	0.19571447372436523	0.14840416610240936	0.25121328234672546	0.037718310952186584	0.012606445699930191	0.06805341690778732	0.003589018015190959	0.007501841522753239	0.008295510895550251	0.004578863736242056	0.015369090251624584
1243	neutral	../syntropy_project/models/model_10	../syntropy_project/models/model_10	neutral	0.40507572889328003	0.029580719769001007	0.014516373164951801	0.40507572889328003	0.02105841226875782	0.017347026616334915	0.06107285991311073	0.11809499561786652	0.04787961766123772	0.024666408076882362	0.05588492006063461	0.13728825747966766	0.06753476709127426
1007	excitement	../syntropy_project/models/model_10	../syntropy_project/models/model_10	neutral	0.5320541858673096	0.2942631244659424	0.1169750764966011	0.5320541858673096	0.0369608998298645	0.014159047044813633	0.0012291630264371634	0.0013253925135359168	0.0013570942683145404	0.000563470704946667	0.0005216888384893537	0.0004899915657006204	0.00010095129255205393
606	pride	../syntropy_project/models/model_10	../syntropy_project/models/model_10	pride	0.7549139261245728	0.022642213851213455	0.12300930917263031	0.03031245619058609	0.7549139261245728	0.01588594913482666	0.0008034133352339268	0.04646286740899086	0.0009550537215545774	0.0022616342175751925	0.0007386025390587747	0.0007815581047907472	0.0012328870361670852
180	excitement	../syntropy_project/models/model_10	../syntropy_project/models/model_10	pride	0.557584285736084	0.03982862830162048	0.3280095160007477	0.03271431848406792	0.557584285736084	0.010678386315703392	0.000516478146892041	0.026687780395150185	0.0006415499374270439	0.0011307226959615946	0.0005461805849336088	0.0005226912908256054	0.0011393693275749683
301	neutral	../syntropy_project/models/model_10	../syntropy_project/models/model_10	neutral	0.8092818856239319	0.059308215975761414	0.018640318885445595	0.8092818856239319	0.029510684311389923	0.009182805195450783	0.014599569141864777	0.03116604872047901	0.010375882498919964	0.0015042969025671482	0.002546904608607292	0.011915537528693676	0.00196790206246078
496	joy	../syntropy_project/models/model_10	../syntropy_project/models/model_10	joy	0.5254854559898376	0.5254854559898376	0.09625861048698425	0.15758366882801056	0.20526503026485443	0.010341913439333439	0.001493763760663569	0.0017798226326704025	0.0005022296099923551	0.0005188982468098402	0.0003689223376568407	0.0003217583289369941	7.993844337761402e-05
348	joy	../syntropy_project/models/model_10	../syntropy_project/models/model_10	pride	0.42767688632011414	0.2707306146621704	0.1780373603105545	0.07477998733520508	0.42767688632011414	0.016165567561984062	0.002192796440795064	0.02064044587314129	0.0019285735907033086	0.0029892143793404102	0.0018085577758029103	0.0009364071884192526	0.0021135371644049883
1099	sadness	../syntropy_project/models/model_10	../syntropy_project/models/model_10	nervousness	0.48313161730766296	0.040640272200107574	0.01242423988878727	0.11848392337560654	0.01889784075319767	0.014945418573915958	0.15005788207054138	0.48313161730766296	0.041281405836343765	0.02620488591492176	0.026615532115101814	0.04386350139975548	0.023453442379832268
36	pride	../syntropy_project/models/model_10	../syntropy_project/models/model_10	pride	0.4145369529724121	0.20384106040000916	0.2029726654291153	0.11938337981700897	0.4145369529724121	0.006678406149148941	0.0025064980145543814	0.040293581783771515	0.0016409273957833648	0.001895315945148468	0.0029314442072063684	0.0014478793600574136	0.0018718367209658027
744	pride	../syntropy_project/models/model_10	../syntropy_project/models/model_10	pride	0.6594902873039246	0.04672714322805405	0.07481420785188675	0.05423060804605484	0.6594902873039246	0.012054907158017159	0.004101438447833061	0.12960320711135864	0.0025058980099856853	0.0070808944292366505	0.002898207865655422	0.0020751249976456165	0.004418025258928537
1148	neutral	../syntropy_project/models/model_10	../syntropy_project/models/model_10	joy	0.3676943778991699	0.3676943778991699	0.24029946327209473	0.19195300340652466	0.17010387778282166	0.019189316779375076	0.00202092039398849	0.004942259285598993	0.0013811466051265597	0.000831334968097508	0.0008497806265950203	0.0005613012472167611	0.0001732297969283536
1053	excitement	../syntropy_project/models/model_10	../syntropy_project/models/model_10	excitement	0.889063835144043	0.025804854929447174	0.889063835144043	0.03227502107620239	0.028319040313363075	0.008274232968688011	0.00035126489819958806	0.013714653439819813	0.0006080557941459119	0.00025971836294047534	0.0002876032085623592	0.00046494536218233407	0.0005767925758846104
517	joy	../syntropy_project/models/model_10	../syntropy_project/models/model_10	disgust	0.6582090258598328	0.00429528346285224	0.006831208243966103	0.02595691755414009	0.00550040090456605	0.009485717862844467	0.02224055677652359	0.022330839186906815	0.01084967516362667	0.03840266168117523	0.6582090258598328	0.03562082722783089	0.1602768748998642
372	pride	../syntropy_project/models/model_10	../syntropy_project/models/model_10	neutral	0.4814046025276184	0.14341086149215698	0.22599683701992035	0.4814046025276184	0.10562869906425476	0.012471095658838749	0.0028036199510097504	0.02357938140630722	0.0012988883536309004	0.0007478255429305136	0.0008045381400734186	0.0014298481401056051	0.00042380637023597956
45	neutral	../syntropy_project/models/model_10	../syntropy_project/models/model_10	excitement	0.4840506911277771	0.054960452020168304	0.4840506911277771	0.08147992193698883	0.039509888738393784	0.31593793630599976	0.0013601754326373339	0.011468643322587013	0.004971629939973354	0.0018458171980455518	0.0018163237255066633	0.0016732120420783758	0.0009252717136405408
476	joy	../syntropy_project/models/model_10	../syntropy_project/models/model_10	joy	0.3619365096092224	0.3619365096092224	0.23767182230949402	0.30591556429862976	0.07508423179388046	0.012944323942065239	0.0013557205675169826	0.002657253062352538	0.0008692360133863986	0.0005639217561110854	0.0004541049711406231	0.0003628080594353378	0.000184548000106588
157	nervousness	../syntropy_project/models/model_10	../syntropy_project/models/model_10	confusion	0.5624083876609802	0.013311174698174	0.002384187187999487	0.018508369103074074	0.040962688624858856	0.05440247058868408	0.016381457448005676	0.17628233134746552	0.5624083876609802	0.08080700039863586	0.011277532204985619	0.010579599998891354	0.012694794684648514
1111	excitement	../syntropy_project/models/model_10	../syntropy_project/models/model_10	neutral	0.3334735333919525	0.32640767097473145	0.1450510174036026	0.3334735333919525	0.1583915799856186	0.019231503829360008	0.004016237333416939	0.006617760751396418	0.0024493189994245768	0.0010497703915461898	0.0010565216653048992	0.001491037430241704	0.0007640713592991233
171	pride	../syntropy_project/models/model_10	../syntropy_project/models/model_10	pride	0.5433003306388855	0.13014930486679077	0.16428916156291962	0.08960903435945511	0.5433003306388855	0.02080615982413292	0.003739026142284274	0.03804329037666321	0.0018265428952872753	0.0031317141838371754	0.002126071136444807	0.001336302375420928	0.0016429763054475188
16	neutral	../syntropy_project/models/model_10	../syntropy_project/models/model_10	pride	0.40666985511779785	0.22337231040000916	0.2521887421607971	0.08313345164060593	0.40666985511779785	0.021822622045874596	0.0010992453899234533	0.006829709745943546	0.0012544919736683369	0.0014714356511831284	0.0008830255828797817	0.0005422008107416332	0.0007329840445891023
511	nervousness	../syntropy_project/models/model_10	../syntropy_project/models/model_10	nervousness	0.5892812609672546	0.009074381552636623	0.0041628433391451836	0.027293574064970016	0.01312434021383524	0.003294437425211072	0.043371960520744324	0.5892812609672546	0.020866474136710167	0.038536734879016876	0.09445783495903015	0.03651474043726921	0.12002142518758774
48	nervousness	../syntropy_project/models/model_10	../syntropy_project/models/model_10	excitement	0.7027716040611267	0.09430892765522003	0.7027716040611267	0.07670833170413971	0.08355195075273514	0.015564655885100365	0.0008544969605281949	0.021197514608502388	0.001379561610519886	0.0010071017313748598	0.0005764516536146402	0.0009737001382745802	0.0011056476505473256
191	pride	../syntropy_project/models/model_10	../syntropy_project/models/model_10	neutral	0.3933248221874237	0.15226149559020996	0.09917177259922028	0.3933248221874237	0.07692515105009079	0.08277768641710281	0.03775615617632866	0.0769931748509407	0.009621665813028812	0.013251233845949173	0.02005097083747387	0.026164216920733452	0.011701623909175396
546	surprise	../syntropy_project/models/model_10	../syntropy_project/models/model_10	neutral	0.5521399974822998	0.20388726890087128	0.041051071137189865	0.5521399974822998	0.10827470570802689	0.022410202771425247	0.022442685440182686	0.020928069949150085	0.007708660792559385	0.003684669965878129	0.0049850731156766415	0.008789662271738052	0.003697973443195224
515	pride	../syntropy_project/models/model_10	../syntropy_project/models/model_10	joy	0.45964738726615906	0.45964738726615906	0.2511078715324402	0.1284644603729248	0.1537388116121292	0.0036026390735059977	0.0006019034772180021	0.0017192711820825934	0.00029385380912572145	0.00024584433413110673	0.0002446944417897612	0.00015529773372691125	0.00017806535470299423
658	pride	../syntropy_project/models/model_10	../syntropy_project/models/model_10	excitement	0.5095252394676208	0.0958821028470993	0.5095252394676208	0.1036030724644661	0.27713993191719055	0.0056387013755738735	0.0003938585869036615	0.0066622169688344	0.000285403715679422	0.00028270806069485843	0.000363180908607319	0.00011860872473334894	0.00010502490476937965
1043	excitement	../syntropy_project/models/model_10	../syntropy_project/models/model_10	excitement	0.8318221569061279	0.043185971677303314	0.8318221569061279	0.05116873234510422	0.04742618277668953	0.010107503272593021	0.0005026802537031472	0.013132684864103794	0.0008828045101836324	0.0004134690389037132	0.0004167977604083717	0.00038227165350690484	0.0005586931947618723
828	nervousness	../syntropy_project/models/model_10	../syntropy_project/models/model_10	nervousness	0.5765049457550049	0.013029958121478558	0.0342114120721817	0.007430861704051495	0.3137991428375244	0.009727909229695797	0.0042789047583937645	0.5765049457550049	0.0027739177457988262	0.012038376182317734	0.00583806773647666	0.004634961485862732	0.015731561928987503
1019	excitement	../syntropy_project/models/model_10	../syntropy_project/models/model_10	excitement	0.6128385663032532	0.09152901917695999	0.6128385663032532	0.11861111223697662	0.07936558127403259	0.051454946398735046	0.002932632341980934	0.027760138735175133	0.006515758577734232	0.002771246014162898	0.0018518083961680532	0.0021152806002646685	0.002253894694149494
1067	neutral	../syntropy_project/models/model_10	../syntropy_project/models/model_10	neutral	0.471815824508667	0.2931985855102539	0.10057168453931808	0.471815824508667	0.10974906384944916	0.012440436519682407	0.0029956058133393526	0.005180668085813522	0.0013344985200092196	0.0005560010322369635	0.0006636385805904865	0.0011185031617060304	0.0003755068755708635
959	neutral	../syntropy_project/models/model_10	../syntropy_project/models/model_10	neutral	0.6203488707542419	0.2440386861562729	0.08362666517496109	0.6203488707542419	0.040674228221178055	0.004802430979907513	0.0012303974945098162	0.00291055697016418	0.0010647090384736657	0.00029363110661506653	0.0003812838695012033	0.0005169753567315638	0.0001115076374844648
1198	sadness	../syntropy_project/models/model_10	../syntropy_project/models/model_10	embarrassment	0.4678506851196289	0.0026480648666620255	0.0012080242158845067	0.004685120191425085	0.03142329677939415	0.0017423916142433882	0.056075192987918854	0.1160365417599678	0.012039712630212307	0.4678506851196289	0.17838074266910553	0.02955545485019684	0.09835467487573624
283	pride	../syntropy_project/models/model_10	../syntropy_project/models/model_10	joy	0.5245280265808105	0.5245280265808105	0.1409139633178711	0.107061006128788	0.2033330649137497	0.0045613558031618595	0.0031981233041733503	0.010665607638657093	0.001174597768113017	0.0009551916737109423	0.0011106871534138918	0.0008919734391383827	0.0016064558876678348
797	joy	../syntropy_project/models/model_10	../syntropy_project/models/model_10	pride	0.6119063496589661	0.1664705127477646	0.1455150693655014	0.06240416690707207	0.6119063496589661	0.004559786058962345	0.0006290707387961447	0.006380537059158087	0.0004489356360863894	0.0006594906444661319	0.0003466296475380659	0.00033608818193897605	0.0003433875972405076
225	embarrassment	../syntropy_project/models/model_10	../syntropy_project/models/model_10	nervousness	0.29118862748146057	0.011132605373859406	0.002028786577284336	0.019380610436201096	0.03920675814151764	0.017321791499853134	0.05426058918237686	0.29118862748146057	0.18724338710308075	0.2325504869222641	0.04895726218819618	0.03199242055416107	0.0647367462515831
26	disgust	../syntropy_project/models/model_10	../syntropy_project/models/model_10	sadness	0.26288995146751404	0.051027555018663406	0.01974323019385338	0.0835009440779686	0.018254674971103668	0.026111075654625893	0.26288995146751404	0.14799870550632477	0.027257470414042473	0.04563821479678154	0.2222091406583786	0.04427120089530945	0.05109782516956329
437	neutral	../syntropy_project/models/model_10	../syntropy_project/models/model_10	neutral	0.8487968444824219	0.07753784209489822	0.025752009823918343	0.8487968444824219	0.02428419329226017	0.009316576644778252	0.0025194501504302025	0.005876983515918255	0.0012564663775265217	0.000497841218020767	0.0007835051510483027	0.0031154612079262733	0.0002627845969982445
1237	neutral	../syntropy_project/models/model_10	../syntropy_project/models/model_10	nervousness	0.2329106479883194	0.09040887653827667	0.046489063650369644	0.18658779561519623	0.17709751427173615	0.09012101590633392	0.062096044421195984	0.2329106479883194	0.023956967517733574	0.027587266638875008	0.0221732035279274	0.01568969339132309	0.024881863966584206
229	excitement	../syntropy_project/models/model_10	../syntropy_project/models/model_10	pride	0.50344318151474	0.1757689118385315	0.21671916544437408	0.08068860322237015	0.50344318151474	0.015164235606789589	0.0006640206556767225	0.0047610062174499035	0.0006147380918264389	0.0009615121525712311	0.00043917621951550245	0.0004749258514493704	0.00030056654941290617
37	neutral	../syntropy_project/models/model_10	../syntropy_project/models/model_10	pride	0.26137134432792664	0.21748022735118866	0.22414883971214294	0.1071423888206482	0.26137134432792664	0.03446836769580841	0.005565806291997433	0.09371936321258545	0.007300919387489557	0.016978304833173752	0.013712848536670208	0.006324779707938433	0.01178683526813984
749	joy	../syntropy_project/models/model_10	../syntropy_project/models/model_10	nervousness	0.5983223915100098	0.018097059801220894	0.0181609857827425	0.055148374289274216	0.011418364942073822	0.016909869387745857	0.10417371988296509	0.5983223915100098	0.021063432097434998	0.013135533779859543	0.024702314287424088	0.09260227531194687	0.02626565657556057
469	joy	../syntropy_project/models/model_10	../syntropy_project/models/model_10	joy	0.39545494318008423	0.39545494318008423	0.1372719556093216	0.3459416925907135	0.10250526666641235	0.014730207622051239	0.0010188556043431163	0.0010345637565478683	0.0007534784381277859	0.0004919384373351932	0.00037260563112795353	0.0003412644437048584	8.31754005048424e-05
1088	pride	../syntropy_project/models/model_10	../syntropy_project/models/model_10	pride	0.8266081809997559	0.007258832920342684	0.11797910183668137	0.00678092148154974	0.8266081809997559	0.0043105180375278	0.00030163791961967945	0.03401497006416321	0.00021917060075793415	0.0008928210590966046	0.000421723147155717	0.0003084399504587054	0.0009037456475198269
1251	sadness	../syntropy_project/models/model_10	../syntropy_project/models/model_10	confusion	0.33671891689300537	0.01875586435198784	0.015029259957373142	0.12197192758321762	0.02674153819680214	0.06141960620880127	0.12980130314826965	0.10745932906866074	0.33671891689300537	0.06406215578317642	0.06804937869310379	0.021528011187911034	0.028462719172239304
687	pride	../syntropy_project/models/model_10	../syntropy_project/models/model_10	pride	0.38367098569869995	0.14692257344722748	0.3395735025405884	0.09755725413560867	0.38367098569869995	0.005794317927211523	0.0006205407553352416	0.02223825454711914	0.0009021955775097013	0.0008308894466608763	0.0005314921727403998	0.0003683607210405171	0.0009896529372781515
639	joy	../syntropy_project/models/model_10	../syntropy_project/models/model_10	joy	0.5080662965774536	0.5080662965774536	0.19316346943378448	0.1678670346736908	0.11993641406297684	0.007607500534504652	0.0008075680234469473	0.0012100449530407786	0.00045702714123763144	0.0002815599727910012	0.000316604069666937	0.00021036002726759762	7.616773655172437e-05
1102	joy	../syntropy_project/models/model_10	../syntropy_project/models/model_10	joy	0.3807579576969147	0.3807579576969147	0.1423017829656601	0.3391101062297821	0.09498264640569687	0.02673507295548916	0.0065611121244728565	0.00247233547270298	0.00220307894051075	0.0016312131192535162	0.0012793212663382292	0.0014078763779252768	0.0005575738032348454
1063	pride	../syntropy_project/models/model_10	../syntropy_project/models/model_10	neutral	0.3749259412288666	0.23505446314811707	0.13579313457012177	0.3749259412288666	0.18374128639698029	0.04024805128574371	0.010709607973694801	0.009500732645392418	0.0012834774097427726	0.001399191445671022	0.0033472476061433554	0.00272270361892879	0.0012742067920044065
1235	joy	../syntropy_project/models/model_10	../syntropy_project/models/model_10	joy	0.4272862374782562	0.4272862374782562	0.10840631276369095	0.37597787380218506	0.07194598019123077	0.009058874100446701	0.0019693870563060045	0.0021167758386582136	0.001303581171669066	0.0006579314940609038	0.0005803971434943378	0.0005137489642947912	0.00018298998475074768
800	joy	../syntropy_project/models/model_10	../syntropy_project/models/model_10	joy	0.30236247181892395	0.30236247181892395	0.2798650860786438	0.21164005994796753	0.17577339708805084	0.024303557351231575	0.000893312506377697	0.002666675252839923	0.0012888794299215078	0.00042905830196104944	0.00036014127545058727	0.00029536819783970714	0.00012192935537314042
160	disgust	../syntropy_project/models/model_10	../syntropy_project/models/model_10	nervousness	0.5537233948707581	0.00972195528447628	0.005030133295804262	0.01020368654280901	0.03319194167852402	0.002513641258701682	0.04813670739531517	0.5537233948707581	0.017289921641349792	0.09300163388252258	0.09541470557451248	0.011422056704759598	0.12035020440816879
956	pride	../syntropy_project/models/model_10	../syntropy_project/models/model_10	excitement	0.43633943796157837	0.13430655002593994	0.43633943796157837	0.13488417863845825	0.23781657218933105	0.013840454630553722	0.0011686200741678476	0.03448588773608208	0.0022091728169471025	0.0012447520857676864	0.0009223498636856675	0.001070711063221097	0.001711202086880803
821	pride	../syntropy_project/models/model_10	../syntropy_project/models/model_10	pride	0.8015549778938293	0.00515966909006238	0.05418489873409271	0.0025107027031481266	0.8015549778938293	0.004098115023225546	0.0010002469643950462	0.10865655541419983	0.000315234181471169	0.006633386947214603	0.0025325247552245855	0.0009346478036604822	0.012419111095368862
1081	joy	../syntropy_project/models/model_10	../syntropy_project/models/model_10	joy	0.3449576795101166	0.3449576795101166	0.23350220918655396	0.29085201025009155	0.08783528953790665	0.035035572946071625	0.0014826374826952815	0.0013859018217772245	0.001232150592841208	0.0011954548535868526	0.0015959939919412136	0.0007440728950314224	0.00018106795323546976
877	nervousness	../syntropy_project/models/model_10	../syntropy_project/models/model_10	neutral	0.3432505130767822	0.1395997256040573	0.05577996000647545	0.3432505130767822	0.12571527063846588	0.035571806132793427	0.03211818262934685	0.17641609907150269	0.01876797340810299	0.014846310950815678	0.013822641223669052	0.026859639212489128	0.017251890152692795
913	pride	../syntropy_project/models/model_10	../syntropy_project/models/model_10	joy	0.39777323603630066	0.39777323603630066	0.110390305519104	0.18753798305988312	0.2595573961734772	0.023891981691122055	0.004785056225955486	0.007607064675539732	0.0024000571575015783	0.0016612979816272855	0.00170130783226341	0.0016458203317597508	0.0010484772501513362
152	excitement	../syntropy_project/models/model_10	../syntropy_project/models/model_10	joy	0.3247542977333069	0.3247542977333069	0.215002179145813	0.2773078680038452	0.13910016417503357	0.03303230553865433	0.002287372713908553	0.0035868298728019	0.0017031470779329538	0.0011854602489620447	0.0008539466070942581	0.0008044230635277927	0.00038198448601178825
1163	pride	../syntropy_project/models/model_10	../syntropy_project/models/model_10	excitement	0.49617815017700195	0.034638404846191406	0.49617815017700195	0.05250643566250801	0.31281933188438416	0.008205118589103222	0.0007503859815187752	0.08417531847953796	0.0011975442757830024	0.001971495570614934	0.0014488337328657508	0.0013679873663932085	0.004741022828966379
509	pride	../syntropy_project/models/model_10	../syntropy_project/models/model_10	excitement	0.32860925793647766	0.1848253309726715	0.32860925793647766	0.313270628452301	0.1379852592945099	0.009678555652499199	0.002175198635086417	0.01951732113957405	0.0009271394810639322	0.0005709227989427745	0.0009065524209290743	0.0011339872144162655	0.000399875600123778
1068	pride	../syntropy_project/models/model_10	../syntropy_project/models/model_10	pride	0.31913164258003235	0.1934041976928711	0.1575477570295334	0.1291634440422058	0.31913164258003235	0.04406515136361122	0.021063607186079025	0.09144818037748337	0.005338655784726143	0.011786689050495625	0.010952168144285679	0.005993848666548729	0.010104665532708168
103	joy	../syntropy_project/models/model_10	../syntropy_project/models/model_10	excitement	0.5296900272369385	0.2160530835390091	0.5296900272369385	0.1769077181816101	0.05107275769114494	0.019236993044614792	0.0010077757760882378	0.0011186072370037436	0.0008648246875964105	0.000885112676769495	0.002028274815529585	0.0005893838824704289	0.0005454817437566817
586	neutral	../syntropy_project/models/model_10	../syntropy_project/models/model_10	neutral	0.4935612678527832	0.23209843039512634	0.17302380502223969	0.4935612678527832	0.08142077177762985	0.010040233843028545	0.001137983170337975	0.004426219500601292	0.0020075596403330564	0.0007389111560769379	0.0005730079137720168	0.0006829843041487038	0.00028877705335617065
1272	neutral	../syntropy_project/models/model_10	../syntropy_project/models/model_10	neutral	0.3821794390678406	0.3624908924102783	0.048125509172677994	0.3821794390678406	0.11280650645494461	0.02355637028813362	0.008298110216856003	0.012842390686273575	0.026969322934746742	0.011891715228557587	0.0055312709882855415	0.003465989138931036	0.001842539757490158
53	neutral	../syntropy_project/models/model_10	../syntropy_project/models/model_10	joy	0.4146788418292999	0.4146788418292999	0.31158775091171265	0.1633056104183197	0.07942202687263489	0.026153728365898132	0.0007362744072452188	0.0013279070844873786	0.0007711296784691513	0.0006568327662535012	0.0006741646211594343	0.0005161044537089765	0.00016963346570264548
151	joy	../syntropy_project/models/model_10	../syntropy_project/models/model_10	neutral	0.23281030356884003	0.08068667352199554	0.035883594304323196	0.23281030356884003	0.1913757622241974	0.02966105006635189	0.05293910950422287	0.16498659551143646	0.041332606226205826	0.020589567720890045	0.040373723953962326	0.025475217029452324	0.08388576656579971
403	anger	../syntropy_project/models/model_10	../syntropy_project/models/model_10	nervousness	0.7864176034927368	0.00408917898312211	0.0014272043481469154	0.007080212235450745	0.010439181700348854	0.001816930016502738	0.021292315796017647	0.7864176034927368	0.015834582969546318	0.018229328095912933	0.012561837211251259	0.05185077339410782	0.06896080076694489
207	joy	../syntropy_project/models/model_10	../syntropy_project/models/model_10	pride	0.4827520251274109	0.13102878630161285	0.21610435843467712	0.10365700721740723	0.4827520251274109	0.027414172887802124	0.0026287345681339502	0.01884099841117859	0.005469361785799265	0.004227999597787857	0.002468085614964366	0.002337257843464613	0.0030711425933986902
1204	neutral	../syntropy_project/models/model_10	../syntropy_project/models/model_10	joy	0.49907535314559937	0.49907535314559937	0.08526479452848434	0.15655894577503204	0.23031122982501984	0.016626112163066864	0.002928794827312231	0.0038828158285468817	0.0015120053431019187	0.0014595190295949578	0.0009211016586050391	0.0010134432232007384	0.00044580790563486516
8	pride	../syntropy_project/models/model_10	../syntropy_project/models/model_10	neutral	0.28463634848594666	0.17406141757965088	0.07729800045490265	0.28463634848594666	0.1514258235692978	0.05794044956564903	0.04572033882141113	0.05748993530869484	0.02300354652106762	0.031159590929746628	0.05574749410152435	0.01387134287506342	0.027645708993077278
1014	confusion	../syntropy_project/models/model_10	../syntropy_project/models/model_10	nervousness	0.42598775029182434	0.022545967251062393	0.0067923543974757195	0.05168447643518448	0.018468042835593224	0.004639852792024612	0.06667308509349823	0.42598775029182434	0.026506436988711357	0.044825728982686996	0.11884843558073044	0.03719625249505043	0.1758316308259964
1060	joy	../syntropy_project/models/model_10	../syntropy_project/models/model_10	excitement	0.5216001272201538	0.13852760195732117	0.5216001272201538	0.0642215684056282	0.20900622010231018	0.0444672517478466	0.0012404172448441386	0.01276538334786892	0.001446698559448123	0.0020312462002038956	0.0020108388271182775	0.001358349691145122	0.0013242256827652454
452	joy	../syntropy_project/models/model_10	../syntropy_project/models/model_10	pride	0.3696753978729248	0.2045852690935135	0.2133345752954483	0.17001861333847046	0.3696753978729248	0.020770594477653503	0.001722548739053309	0.0127492630854249	0.001361540867947042	0.0014326353557407856	0.0014624003088101745	0.0017737377202138305	0.001113292877562344
253	joy	../syntropy_project/models/model_10	../syntropy_project/models/model_10	joy	0.3919971287250519	0.3919971287250519	0.05254184827208519	0.3791511654853821	0.11394666880369186	0.018852511420845985	0.013844369910657406	0.01849508285522461	0.0032419238705188036	0.002624065848067403	0.0020045635756105185	0.0023413964081555605	0.0009592635906301439
896	excitement	../syntropy_project/models/model_10	../syntropy_project/models/model_10	joy	0.4454825818538666	0.4454825818538666	0.2840413451194763	0.07217009365558624	0.18549984693527222	0.006749240215867758	0.0011072589550167322	0.00243736756965518	0.0005562682636082172	0.0004985593841411173	0.0006209341809153557	0.00039532792288810015	0.0004412035923451185
1113	joy	../syntropy_project/models/model_10	../syntropy_project/models/model_10	joy	0.3673342168331146	0.3673342168331146	0.16988632082939148	0.312325656414032	0.13880906999111176	0.002333324868232012	0.0010305391624569893	0.0064094178378582	0.0004052824224345386	0.0002506523160263896	0.0003871094959322363	0.0005920507828705013	0.00023641467851120979
880	pride	../syntropy_project/models/model_10	../syntropy_project/models/model_10	neutral	0.3384196162223816	0.13710644841194153	0.06945371627807617	0.3384196162223816	0.18736706674098969	0.04295989125967026	0.030748948454856873	0.04071936383843422	0.07664180546998978	0.030408432707190514	0.02634541504085064	0.010005131363868713	0.009824123233556747
1202	pride	../syntropy_project/models/model_10	../syntropy_project/models/model_10	pride	0.5246332287788391	0.13085110485553741	0.1123417541384697	0.10976971685886383	0.5246332287788391	0.00955561175942421	0.006482085213065147	0.08519139885902405	0.0009302859543822706	0.0059873503632843494	0.004718271549791098	0.001662042923271656	0.007877165451645851
623	disgust	../syntropy_project/models/model_10	../syntropy_project/models/model_10	disgust	0.770804762840271	0.013999609276652336	0.021362215280532837	0.025592833757400513	0.006475122179836035	0.0117674320936203	0.011523207649588585	0.009561956860125065	0.006277906242758036	0.02530265972018242	0.770804762840271	0.02573433332145214	0.07159797847270966
345	joy	../syntropy_project/models/model_10	../syntropy_project/models/model_10	joy	0.3765121400356293	0.3765121400356293	0.2675315737724304	0.26262152194976807	0.08419244736433029	0.005490951705724001	0.0008600448491051793	0.0012311869068071246	0.0005096037057228386	0.0003376037930138409	0.00031699988176114857	0.0002819412329699844	0.00011405022087274119
1094	neutral	../syntropy_project/models/model_10	../syntropy_project/models/model_10	neutral	0.6488359570503235	0.20129989087581635	0.06625764071941376	0.6488359570503235	0.05042099580168724	0.0156076205894351	0.005093102343380451	0.004938817583024502	0.0030400820542126894	0.0009443322196602821	0.0017854301258921623	0.0013818640727549791	0.00039431563345715404
262	excitement	../syntropy_project/models/model_10	../syntropy_project/models/model_10	joy	0.45693376660346985	0.45693376660346985	0.28202158212661743	0.10840144753456116	0.1432376503944397	0.005009206477552652	0.000535692845005542	0.0017645719926804304	0.0005217427969910204	0.0005420183297246695	0.0004845953080803156	0.00030772920581512153	0.0002399863296886906
150	neutral	../syntropy_project/models/model_10	../syntropy_project/models/model_10	neutral	0.41567617654800415	0.3049755394458771	0.18659017980098724	0.41567617654800415	0.08000453561544418	0.007691495586186647	0.000868737930431962	0.0014999248087406158	0.0013048772234469652	0.0005195053527131677	0.0004627263406291604	0.0002523097791709006	0.00015397316019516438
472	joy	../syntropy_project/models/model_10	../syntropy_project/models/model_10	neutral	0.5506079792976379	0.22727416455745697	0.10142115503549576	0.5506079792976379	0.059633851051330566	0.037545643746852875	0.006292751058936119	0.007541729137301445	0.0034330524504184723	0.0016393500845879316	0.0017708558589220047	0.0021332099568098783	0.0007062900112941861
640	pride	../syntropy_project/models/model_10	../syntropy_project/models/model_10	pride	0.7533791065216064	0.023275282233953476	0.16765688359737396	0.015571425668895245	0.7533791065216064	0.012719843536615372	0.0007048628758639097	0.019584020599722862	0.0005819915095344186	0.0027007157914340496	0.000980363111011684	0.0012533218832686543	0.0015922602033242583
1261	neutral	../syntropy_project/models/model_10	../syntropy_project/models/model_10	pride	0.3280978500843048	0.315385103225708	0.1312069147825241	0.1824066936969757	0.3280978500843048	0.012104928493499756	0.004818351939320564	0.01627354323863983	0.0013920462224632502	0.001320516224950552	0.001797861303202808	0.0015593924326822162	0.0036368072032928467
1199	excitement	../syntropy_project/models/model_10	../syntropy_project/models/model_10	joy	0.3585719168186188	0.3585719168186188	0.20168159902095795	0.166596919298172	0.24625538289546967	0.014630728401243687	0.0015615145675837994	0.006596280727535486	0.001167000737041235	0.0011240540770813823	0.000769002886954695	0.0006502371397800744	0.0003953937266487628
550	sadness	../syntropy_project/models/model_10	../syntropy_project/models/model_10	nervousness	0.3524300754070282	0.038359880447387695	0.008755343966186047	0.05330134555697441	0.024075672030448914	0.013400960713624954	0.21346181631088257	0.3524300754070282	0.07041741907596588	0.012969594448804855	0.02689041569828987	0.009569400921463966	0.1763681024312973
928	joy	../syntropy_project/models/model_10	../syntropy_project/models/model_10	joy	0.7598286271095276	0.7598286271095276	0.04654515162110329	0.1338150054216385	0.04743616282939911	0.0032480896916240454	0.002825717907398939	0.0015474837273359299	0.0012706724228337407	0.0008703094208613038	0.0011947551975026727	0.000335877324687317	0.0010821629548445344
488	nervousness	../syntropy_project/models/model_10	../syntropy_project/models/model_10	excitement	0.2860111594200134	0.09353979676961899	0.2860111594200134	0.17403475940227509	0.2715904712677002	0.0627201646566391	0.006179680582135916	0.05580196529626846	0.00843085628002882	0.012417654506862164	0.007700489833950996	0.00971168838441372	0.011861259117722511
1147	anger	../syntropy_project/models/model_10	../syntropy_project/models/model_10	nervousness	0.4144342541694641	0.02564389631152153	0.008468984626233578	0.046316564083099365	0.024628859013319016	0.014114994555711746	0.14133143424987793	0.4144342541694641	0.04660583287477493	0.09318553656339645	0.055200520902872086	0.05699821189045906	0.07307087630033493
146	neutral	../syntropy_project/models/model_10	../syntropy_project/models/model_10	pride	0.340969443321228	0.16183143854141235	0.11261550337076187	0.21717070043087006	0.340969443321228	0.02303207851946354	0.011565351858735085	0.0452972836792469	0.008062533102929592	0.011333618313074112	0.0209339689463377	0.017275089398026466	0.029912950471043587
402	joy	../syntropy_project/models/model_10	../syntropy_project/models/model_10	excitement	0.2774117887020111	0.1748938113451004	0.2774117887020111	0.08224198967218399	0.20831845700740814	0.17301525175571442	0.007517949212342501	0.03599116578698158	0.020455431193113327	0.006254966836422682	0.005175909958779812	0.002734521636739373	0.005988792050629854
954	pride	../syntropy_project/models/model_10	../syntropy_project/models/model_10	pride	0.7811546921730042	0.011892247945070267	0.1627330332994461	0.008730609901249409	0.7811546921730042	0.0053160544484853745	0.0003860538126900792	0.02627289853990078	0.0002682017220649868	0.0011681810719892383	0.0005787461414001882	0.0003341445990372449	0.001165191875770688
1194	confusion	../syntropy_project/models/model_10	../syntropy_project/models/model_10	nervousness	0.3157818019390106	0.026964791119098663	0.013230297714471817	0.16325992345809937	0.02219514735043049	0.019747138023376465	0.04154304042458534	0.3157818019390106	0.04390104115009308	0.036012113094329834	0.08950615674257278	0.20155693590641022	0.02630155347287655
659	joy	../syntropy_project/models/model_10	../syntropy_project/models/model_10	joy	0.44120100140571594	0.44120100140571594	0.14013740420341492	0.16776300966739655	0.16957728564739227	0.029084665700793266	0.021006669849157333	0.008863995783030987	0.007794003468006849	0.004696324001997709	0.003010965883731842	0.004360268358141184	0.0025043785572052
463	joy	../syntropy_project/models/model_10	../syntropy_project/models/model_10	joy	0.38276177644729614	0.38276177644729614	0.1365535855293274	0.32400691509246826	0.12907251715660095	0.021721359342336655	0.0017038545338436961	0.0011986924801021814	0.0010731943184509873	0.0006363024585880339	0.00047782729961909354	0.0007074387394823134	8.66255140863359e-05
186	surprise	../syntropy_project/models/model_10	../syntropy_project/models/model_10	pride	0.4044312536716461	0.14825111627578735	0.2335415631532669	0.10933084040880203	0.4044312536716461	0.040752049535512924	0.003188562113791704	0.04341420158743858	0.004470169544219971	0.004136625677347183	0.003323405748233199	0.002677727723494172	0.0024825052823871374
608	joy	../syntropy_project/models/model_10	../syntropy_project/models/model_10	joy	0.3517180383205414	0.3517180383205414	0.25688111782073975	0.25537416338920593	0.1190880611538887	0.011519449763000011	0.0007635214133188128	0.0014075018698349595	0.001515587791800499	0.0006525135249830782	0.000556408369448036	0.0003897484566550702	0.00013380710151977837
143	joy	../syntropy_project/models/model_10	../syntropy_project/models/model_10	joy	0.5144990086555481	0.5144990086555481	0.06553033739328384	0.12109509855508804	0.1733221709728241	0.031577881425619125	0.04720276594161987	0.02789418399333954	0.00313411932438612	0.004151562228798866	0.005203780718147755	0.003312222193926573	0.0030768183059990406
751	joy	../syntropy_project/models/model_10	../syntropy_project/models/model_10	joy	0.5041285753250122	0.5041285753250122	0.07305826246738434	0.18018761277198792	0.2237916886806488	0.009060935117304325	0.0014368462143465877	0.0034751389175653458	0.0014524500584229827	0.001287571038119495	0.0010384147753939033	0.0007175356731750071	0.00036497300607152283
981	joy	../syntropy_project/models/model_10	../syntropy_project/models/model_10	joy	0.5461841821670532	0.5461841821670532	0.08439214527606964	0.25256773829460144	0.0955740287899971	0.006506729405373335	0.0053742374293506145	0.005195841193199158	0.0009603354264982045	0.0006227102712728083	0.00114496483001858	0.0007168968440964818	0.0007600440876558423
197	joy	../syntropy_project/models/model_10	../syntropy_project/models/model_10	joy	0.4584885835647583	0.4584885835647583	0.11313101649284363	0.24101918935775757	0.14966948330402374	0.020110921934247017	0.005155055318027735	0.00704238610342145	0.0015697093913331628	0.0008994039962999523	0.0008306645322591066	0.0010309255449101329	0.0010526867117732763
883	pride	../syntropy_project/models/model_10	../syntropy_project/models/model_10	joy	0.4814039468765259	0.4814039468765259	0.08363330364227295	0.22064432501792908	0.16977138817310333	0.020880628377199173	0.005340201314538717	0.010084982961416245	0.0036907701287418604	0.001859587267972529	0.0012729375157505274	0.0011881336104124784	0.00022980582434684038
279	excitement	../syntropy_project/models/model_10	../syntropy_project/models/model_10	excitement	0.5917454361915588	0.1627630591392517	0.5917454361915588	0.13846039772033691	0.024774856865406036	0.06745705008506775	0.002178957685828209	0.0020469501614570618	0.0014106940943747759	0.0014429691946133971	0.0034069407265633345	0.0023600514978170395	0.0019525736570358276
293	excitement	../syntropy_project/models/model_10	../syntropy_project/models/model_10	neutral	0.472048282623291	0.2556192874908447	0.15765313804149628	0.472048282623291	0.07449018955230713	0.01652061752974987	0.0026815813034772873	0.014349447563290596	0.0025666733272373676	0.0014520075637847185	0.0009065631893463433	0.0013340645236894488	0.00037819641875103116
1155	pride	../syntropy_project/models/model_10	../syntropy_project/models/model_10	excitement	0.47455134987831116	0.10479624569416046	0.47455134987831116	0.14272494614124298	0.24600929021835327	0.015246543101966381	0.0005206532659940422	0.013899920508265495	0.0007781103486195207	0.00045421929098665714	0.0003258759970776737	0.000360871315933764	0.0003320907708257437
400	joy	../syntropy_project/models/model_10	../syntropy_project/models/model_10	pride	0.5109754800796509	0.21873365342617035	0.1246088296175003	0.10032153874635696	0.5109754800796509	0.0213578250259161	0.0014321093913167715	0.01631115935742855	0.0014229322550818324	0.002035261131823063	0.0011111926287412643	0.0010844585485756397	0.0006056430866010487
122	excitement	../syntropy_project/models/model_10	../syntropy_project/models/model_10	joy	0.4157521724700928	0.4157521724700928	0.28750747442245483	0.11601410806179047	0.17153280973434448	0.004079357720911503	0.0007706154137849808	0.002924630418419838	0.00041992918704636395	0.0002902151900343597	0.00026183624868281186	0.0002210528909927234	0.00022580176300834864
202	excitement	../syntropy_project/models/model_10	../syntropy_project/models/model_10	joy	0.3727501332759857	0.3727501332759857	0.23716764152050018	0.17648223042488098	0.198966383934021	0.009443465620279312	0.0007967966375872493	0.002709561726078391	0.0005314908921718597	0.0004107799322810024	0.0003455170663073659	0.0002700401237234473	0.0001259937125723809
835	excitement	../syntropy_project/models/model_10	../syntropy_project/models/model_10	excitement	0.32985809445381165	0.25793617963790894	0.32985809445381165	0.08629434555768967	0.10311885923147202	0.2128167748451233	0.0008224543416872621	0.0019237131346017122	0.002892112825065851	0.002121491590514779	0.0010096087353304029	0.0010444623185321689	0.00016195896023418754
246	excitement	../syntropy_project/models/model_10	../syntropy_project/models/model_10	excitement	0.4488701820373535	0.25114548206329346	0.4488701820373535	0.1741725504398346	0.0716032013297081	0.04216635599732399	0.001975161489099264	0.003919435199350119	0.002402419224381447	0.0009445024188607931	0.0012628766708076	0.0009860256686806679	0.0005517562385648489
1209	excitement	../syntropy_project/models/model_10	../syntropy_project/models/model_10	excitement	0.7741897702217102	0.09112802147865295	0.7741897702217102	0.05719446763396263	0.05383089929819107	0.012059541419148445	0.0007002251804806292	0.008389522321522236	0.0006801101262681186	0.00029475081828422844	0.00040577491745352745	0.000491164275445044	0.0006357334787026048
1197	neutral	../syntropy_project/models/model_10	../syntropy_project/models/model_10	neutral	0.4650669991970062	0.1679694801568985	0.03969189524650574	0.4650669991970062	0.08150877803564072	0.07180696725845337	0.04969155788421631	0.05610739439725876	0.029947316274046898	0.009815395809710026	0.006094471085816622	0.01768113672733307	0.004618608858436346
384	excitement	../syntropy_project/models/model_10	../syntropy_project/models/model_10	neutral	0.37208011746406555	0.3611642122268677	0.1832103282213211	0.37208011746406555	0.07312790304422379	0.006659374106675386	0.0007895817398093641	0.001299892202951014	0.0006786672165617347	0.00031055830186232924	0.00030891713686287403	0.0003311754553578794	3.930636739823967e-05
854	joy	../syntropy_project/models/model_10	../syntropy_project/models/model_10	joy	0.4090588092803955	0.4090588092803955	0.22840046882629395	0.15994952619075775	0.1613074243068695	0.02754933014512062	0.001824821694754064	0.0052596936002373695	0.0022909455001354218	0.0017656569834798574	0.0010660908883437514	0.0009100436582230031	0.0006171796703711152
219	neutral	../syntropy_project/models/model_10	../syntropy_project/models/model_10	neutral	0.4179990589618683	0.3680107593536377	0.11225990206003189	0.4179990589618683	0.09047777205705643	0.007195945829153061	0.0010244642617180943	0.0014638557331636548	0.0005884863203391433	0.00026801048079505563	0.0002623641339596361	0.0003731785109266639	7.632625784026459e-05
641	fear	../syntropy_project/models/model_10	../syntropy_project/models/model_10	nervousness	0.3000589609146118	0.051414139568805695	0.009142656810581684	0.05166419595479965	0.043386366218328476	0.00574382022023201	0.0817669928073883	0.3000589609146118	0.04554520919919014	0.08059676736593246	0.10817639529705048	0.038409482687711716	0.18409499526023865
1	neutral	../syntropy_project/models/model_10	../syntropy_project/models/model_10	neutral	0.43812084197998047	0.146884024143219	0.10317207127809525	0.43812084197998047	0.22699418663978577	0.01561343390494585	0.004712966736406088	0.05361439660191536	0.0034500209148973227	0.0012029779609292746	0.0015282169915735722	0.003475863253697753	0.0012309420853853226
112	joy	../syntropy_project/models/model_10	../syntropy_project/models/model_10	joy	0.38786596059799194	0.38786596059799194	0.12639200687408447	0.22095012664794922	0.09612733870744705	0.08367273211479187	0.029482027515769005	0.027728229761123657	0.006648114416748285	0.0062536695040762424	0.0039007961750030518	0.009671132080256939	0.0013079352211207151
698	pride	../syntropy_project/models/model_10	../syntropy_project/models/model_10	excitement	0.36660948395729065	0.212628573179245	0.36660948395729065	0.0830983817577362	0.32566022872924805	0.006495256908237934	0.002203764859586954	0.001530566718429327	0.00043058808660134673	0.00042118976125493646	0.0004836695734411478	0.00019977627380285412	0.00023852878075558692
1216	excitement	../syntropy_project/models/model_10	../syntropy_project/models/model_10	excitement	0.39043861627578735	0.21746113896369934	0.39043861627578735	0.1655552238225937	0.15555982291698456	0.06464371085166931	0.001153990044258535	0.0019437189912423491	0.0009327653679065406	0.0008717019809409976	0.0006286527495831251	0.000580883352085948	0.00022975608590058982
951	pride	../syntropy_project/models/model_10	../syntropy_project/models/model_10	pride	0.4632219672203064	0.10895299166440964	0.2475437968969345	0.12513113021850586	0.4632219672203064	0.019571365788578987	0.0013524567475542426	0.028461700305342674	0.0009236279292963445	0.0015121523756533861	0.0014066664734855294	0.0011480975663289428	0.0007740831933915615
1145	excitement	../syntropy_project/models/model_10	../syntropy_project/models/model_10	pride	0.4396724998950958	0.0708950087428093	0.2233441323041916	0.1467646360397339	0.4396724998950958	0.06638593971729279	0.003636770648881793	0.03242309391498566	0.004572642967104912	0.005495605990290642	0.0034199978690594435	0.001978844404220581	0.001410791533999145
441	pride	../syntropy_project/models/model_10	../syntropy_project/models/model_10	nervousness	0.2694852352142334	0.0881543904542923	0.03158796206116676	0.15048526227474213	0.06294317543506622	0.018420066684484482	0.17340773344039917	0.2694852352142334	0.031403932720422745	0.05944417417049408	0.031633127480745316	0.01999283954501152	0.0630420446395874
663	surprise	../syntropy_project/models/model_10	../syntropy_project/models/model_10	neutral	0.44745296239852905	0.07449480891227722	0.19846341013908386	0.44745296239852905	0.1416766494512558	0.01422926876693964	0.003828552085906267	0.10717903077602386	0.0040612355805933475	0.001437778933905065	0.00190924690105021	0.0029044304974377155	0.002362615428864956
1182	confusion	../syntropy_project/models/model_10	../syntropy_project/models/model_10	neutral	0.5829932689666748	0.021589666604995728	0.021819250658154488	0.5829932689666748	0.030601514503359795	0.02372538298368454	0.030761633068323135	0.011532244272530079	0.08413583785295486	0.010333494283258915	0.06147697567939758	0.004763399716466665	0.11626739054918289
317	confusion	../syntropy_project/models/model_10	../syntropy_project/models/model_10	nervousness	0.38413843512535095	0.02351866476237774	0.005958646535873413	0.06112607568502426	0.016819776967167854	0.018222445622086525	0.09079696238040924	0.38413843512535095	0.11638681590557098	0.04954128712415695	0.03525274991989136	0.16958290338516235	0.028655240312218666
648	joy	../syntropy_project/models/model_10	../syntropy_project/models/model_10	joy	0.32282358407974243	0.32282358407974243	0.16350822150707245	0.29388993978500366	0.07827693223953247	0.06303129345178604	0.012705233879387379	0.011009067296981812	0.006065531633794308	0.00909965205937624	0.019347388297319412	0.007501476444303989	0.012741593644022942
709	anger	../syntropy_project/models/model_10	../syntropy_project/models/model_10	disgust	0.3632359802722931	0.014057867228984833	0.01056441105902195	0.035796504467725754	0.01587548479437828	0.016473090276122093	0.10699374973773956	0.10153569281101227	0.0311915073543787	0.06606420129537582	0.3632359802722931	0.14315493404865265	0.0950566753745079
972	pride	../syntropy_project/models/model_10	../syntropy_project/models/model_10	pride	0.4043499231338501	0.14003248512744904	0.2466723769903183	0.0669545978307724	0.4043499231338501	0.06065002456307411	0.0066614290699362755	0.04181069880723953	0.003687693504616618	0.009094228968024254	0.004406226798892021	0.003787815338000655	0.011892486363649368
627	pride	../syntropy_project/models/model_10	../syntropy_project/models/model_10	excitement	0.421459823846817	0.1551310420036316	0.421459823846817	0.1003078892827034	0.28095707297325134	0.021925147622823715	0.0009022669983096421	0.012071991339325905	0.0012609835248440504	0.001908971113152802	0.001511981594376266	0.0014055903302505612	0.0011573389638215303
632	excitement	../syntropy_project/models/model_10	../syntropy_project/models/model_10	excitement	0.5753887295722961	0.19998961687088013	0.5753887295722961	0.07559464871883392	0.13597354292869568	0.010003509931266308	0.00028947190730832517	0.001063336618244648	0.00032910663867369294	0.0005148744094185531	0.00043066960643045604	0.0002474935899954289	0.00017501054389867932
1241	anger	../syntropy_project/models/model_10	../syntropy_project/models/model_10	anger	0.47180303931236267	0.015195156447589397	0.006032842211425304	0.01749408058822155	0.020791497081518173	0.003415617160499096	0.04705008491873741	0.2439941167831421	0.015117840841412544	0.05862634256482124	0.08716780692338943	0.013311554677784443	0.47180303931236267
1173	joy	../syntropy_project/models/model_10	../syntropy_project/models/model_10	joy	0.39007121324539185	0.39007121324539185	0.2741880416870117	0.1179550513625145	0.19782723486423492	0.011373561806976795	0.001027201535180211	0.004407662432640791	0.0007142183603718877	0.0008300899644382298	0.0006491699023172259	0.000446891674073413	0.0005096879904158413
795	neutral	../syntropy_project/models/model_10	../syntropy_project/models/model_10	joy	0.3811870813369751	0.3811870813369751	0.24435752630233765	0.31474801898002625	0.048610616475343704	0.008324576541781425	0.0004762591270264238	0.0006987652159295976	0.0007060348289087415	0.00028680040850304067	0.0002516451058909297	0.0003209792193956673	3.161628046655096e-05
645	surprise	../syntropy_project/models/model_10	../syntropy_project/models/model_10	surprise	0.8970473408699036	0.007240028120577335	0.062340762466192245	0.014272071421146393	0.011264321394264698	0.8970473408699036	0.0006188866100274026	0.0014283672207966447	0.0019702014978975058	0.0016593054169788957	0.001189940026961267	0.0008574434323236346	0.00011137053661514074
1012	nervousness	../syntropy_project/models/model_10	../syntropy_project/models/model_10	nervousness	0.48411351442337036	0.06513074785470963	0.03030547685921192	0.05562680959701538	0.18275630474090576	0.010849094949662685	0.03563803806900978	0.48411351442337036	0.008421871811151505	0.02760271541774273	0.027338381856679916	0.008136884309351444	0.06408027559518814
556	joy	../syntropy_project/models/model_10	../syntropy_project/models/model_10	joy	0.43035340309143066	0.43035340309143066	0.08287093043327332	0.37377631664276123	0.09473729878664017	0.006353940814733505	0.004788308870047331	0.003685243194922805	0.0009611371788196266	0.0003919893060810864	0.0008003616239875555	0.0007070513092912734	0.0005740380729548633
681	joy	../syntropy_project/models/model_10	../syntropy_project/models/model_10	joy	0.4993528425693512	0.4993528425693512	0.16192768514156342	0.16858093440532684	0.14983156323432922	0.013843378983438015	0.0024589875247329473	0.0016058278270065784	0.0007641653646714985	0.0006528039230033755	0.0004339663137216121	0.000400250282837078	0.00014759109762962908
577	pride	../syntropy_project/models/model_10	../syntropy_project/models/model_10	joy	0.47690239548683167	0.47690239548683167	0.1402500569820404	0.275559663772583	0.09110002219676971	0.008073785342276096	0.0016367326024919748	0.002566845854744315	0.0020861204247921705	0.0005053474451415241	0.0005435212515294552	0.0005930532934144139	0.00018245380488224328
1109	joy	../syntropy_project/models/model_10	../syntropy_project/models/model_10	joy	0.30803799629211426	0.30803799629211426	0.1943235546350479	0.29275912046432495	0.18386481702327728	0.012575944885611534	0.0006440915749408305	0.0024345044512301683	0.0026479815132915974	0.0011704966891556978	0.0006367334281094372	0.0007194388890638947	0.00018527790962252766
524	nervousness	../syntropy_project/models/model_10	../syntropy_project/models/model_10	nervousness	0.82938152551651	0.006164582446217537	0.003551203990355134	0.014417148195207119	0.006818493362516165	0.0034989863634109497	0.02902895025908947	0.82938152551651	0.011600478552281857	0.011838368140161037	0.008322857320308685	0.056935738772153854	0.018441541120409966
1059	neutral	../syntropy_project/models/model_10	../syntropy_project/models/model_10	neutral	0.37122806906700134	0.3703242838382721	0.12587209045886993	0.37122806906700134	0.10697329789400101	0.012280179187655449	0.0030386196449398994	0.006203743163496256	0.001459350693039596	0.0006933548138476908	0.0006208631093613803	0.0009561067563481629	0.00034991963184438646
540	nervousness	../syntropy_project/models/model_10	../syntropy_project/models/model_10	fear	0.3404545485973358	0.021818367764353752	0.010829956270754337	0.06239134445786476	0.011583453975617886	0.025905782356858253	0.10295829176902771	0.2234082669019699	0.03471652790904045	0.04329216480255127	0.07333014905452728	0.3404545485973358	0.04931122809648514
748	neutral	../syntropy_project/models/model_10	../syntropy_project/models/model_10	neutral	0.7076719999313354	0.17382864654064178	0.04926673695445061	0.7076719999313354	0.021980758756399155	0.022799795493483543	0.008861604146659374	0.006034418474882841	0.0035718344151973724	0.0012776411604136229	0.0020492628682404757	0.0023634356912225485	0.0002938134712167084
1176	embarrassment	../syntropy_project/models/model_10	../syntropy_project/models/model_10	nervousness	0.6265394687652588	0.022265933454036713	0.00800308957695961	0.027215734124183655	0.02838318794965744	0.004164757672697306	0.0798671618103981	0.6265394687652588	0.0237860269844532	0.056500110775232315	0.029571164399385452	0.03839194029569626	0.055311419069767
484	pride	../syntropy_project/models/model_10	../syntropy_project/models/model_10	pride	0.483761191368103	0.34446436166763306	0.08832026273012161	0.0622183196246624	0.483761191368103	0.01088836882263422	0.0016668055905029178	0.004996008239686489	0.0007802128093317151	0.0012815834488719702	0.00079620152246207	0.0004565133713185787	0.00037021300522610545
95	pride	../syntropy_project/models/model_10	../syntropy_project/models/model_10	surprise	0.6781112551689148	0.04388149082660675	0.1561100333929062	0.0496445931494236	0.055291932076215744	0.6781112551689148	0.0012362083652988076	0.004253279883414507	0.00464036175981164	0.003095004241913557	0.0019038522150367498	0.001397241954691708	0.0004347809008322656
1020	neutral	../syntropy_project/models/model_10	../syntropy_project/models/model_10	joy	0.6278919577598572	0.6278919577598572	0.10110218077898026	0.18149760365486145	0.058778923004865646	0.02072811871767044	0.0018687295960262418	0.0018882789881899953	0.0020641558803617954	0.0013626494910567999	0.001458019483834505	0.0009041146258823574	0.0004552525351755321
563	neutral	../syntropy_project/models/model_10	../syntropy_project/models/model_10	joy	0.44382378458976746	0.44382378458976746	0.25063803791999817	0.1774299293756485	0.1105230301618576	0.013933252543210983	0.0007643880671821535	0.0009382611606270075	0.000713010726030916	0.0004529600846581161	0.0002503687283024192	0.000441680196672678	9.130083344643936e-05
742	surprise	../syntropy_project/models/model_10	../syntropy_project/models/model_10	neutral	0.3890026807785034	0.31207242608070374	0.10076196491718292	0.3890026807785034	0.12296561151742935	0.02413295768201351	0.007406255230307579	0.03153149411082268	0.0051790159195661545	0.0017221275484189391	0.0020069736056029797	0.0021663259249180555	0.0010521825170144439
863	joy	../syntropy_project/models/model_10	../syntropy_project/models/model_10	joy	0.36073726415634155	0.36073726415634155	0.15493640303611755	0.21692001819610596	0.19041746854782104	0.0634317472577095	0.00214370246976614	0.00517243891954422	0.0017095766961574554	0.0015545443166047335	0.0013329213252291083	0.001262474455870688	0.00038147298619151115
891	joy	../syntropy_project/models/model_10	../syntropy_project/models/model_10	neutral	0.3846774399280548	0.2623123526573181	0.09295654296875	0.3846774399280548	0.0841895267367363	0.03682822361588478	0.037188563495874405	0.04799186438322067	0.009056312963366508	0.012250052765011787	0.014432487078011036	0.009274287149310112	0.00884234718978405
1038	neutral	../syntropy_project/models/model_10	../syntropy_project/models/model_10	neutral	0.414151132106781	0.27601221203804016	0.15725472569465637	0.414151132106781	0.11726927757263184	0.018859650939702988	0.003042872529476881	0.006789356004446745	0.0023612435907125473	0.001604726305231452	0.0011244422057643533	0.0011835027253255248	0.00034686774597503245
206	neutral	../syntropy_project/models/model_10	../syntropy_project/models/model_10	joy	0.4522908627986908	0.4522908627986908	0.20016714930534363	0.12195000052452087	0.212806835770607	0.008333376608788967	0.0007407604134641588	0.002228801604360342	0.0005367007688619196	0.0002933341602329165	0.0002651185495778918	0.0002705513034015894	0.00011648124927887693
392	embarrassment	../syntropy_project/models/model_10	../syntropy_project/models/model_10	neutral	0.3370397090911865	0.2959955334663391	0.1800517588853836	0.3370397090911865	0.06595127284526825	0.035032618790864944	0.016326380893588066	0.01929750107228756	0.004543143790215254	0.008600386790931225	0.020728444680571556	0.008607233874499798	0.007825997658073902
794	joy	../syntropy_project/models/model_10	../syntropy_project/models/model_10	joy	0.5357788801193237	0.5357788801193237	0.18028803169727325	0.1363302618265152	0.12860505282878876	0.011286552995443344	0.0014049846213310957	0.003436438040807843	0.0009199345367960632	0.0006564667564816773	0.0005302452482283115	0.00043794946395792067	0.00032522680703550577
870	pride	../syntropy_project/models/model_10	../syntropy_project/models/model_10	joy	0.520477294921875	0.520477294921875	0.16813325881958008	0.15894921123981476	0.13439540565013885	0.011512547731399536	0.0014348647091537714	0.002358082914724946	0.0007732686353847384	0.0006980778998695314	0.0005505966837517917	0.000424222438596189	0.00029318229644559324
397	sadness	../syntropy_project/models/model_10	../syntropy_project/models/model_10	nervousness	0.22741755843162537	0.016247212886810303	0.0036170845851302147	0.0339568667113781	0.02077176235616207	0.006272885482758284	0.16684281826019287	0.22741755843162537	0.05307091772556305	0.08290381729602814	0.1320618838071823	0.04605460539460182	0.21078263223171234
766	excitement	../syntropy_project/models/model_10	../syntropy_project/models/model_10	excitement	0.44256919622421265	0.17242850363254547	0.44256919622421265	0.13378578424453735	0.1873302012681961	0.026876922696828842	0.005366114899516106	0.019432000815868378	0.0015476917615160346	0.001943316776305437	0.003981838934123516	0.002125731436535716	0.002612700220197439
1166	pride	../syntropy_project/models/model_10	../syntropy_project/models/model_10	pride	0.8309146165847778	0.015923650935292244	0.12858757376670837	0.005955090280622244	0.8309146165847778	0.0021297310013324022	0.00032742394250817597	0.013187944889068604	0.000189460493857041	0.0008496505906805396	0.00028517653117887676	0.00018998900486622006	0.0014597417321056128
1028	joy	../syntropy_project/models/model_10	../syntropy_project/models/model_10	joy	0.5188906192779541	0.5188906192779541	0.13525836169719696	0.302435964345932	0.034642294049263	0.006111877039074898	0.000560690532438457	0.0005316637689247727	0.0007485051173716784	0.00021606445079669356	0.00029962582630105317	0.00026421344955451787	4.0170012653106824e-05
642	neutral	../syntropy_project/models/model_10	../syntropy_project/models/model_10	pride	0.500667154788971	0.14687049388885498	0.0776498019695282	0.09520160406827927	0.500667154788971	0.02154012769460678	0.008909936062991619	0.11232689023017883	0.007530053611844778	0.010416671633720398	0.0052802967838943005	0.004164179787039757	0.009442799724638462
612	joy	../syntropy_project/models/model_10	../syntropy_project/models/model_10	joy	0.42820000648498535	0.42820000648498535	0.1764737069606781	0.23710788786411285	0.14163224399089813	0.009176409803330898	0.0017220223089680076	0.003508367110043764	0.000631610571872443	0.00043877994176000357	0.0004497335175983608	0.00038231813232414424	0.00027686110115610063
960	neutral	../syntropy_project/models/model_10	../syntropy_project/models/model_10	neutral	0.3083142340183258	0.17056268453598022	0.06130659952759743	0.3083142340183258	0.07576913386583328	0.04231461510062218	0.08188401907682419	0.15351629257202148	0.023138999938964844	0.02076832577586174	0.03432406112551689	0.01810363680124283	0.009997358545660973
725	pride	../syntropy_project/models/model_10	../syntropy_project/models/model_10	pride	0.7530224323272705	0.008575967513024807	0.16333730518817902	0.0075411610305309296	0.7530224323272705	0.012514718808233738	0.0021863742731511593	0.03815467283129692	0.0012938047293573618	0.006125318352133036	0.0033901259303092957	0.0007651057094335556	0.003093031467869878
683	neutral	../syntropy_project/models/model_10	../syntropy_project/models/model_10	nervousness	0.39083725214004517	0.043245937675237656	0.00803013052791357	0.07370699197053909	0.06956951320171356	0.011374239809811115	0.06356612592935562	0.39083725214004517	0.040643006563186646	0.07448630034923553	0.1133279949426651	0.023795828223228455	0.08741671591997147
98	pride	../syntropy_project/models/model_10	../syntropy_project/models/model_10	pride	0.8829486966133118	0.012047086842358112	0.07458753883838654	0.007252709474414587	0.8829486966133118	0.002613798016682267	0.0002488661266397685	0.01773792691528797	0.00020229876099620014	0.0009358022944070399	0.00034959876211360097	0.0002740141935646534	0.0008016701904125512
804	neutral	../syntropy_project/models/model_10	../syntropy_project/models/model_10	joy	0.4258590340614319	0.4258590340614319	0.14485380053520203	0.27089643478393555	0.09516362100839615	0.045605774968862534	0.004041688516736031	0.004533464554697275	0.002935178577899933	0.0022022102493792772	0.0014731872361153364	0.0017818453488871455	0.0006538259913213551
406	pride	../syntropy_project/models/model_10	../syntropy_project/models/model_10	pride	0.7810956835746765	0.01704757660627365	0.172325000166893	0.009330487810075283	0.7810956835746765	0.00349797192029655	0.00028795862453989685	0.014463888481259346	0.0001628103927941993	0.0006578611792065203	0.00033359279041178524	0.00021736444614361972	0.000579790270421654
502	pride	../syntropy_project/models/model_10	../syntropy_project/models/model_10	pride	0.489023357629776	0.04733114689588547	0.3982324004173279	0.033303067088127136	0.489023357629776	0.014693657867610455	0.0005193664110265672	0.0119350366294384	0.0007958363275974989	0.0017180755967274308	0.0012143413769081235	0.0003859163261950016	0.0008477121591567993
1071	joy	../syntropy_project/models/model_10	../syntropy_project/models/model_10	joy	0.5118412375450134	0.5118412375450134	0.15308180451393127	0.26312509179115295	0.061146873980760574	0.005388280842453241	0.0017355126328766346	0.0013652341440320015	0.0009206585818901658	0.00035774882417172194	0.0005198155413381755	0.0003917845315299928	0.00012593700375873595
1056	excitement	../syntropy_project/models/model_10	../syntropy_project/models/model_10	excitement	0.38695472478866577	0.21935077011585236	0.38695472478866577	0.15694254636764526	0.215116947889328	0.009711317718029022	0.0006011878722347319	0.008117135614156723	0.0012982345651835203	0.0007306230254471302	0.0006051379023119807	0.000257416715612635	0.00031394290272146463
929	neutral	../syntropy_project/models/model_10	../syntropy_project/models/model_10	neutral	0.7858843803405762	0.10031963884830475	0.09211575239896774	0.7858843803405762	0.005637542810291052	0.012068014591932297	0.0013365974882617593	0.0005011652829125524	0.0009532706462778151	0.0002261028130305931	0.0005214833654463291	0.0004088201967533678	2.7294085157336667e-05
779	excitement	../syntropy_project/models/model_10	../syntropy_project/models/model_10	joy	0.4057472348213196	0.4057472348213196	0.20079675316810608	0.2528025209903717	0.11506727337837219	0.010416458360850811	0.0030056629329919815	0.005082270130515099	0.002956703072413802	0.0011335050221532583	0.001447821268811822	0.0009797406382858753	0.0005640260642394423
200	excitement	../syntropy_project/models/model_10	../syntropy_project/models/model_10	joy	0.40364426374435425	0.40364426374435425	0.08049003779888153	0.35166478157043457	0.12493817508220673	0.024384204298257828	0.004176102578639984	0.004190092906355858	0.003188487607985735	0.001380967441946268	0.0008025667630136013	0.0009032631060108542	0.00023698669974692166
134	joy	../syntropy_project/models/model_10	../syntropy_project/models/model_10	pride	0.35836219787597656	0.35723334550857544	0.11794999241828918	0.13867583870887756	0.35836219787597656	0.012796752154827118	0.003997620195150375	0.006836011074483395	0.0007266313768923283	0.0010954111348837614	0.0008746957173570991	0.0007562965038232505	0.000695245573297143
1051	pride	../syntropy_project/models/model_10	../syntropy_project/models/model_10	joy	0.3112975060939789	0.3112975060939789	0.10178596526384354	0.21174664795398712	0.29733559489250183	0.018181825056672096	0.006265641655772924	0.037886932492256165	0.004952498245984316	0.0025862441398203373	0.003891434520483017	0.0016606897115707397	0.0024090793449431658
40	neutral	../syntropy_project/models/model_10	../syntropy_project/models/model_10	joy	0.29785022139549255	0.29785022139549255	0.11320202052593231	0.2697117328643799	0.2780505120754242	0.0063313692808151245	0.003983187489211559	0.02394586056470871	0.001776631805114448	0.001253036898560822	0.001476519857533276	0.0011769469128921628	0.001241892110556364
1017	neutral	../syntropy_project/models/model_10	../syntropy_project/models/model_10	joy	0.6890291571617126	0.6890291571617126	0.052996885031461716	0.11996881663799286	0.12610365450382233	0.005449226126074791	0.002073907293379307	0.0016489907866343856	0.0008108072215691209	0.000640417798422277	0.00039568947977386415	0.0006286404677666724	0.00025380385341122746
230	neutral	../syntropy_project/models/model_10	../syntropy_project/models/model_10	neutral	0.30618301033973694	0.2912442684173584	0.20854303240776062	0.30618301033973694	0.14753630757331848	0.03717796877026558	0.0018373256316408515	0.004766237456351519	0.0009341425029560924	0.00047132099280133843	0.0007819010643288493	0.000403184094466269	0.00012134713324485347
378	nervousness	../syntropy_project/models/model_10	../syntropy_project/models/model_10	pride	0.7832120656967163	0.0122307687997818	0.11319468170404434	0.00875927321612835	0.7832120656967163	0.007456321734935045	0.000987592968158424	0.06423216313123703	0.0007513253949582577	0.0031496791634708643	0.0012282725656405091	0.0007592196925543249	0.004038490820676088
288	joy	../syntropy_project/models/model_10	../syntropy_project/models/model_10	joy	0.581611692905426	0.581611692905426	0.1251414269208908	0.1620318740606308	0.10418829321861267	0.007733991369605064	0.0029438971541821957	0.0033276493195444345	0.005148489028215408	0.0031229814048856497	0.002167211379855871	0.0013119170907884836	0.0012704979162663221
418	surprise	../syntropy_project/models/model_10	../syntropy_project/models/model_10	neutral	0.37173542380332947	0.15556909143924713	0.20691920816898346	0.37173542380332947	0.16677318513393402	0.05519900843501091	0.007015302311629057	0.017047908157110214	0.005237034521996975	0.0029672225937247276	0.0033297459594905376	0.004456000868231058	0.0037508923560380936
391	surprise	../syntropy_project/models/model_10	../syntropy_project/models/model_10	excitement	0.31296786665916443	0.20266416668891907	0.31296786665916443	0.14654865860939026	0.31261491775512695	0.010915146209299564	0.0011319791665300727	0.009093718603253365	0.0012861290015280247	0.0010225886944681406	0.0006002838490530849	0.0006866042967885733	0.00046799532719887793
592	surprise	../syntropy_project/models/model_10	../syntropy_project/models/model_10	surprise	0.6098255515098572	0.014265445992350578	0.045325957238674164	0.03548610955476761	0.0196024589240551	0.6098255515098572	0.009870408102869987	0.014482294209301472	0.04502175375819206	0.04042829945683479	0.13404516875743866	0.024357058107852936	0.007289418950676918
1162	joy	../syntropy_project/models/model_10	../syntropy_project/models/model_10	pride	0.4016440808773041	0.2847297191619873	0.0928499773144722	0.15866529941558838	0.4016440808773041	0.011875683441758156	0.00553552433848381	0.03433161601424217	0.0021420358680188656	0.0026076743379235268	0.0018697743071243167	0.0015976378927007318	0.002150988904759288
1086	joy	../syntropy_project/models/model_10	../syntropy_project/models/model_10	neutral	0.41390228271484375	0.2171884924173355	0.21704205870628357	0.41390228271484375	0.13226494193077087	0.007209697738289833	0.0010456728050485253	0.008649013936519623	0.000979475793428719	0.00036464459844864905	0.0004231827915646136	0.0007302353624254465	0.00020027149002999067
647	excitement	../syntropy_project/models/model_10	../syntropy_project/models/model_10	excitement	0.8060232996940613	0.008878136985003948	0.8060232996940613	0.012471118941903114	0.1277369260787964	0.007909402251243591	0.000301020365441218	0.03478370979428291	0.00021033735538367182	0.00028426581411622465	0.0003004450409207493	0.00034832448000088334	0.0007529350114054978
1152	excitement	../syntropy_project/models/model_10	../syntropy_project/models/model_10	joy	0.37889495491981506	0.37889495491981506	0.08394929021596909	0.19184845685958862	0.26668691635131836	0.03687756881117821	0.004438475705683231	0.018911732360720634	0.008700334466993809	0.004151006229221821	0.0022041327320039272	0.0017056746874004602	0.0016315763350576162
520	neutral	../syntropy_project/models/model_10	../syntropy_project/models/model_10	neutral	0.4131716787815094	0.16682294011116028	0.0669906809926033	0.4131716787815094	0.25893524289131165	0.013017915189266205	0.020209182053804398	0.032837875187397	0.005845795385539532	0.002715545240789652	0.004029561765491962	0.007463101297616959	0.007960534654557705
64	neutral	../syntropy_project/models/model_10	../syntropy_project/models/model_10	neutral	0.35123753547668457	0.279229074716568	0.16721589863300323	0.35123753547668457	0.16030897200107574	0.02663963846862316	0.0035363573115319014	0.0038131463807076216	0.002977354684844613	0.001360985217615962	0.001424159505404532	0.001155596342869103	0.001101208501495421
14	excitement	../syntropy_project/models/model_10	../syntropy_project/models/model_10	pride	0.45772409439086914	0.11058755218982697	0.256253719329834	0.08587364107370377	0.45772409439086914	0.014284667558968067	0.002279917011037469	0.06374511867761612	0.0015640571946278214	0.002796419430524111	0.002027080859988928	0.0006330328178592026	0.002230735495686531
1180	excitement	../syntropy_project/models/model_10	../syntropy_project/models/model_10	excitement	0.41717058420181274	0.16258598864078522	0.41717058420181274	0.10813712328672409	0.281873881816864	0.017947889864444733	0.0008393523166887462	0.0059292069636285305	0.0011464235140010715	0.0018814258510246873	0.0010885067749768496	0.0004783871991094202	0.000921129307243973
1064	surprise	../syntropy_project/models/model_10	../syntropy_project/models/model_10	pride	0.34589463472366333	0.20256994664669037	0.16134122014045715	0.22855503857135773	0.34589463472366333	0.031815048307180405	0.00347091443836689	0.013157212175428867	0.0037028503138571978	0.003304728539660573	0.002292138757184148	0.00206882250495255	0.0018274078611284494
492	joy	../syntropy_project/models/model_10	../syntropy_project/models/model_10	joy	0.45288944244384766	0.45288944244384766	0.14985430240631104	0.268720805644989	0.10465557128190994	0.015563038177788258	0.0016561609227210283	0.0016336791450157762	0.0014021194074302912	0.001325319055467844	0.0011408724822103977	0.0007697362452745438	0.0003889178915414959
379	pride	../syntropy_project/models/model_10	../syntropy_project/models/model_10	pride	0.36936017870903015	0.12004214525222778	0.1411072164773941	0.12196549773216248	0.36936017870903015	0.023658012971282005	0.0072256154380738735	0.18357621133327484	0.003842774545773864	0.00714826537296176	0.0074979686178267	0.0067006973549723625	0.007875393144786358
187	excitement	../syntropy_project/models/model_10	../syntropy_project/models/model_10	joy	0.36253079771995544	0.36253079771995544	0.3079264760017395	0.1975506991147995	0.10520169138908386	0.019139431416988373	0.0011229992378503084	0.002329657319933176	0.0012446932960301638	0.0011699337046593428	0.0010583540424704552	0.00043799018021672964	0.0002873578341677785
763	neutral	../syntropy_project/models/model_10	../syntropy_project/models/model_10	joy	0.42174556851387024	0.42174556851387024	0.15247280895709991	0.3262099027633667	0.08545751869678497	0.01047151256352663	0.0011622675228863955	0.0010665220906957984	0.0005388371064327657	0.0002826721756719053	0.0002540867426432669	0.00027829798636958003	6.000036228215322e-05
216	joy	../syntropy_project/models/model_10	../syntropy_project/models/model_10	joy	0.32097408175468445	0.32097408175468445	0.16386538743972778	0.22083117067813873	0.2433147132396698	0.012357345782220364	0.003641426330432296	0.02593056671321392	0.0017844123067334294	0.0022059117909520864	0.0018815882503986359	0.0017055957578122616	0.0015078113647177815
791	neutral	../syntropy_project/models/model_10	../syntropy_project/models/model_10	neutral	0.8137735724449158	0.052107878029346466	0.053102169185876846	0.8137735724449158	0.033708687871694565	0.016774451360106468	0.00420610373839736	0.016001258045434952	0.004104333929717541	0.0008044801652431488	0.0010130224982276559	0.003902666037902236	0.0005014607449993491
1076	joy	../syntropy_project/models/model_10	../syntropy_project/models/model_10	neutral	0.3106885850429535	0.2863534688949585	0.1944947987794876	0.3106885850429535	0.1644217073917389	0.03523296117782593	0.002595201600342989	0.0021609794348478317	0.0015006144531071186	0.0009185056551359594	0.0005636424175463617	0.0008045803406275809	0.00026503868866711855
878	anger	../syntropy_project/models/model_10	../syntropy_project/models/model_10	neutral	0.42857635021209717	0.2821725904941559	0.10915514081716537	0.42857635021209717	0.04725712165236473	0.08299431204795837	0.013220156542956829	0.015391466207802296	0.006024807225912809	0.0032460088841617107	0.003960785456001759	0.006122211460024118	0.0018789451569318771
337	pride	../syntropy_project/models/model_10	../syntropy_project/models/model_10	pride	0.4277757704257965	0.10467837750911713	0.07434497028589249	0.14893458783626556	0.4277757704257965	0.05152904987335205	0.005609849933534861	0.1424308866262436	0.0151757150888443	0.011358131654560566	0.0034486441873013973	0.008775436319410801	0.005938634742051363
719	excitement	../syntropy_project/models/model_10	../syntropy_project/models/model_10	surprise	0.4988323450088501	0.09062187373638153	0.18835711479187012	0.09744133055210114	0.09236769378185272	0.4988323450088501	0.0025227381847798824	0.009862635284662247	0.005855766125023365	0.0050984458066523075	0.004139514174312353	0.0033868458122015	0.0015137114096432924
295	pride	../syntropy_project/models/model_10	../syntropy_project/models/model_10	pride	0.7266098856925964	0.022646548226475716	0.21986104547977448	0.011118398047983646	0.7266098856925964	0.011279618367552757	0.0005167269264347851	0.005776042118668556	0.00023529275495093316	0.0009603272774256766	0.0004100065561942756	0.0002949062909465283	0.00029119133250787854
1016	neutral	../syntropy_project/models/model_10	../syntropy_project/models/model_10	neutral	0.3216305077075958	0.23524993658065796	0.3085639774799347	0.3216305077075958	0.08730218559503555	0.03105809912085533	0.002185616409406066	0.007269633933901787	0.0028033938724547625	0.001331817009486258	0.0010007970267906785	0.0010790486121550202	0.0005250594113022089
455	disgust	../syntropy_project/models/model_10	../syntropy_project/models/model_10	disgust	0.7019312381744385	0.004344346467405558	0.006647955626249313	0.011918589472770691	0.00817969162017107	0.0035763182677328587	0.022203832864761353	0.015125036239624023	0.006210834253579378	0.053217411041259766	0.7019312381744385	0.007364207878708839	0.15928053855895996
815	joy	../syntropy_project/models/model_10	../syntropy_project/models/model_10	joy	0.32856422662734985	0.32856422662734985	0.1502659022808075	0.22251112759113312	0.22274570167064667	0.061753179877996445	0.0029430617578327656	0.004225484561175108	0.0023070008028298616	0.0020798849873244762	0.0013813198311254382	0.0008911304757930338	0.00033191946567967534
269	joy	../syntropy_project/models/model_10	../syntropy_project/models/model_10	excitement	0.40120163559913635	0.2747719883918762	0.40120163559913635	0.19174599647521973	0.05529259145259857	0.06602896004915237	0.0014176875120028853	0.0020768167451024055	0.001224986626766622	0.0011990669881924987	0.0019389470107853413	0.002512526698410511	0.0005887866718694568
995	neutral	../syntropy_project/models/model_10	../syntropy_project/models/model_10	neutral	0.590551495552063	0.2571689784526825	0.09445101022720337	0.590551495552063	0.03724479302763939	0.012423837557435036	0.002170400694012642	0.0026247664354741573	0.0012469097273424268	0.0003439562569838017	0.0006456878618337214	0.0009765741415321827	0.0001515407784609124
201	neutral	../syntropy_project/models/model_10	../syntropy_project/models/model_10	nervousness	0.7693523168563843	0.007548683788627386	0.0035060339141637087	0.0163139458745718	0.008117654360830784	0.003128930227831006	0.02871718443930149	0.7693523168563843	0.01204886194318533	0.02012821100652218	0.02111872471868992	0.053631797432899475	0.056387804448604584
161	neutral	../syntropy_project/models/model_10	../syntropy_project/models/model_10	neutral	0.42877641320228577	0.23508340120315552	0.15094830095767975	0.42877641320228577	0.12134219706058502	0.055085498839616776	0.0013458426110446453	0.002600771375000477	0.0019092523725703359	0.0010155030759051442	0.0008930182084441185	0.0008228273363783956	0.0001770632079569623
729	anger	../syntropy_project/models/model_10	../syntropy_project/models/model_10	anger	0.2880052924156189	0.032064445316791534	0.005004572216421366	0.04688915237784386	0.019797436892986298	0.013520751148462296	0.1076594889163971	0.2289288491010666	0.062035296112298965	0.053196731954813004	0.0965476781129837	0.04635031148791313	0.2880052924156189
401	pride	../syntropy_project/models/model_10	../syntropy_project/models/model_10	joy	0.40257924795150757	0.40257924795150757	0.13834895193576813	0.25408756732940674	0.1629992425441742	0.028520390391349792	0.0035544922575354576	0.004637890961021185	0.0013738222187384963	0.0011365212267264724	0.0011001835810020566	0.0011310512199997902	0.0005307088722474873
702	neutral	../syntropy_project/models/model_10	../syntropy_project/models/model_10	neutral	0.38022348284721375	0.37932682037353516	0.08685585856437683	0.38022348284721375	0.11786071211099625	0.021135060116648674	0.0034457973670214415	0.0052301217801868916	0.0019678797107189894	0.001128410454839468	0.0007103217067196965	0.0018855410162359476	0.00022984111274126917
1129	joy	../syntropy_project/models/model_10	../syntropy_project/models/model_10	joy	0.34137406945228577	0.34137406945228577	0.3135242164134979	0.2035951316356659	0.11177299171686172	0.019421208649873734	0.0013235817896202207	0.002159154275432229	0.002668827772140503	0.0010895972372964025	0.0017415318870916963	0.000960903475061059	0.00036890158662572503
565	neutral	../syntropy_project/models/model_10	../syntropy_project/models/model_10	neutral	0.45833635330200195	0.12914177775382996	0.038596559315919876	0.45833635330200195	0.1897922158241272	0.013056420721113682	0.01825168915092945	0.024014011025428772	0.023396022617816925	0.028492897748947144	0.05414656922221184	0.007315454538911581	0.015460027381777763
1021	joy	../syntropy_project/models/model_10	../syntropy_project/models/model_10	neutral	0.298545241355896	0.12948204576969147	0.29574859142303467	0.298545241355896	0.12511801719665527	0.08853910863399506	0.005937312263995409	0.010402197018265724	0.012317712418735027	0.010428220964968204	0.01311479415744543	0.006512539926916361	0.0038541853427886963
1025	joy	../syntropy_project/models/model_10	../syntropy_project/models/model_10	neutral	0.4361102879047394	0.3548087179660797	0.07766535133123398	0.4361102879047394	0.08558713644742966	0.022897236049175262	0.004805711563676596	0.006852074060589075	0.006167211104184389	0.0023668180219829082	0.0010910244891420007	0.001262354664504528	0.0003860655997414142
1104	joy	../syntropy_project/models/model_10	../syntropy_project/models/model_10	excitement	0.5207360982894897	0.1768961399793625	0.5207360982894897	0.23896823823451996	0.034167077392339706	0.02370765246450901	0.000570901611354202	0.0008356634643860161	0.0015591344563290477	0.00040343659929931164	0.001363148563541472	0.0006707998691126704	0.00012166324449935928
205	excitement	../syntropy_project/models/model_10	../syntropy_project/models/model_10	excitement	0.8959737420082092	0.027065198868513107	0.8959737420082092	0.026863064616918564	0.030913686379790306	0.011560522019863129	0.0003552899288479239	0.006007709540426731	0.00018500829173717648	0.00019896685262210667	0.0002665422798600048	0.0003644514945335686	0.00024590225075371563
34	pride	../syntropy_project/models/model_10	../syntropy_project/models/model_10	nervousness	0.2742621898651123	0.07733306288719177	0.041601210832595825	0.10619281232357025	0.18590423464775085	0.04895903542637825	0.05242011696100235	0.2742621898651123	0.013847756199538708	0.057404279708862305	0.049492258578538895	0.020733248442411423	0.07184981554746628
775	neutral	../syntropy_project/models/model_10	../syntropy_project/models/model_10	excitement	0.35219886898994446	0.31436431407928467	0.35219886898994446	0.17382602393627167	0.12758024036884308	0.02279036119580269	0.0009202425135299563	0.0030359795782715082	0.0017893174663186073	0.0013065095990896225	0.0009480779408477247	0.0009134408319368958	0.0003266195999458432
508	sadness	../syntropy_project/models/model_10	../syntropy_project/models/model_10	nervousness	0.2731330692768097	0.062448225915431976	0.01515796035528183	0.06275781989097595	0.045690231025218964	0.0252995528280735	0.12485676258802414	0.2731330692768097	0.054256126284599304	0.10667484998703003	0.1446157544851303	0.03592905402183533	0.04918054863810539
1254	excitement	../syntropy_project/models/model_10	../syntropy_project/models/model_10	joy	0.2836376130580902	0.2836376130580902	0.151755690574646	0.2692224979400635	0.26294785737991333	0.009569076821208	0.001921503571793437	0.016747374087572098	0.0020157983526587486	0.0008369815186597407	0.0005751104326918721	0.0004648181202355772	0.0003056120767723769
91	pride	../syntropy_project/models/model_10	../syntropy_project/models/model_10	pride	0.48373574018478394	0.20471425354480743	0.08906584978103638	0.1567993313074112	0.48373574018478394	0.02602221444249153	0.002616079756990075	0.022082824259996414	0.004143961705267429	0.004511860199272633	0.001855558017268777	0.002277561230584979	0.002174690365791321
897	neutral	../syntropy_project/models/model_10	../syntropy_project/models/model_10	joy	0.4015493094921112	0.4015493094921112	0.18858642876148224	0.30779820680618286	0.0851464569568634	0.010681843385100365	0.0010984872933477163	0.0030264731030911207	0.0009437056141905487	0.0003958506276831031	0.00026594282826408744	0.0004122948448639363	9.491883974988014e-05
564	joy	../syntropy_project/models/model_10	../syntropy_project/models/model_10	joy	0.475960910320282	0.475960910320282	0.20110423862934113	0.16359640657901764	0.1475972682237625	0.0064960867166519165	0.0008401788072660565	0.0029049748554825783	0.000461422634543851	0.00033515531686134636	0.00033902647555805743	0.00021857008687220514	0.00014564127195626497
776	excitement	../syntropy_project/models/model_10	../syntropy_project/models/model_10	joy	0.417833149433136	0.417833149433136	0.2937229871749878	0.177220419049263	0.08978388458490372	0.01564323529601097	0.0008781174547038972	0.0016748899361118674	0.0007675583474338055	0.0006666815606877208	0.0007898788317106664	0.0005999095155857503	0.00041936628986150026
241	neutral	../syntropy_project/models/model_10	../syntropy_project/models/model_10	joy	0.42146164178848267	0.42146164178848267	0.16735321283340454	0.26407957077026367	0.12830235064029694	0.010870590806007385	0.0014629025245085359	0.0034980152267962694	0.0008949535549618304	0.0005881870165467262	0.000872079050168395	0.00043884667684324086	0.00017766605014912784
13	excitement	../syntropy_project/models/model_10	../syntropy_project/models/model_10	pride	0.4033980071544647	0.15945348143577576	0.33956244587898254	0.062429480254650116	0.4033980071544647	0.020366240292787552	0.0006586135132238269	0.010285730473697186	0.000563302543014288	0.0011462245602160692	0.0008967523463070393	0.0006321040564216673	0.0006076471181586385
315	excitement	../syntropy_project/models/model_10	../syntropy_project/models/model_10	joy	0.357922226190567	0.357922226190567	0.19958563148975372	0.3383152186870575	0.07289101183414459	0.022914160043001175	0.0015769595047459006	0.002108793705701828	0.0017887697322294116	0.0008656283607706428	0.000881535408552736	0.0008835578919388354	0.0002666422224137932
600	pride	../syntropy_project/models/model_10	../syntropy_project/models/model_10	pride	0.6932173371315002	0.022336164489388466	0.24963001906871796	0.018382223322987556	0.6932173371315002	0.004498794209212065	0.00031365323229692876	0.009646638296544552	0.0002541349676903337	0.0006868043565191329	0.00031141453655436635	0.000237666376051493	0.0004851171397604048
387	neutral	../syntropy_project/models/model_10	../syntropy_project/models/model_10	neutral	0.5090284943580627	0.26375219225883484	0.07042799890041351	0.5090284943580627	0.0767059326171875	0.04154908284544945	0.010823286138474941	0.007377972360700369	0.005956282839179039	0.004392750561237335	0.00412142975255847	0.004620221443474293	0.0012443598825484514
166	confusion	../syntropy_project/models/model_10	../syntropy_project/models/model_10	confusion	0.47186151146888733	0.0057107205502688885	0.0012581433402374387	0.010102787055075169	0.016613394021987915	0.01845637708902359	0.020870713517069817	0.13499288260936737	0.47186151146888733	0.15430527925491333	0.05187376216053963	0.021971320733428	0.09198304265737534
840	anger	../syntropy_project/models/model_10	../syntropy_project/models/model_10	anger	0.15455757081508636	0.09441336244344711	0.05655334144830704	0.14344574511051178	0.06506919115781784	0.07029401510953903	0.08716019988059998	0.13054382801055908	0.022287873551249504	0.04674489423632622	0.10221044719219208	0.02671961486339569	0.15455757081508636
20	excitement	../syntropy_project/models/model_10	../syntropy_project/models/model_10	pride	0.3268134593963623	0.2586400806903839	0.27245989441871643	0.0747981071472168	0.3268134593963623	0.05530976131558418	0.002845541574060917	0.0039011440239846706	0.0009853177471086383	0.0016456546727567911	0.001128391595557332	0.0009172332938760519	0.0005554288509301841
646	joy	../syntropy_project/models/model_10	../syntropy_project/models/model_10	joy	0.3987243175506592	0.3987243175506592	0.15370672941207886	0.18969202041625977	0.24588967859745026	0.0072020250372588634	0.0007810489041730762	0.002246439689770341	0.0005431544268503785	0.0004514901083894074	0.0003039590665139258	0.00031299376860260963	0.0001461661304347217
1154	excitement	../syntropy_project/models/model_10	../syntropy_project/models/model_10	excitement	0.4757595658302307	0.16433507204055786	0.4757595658302307	0.07933910936117172	0.23573638498783112	0.02356095053255558	0.0014743341598659754	0.011368491686880589	0.0017186803743243217	0.0023378764744848013	0.0017004497349262238	0.0009907162748277187	0.0016783572500571609
831	neutral	../syntropy_project/models/model_10	../syntropy_project/models/model_10	neutral	0.5472893118858337	0.19167716801166534	0.05737105756998062	0.5472893118858337	0.055793315172195435	0.08042176812887192	0.019525831565260887	0.01746373437345028	0.007597664836794138	0.005402703769505024	0.008897458203136921	0.006526828743517399	0.0020331116393208504
562	neutral	../syntropy_project/models/model_10	../syntropy_project/models/model_10	neutral	0.3036864995956421	0.22852128744125366	0.16698916256427765	0.3036864995956421	0.2588496208190918	0.017604539170861244	0.002777521964162588	0.015102731063961983	0.002055743709206581	0.0011628573993220925	0.0011246706126257777	0.0012808374594897032	0.0008445272105745971
1240	neutral	../syntropy_project/models/model_10	../syntropy_project/models/model_10	pride	0.5995285511016846	0.09454890340566635	0.20650562644004822	0.04653409868478775	0.5995285511016846	0.009365130215883255	0.0018891803920269012	0.029670506715774536	0.002502724062651396	0.0016155272023752332	0.001787340734153986	0.002319272607564926	0.0037332039792090654
686	neutral	../syntropy_project/models/model_10	../syntropy_project/models/model_10	joy	0.3689559996128082	0.3689559996128082	0.2306196540594101	0.24355624616146088	0.12386450171470642	0.013208771124482155	0.004109554924070835	0.011830980889499187	0.00127442367374897	0.00038594575016759336	0.000794824562035501	0.0008982678409665823	0.0005008098087273538
957	excitement	../syntropy_project/models/model_10	../syntropy_project/models/model_10	joy	0.34587135910987854	0.34587135910987854	0.15264299511909485	0.3032359480857849	0.18650899827480316	0.005483813583850861	0.0011743122013285756	0.0032508354634046555	0.0005791845615021884	0.00036432966589927673	0.0003241618978790939	0.0003444287576712668	0.00021967721113469452
189	nervousness	../syntropy_project/models/model_10	../syntropy_project/models/model_10	nervousness	0.21440251171588898	0.14214958250522614	0.049007851630449295	0.11877349019050598	0.10326256603002548	0.07264591753482819	0.1229841485619545	0.21440251171588898	0.0345156230032444	0.04407215118408203	0.030798494815826416	0.043440934270620346	0.02394663728773594
975	neutral	../syntropy_project/models/model_10	../syntropy_project/models/model_10	neutral	0.4882345497608185	0.29220160841941833	0.11962191015481949	0.4882345497608185	0.05279974639415741	0.030920734629034996	0.004479163326323032	0.004861434455960989	0.0018816690426319838	0.0011079366086050868	0.0016908241668716073	0.0017499602399766445	0.00045039496035315096
699	excitement	../syntropy_project/models/model_10	../syntropy_project/models/model_10	excitement	0.8180877566337585	0.05735062435269356	0.8180877566337585	0.04090019315481186	0.058443404734134674	0.019208358600735664	0.0005766820395365357	0.0026844048406928778	0.00033079416607506573	0.0005225687054917216	0.0007761770393699408	0.0005800809012725949	0.0005389575962908566
510	surprise	../syntropy_project/models/model_10	../syntropy_project/models/model_10	joy	0.3762524425983429	0.3762524425983429	0.21713536977767944	0.3116846978664398	0.06561511754989624	0.020966481417417526	0.0022069597616791725	0.00201746285893023	0.0011189609067514539	0.001117443316616118	0.0009708775323815644	0.0006444313912652433	0.00026978272944688797
1082	joy	../syntropy_project/models/model_10	../syntropy_project/models/model_10	joy	0.3974253535270691	0.3974253535270691	0.19765615463256836	0.2574674189090729	0.11694426834583282	0.023366479203104973	0.0014949145261198282	0.0020705554634332657	0.0011678680311888456	0.0007630879408679903	0.0007043356890790164	0.0006971085676923394	0.00024246558314189315
474	joy	../syntropy_project/models/model_10	../syntropy_project/models/model_10	joy	0.510371208190918	0.510371208190918	0.11115238815546036	0.2334894984960556	0.12698806822299957	0.009402617812156677	0.0020401563961058855	0.003112880513072014	0.0010822847252711654	0.0005186506896279752	0.0007138802320696414	0.0008056709775701165	0.0003227328124921769
856	nervousness	../syntropy_project/models/model_10	../syntropy_project/models/model_10	nervousness	0.9054021239280701	0.0038633649237453938	0.003751822281628847	0.008758760057389736	0.004227469675242901	0.002458702540025115	0.018586914986371994	0.9054021239280701	0.004910366144031286	0.005087420344352722	0.004818636458367109	0.027750074863433838	0.010384365916252136
747	pride	../syntropy_project/models/model_10	../syntropy_project/models/model_10	pride	0.3330397307872772	0.11155880242586136	0.31359395384788513	0.10891823470592499	0.3330397307872772	0.022709738463163376	0.0031752241775393486	0.07846477627754211	0.005815326701849699	0.006168275605887175	0.004445082042366266	0.004221233073621988	0.007889661006629467
252	pride	../syntropy_project/models/model_10	../syntropy_project/models/model_10	neutral	0.54189532995224	0.2171340137720108	0.13710476458072662	0.54189532995224	0.045613843947649	0.03759259358048439	0.004034934099763632	0.006408100947737694	0.0064310249872505665	0.0012915185652673244	0.0008839814690873027	0.0012978174490854144	0.000312112650135532
21	joy	../syntropy_project/models/model_10	../syntropy_project/models/model_10	pride	0.31167134642601013	0.3016771376132965	0.18133430182933807	0.15531837940216064	0.31167134642601013	0.035378873348236084	0.0031364201568067074	0.004472536500543356	0.0020213453099131584	0.0020408337004482746	0.0014572764048352838	0.0010184679413214326	0.0004731999651994556
459	joy	../syntropy_project/models/model_10	../syntropy_project/models/model_10	joy	0.34094861149787903	0.34094861149787903	0.13697732985019684	0.2895965278148651	0.2013287991285324	0.01213145162910223	0.004048416391015053	0.010240169242024422	0.0014004770200699568	0.0008600879227742553	0.0008840686641633511	0.0008321939967572689	0.0007518149213865399
1184	excitement	../syntropy_project/models/model_10	../syntropy_project/models/model_10	pride	0.30275920033454895	0.16974981129169464	0.2983836531639099	0.1295621246099472	0.30275920033454895	0.014752532355487347	0.008235320448875427	0.05241024121642113	0.004328593611717224	0.0034038603771477938	0.003985459916293621	0.0036833544727414846	0.008745801635086536
276	neutral	../syntropy_project/models/model_10	../syntropy_project/models/model_10	joy	0.34893396496772766	0.34893396496772766	0.32159608602523804	0.21936680376529694	0.0814971774816513	0.021405545994639397	0.0025098815094679594	0.0009933265391737223	0.0008680402534082532	0.0008040893590077758	0.000963037833571434	0.0009109640959650278	0.0001511278678663075
955	excitement	../syntropy_project/models/model_10	../syntropy_project/models/model_10	excitement	0.8239141702651978	0.056648749858140945	0.8239141702651978	0.03883849084377289	0.05640953779220581	0.011416535824537277	0.00045850733295083046	0.00954734068363905	0.0006907350034452975	0.0004999308148398995	0.0005391755839809775	0.0005283888312987983	0.0005083823925815523
1215	excitement	../syntropy_project/models/model_10	../syntropy_project/models/model_10	joy	0.5596631169319153	0.5596631169319153	0.17520207166671753	0.10377976298332214	0.1533326357603073	0.004270520992577076	0.0006390432827174664	0.001768763060681522	0.000395098963053897	0.00028710172045975924	0.00031819718424230814	0.00017721102631185204	0.00016648959717713296
385	pride	../syntropy_project/models/model_10	../syntropy_project/models/model_10	joy	0.5584836602210999	0.5584836602210999	0.15580257773399353	0.11638398468494415	0.15694548189640045	0.006384907756000757	0.0011044889688491821	0.0020304047502577305	0.0007118784124031663	0.0007930112187750638	0.0007032139110378921	0.0004860713379457593	0.00017036010103765875
805	sadness	../syntropy_project/models/model_10	../syntropy_project/models/model_10	sadness	0.7414906024932861	0.02610677294433117	0.014633700251579285	0.027325771749019623	0.007407385390251875	0.0063404543325304985	0.7414906024932861	0.08920096606016159	0.006041599437594414	0.011166498064994812	0.026781000196933746	0.023398451507091522	0.020106883719563484
343	excitement	../syntropy_project/models/model_10	../syntropy_project/models/model_10	excitement	0.5891432166099548	0.07920898497104645	0.5891432166099548	0.04176172614097595	0.26859840750694275	0.01137902494519949	0.0004593566118273884	0.007505666930228472	0.00047170949983410537	0.00037148676346987486	0.0005270004039630294	0.00031474363640882075	0.0002587087801657617
769	joy	../syntropy_project/models/model_10	../syntropy_project/models/model_10	neutral	0.34581258893013	0.2983832061290741	0.16684968769550323	0.34581258893013	0.1608504205942154	0.011215372942388058	0.002035930985584855	0.010641279630362988	0.001178651349619031	0.000745318946428597	0.0008549306076020002	0.0007477809558622539	0.000684856902807951
130	neutral	../syntropy_project/models/model_10	../syntropy_project/models/model_10	neutral	0.48237311840057373	0.36852505803108215	0.056691497564315796	0.48237311840057373	0.07645469903945923	0.006463514640927315	0.0036652872804552317	0.0028681918047368526	0.0010987748391926289	0.00044383405474945903	0.0004993561888113618	0.0007442666683346033	0.00017237219435628504
871	joy	../syntropy_project/models/model_10	../syntropy_project/models/model_10	joy	0.3618180751800537	0.3618180751800537	0.18790239095687866	0.3334193825721741	0.056300368160009384	0.051451537758111954	0.0021573214326053858	0.0008010935853235424	0.001489064423367381	0.0014591781655326486	0.0019506129901856184	0.0009826939785853028	0.0002683698257897049
1123	neutral	../syntropy_project/models/model_10	../syntropy_project/models/model_10	neutral	0.6614041924476624	0.1879044622182846	0.10441038757562637	0.6614041924476624	0.01637342944741249	0.023076072335243225	0.002189058344811201	0.0006643420783802867	0.002028196584433317	0.0006204322562552989	0.0007194069330580533	0.0005551082431338727	5.484194844029844e-05
87	joy	../syntropy_project/models/model_10	../syntropy_project/models/model_10	joy	0.46359527111053467	0.46359527111053467	0.09227661043405533	0.25964316725730896	0.14667381346225739	0.016918331384658813	0.005710021127015352	0.00705482205376029	0.003107225988060236	0.0014997245743870735	0.0013857544399797916	0.0013062567450106144	0.00082889583427459
330	excitement	../syntropy_project/models/model_10	../syntropy_project/models/model_10	excitement	0.604105532169342	0.1879730224609375	0.604105532169342	0.10907860100269318	0.07220284640789032	0.020405825227499008	0.000999827403575182	0.0032476873602718115	0.0006479977746494114	0.00041506040724925697	0.0004637459642253816	0.00022763636661693454	0.00023221598530653864
1238	confusion	../syntropy_project/models/model_10	../syntropy_project/models/model_10	joy	0.35013347864151	0.35013347864151	0.21957266330718994	0.32093268632888794	0.06566110998392105	0.029959358274936676	0.003267566906288266	0.0022161470260471106	0.0034617192577570677	0.0019784539472311735	0.0016418470768257976	0.0009322028490714729	0.00024266174295917153
466	surprise	../syntropy_project/models/model_10	../syntropy_project/models/model_10	neutral	0.5237770676612854	0.2615409791469574	0.04755563288927078	0.5237770676612854	0.05328407883644104	0.054823074489831924	0.019482828676700592	0.008797473274171352	0.013130530714988708	0.006009227596223354	0.005487491376698017	0.0046087708324193954	0.0015028729103505611
121	sadness	../syntropy_project/models/model_10	../syntropy_project/models/model_10	nervousness	0.3432418406009674	0.015331503935158253	0.00538741797208786	0.03725218027830124	0.06913375109434128	0.009611505083739758	0.04626493528485298	0.3432418406009674	0.06244548410177231	0.13542117178440094	0.07496555149555206	0.012883319519460201	0.18806129693984985
1044	neutral	../syntropy_project/models/model_10	../syntropy_project/models/model_10	neutral	0.28789451718330383	0.11165986955165863	0.0657893493771553	0.28789451718330383	0.12253599613904953	0.024193700402975082	0.03454721346497536	0.26887860894203186	0.0264420285820961	0.017765674740076065	0.012994813732802868	0.01879989169538021	0.008498281240463257
1095	pride	../syntropy_project/models/model_10	../syntropy_project/models/model_10	pride	0.6485878229141235	0.08039692044258118	0.1289125680923462	0.07761404663324356	0.6485878229141235	0.02367696352303028	0.0017998050898313522	0.029112156480550766	0.0022728450130671263	0.0031599493231624365	0.0013369314838200808	0.0015131881227716804	0.0016167579451575875
1130	neutral	../syntropy_project/models/model_10	../syntropy_project/models/model_10	joy	0.30365610122680664	0.30365610122680664	0.2939714193344116	0.2863525152206421	0.09600736200809479	0.014014068990945816	0.0013872102135792375	0.0019032767741009593	0.0008157174452207983	0.0005487561575137079	0.000523699214681983	0.0005830609588883817	0.00023672851966693997
860	excitement	../syntropy_project/models/model_10	../syntropy_project/models/model_10	pride	0.7414442300796509	0.04676848277449608	0.15171651542186737	0.025272255763411522	0.7414442300796509	0.006600358057767153	0.0009702559909783304	0.02269577980041504	0.0005997116095386446	0.0013344069011509418	0.000661259051412344	0.0005582066369242966	0.0013786139898002148
1126	neutral	../syntropy_project/models/model_10	../syntropy_project/models/model_10	pride	0.37081897258758545	0.3578052222728729	0.09170054644346237	0.13974376022815704	0.37081897258758545	0.020706839859485626	0.004052402917295694	0.009113769046962261	0.0014230007072910666	0.0018647657707333565	0.0009698332287371159	0.0010662439744919538	0.0007346723577938974
