textid	target	model	tokenizer	predicted	prob	joy	excitement	neutral	pride	surprise	embarrassment	sadness	confusion	disgust	fear	nervousness	anger
43	joy	../syntropy_project/models/model_35	../syntropy_project/models/model_35	joy	0.3184165060520172	0.3184165060520172	0.24245522916316986	0.17372769117355347	0.11405158787965775	0.1112109124660492	0.008200284093618393	0.008000418543815613	0.007847543805837631	0.006365864537656307	0.004972073249518871	0.0039324648678302765	0.0008193635148927569
1160	pride	../syntropy_project/models/model_35	../syntropy_project/models/model_35	joy	0.4330328106880188	0.4330328106880188	0.08981569856405258	0.21437843143939972	0.23075729608535767	0.01634344644844532	0.0024140896275639534	0.003696971805766225	0.0019596214406192303	0.0015993773704394698	0.0011587481712922454	0.003954512067139149	0.0008889828459359705
128	joy	../syntropy_project/models/model_35	../syntropy_project/models/model_35	pride	0.3223249018192291	0.262949138879776	0.2735305726528168	0.11685144901275635	0.3223249018192291	0.006304461043328047	0.000724980141967535	0.00591024337336421	0.0007575767813250422	0.0010892658028751612	0.0009488186915405095	0.007089222315698862	0.001519305631518364
1232	neutral	../syntropy_project/models/model_35	../syntropy_project/models/model_35	neutral	0.32864910364151	0.13985562324523926	0.09866504371166229	0.32864910364151	0.21526476740837097	0.15218783915042877	0.013939373195171356	0.007720130495727062	0.013672538101673126	0.0068592592142522335	0.007366708945482969	0.013096951879560947	0.0027227115351706743
1193	pride	../syntropy_project/models/model_35	../syntropy_project/models/model_35	joy	0.41131481528282166	0.41131481528282166	0.18873272836208344	0.1615440547466278	0.20396798849105835	0.021002748981118202	0.0021941435988992453	0.0026767344679683447	0.0017959309043362737	0.00110203109215945	0.0011071201879531145	0.0034898233134299517	0.001071909093298018
693	neutral	../syntropy_project/models/model_35	../syntropy_project/models/model_35	nervousness	0.6739429831504822	0.03927312418818474	0.035923611372709274	0.06581281125545502	0.04868074879050255	0.00867944210767746	0.01073597650974989	0.048889584839344025	0.012728221714496613	0.008553709834814072	0.03423551842570305	0.6739429831504822	0.012544257566332817
1132	neutral	../syntropy_project/models/model_35	../syntropy_project/models/model_35	neutral	0.4281632900238037	0.25981032848358154	0.0640532523393631	0.4281632900238037	0.1505136787891388	0.025532836094498634	0.00846150517463684	0.022858845070004463	0.013473317958414555	0.005140028428286314	0.0040580471977591515	0.015276203863322735	0.0026586560998111963
859	joy	../syntropy_project/models/model_35	../syntropy_project/models/model_35	joy	0.498966246843338	0.498966246843338	0.11633535474538803	0.2647252082824707	0.10091152787208557	0.010435633361339569	0.001177789643406868	0.0026339141186326742	0.0017988234758377075	0.0007189741590991616	0.00065702258143574	0.001293555018492043	0.0003458912542555481
534	surprise	../syntropy_project/models/model_35	../syntropy_project/models/model_35	excitement	0.7136051058769226	0.03911098837852478	0.7136051058769226	0.028616610914468765	0.1956198811531067	0.009621212258934975	0.0007666592136956751	0.0005689715035259724	0.0007767683127894998	0.00040941950283013284	0.0005488338647410274	0.00945932138711214	0.0008962710271589458
778	excitement	../syntropy_project/models/model_35	../syntropy_project/models/model_35	joy	0.32173410058021545	0.32173410058021545	0.1978623867034912	0.20037834346294403	0.24667085707187653	0.023254765197634697	0.0014462998369708657	0.0018767871661111712	0.001393275335431099	0.001046370598487556	0.0010601349640637636	0.0027991768438369036	0.00047756353160366416
367	pride	../syntropy_project/models/model_35	../syntropy_project/models/model_35	pride	0.8169909119606018	0.03488442301750183	0.11501238495111465	0.023056264966726303	0.8169909119606018	0.004674917086958885	0.0008117324905470014	0.0004393408016767353	0.00021680051577277482	0.00036555249243974686	0.00019001726468559355	0.002970373723655939	0.0003872389206662774
361	excitement	../syntropy_project/models/model_35	../syntropy_project/models/model_35	excitement	0.3427487015724182	0.23003868758678436	0.3427487015724182	0.13341116905212402	0.2282170057296753	0.03137551248073578	0.0061930022202432156	0.002388895023614168	0.004441643133759499	0.0033463314175605774	0.0023156525567173958	0.011482974514365196	0.00404045544564724
721	excitement	../syntropy_project/models/model_35	../syntropy_project/models/model_35	pride	0.4068062901496887	0.20942997932434082	0.22592195868492126	0.12765949964523315	0.4068062901496887	0.014589005149900913	0.0024562780745327473	0.0017298844177275896	0.0025969247799366713	0.0009061461314558983	0.0008968995534814894	0.006155564449727535	0.0008515662630088627
873	pride	../syntropy_project/models/model_35	../syntropy_project/models/model_35	pride	0.7158635258674622	0.05762232840061188	0.1948319375514984	0.014549046754837036	0.7158635258674622	0.0033060351852327585	0.001750932657159865	0.0007965596159920096	0.0002669658570084721	0.0005705307121388614	0.00043861864833161235	0.008921805769205093	0.0010817393194884062
636	neutral	../syntropy_project/models/model_35	../syntropy_project/models/model_35	neutral	0.37640926241874695	0.2993849813938141	0.12830203771591187	0.37640926241874695	0.15310391783714294	0.020654015243053436	0.0021354081109166145	0.005994234699755907	0.0028382278978824615	0.0013429232640191913	0.0016157907666638494	0.007586945313960314	0.000632259005215019
123	excitement	../syntropy_project/models/model_35	../syntropy_project/models/model_35	pride	0.5609627366065979	0.12860572338104248	0.21716465055942535	0.06550996005535126	0.5609627366065979	0.01979328878223896	0.001727495575323701	0.0011704135686159134	0.0007280776626430452	0.0008695760043337941	0.0006480481242761016	0.0023095710203051567	0.00051043153507635
328	confusion	../syntropy_project/models/model_35	../syntropy_project/models/model_35	sadness	0.3082137107849121	0.033896543085575104	0.026811596006155014	0.08849190175533295	0.03426792100071907	0.016396954655647278	0.04843277484178543	0.3082137107849121	0.024072399362921715	0.06384184956550598	0.1276070773601532	0.1902831494808197	0.03768421709537506
461	surprise	../syntropy_project/models/model_35	../syntropy_project/models/model_35	joy	0.3852948844432831	0.3852948844432831	0.23175418376922607	0.21748261153697968	0.08541075140237808	0.06528467684984207	0.0028756882529705763	0.002005023416131735	0.002097380580380559	0.003380933776497841	0.0025378293357789516	0.0013152845203876495	0.0005606458871625364
247	joy	../syntropy_project/models/model_35	../syntropy_project/models/model_35	neutral	0.38989314436912537	0.10316845774650574	0.2929544448852539	0.38989314436912537	0.16687652468681335	0.020765695720911026	0.0010323042515665293	0.005457110237330198	0.0015938616124913096	0.0022537217009812593	0.002443256787955761	0.012808321043848991	0.0007531486335210502
974	pride	../syntropy_project/models/model_35	../syntropy_project/models/model_35	joy	0.2981945276260376	0.2981945276260376	0.2022494673728943	0.23008529841899872	0.21442489326000214	0.039595674723386765	0.002909645438194275	0.0026707565411925316	0.0024743934627622366	0.001932808430865407	0.0015326554421335459	0.0028830128721892834	0.0010468191467225552
409	excitement	../syntropy_project/models/model_35	../syntropy_project/models/model_35	excitement	0.5056968331336975	0.18977130949497223	0.5056968331336975	0.03943166136741638	0.23907612264156342	0.01342466939240694	0.0017574068624526262	0.001396099803969264	0.0007996947388164699	0.0010000995825976133	0.0003643175004981458	0.006312654819339514	0.0009691032464616001
51	confusion	../syntropy_project/models/model_35	../syntropy_project/models/model_35	embarrassment	0.668946385383606	0.009547783061861992	0.001990249380469322	0.03447746858000755	0.020416252315044403	0.003816516837105155	0.668946385383606	0.024299027398228645	0.04899294674396515	0.1261395364999771	0.00955099705606699	0.023752601817250252	0.028070315718650818
155	surprise	../syntropy_project/models/model_35	../syntropy_project/models/model_35	excitement	0.3571476340293884	0.2885408401489258	0.3571476340293884	0.15768222510814667	0.17457494139671326	0.012765128165483475	0.0012037060223519802	0.002357330871745944	0.0009288816363550723	0.000839150627143681	0.0005066358717158437	0.002622584579512477	0.0008310321718454361
1248	excitement	../syntropy_project/models/model_35	../syntropy_project/models/model_35	joy	0.35269609093666077	0.35269609093666077	0.19616788625717163	0.31952419877052307	0.11005306243896484	0.012943047098815441	0.0006955389981158078	0.0012303154217079282	0.0015445887111127377	0.0008507460006512702	0.0007662195712327957	0.003335388842970133	0.00019293930381536484
231	excitement	../syntropy_project/models/model_35	../syntropy_project/models/model_35	excitement	0.26232075691223145	0.24217484891414642	0.26232075691223145	0.21921086311340332	0.22643525898456573	0.02156750299036503	0.0024180563632398844	0.003593482542783022	0.003370417980477214	0.0019283124711364508	0.001317857881076634	0.013583743944764137	0.0020789748523384333
1189	pride	../syntropy_project/models/model_35	../syntropy_project/models/model_35	pride	0.83083575963974	0.045260269194841385	0.08600243926048279	0.019637709483504295	0.83083575963974	0.005523648578673601	0.0027818919625133276	0.0005257315933704376	0.0005059922114014626	0.0008638709550723433	0.0005650360835716128	0.006377984769642353	0.0011196141131222248
210	pride	../syntropy_project/models/model_35	../syntropy_project/models/model_35	pride	0.40582072734832764	0.07469207048416138	0.25524240732192993	0.07554864883422852	0.40582072734832764	0.07516692578792572	0.013550815172493458	0.009229944087564945	0.005598492454737425	0.006373771466314793	0.01187102496623993	0.05535254254937172	0.011552663519978523
63	pride	../syntropy_project/models/model_35	../syntropy_project/models/model_35	pride	0.45768991112709045	0.10006433725357056	0.30313920974731445	0.08127434551715851	0.45768991112709045	0.037957996129989624	0.003301120363175869	0.0030255697201937437	0.0016110055148601532	0.0020926971919834614	0.0016566332196816802	0.007526173256337643	0.0006610408890992403
1045	neutral	../syntropy_project/models/model_35	../syntropy_project/models/model_35	nervousness	0.7441602945327759	0.007590665481984615	0.004786738194525242	0.01685568317770958	0.013720671646296978	0.0047855013981461525	0.026366032660007477	0.022846635431051254	0.02053425833582878	0.011374522000551224	0.09426421672105789	0.7441602945327759	0.03271479532122612
715	neutral	../syntropy_project/models/model_35	../syntropy_project/models/model_35	pride	0.34087836742401123	0.19635838270187378	0.18735334277153015	0.22861158847808838	0.34087836742401123	0.020655550062656403	0.0028827202040702105	0.0031365875620394945	0.0023543306160718203	0.0013767477357760072	0.001346683013252914	0.013851169496774673	0.0011944965226575732
23	joy	../syntropy_project/models/model_35	../syntropy_project/models/model_35	joy	0.3092520534992218	0.3092520534992218	0.09327231347560883	0.2566424012184143	0.27027904987335205	0.023557061329483986	0.0055386982858181	0.012831507250666618	0.004940113052725792	0.004218413960188627	0.0022322942968457937	0.01536308228969574	0.0018730151932686567
265	excitement	../syntropy_project/models/model_35	../syntropy_project/models/model_35	joy	0.3200240433216095	0.3200240433216095	0.2649688422679901	0.30100733041763306	0.08230186998844147	0.00951102189719677	0.0017139400588348508	0.007369213737547398	0.002699826145544648	0.0017354820156469941	0.0018870215862989426	0.0055173179134726524	0.0012641249923035502
1265	excitement	../syntropy_project/models/model_35	../syntropy_project/models/model_35	joy	0.42931318283081055	0.42931318283081055	0.07761184126138687	0.3912847638130188	0.0835801213979721	0.010054933838546276	0.0010370673844590783	0.0031327088363468647	0.0012015699176117778	0.0007357447757385671	0.0004927521804347634	0.001363479532301426	0.0001917616173159331
76	joy	../syntropy_project/models/model_35	../syntropy_project/models/model_35	joy	0.3480319380760193	0.3480319380760193	0.12918832898139954	0.2634033262729645	0.22610221803188324	0.01427010539919138	0.0014537423849105835	0.0074507626704871655	0.0015976181020960212	0.0009048227802850306	0.0011245794594287872	0.005796526093035936	0.0006760181277059019
996	joy	../syntropy_project/models/model_35	../syntropy_project/models/model_35	excitement	0.3246863782405853	0.3027699589729309	0.3246863782405853	0.11089197546243668	0.20520496368408203	0.02514006197452545	0.003230154747143388	0.006804741453379393	0.0018351637991145253	0.0035795308649539948	0.0018052905797958374	0.009219497442245483	0.004832311533391476
192	neutral	../syntropy_project/models/model_35	../syntropy_project/models/model_35	neutral	0.5575043559074402	0.20718178153038025	0.07821423560380936	0.5575043559074402	0.08263949304819107	0.025324640795588493	0.005102465860545635	0.00855463556945324	0.011227487586438656	0.00450584851205349	0.006891065742820501	0.009732251986861229	0.0031217888463288546
209	pride	../syntropy_project/models/model_35	../syntropy_project/models/model_35	pride	0.40171918272972107	0.24626962840557098	0.11995825916528702	0.21115708351135254	0.40171918272972107	0.008603595197200775	0.0019294500816613436	0.0019140690565109253	0.0016629291931167245	0.0009007611079141498	0.0006584813236258924	0.004616761580109596	0.0006098333979025483
332	neutral	../syntropy_project/models/model_35	../syntropy_project/models/model_35	joy	0.3916812241077423	0.3916812241077423	0.1317971646785736	0.36310216784477234	0.058991897851228714	0.029447339475154877	0.002431884640827775	0.006909247487783432	0.004819282330572605	0.0013310019858181477	0.0030356929637491703	0.006090543698519468	0.0003625986282713711
618	joy	../syntropy_project/models/model_35	../syntropy_project/models/model_35	joy	0.32662805914878845	0.32662805914878845	0.23546412587165833	0.20832985639572144	0.1612280160188675	0.04622368887066841	0.003060749499127269	0.004777580499649048	0.0033874630462378263	0.002309335395693779	0.0022884353529661894	0.004481992218643427	0.0018207193352282047
1124	excitement	../syntropy_project/models/model_35	../syntropy_project/models/model_35	excitement	0.7382631301879883	0.03526706621050835	0.7382631301879883	0.05884084105491638	0.10485807806253433	0.01667269878089428	0.002201701048761606	0.0027357828803360462	0.0021430656779557467	0.0019192692125216126	0.0011841976083815098	0.028929943218827248	0.006984211504459381
101	surprise	../syntropy_project/models/model_35	../syntropy_project/models/model_35	neutral	0.32785406708717346	0.3205679655075073	0.13156822323799133	0.32785406708717346	0.14601145684719086	0.04638634994626045	0.0030526265036314726	0.008772997185587883	0.0032860685605555773	0.0027715761680155993	0.0027358937077224255	0.0061119673773646355	0.000880795472767204
585	excitement	../syntropy_project/models/model_35	../syntropy_project/models/model_35	excitement	0.7509459257125854	0.028388695791363716	0.7509459257125854	0.027346458286046982	0.13285379111766815	0.013929319567978382	0.0018145430367439985	0.0009420295245945454	0.0022720899432897568	0.0016255626687780023	0.0009287071297876537	0.03161795437335968	0.007334889378398657
425	pride	../syntropy_project/models/model_35	../syntropy_project/models/model_35	pride	0.7380996942520142	0.07178529351949692	0.10619466006755829	0.06277856975793839	0.7380996942520142	0.0035248941276222467	0.001333541702479124	0.0015601086197420955	0.0006873920792713761	0.0007896017050370574	0.0006971810362301767	0.010592673905193806	0.001956327585503459
1133	joy	../syntropy_project/models/model_35	../syntropy_project/models/model_35	pride	0.47108879685401917	0.1221991702914238	0.0754045769572258	0.15782691538333893	0.47108879685401917	0.04007710888981819	0.02017117850482464	0.015975559130311012	0.020533181726932526	0.006147386506199837	0.006213672459125519	0.06045495718717575	0.003907455131411552
1164	neutral	../syntropy_project/models/model_35	../syntropy_project/models/model_35	neutral	0.6180252432823181	0.06179206445813179	0.22025050222873688	0.6180252432823181	0.06324740499258041	0.01744847744703293	0.0007516124751418829	0.004102385137230158	0.002707052743062377	0.002413754817098379	0.002751042600721121	0.00587893184274435	0.000631567498203367
893	joy	../syntropy_project/models/model_35	../syntropy_project/models/model_35	joy	0.4247843623161316	0.4247843623161316	0.1364673525094986	0.3008282780647278	0.09656566381454468	0.02677469328045845	0.0017891007009893656	0.003740602405741811	0.002242506481707096	0.0009998735040426254	0.0017349433619529009	0.0037438070867210627	0.0003288343141321093
519	joy	../syntropy_project/models/model_35	../syntropy_project/models/model_35	neutral	0.3945654034614563	0.21381153166294098	0.20748810470104218	0.3945654034614563	0.13830497860908508	0.011912361718714237	0.0016867091180756688	0.007127242162823677	0.004565508104860783	0.0037219119258224964	0.003977523650974035	0.009966110810637474	0.002872652607038617
1070	excitement	../syntropy_project/models/model_35	../syntropy_project/models/model_35	joy	0.3974630534648895	0.3974630534648895	0.2563605010509491	0.17508424818515778	0.12235026806592941	0.03899109736084938	0.0016464396612718701	0.0011080142576247454	0.0013504686066880822	0.001610887236893177	0.0012154756113886833	0.0024657307658344507	0.000353912211721763
1022	pride	../syntropy_project/models/model_35	../syntropy_project/models/model_35	joy	0.29235929250717163	0.29235929250717163	0.1214904934167862	0.2775213420391083	0.23321667313575745	0.03245440870523453	0.0055582658387720585	0.009491744451224804	0.007619098760187626	0.003990011755377054	0.0024508109781891108	0.011772943660616875	0.0020749520044773817
168	joy	../syntropy_project/models/model_35	../syntropy_project/models/model_35	sadness	0.2729743421077728	0.014466151595115662	0.013043632730841637	0.050763681530952454	0.014010228216648102	0.01386241614818573	0.03546610474586487	0.2729743421077728	0.023094505071640015	0.08862043917179108	0.20643863081932068	0.155739426612854	0.1115204244852066
435	disgust	../syntropy_project/models/model_35	../syntropy_project/models/model_35	disgust	0.7879434823989868	0.0033444410655647516	0.00618821382522583	0.01516077108681202	0.00527678057551384	0.004511896520853043	0.04406670480966568	0.019213763996958733	0.009532984346151352	0.7879434823989868	0.028591535985469818	0.014902619644999504	0.06126674264669418
1149	joy	../syntropy_project/models/model_35	../syntropy_project/models/model_35	joy	0.48110315203666687	0.48110315203666687	0.14040634036064148	0.2138320952653885	0.13297700881958008	0.017877543345093727	0.0025174471084028482	0.00391449686139822	0.001340552931651473	0.0023319844622164965	0.001206711633130908	0.0018492616945877671	0.0006434362730942667
282	pride	../syntropy_project/models/model_35	../syntropy_project/models/model_35	joy	0.3517269194126129	0.3517269194126129	0.19639705121517181	0.1699262410402298	0.220968559384346	0.02934521622955799	0.003822937374934554	0.005181028973311186	0.004271331708878279	0.002245949115604162	0.002342604799196124	0.010214113630354404	0.0035581160336732864
941	neutral	../syntropy_project/models/model_35	../syntropy_project/models/model_35	neutral	0.385721355676651	0.12673884630203247	0.02584955282509327	0.385721355676651	0.14679831266403198	0.03730504587292671	0.0261366106569767	0.0501069501042366	0.0416145920753479	0.01033784169703722	0.015779661014676094	0.12790727615356445	0.0057039931416511536
1233	excitement	../syntropy_project/models/model_35	../syntropy_project/models/model_35	pride	0.7495105862617493	0.02784525230526924	0.1816176474094391	0.020246973261237144	0.7495105862617493	0.009203391149640083	0.0018371697515249252	0.0007715228712186217	0.0007471183780580759	0.00113806186709553	0.0005440035020001233	0.005535666830837727	0.0010024724761024117
643	joy	../syntropy_project/models/model_35	../syntropy_project/models/model_35	joy	0.45182082056999207	0.45182082056999207	0.09172528237104416	0.3007180392742157	0.14058373868465424	0.008177737705409527	0.0008612414821982384	0.0023485482670366764	0.000961547892075032	0.0006097517325542867	0.0005413839244283736	0.00146374327596277	0.00018823472782969475
885	neutral	../syntropy_project/models/model_35	../syntropy_project/models/model_35	excitement	0.5055907964706421	0.03682601824402809	0.5055907964706421	0.10152290761470795	0.24096156656742096	0.0182573813945055	0.003021786455065012	0.0017253149999305606	0.005323492456227541	0.0014193657552823424	0.0006516298744827509	0.08319061994552612	0.0015090752858668566
1234	fear	../syntropy_project/models/model_35	../syntropy_project/models/model_35	nervousness	0.1738903969526291	0.054394882172346115	0.03067859821021557	0.14202235639095306	0.08614621311426163	0.07583406567573547	0.06952926516532898	0.09798593819141388	0.08506040275096893	0.03906424343585968	0.0721413791179657	0.1738903969526291	0.07325220108032227
413	neutral	../syntropy_project/models/model_35	../syntropy_project/models/model_35	joy	0.44981566071510315	0.44981566071510315	0.20213612914085388	0.19382211565971375	0.08366432040929794	0.05299007147550583	0.0022487835958600044	0.002156628295779228	0.0055460501462221146	0.001955571351572871	0.0025451648980379105	0.0027716620825231075	0.00034781559952534735
196	neutral	../syntropy_project/models/model_35	../syntropy_project/models/model_35	neutral	0.34840571880340576	0.33344483375549316	0.09310421347618103	0.34840571880340576	0.1436634510755539	0.041309621185064316	0.006784643977880478	0.0089933592826128	0.008643575944006443	0.004464946687221527	0.003092800034210086	0.006108628585934639	0.001984256785362959
438	excitement	../syntropy_project/models/model_35	../syntropy_project/models/model_35	pride	0.5497731566429138	0.07552146911621094	0.3082221448421478	0.050885267555713654	0.5497731566429138	0.008489561267197132	0.0012372444616630673	0.0009233364835381508	0.0006100097089074552	0.000633438874501735	0.00046163302613422275	0.002820633351802826	0.00042195344576612115
660	neutral	../syntropy_project/models/model_35	../syntropy_project/models/model_35	joy	0.413330078125	0.413330078125	0.11285390704870224	0.3560766279697418	0.08877095580101013	0.019296076148748398	0.0013810090022161603	0.0029128089081496	0.001876172493211925	0.0010404543718323112	0.0008353363955393434	0.001339568174444139	0.00028712881612591445
1260	neutral	../syntropy_project/models/model_35	../syntropy_project/models/model_35	neutral	0.41976141929626465	0.2970801293849945	0.08561432361602783	0.41976141929626465	0.04607059434056282	0.040710996836423874	0.006430270615965128	0.03840484097599983	0.01950552500784397	0.004479958210140467	0.007528136949986219	0.031792789697647095	0.002621084451675415
695	nervousness	../syntropy_project/models/model_35	../syntropy_project/models/model_35	surprise	0.35278555750846863	0.08681287616491318	0.17819231748580933	0.13476407527923584	0.19736485183238983	0.35278555750846863	0.009891912341117859	0.004165049642324448	0.010473414324223995	0.002517573069781065	0.004576231352984905	0.015643391758203506	0.0028127923142164946
892	joy	../syntropy_project/models/model_35	../syntropy_project/models/model_35	neutral	0.3598989248275757	0.23252636194229126	0.22956085205078125	0.3598989248275757	0.14712977409362793	0.014925953932106495	0.002065566834062338	0.0032016204204410315	0.0015899628633633256	0.0018518578726798296	0.0016099297208711505	0.00425754114985466	0.0013816393911838531
220	joy	../syntropy_project/models/model_35	../syntropy_project/models/model_35	joy	0.395918071269989	0.395918071269989	0.11194580048322678	0.24474968016147614	0.12867029011249542	0.026145940646529198	0.014402705244719982	0.033224333077669144	0.005365828052163124	0.009947034530341625	0.006258624605834484	0.01309239398688078	0.010279234498739243
889	pride	../syntropy_project/models/model_35	../syntropy_project/models/model_35	excitement	0.33874356746673584	0.21153439581394196	0.33874356746673584	0.14736220240592957	0.22984196245670319	0.045917071402072906	0.004186095204204321	0.0024842331185936928	0.00375626003369689	0.0024341423995792866	0.0018461041618138552	0.011114655993878841	0.0007794237462803721
528	neutral	../syntropy_project/models/model_35	../syntropy_project/models/model_35	neutral	0.40714380145072937	0.24775837361812592	0.09089218825101852	0.40714380145072937	0.22074013948440552	0.010822109878063202	0.002367069711908698	0.005757926497608423	0.0031119943596422672	0.0020537038799375296	0.001948655117303133	0.006343379151076078	0.0010607190197333694
478	excitement	../syntropy_project/models/model_35	../syntropy_project/models/model_35	neutral	0.3732491731643677	0.33660587668418884	0.14477291703224182	0.3732491731643677	0.10626484453678131	0.024893201887607574	0.0015523777110502124	0.003734927624464035	0.0020079519599676132	0.0010756452102214098	0.0012494296533986926	0.0042154062539339066	0.00037828044150955975
620	excitement	../syntropy_project/models/model_35	../syntropy_project/models/model_35	excitement	0.48664626479148865	0.1738567352294922	0.48664626479148865	0.18350918591022491	0.12740156054496765	0.014991676434874535	0.0009760215762071311	0.001656175940297544	0.0017728769453242421	0.000741141673643142	0.0008609098149463534	0.006905113812536001	0.000682399666402489
270	neutral	../syntropy_project/models/model_35	../syntropy_project/models/model_35	neutral	0.6687088012695312	0.11303772032260895	0.08888697624206543	0.6687088012695312	0.07890458405017853	0.01024884544312954	0.0015400671400129795	0.005198931787163019	0.004042068030685186	0.0020746015943586826	0.002976398216560483	0.022590242326259613	0.001790737733244896
261	neutral	../syntropy_project/models/model_35	../syntropy_project/models/model_35	joy	0.3626938760280609	0.3626938760280609	0.15629057586193085	0.3605300486087799	0.1035873144865036	0.009996285662055016	0.0005551177891902626	0.002515662694349885	0.0012885119067505002	0.0005125541938468814	0.0004013710131403059	0.001495037809945643	0.00013360896264202893
81	pride	../syntropy_project/models/model_35	../syntropy_project/models/model_35	joy	0.6287165880203247	0.6287165880203247	0.09939766675233841	0.18804305791854858	0.07174427062273026	0.0073316930793225765	0.0006770204054191709	0.0010509805288165808	0.0011998350964859128	0.0004756687849294394	0.0005269978428259492	0.0006721667596139014	0.00016412614786531776
1135	embarrassment	../syntropy_project/models/model_35	../syntropy_project/models/model_35	disgust	0.6181742548942566	0.005656941328197718	0.007632240187376738	0.025083106011152267	0.007148998323827982	0.011388442479074001	0.11809780448675156	0.0652548298239708	0.018931550905108452	0.6181742548942566	0.02332025207579136	0.018972069025039673	0.08033943921327591
78	pride	../syntropy_project/models/model_35	../syntropy_project/models/model_35	pride	0.40906190872192383	0.06560834497213364	0.31144121289253235	0.11428646743297577	0.40906190872192383	0.029778610914945602	0.0029275259003043175	0.0029724352061748505	0.002146401908248663	0.004612026736140251	0.003800459671765566	0.028456909582018852	0.02490779384970665
599	joy	../syntropy_project/models/model_35	../syntropy_project/models/model_35	nervousness	0.4531213939189911	0.048644714057445526	0.03058328852057457	0.07417784631252289	0.1443425863981247	0.00451672961935401	0.03387981653213501	0.07597002387046814	0.017709124833345413	0.031070755794644356	0.014451231807470322	0.4531213939189911	0.07153252512216568
551	excitement	../syntropy_project/models/model_35	../syntropy_project/models/model_35	neutral	0.2948720455169678	0.20617184042930603	0.2682366669178009	0.2948720455169678	0.13642403483390808	0.01885472610592842	0.005262445658445358	0.013035525567829609	0.007784613408148289	0.014283032156527042	0.007421527057886124	0.02123948372900486	0.006413970608264208
58	surprise	../syntropy_project/models/model_35	../syntropy_project/models/model_35	joy	0.3672374486923218	0.3672374486923218	0.18160103261470795	0.24292753636837006	0.17181257903575897	0.025290844962000847	0.0016471606213599443	0.0021279240027070045	0.00176629435736686	0.001404381706379354	0.0010804784251376987	0.0025368842761963606	0.0005675316206179559
1108	nervousness	../syntropy_project/models/model_35	../syntropy_project/models/model_35	anger	0.5709583759307861	0.007669755723327398	0.005131841171532869	0.02919231727719307	0.020238695666193962	0.002705081133171916	0.048540107905864716	0.06282170861959457	0.014181655831634998	0.09779451042413712	0.0097481869161129	0.13101783394813538	0.5709583759307861
464	pride	../syntropy_project/models/model_35	../syntropy_project/models/model_35	joy	0.39979520440101624	0.39979520440101624	0.0937320739030838	0.3341895639896393	0.14597836136817932	0.014054449275135994	0.0014931412879377604	0.004095274955034256	0.0018238334450870752	0.0007717598346062005	0.0009946080390363932	0.002681220881640911	0.0003905296325683594
700	nervousness	../syntropy_project/models/model_35	../syntropy_project/models/model_35	nervousness	0.8359372615814209	0.004324152134358883	0.008480397053062916	0.008424120955169201	0.04260076582431793	0.0026595473755151033	0.021076351404190063	0.01783991977572441	0.008037915453314781	0.009588511660695076	0.016080530360341072	0.8359372615814209	0.024950606748461723
1247	disgust	../syntropy_project/models/model_35	../syntropy_project/models/model_35	anger	0.528330385684967	0.013689779676496983	0.012535001151263714	0.045024383813142776	0.013502839021384716	0.007219491992145777	0.01994815282523632	0.1651613861322403	0.012563963420689106	0.09218361228704453	0.028196336701512337	0.06164466589689255	0.528330385684967
423	pride	../syntropy_project/models/model_35	../syntropy_project/models/model_35	joy	0.375339537858963	0.375339537858963	0.1600671112537384	0.26052677631378174	0.18689292669296265	0.007824784144759178	0.0013797347201034427	0.0017791013233363628	0.0016616316279396415	0.0008886531577445567	0.0007882519857957959	0.002464782912284136	0.0003866346669383347
49	joy	../syntropy_project/models/model_35	../syntropy_project/models/model_35	excitement	0.31606218218803406	0.2510138154029846	0.31606218218803406	0.18012097477912903	0.14202407002449036	0.07129289954900742	0.0036054058000445366	0.008038593456149101	0.0037371953949332237	0.002284271875396371	0.004067679867148399	0.016337376087903976	0.0014155725948512554
289	surprise	../syntropy_project/models/model_35	../syntropy_project/models/model_35	nervousness	0.15906675159931183	0.056015584617853165	0.05291668698191643	0.13138826191425323	0.10930576920509338	0.040965404361486435	0.08375442773103714	0.15732981264591217	0.09651323407888412	0.04231080412864685	0.04112154245376587	0.15906675159931183	0.029311666265130043
1161	excitement	../syntropy_project/models/model_35	../syntropy_project/models/model_35	nervousness	0.2586694359779358	0.0652599185705185	0.021380452439188957	0.15681394934654236	0.08437154442071915	0.008380729705095291	0.03949686512351036	0.1415586769580841	0.026203155517578125	0.051362309604883194	0.02111927419900894	0.2586694359779358	0.12538373470306396
809	excitement	../syntropy_project/models/model_35	../syntropy_project/models/model_35	excitement	0.8662571907043457	0.011053009890019894	0.8662571907043457	0.017080096527934074	0.06878195703029633	0.011387454345822334	0.0005983739974908531	0.000333755073370412	0.0011088758474215865	0.0004143688711337745	0.00044009374687448144	0.02115064673125744	0.0013941299403086305
462	joy	../syntropy_project/models/model_35	../syntropy_project/models/model_35	joy	0.32400915026664734	0.32400915026664734	0.1574544459581375	0.2940104901790619	0.17178498208522797	0.03556455671787262	0.0019298173720017076	0.0042509278282523155	0.0024579805321991444	0.0018155531724914908	0.0016239149263128638	0.004473671317100525	0.0006245003896765411
439	excitement	../syntropy_project/models/model_35	../syntropy_project/models/model_35	joy	0.3241567015647888	0.3241567015647888	0.29200097918510437	0.1254691630601883	0.22121509909629822	0.019937781617045403	0.0024601274635642767	0.0025499584153294563	0.0033040479756891727	0.0021605920046567917	0.0013258993858471513	0.00402253121137619	0.0013971725711598992
355	neutral	../syntropy_project/models/model_35	../syntropy_project/models/model_35	joy	0.3662709593772888	0.3662709593772888	0.17369569838047028	0.3143708407878876	0.1168719008564949	0.014126664027571678	0.0017221011221408844	0.003955346066504717	0.002757881535217166	0.0012873094528913498	0.0009879627032205462	0.00366622069850564	0.00028706801822409034
428	joy	../syntropy_project/models/model_35	../syntropy_project/models/model_35	joy	0.38163721561431885	0.38163721561431885	0.128442645072937	0.28854236006736755	0.17692254483699799	0.015317349694669247	0.0011674280976876616	0.0031315081287175417	0.0012944861082360148	0.0007887012325227261	0.0005477285594679415	0.0018026420148089528	0.0004053382726851851
422	pride	../syntropy_project/models/model_35	../syntropy_project/models/model_35	joy	0.443106085062027	0.443106085062027	0.12061108648777008	0.2105730175971985	0.1984306126832962	0.012437772937119007	0.001465007197111845	0.006438186392188072	0.0012533117551356554	0.0008184177568182349	0.0007151899626478553	0.0036796731874346733	0.000471603125333786
374	excitement	../syntropy_project/models/model_35	../syntropy_project/models/model_35	joy	0.3309396803379059	0.3309396803379059	0.1812850832939148	0.2860181927680969	0.18852072954177856	0.006807081401348114	0.0006461017765104771	0.0021139131858944893	0.0006075587589293718	0.0005483865388669074	0.0003696568019222468	0.0018676553154364228	0.00027585169300436974
1084	nervousness	../syntropy_project/models/model_35	../syntropy_project/models/model_35	nervousness	0.32006579637527466	0.012006701901555061	0.005050121806561947	0.04009052738547325	0.025168566033244133	0.0036333524622023106	0.0448337122797966	0.14485372602939606	0.04337557032704353	0.061704907566308975	0.02775111421942711	0.32006579637527466	0.2714659571647644
667	excitement	../syntropy_project/models/model_35	../syntropy_project/models/model_35	excitement	0.8645538091659546	0.015287433750927448	0.8645538091659546	0.015952218323946	0.06607131659984589	0.014867528341710567	0.0007852990529499948	0.00040428084321320057	0.0013309442438185215	0.0004644485889002681	0.00048790982691571116	0.018615541979670525	0.0011792929144576192
666	disgust	../syntropy_project/models/model_35	../syntropy_project/models/model_35	anger	0.5265974402427673	0.011156156659126282	0.01809091679751873	0.04331127181649208	0.03476433455944061	0.0080585777759552	0.05043879151344299	0.03336241468787193	0.014774080365896225	0.20953452587127686	0.010825593024492264	0.03908586502075195	0.5265974402427673
1037	excitement	../syntropy_project/models/model_35	../syntropy_project/models/model_35	excitement	0.6198263168334961	0.012627864256501198	0.6198263168334961	0.010986343957483768	0.32308104634284973	0.01588299684226513	0.0014734885189682245	0.0005806401604786515	0.0007826705696061254	0.0007415764848701656	0.0006200814386829734	0.012121771462261677	0.0012751767644658685
1183	excitement	../syntropy_project/models/model_35	../syntropy_project/models/model_35	neutral	0.382378488779068	0.32472488284111023	0.0749504491686821	0.382378488779068	0.14030535519123077	0.018561765551567078	0.006426258012652397	0.011159280315041542	0.00824088603258133	0.0064894650131464005	0.006416138727217913	0.015133043751120567	0.005213923752307892
714	neutral	../syntropy_project/models/model_35	../syntropy_project/models/model_35	excitement	0.5985589027404785	0.0924409031867981	0.5985589027404785	0.04485586658120155	0.17911355197429657	0.032263632863759995	0.0033429409377276897	0.0014371647266671062	0.005059797316789627	0.00121793441940099	0.0011227031936869025	0.03784194216132164	0.0027447636239230633
208	joy	../syntropy_project/models/model_35	../syntropy_project/models/model_35	neutral	0.5399875044822693	0.3014563322067261	0.09378603845834732	0.5399875044822693	0.0458405464887619	0.012049608863890171	0.001086232136003673	0.0014875279739499092	0.0018954244442284107	0.0006955330609343946	0.0005907552549615502	0.0010579696390777826	6.652255251538008e-05
240	excitement	../syntropy_project/models/model_35	../syntropy_project/models/model_35	excitement	0.5562964677810669	0.2407013475894928	0.5562964677810669	0.12767741084098816	0.06291480362415314	0.0067622060887515545	0.0006177249597385526	0.0006084923516027629	0.0012897062115371227	0.0003950173850171268	0.00048678831080906093	0.0019897266756743193	0.00026038996293209493
999	neutral	../syntropy_project/models/model_35	../syntropy_project/models/model_35	neutral	0.39005202054977417	0.36712154746055603	0.1884516328573227	0.39005202054977417	0.036163389682769775	0.010058559477329254	0.0008222688920795918	0.0025852564722299576	0.0017178937559947371	0.0007440633489750326	0.0004814334970433265	0.001662153867073357	0.00013972737360745668
243	neutral	../syntropy_project/models/model_35	../syntropy_project/models/model_35	neutral	0.3733046352863312	0.3250065743923187	0.12801867723464966	0.3733046352863312	0.13927926123142242	0.01756611093878746	0.001332846935838461	0.005806144792586565	0.0014373697340488434	0.0012010326609015465	0.0015535232378169894	0.004630088806152344	0.0008637210121378303
602	pride	../syntropy_project/models/model_35	../syntropy_project/models/model_35	pride	0.5908807516098022	0.11591798067092896	0.22009220719337463	0.05272306501865387	0.5908807516098022	0.01118575781583786	0.0016255060909315944	0.0013371381210163236	0.0008648704388178885	0.0007568770088255405	0.0005983208538964391	0.003136719111353159	0.0008808900020085275
983	pride	../syntropy_project/models/model_35	../syntropy_project/models/model_35	pride	0.5667316913604736	0.12013333290815353	0.1829616278409958	0.0964752733707428	0.5667316913604736	0.02044789306819439	0.0017867852002382278	0.0014641572488471866	0.0009734953637234867	0.0010671905474737287	0.0008713096613064408	0.006032431032508612	0.0010547946440055966
1061	neutral	../syntropy_project/models/model_35	../syntropy_project/models/model_35	joy	0.3372594714164734	0.3372594714164734	0.18758395314216614	0.2830270230770111	0.1677565574645996	0.00638568727299571	0.0011216233251616359	0.0056995125487446785	0.0013094546739012003	0.0007005163934081793	0.0018831491470336914	0.006576372776180506	0.0006966922082938254
984	excitement	../syntropy_project/models/model_35	../syntropy_project/models/model_35	excitement	0.8229073882102966	0.017254384234547615	0.8229073882102966	0.008149927482008934	0.13025936484336853	0.007370869163423777	0.0006329984171316028	0.00031729356851428747	0.0005936069064773619	0.00032966420985758305	0.00026591314235702157	0.011110792867839336	0.0008078626706264913
765	joy	../syntropy_project/models/model_35	../syntropy_project/models/model_35	joy	0.45028066635131836	0.45028066635131836	0.174470916390419	0.18937894701957703	0.16483695805072784	0.01427200436592102	0.0009458021959289908	0.0016331728547811508	0.0008976631797850132	0.0008199056028388441	0.0005782901425845921	0.0015155704459175467	0.000370112742530182
174	pride	../syntropy_project/models/model_35	../syntropy_project/models/model_35	neutral	0.2679193913936615	0.0666683167219162	0.0601838156580925	0.2679193913936615	0.12231142073869705	0.07254781574010849	0.025815671309828758	0.03589269891381264	0.05585150048136711	0.02006322145462036	0.02604171633720398	0.24054020643234253	0.006164264865219593
814	excitement	../syntropy_project/models/model_35	../syntropy_project/models/model_35	excitement	0.35728883743286133	0.29954099655151367	0.35728883743286133	0.15080131590366364	0.1717512458562851	0.013376520946621895	0.000983741250820458	0.0013707245234400034	0.0007045537349767983	0.0006592067657038569	0.0005903705605305731	0.0025484110228717327	0.00038410103297792375
994	pride	../syntropy_project/models/model_35	../syntropy_project/models/model_35	pride	0.3199126422405243	0.2617802619934082	0.23561140894889832	0.1329529881477356	0.3199126422405243	0.03132599964737892	0.0030123244505375624	0.0015215239254757762	0.00285921199247241	0.0020059021189808846	0.0018869118066504598	0.005377818830311298	0.001753028016537428
967	neutral	../syntropy_project/models/model_35	../syntropy_project/models/model_35	joy	0.3963097631931305	0.3963097631931305	0.1238904595375061	0.3451426029205322	0.11112149059772491	0.013487259857356548	0.00135373929515481	0.002714633708819747	0.0016389419324696064	0.0007781989988870919	0.0008392406743951142	0.0023538509849458933	0.0003697253705468029
44	joy	../syntropy_project/models/model_35	../syntropy_project/models/model_35	joy	0.40522217750549316	0.40522217750549316	0.2609993517398834	0.20720034837722778	0.10255657136440277	0.015910353511571884	0.0014490548055619001	0.0014145509339869022	0.0016416606958955526	0.0011140728602185845	0.0007023797370493412	0.0014447813155129552	0.0003446526825428009
1211	joy	../syntropy_project/models/model_35	../syntropy_project/models/model_35	joy	0.5338410139083862	0.5338410139083862	0.16399778425693512	0.1467827409505844	0.12361512333154678	0.02098911814391613	0.0016840306343510747	0.00126288749743253	0.002318974118679762	0.0009151638369075954	0.0005616104463115335	0.0037475295830518007	0.00028409180231392384
477	excitement	../syntropy_project/models/model_35	../syntropy_project/models/model_35	joy	0.4206303358078003	0.4206303358078003	0.17599211633205414	0.24755892157554626	0.12067059427499771	0.016894767060875893	0.002658554818481207	0.003468070412054658	0.0029777241870760918	0.0021090894006192684	0.002073385287076235	0.004072881303727627	0.0008935796213336289
29	joy	../syntropy_project/models/model_35	../syntropy_project/models/model_35	excitement	0.38892385363578796	0.21269984543323517	0.38892385363578796	0.10351670533418655	0.15456095337867737	0.12536965310573578	0.004525084979832172	0.0012983602937310934	0.001557685318402946	0.0028968772385269403	0.0019188144942745566	0.002008922165259719	0.0007232809439301491
31	pride	../syntropy_project/models/model_35	../syntropy_project/models/model_35	joy	0.43184205889701843	0.43184205889701843	0.10171692073345184	0.3328646421432495	0.09211557358503342	0.026756461709737778	0.0018700577784329653	0.005302039906382561	0.0029640549328178167	0.0011856298660859466	0.0009282347746193409	0.0021977561991661787	0.00025660882238298655
1157	joy	../syntropy_project/models/model_35	../syntropy_project/models/model_35	joy	0.4981608986854553	0.4981608986854553	0.16913841664791107	0.20160076022148132	0.10330656915903091	0.01914319023489952	0.0013832959812134504	0.002308581257238984	0.0013045946834608912	0.0009089980158023536	0.0006495479610748589	0.0018040607683360577	0.0002911271876655519
382	neutral	../syntropy_project/models/model_35	../syntropy_project/models/model_35	joy	0.4487263262271881	0.4487263262271881	0.15875710546970367	0.29205653071403503	0.08480299264192581	0.009340476244688034	0.0008651695097796619	0.0024936492554843426	0.000861524895299226	0.0006074501434341073	0.00043882409227080643	0.0008548164623789489	0.000195112923393026
907	neutral	../syntropy_project/models/model_35	../syntropy_project/models/model_35	neutral	0.4626537263393402	0.33636096119880676	0.11266706883907318	0.4626537263393402	0.0393705815076828	0.013883021660149097	0.001767218578606844	0.012794336304068565	0.0067190080881118774	0.0015494211111217737	0.0028583137318491936	0.00893701147288084	0.0004392275004647672
583	sadness	../syntropy_project/models/model_35	../syntropy_project/models/model_35	sadness	0.9325737953186035	0.006029175128787756	0.00250743655487895	0.01081389281898737	0.0018416702514514327	0.0013959931675344706	0.005784887354820967	0.9325737953186035	0.0030941381119191647	0.013204777613282204	0.013229407370090485	0.005780569277703762	0.0037443572655320168
86	joy	../syntropy_project/models/model_35	../syntropy_project/models/model_35	joy	0.4413962960243225	0.4413962960243225	0.1209622472524643	0.2475937306880951	0.16082261502742767	0.010827173478901386	0.00195346400141716	0.006925204768776894	0.0021073531825095415	0.001461370731703937	0.0013088746927678585	0.003636373672634363	0.0010052536381408572
1091	pride	../syntropy_project/models/model_35	../syntropy_project/models/model_35	pride	0.5652654767036438	0.15020941197872162	0.14033222198486328	0.1190907284617424	0.5652654767036438	0.00811013299971819	0.0017930892063304782	0.0013000007020309567	0.0017153251683339477	0.0006532102124765515	0.0005798162310384214	0.010512873530387878	0.00043765889131464064
308	fear	../syntropy_project/models/model_35	../syntropy_project/models/model_35	sadness	0.2669944763183594	0.07480320334434509	0.024459233507514	0.1668570637702942	0.03911444917321205	0.06591946631669998	0.03305371105670929	0.2669944763183594	0.06545408815145493	0.035713523626327515	0.0865570679306984	0.12461613863706589	0.016457457095384598
756	joy	../syntropy_project/models/model_35	../syntropy_project/models/model_35	excitement	0.4256114959716797	0.29538846015930176	0.4256114959716797	0.17447102069854736	0.08283806592226028	0.009767045266926289	0.000368844426702708	0.0027950704097747803	0.00044700290891341865	0.001042457646690309	0.000287380040390417	0.006565934978425503	0.0004172533517703414
704	neutral	../syntropy_project/models/model_35	../syntropy_project/models/model_35	joy	0.3108018934726715	0.3108018934726715	0.2123555690050125	0.2071147859096527	0.24321918189525604	0.011929085478186607	0.001434479607269168	0.0048443591222167015	0.0012012777151539922	0.0013478727778419852	0.0008916941005736589	0.004079233389347792	0.0007804922643117607
70	fear	../syntropy_project/models/model_35	../syntropy_project/models/model_35	nervousness	0.1866900771856308	0.02569921314716339	0.024785496294498444	0.08911637961864471	0.021905317902565002	0.0332152396440506	0.07159874588251114	0.1537979394197464	0.0540136881172657	0.1626608818769455	0.12849266827106476	0.1866900771856308	0.04802435636520386
1259	pride	../syntropy_project/models/model_35	../syntropy_project/models/model_35	pride	0.5159857869148254	0.1401328295469284	0.12564413249492645	0.16191181540489197	0.5159857869148254	0.0070052435621619225	0.002353779273107648	0.005334680899977684	0.002306697191670537	0.0018556861905381083	0.002049107337370515	0.03210989758372307	0.0033103416208177805
411	joy	../syntropy_project/models/model_35	../syntropy_project/models/model_35	neutral	0.45343413949012756	0.3564358055591583	0.10859483480453491	0.45343413949012756	0.038907490670681	0.015039261430501938	0.0026141321286559105	0.007619396783411503	0.005321804899722338	0.0019959965720772743	0.00361076183617115	0.005467374809086323	0.0009589407127350569
358	fear	../syntropy_project/models/model_35	../syntropy_project/models/model_35	confusion	0.45894715189933777	0.005146680399775505	0.0025400035083293915	0.025752058252692223	0.012989664450287819	0.008622017689049244	0.08759397268295288	0.05664860084652901	0.45894715189933777	0.03312480077147484	0.03614706173539162	0.17131654918193817	0.10117145627737045
244	neutral	../syntropy_project/models/model_35	../syntropy_project/models/model_35	excitement	0.3108943700790405	0.28780698776245117	0.3108943700790405	0.24807560443878174	0.10683517158031464	0.031450338661670685	0.0017699932213872671	0.0032674595713615417	0.0017677942523732781	0.0021798263769596815	0.0008009198354557157	0.004788450431078672	0.00036304083187133074
952	joy	../syntropy_project/models/model_35	../syntropy_project/models/model_35	pride	0.8752081990242004	0.014624848030507565	0.06896860152482986	0.017314475029706955	0.8752081990242004	0.007457925006747246	0.00240318663418293	0.0010611723409965634	0.0005835173069499433	0.0008685615030117333	0.0007691198843531311	0.009389597922563553	0.0013508544070646167
578	joy	../syntropy_project/models/model_35	../syntropy_project/models/model_35	joy	0.38915133476257324	0.38915133476257324	0.3799612522125244	0.11296417564153671	0.07917402684688568	0.031840939074754715	0.0012431772192940116	0.001065797172486782	0.0011488593881949782	0.0011664610356092453	0.0009411885985173285	0.0009771577315405011	0.0003655697510112077
535	pride	../syntropy_project/models/model_35	../syntropy_project/models/model_35	neutral	0.2615608870983124	0.15981455147266388	0.13196948170661926	0.2615608870983124	0.17319124937057495	0.055697064846754074	0.0255367923527956	0.027692699804902077	0.02902194857597351	0.020642336457967758	0.027945639565587044	0.06139029189944267	0.025537122040987015
1140	pride	../syntropy_project/models/model_35	../syntropy_project/models/model_35	joy	0.40501588582992554	0.40501588582992554	0.13173609972000122	0.357848584651947	0.09037209302186966	0.008054317906498909	0.0009462997550144792	0.0023470905143767595	0.0011959915282204747	0.0006242264644242823	0.0005237908335402608	0.0011196990963071585	0.00021601089974865317
1175	excitement	../syntropy_project/models/model_35	../syntropy_project/models/model_35	excitement	0.5159067511558533	0.27493253350257874	0.5159067511558533	0.0631418526172638	0.0844704732298851	0.05218198895454407	0.002075264463201165	0.0006597485626116395	0.0010137762874364853	0.0025155008770525455	0.0011336477473378181	0.001168888178654015	0.0007995545165613294
113	neutral	../syntropy_project/models/model_35	../syntropy_project/models/model_35	excitement	0.5060379505157471	0.15594391524791718	0.5060379505157471	0.09719137847423553	0.21745267510414124	0.014867223799228668	0.000681183417327702	0.0007938836351968348	0.001035822439007461	0.0006817199173383415	0.0006064383196644485	0.0037255235947668552	0.000982262077741325
497	joy	../syntropy_project/models/model_35	../syntropy_project/models/model_35	joy	0.31570902466773987	0.31570902466773987	0.18439804017543793	0.2748428285121918	0.1889302134513855	0.021390125155448914	0.002409599954262376	0.0032960274256765842	0.0019165860721841455	0.002556241350248456	0.0014987223548814654	0.0014789594570174813	0.0015736729837954044
1026	neutral	../syntropy_project/models/model_35	../syntropy_project/models/model_35	joy	0.3314855396747589	0.3314855396747589	0.21910913288593292	0.2438891977071762	0.1420394629240036	0.043435998260974884	0.002326086163520813	0.002821961184963584	0.0030709845013916492	0.0029975262004882097	0.0023117668461054564	0.005119178909808397	0.0013931470457464457
1263	joy	../syntropy_project/models/model_35	../syntropy_project/models/model_35	joy	0.3823528587818146	0.3823528587818146	0.17317037284374237	0.3247411251068115	0.09611038118600845	0.015257961116731167	0.00112994818482548	0.0023421680089086294	0.0011619185097515583	0.0009394174558110535	0.0008138758130371571	0.0016960444627329707	0.0002838497166521847
309	neutral	../syntropy_project/models/model_35	../syntropy_project/models/model_35	neutral	0.4599340260028839	0.18095728754997253	0.0585760697722435	0.4599340260028839	0.06367813050746918	0.02804531715810299	0.0235102791339159	0.07307404279708862	0.03173143044114113	0.02265310473740101	0.011850053444504738	0.0394626222550869	0.006527622230350971
107	pride	../syntropy_project/models/model_35	../syntropy_project/models/model_35	pride	0.35562101006507874	0.21282175183296204	0.2899016737937927	0.09934433549642563	0.35562101006507874	0.02822210267186165	0.0027409405447542667	0.0025710647460073233	0.0016574099427089095	0.0020726360380649567	0.0010228827595710754	0.002804777817800641	0.0012194906594231725
985	pride	../syntropy_project/models/model_35	../syntropy_project/models/model_35	neutral	0.4170528054237366	0.2378692328929901	0.1187906488776207	0.4170528054237366	0.19866599142551422	0.004899140447378159	0.0006807979661971331	0.008041951805353165	0.0013101705117151141	0.001385428011417389	0.0014066013973206282	0.007963043637573719	0.0019341231090947986
1015	sadness	../syntropy_project/models/model_35	../syntropy_project/models/model_35	nervousness	0.25657233595848083	0.048224229365587234	0.030698638409376144	0.15135270357131958	0.0693330392241478	0.06210976466536522	0.0535123348236084	0.14618252217769623	0.06655092537403107	0.033708494156599045	0.03553033992648125	0.25657233595848083	0.04622470587491989
926	pride	../syntropy_project/models/model_35	../syntropy_project/models/model_35	joy	0.30422288179397583	0.30422288179397583	0.23525068163871765	0.23263652622699738	0.1531582772731781	0.02831701561808586	0.002404008526355028	0.018229546025395393	0.0027628913521766663	0.002067962661385536	0.005146665498614311	0.013917521573603153	0.0018860751297324896
1172	neutral	../syntropy_project/models/model_35	../syntropy_project/models/model_35	neutral	0.4513876736164093	0.2906429171562195	0.1886141300201416	0.4513876736164093	0.05689902976155281	0.0072156889364123344	0.0003769339818973094	0.0015591775299981236	0.0010168487206101418	0.0003722714027389884	0.00034437343128956854	0.0014663386391475797	0.00010458761971676722
218	joy	../syntropy_project/models/model_35	../syntropy_project/models/model_35	joy	0.43130728602409363	0.43130728602409363	0.14255844056606293	0.2369919717311859	0.16911353170871735	0.01245852466672659	0.0010028540855273604	0.0025293822400271893	0.00099595554638654	0.0006988435634411871	0.0006145830266177654	0.00143566750921309	0.0002929821494035423
514	neutral	../syntropy_project/models/model_35	../syntropy_project/models/model_35	neutral	0.35826432704925537	0.2562350332736969	0.12789590656757355	0.35826432704925537	0.06908062100410461	0.0954253226518631	0.006978821475058794	0.022995535284280777	0.009125531651079655	0.00674606766551733	0.019115420058369637	0.02458113618195057	0.0035563758574426174
346	neutral	../syntropy_project/models/model_35	../syntropy_project/models/model_35	neutral	0.35456153750419617	0.286153644323349	0.10548364371061325	0.35456153750419617	0.20201320946216583	0.026745816692709923	0.0029899331275373697	0.005785157438367605	0.0032442742958664894	0.0036163395270705223	0.0014839161885902286	0.006558913271874189	0.0013637454248964787
665	neutral	../syntropy_project/models/model_35	../syntropy_project/models/model_35	joy	0.43032145500183105	0.43032145500183105	0.08496520668268204	0.33834540843963623	0.11247069388628006	0.014918873086571693	0.002253150101751089	0.00571140181273222	0.0025679355021566153	0.0016533748712390661	0.0013127669226378202	0.004917738027870655	0.000562010973226279
708	excitement	../syntropy_project/models/model_35	../syntropy_project/models/model_35	joy	0.4411318600177765	0.4411318600177765	0.24098582565784454	0.1317416876554489	0.16352514922618866	0.011781283654272556	0.0010383975459262729	0.0027788784354925156	0.0010827281512320042	0.0007817646255716681	0.000929305562749505	0.0034147831611335278	0.0008083762950263917
1208	joy	../syntropy_project/models/model_35	../syntropy_project/models/model_35	joy	0.31884801387786865	0.31884801387786865	0.20782876014709473	0.22558148205280304	0.225210040807724	0.0073136999271810055	0.0012871547369286418	0.002209617290645838	0.001616174471564591	0.0006943228654563427	0.0005462600383907557	0.008253706619143486	0.0006107669905759394
294	joy	../syntropy_project/models/model_35	../syntropy_project/models/model_35	joy	0.4086560010910034	0.4086560010910034	0.28958943486213684	0.10975027084350586	0.17295175790786743	0.007951532490551472	0.0014259370509535074	0.0015870837960392237	0.0016391021199524403	0.0012356366496533155	0.0007937519694678485	0.00306427339091897	0.0013551777228713036
1158	neutral	../syntropy_project/models/model_35	../syntropy_project/models/model_35	neutral	0.5555009245872498	0.3333500623703003	0.06469863653182983	0.5555009245872498	0.025329791009426117	0.008151731453835964	0.0010211250046268106	0.004809853620827198	0.0023071649484336376	0.0010263746371492743	0.0011990944622084498	0.0022822848986834288	0.0003230040892958641
286	joy	../syntropy_project/models/model_35	../syntropy_project/models/model_35	joy	0.5176053047180176	0.5176053047180176	0.2809518277645111	0.11834435164928436	0.06670672446489334	0.00871571060270071	0.0007127629360184073	0.002442752243950963	0.0010621934197843075	0.0007290305802598596	0.0006373762153089046	0.0015624306397512555	0.0005294556613080204
1117	sadness	../syntropy_project/models/model_35	../syntropy_project/models/model_35	sadness	0.3300192356109619	0.07687528431415558	0.10273758322000504	0.23391404747962952	0.09867391735315323	0.008005677722394466	0.017245294526219368	0.3300192356109619	0.009340917691588402	0.006954086944460869	0.025197114795446396	0.041478145867586136	0.049558620899915695
1239	neutral	../syntropy_project/models/model_35	../syntropy_project/models/model_35	neutral	0.30495285987854004	0.2661984860897064	0.16176022589206696	0.30495285987854004	0.21360528469085693	0.03509506583213806	0.003453577868640423	0.0029463462997227907	0.0036964535247534513	0.0024705559480935335	0.001950944191776216	0.003265250939875841	0.0006048678769730031
755	excitement	../syntropy_project/models/model_35	../syntropy_project/models/model_35	excitement	0.49606016278266907	0.15739533305168152	0.49606016278266907	0.09058169275522232	0.21903415024280548	0.01339633483439684	0.002060807077214122	0.0014637105632573366	0.00221268436871469	0.0014990231720730662	0.0010951175354421139	0.013942962512373924	0.0012579705798998475
1271	joy	../syntropy_project/models/model_35	../syntropy_project/models/model_35	joy	0.4493480920791626	0.4493480920791626	0.09473641216754913	0.285495400428772	0.14203397929668427	0.017277641221880913	0.0016632543411105871	0.0036672314163297415	0.0019110466819256544	0.0009281731909140944	0.0006905008340254426	0.0019598028156906366	0.0002884126442950219
560	neutral	../syntropy_project/models/model_35	../syntropy_project/models/model_35	joy	0.2996058166027069	0.2996058166027069	0.1483040452003479	0.2855682969093323	0.23343047499656677	0.01575915515422821	0.001408279873430729	0.0033331422600895166	0.0018653394654393196	0.001488859998062253	0.0010683396831154823	0.00736998300999403	0.000798284774646163
54	pride	../syntropy_project/models/model_35	../syntropy_project/models/model_35	neutral	0.4308454990386963	0.32394468784332275	0.1008295863866806	0.4308454990386963	0.09963288903236389	0.028604285791516304	0.002333949087187648	0.004180599469691515	0.0035387289244681597	0.0015347859589383006	0.0017234828555956483	0.002318293321877718	0.0005132590304128826
303	anger	../syntropy_project/models/model_35	../syntropy_project/models/model_35	disgust	0.4864040017127991	0.013802526518702507	0.011124612763524055	0.07874994724988937	0.0325927771627903	0.006479362957179546	0.09441348165273666	0.011629628017544746	0.022148028016090393	0.4864040017127991	0.015438700094819069	0.02525448612868786	0.2019623965024948
339	neutral	../syntropy_project/models/model_35	../syntropy_project/models/model_35	excitement	0.40271586179733276	0.17574255168437958	0.40271586179733276	0.20633158087730408	0.12083417922258377	0.07698458433151245	0.002335680415853858	0.004676993004977703	0.0026542239356786013	0.0016941571375355124	0.0014833665918558836	0.004310998599976301	0.00023579323897138238
56	neutral	../syntropy_project/models/model_35	../syntropy_project/models/model_35	pride	0.42699065804481506	0.23996932804584503	0.11919162422418594	0.1850118339061737	0.42699065804481506	0.011700987815856934	0.002223870251327753	0.0033749437425285578	0.0018241284415125847	0.001062389463186264	0.0008618972497060895	0.007036381401121616	0.0007519300561398268
858	nervousness	../syntropy_project/models/model_35	../syntropy_project/models/model_35	nervousness	0.6417325735092163	0.0157645121216774	0.007866531610488892	0.06281104683876038	0.025700218975543976	0.006447335239499807	0.024772504344582558	0.0589846670627594	0.02882242575287819	0.018838627263903618	0.08207376301288605	0.6417325735092163	0.026185834780335426
109	excitement	../syntropy_project/models/model_35	../syntropy_project/models/model_35	surprise	0.8851546049118042	0.008273361250758171	0.07470977306365967	0.011225719936192036	0.015428838320076466	0.8851546049118042	0.0014340623747557402	0.00036451753112487495	0.0013345596380531788	0.0007913657464087009	0.0005222473409958184	0.0006485640769824386	0.00011242132313782349
1049	neutral	../syntropy_project/models/model_35	../syntropy_project/models/model_35	joy	0.45325544476509094	0.45325544476509094	0.11878535896539688	0.3404504656791687	0.07851061969995499	0.004332845564931631	0.000563755864277482	0.0012357287341728806	0.0008861832320690155	0.0004217321693431586	0.0004179911338724196	0.0010182751575484872	0.000121737175504677
676	pride	../syntropy_project/models/model_35	../syntropy_project/models/model_35	joy	0.3575752377510071	0.3575752377510071	0.16380083560943604	0.2635399103164673	0.16693012416362762	0.03171641007065773	0.003060997696593404	0.0031050012912601233	0.003115654457360506	0.0020685079507529736	0.0013417390873655677	0.002964569488540292	0.0007809873786754906
626	pride	../syntropy_project/models/model_35	../syntropy_project/models/model_35	joy	0.30254942178726196	0.30254942178726196	0.2253360152244568	0.16128288209438324	0.2907924950122833	0.009939614683389664	0.0012020518770441413	0.0010178639786317945	0.002002983121201396	0.0006453846581280231	0.0006641919608227909	0.004123556427657604	0.0004435240989550948
198	neutral	../syntropy_project/models/model_35	../syntropy_project/models/model_35	joy	0.44381049275398254	0.44381049275398254	0.18549589812755585	0.21687538921833038	0.12340040504932404	0.01787291280925274	0.00251081888563931	0.002068289089947939	0.002766289748251438	0.001388211501762271	0.001309651997871697	0.0018630451522767544	0.0006385489250533283
415	joy	../syntropy_project/models/model_35	../syntropy_project/models/model_35	sadness	0.5886629819869995	0.08017885684967041	0.0671066865324974	0.12238916009664536	0.029537228867411613	0.0060986424796283245	0.008381401188671589	0.5886629819869995	0.0076335761696100235	0.011553715914487839	0.013413739390671253	0.05971931666135788	0.005324606783688068
506	neutral	../syntropy_project/models/model_35	../syntropy_project/models/model_35	excitement	0.6874657869338989	0.04446319118142128	0.6874657869338989	0.049311283975839615	0.16651903092861176	0.018731433898210526	0.002291303826496005	0.0010457680327817798	0.0052352119237184525	0.0008385226246900856	0.0012955846032127738	0.020330684259533882	0.002472274238243699
1062	nervousness	../syntropy_project/models/model_35	../syntropy_project/models/model_35	nervousness	0.34808042645454407	0.04990679398179054	0.022388387471437454	0.1399115025997162	0.07300432026386261	0.009144763462245464	0.0433647446334362	0.12259364873170853	0.03804252669215202	0.03576338663697243	0.021687692031264305	0.34808042645454407	0.09611180424690247
605	neutral	../syntropy_project/models/model_35	../syntropy_project/models/model_35	joy	0.3973030149936676	0.3973030149936676	0.12609049677848816	0.39555585384368896	0.05892200767993927	0.012746820226311684	0.0008261940092779696	0.003126951167359948	0.0014133704826235771	0.0006683532265014946	0.001103841932490468	0.0020314129069447517	0.00021167898376006633
932	surprise	../syntropy_project/models/model_35	../syntropy_project/models/model_35	surprise	0.9116052389144897	0.00924325454980135	0.03980158269405365	0.016840346157550812	0.011164176277816296	0.9116052389144897	0.002303597517311573	0.0007609307067468762	0.005407227203249931	0.0009152964921668172	0.0010883873328566551	0.0007363326731137931	0.00013355162809602916
977	pride	../syntropy_project/models/model_35	../syntropy_project/models/model_35	excitement	0.35464397072792053	0.1885547786951065	0.35464397072792053	0.17217639088630676	0.254033625125885	0.013366478495299816	0.0026449391152709723	0.0013571137096732855	0.00246452447026968	0.0015624500811100006	0.0009127119556069374	0.006643145345151424	0.0016399184241890907
1142	excitement	../syntropy_project/models/model_35	../syntropy_project/models/model_35	neutral	0.30316194891929626	0.1957814246416092	0.05877949297428131	0.30316194891929626	0.09380515664815903	0.02627701871097088	0.018074670806527138	0.21992208063602448	0.0210235808044672	0.00990093033760786	0.015953991562128067	0.029195142909884453	0.00812462531030178
296	confusion	../syntropy_project/models/model_35	../syntropy_project/models/model_35	nervousness	0.3211570382118225	0.08853959292173386	0.04114892706274986	0.17612716555595398	0.07290076464414597	0.02210085466504097	0.03196984529495239	0.04889256879687309	0.112467922270298	0.022116856649518013	0.03259184584021568	0.3211570382118225	0.029986541718244553
485	surprise	../syntropy_project/models/model_35	../syntropy_project/models/model_35	excitement	0.34693291783332825	0.18304604291915894	0.34693291783332825	0.1197664737701416	0.12650373578071594	0.1779533177614212	0.013111123815178871	0.003555619390681386	0.006468512117862701	0.011614233255386353	0.002661390695720911	0.005032410379499197	0.003354130545631051
442	surprise	../syntropy_project/models/model_35	../syntropy_project/models/model_35	joy	0.31834936141967773	0.31834936141967773	0.18641884624958038	0.25993984937667847	0.16307905316352844	0.05367134511470795	0.0036224264185875654	0.0029976775404065847	0.0026974377688020468	0.003242563921958208	0.0026589781045913696	0.002356775803491473	0.0009657394839450717
479	neutral	../syntropy_project/models/model_35	../syntropy_project/models/model_35	pride	0.5746929049491882	0.07709482312202454	0.17089927196502686	0.14693647623062134	0.5746929049491882	0.0056386045180261135	0.0012230045394971967	0.001451876014471054	0.001020006719045341	0.000932607043068856	0.0011565168388187885	0.01758447289466858	0.001369489706121385
946	joy	../syntropy_project/models/model_35	../syntropy_project/models/model_35	pride	0.4521331787109375	0.27361124753952026	0.12983345985412598	0.09614867717027664	0.4521331787109375	0.03273044526576996	0.0022484867367893457	0.003435615450143814	0.0011025788262486458	0.001747699687257409	0.0010008008684962988	0.005404809024184942	0.0006029264186508954
553	joy	../syntropy_project/models/model_35	../syntropy_project/models/model_35	excitement	0.3488941192626953	0.31964370608329773	0.3488941192626953	0.0931902527809143	0.15197984874248505	0.07203908264636993	0.0028153981547802687	0.001247635344043374	0.0019225282594561577	0.0024453653022646904	0.0018557694274932146	0.002609211951494217	0.0013571176677942276
554	excitement	../syntropy_project/models/model_35	../syntropy_project/models/model_35	excitement	0.6220113635063171	0.09742305427789688	0.6220113635063171	0.05054803937673569	0.20777146518230438	0.00835413672029972	0.001384814502671361	0.0013193071354180574	0.0016894782893359661	0.0005807465058751404	0.00046128203393891454	0.0068811592645943165	0.0015750942984595895
1269	neutral	../syntropy_project/models/model_35	../syntropy_project/models/model_35	joy	0.4112793803215027	0.4112793803215027	0.12764005362987518	0.3300654888153076	0.11308050155639648	0.0055920518934726715	0.0005155832041054964	0.0055829002521932125	0.0006904208566993475	0.0005632482352666557	0.0007566511048935354	0.0036759553477168083	0.0005579165881499648
886	excitement	../syntropy_project/models/model_35	../syntropy_project/models/model_35	excitement	0.7975873947143555	0.03074127435684204	0.7975873947143555	0.026347750797867775	0.12650741636753082	0.004566300194710493	0.0007068277918733656	0.0008071649353951216	0.0008462646510452032	0.0003455430851317942	0.0003352745552547276	0.010331602767109871	0.0008771721040830016
333	excitement	../syntropy_project/models/model_35	../syntropy_project/models/model_35	pride	0.29903551936149597	0.22307085990905762	0.20841076970100403	0.20599083602428436	0.29903551936149597	0.031009938567876816	0.0043521299958229065	0.006037521176040173	0.003547431668266654	0.003278269898146391	0.0021359031088650227	0.01172348391264677	0.0014072844060137868
221	excitement	../syntropy_project/models/model_35	../syntropy_project/models/model_35	joy	0.3529917895793915	0.3529917895793915	0.28849461674690247	0.21340416371822357	0.12026183307170868	0.01537809893488884	0.0015696127666160464	0.002102223690599203	0.0017137080430984497	0.000690990302246064	0.0004732649540528655	0.002596608828753233	0.00032308819936588407
825	sadness	../syntropy_project/models/model_35	../syntropy_project/models/model_35	excitement	0.544647216796875	0.10326196998357773	0.544647216796875	0.07911345362663269	0.1295362412929535	0.12389282137155533	0.0032788405660539865	0.003870124462991953	0.002761438488960266	0.0011464409762993455	0.0012507273349910975	0.006562632974237204	0.0006780826952308416
170	neutral	../syntropy_project/models/model_35	../syntropy_project/models/model_35	neutral	0.2675696611404419	0.06091530993580818	0.03478601574897766	0.2675696611404419	0.09485960006713867	0.03824693337082863	0.02352035418152809	0.07203148305416107	0.04298391565680504	0.0186357032507658	0.1339191496372223	0.1336217075586319	0.0789102092385292
1179	sadness	../syntropy_project/models/model_35	../syntropy_project/models/model_35	sadness	0.6932811737060547	0.033932238817214966	0.011292626149952412	0.10105771571397781	0.013405516743659973	0.007508262060582638	0.01375630870461464	0.6932811737060547	0.013771679252386093	0.02088974043726921	0.018911030143499374	0.053615715354681015	0.018577948212623596
925	surprise	../syntropy_project/models/model_35	../syntropy_project/models/model_35	neutral	0.4629349112510681	0.39909377694129944	0.07172634452581406	0.4629349112510681	0.04469773545861244	0.01180732250213623	0.0009281993261538446	0.004030428361147642	0.001987108727917075	0.0006898377323523164	0.0006677030469290912	0.0012793286005035043	0.0001573198096593842
1093	pride	../syntropy_project/models/model_35	../syntropy_project/models/model_35	joy	0.46229565143585205	0.46229565143585205	0.11050032079219818	0.2222592532634735	0.1563616544008255	0.02108159475028515	0.0033706959802657366	0.008102135732769966	0.0032187369652092457	0.0029625501483678818	0.002860624808818102	0.004009851720184088	0.0029768552631139755
1262	joy	../syntropy_project/models/model_35	../syntropy_project/models/model_35	joy	0.3265518248081207	0.3265518248081207	0.26058560609817505	0.25061240792274475	0.09553227573633194	0.056319352239370346	0.0019116700859740376	0.0018792023183777928	0.0014713429845869541	0.001996630569919944	0.0015009635826572776	0.0013485047966241837	0.0002902580890804529
1217	anger	../syntropy_project/models/model_35	../syntropy_project/models/model_35	anger	0.8864879608154297	0.001822451245971024	0.0023143202997744083	0.006907567381858826	0.0030867052264511585	0.00047232460929080844	0.007275677751749754	0.010353997349739075	0.001966525102034211	0.0535554513335228	0.0052961623296141624	0.02046079747378826	0.8864879608154297
297	nervousness	../syntropy_project/models/model_35	../syntropy_project/models/model_35	disgust	0.38378170132637024	0.01407697144895792	0.013770117424428463	0.07291311770677567	0.022784970700740814	0.010612932033836842	0.07988198101520538	0.21417975425720215	0.03335384652018547	0.38378170132637024	0.03073493391275406	0.05434536561369896	0.0695643499493599
816	pride	../syntropy_project/models/model_35	../syntropy_project/models/model_35	joy	0.34829598665237427	0.34829598665237427	0.21738648414611816	0.2070331573486328	0.1954152137041092	0.019849972799420357	0.0014078615931794047	0.002885434776544571	0.0015197867760434747	0.0012852693907916546	0.0012059074360877275	0.0032420349307358265	0.00047285036998800933
841	neutral	../syntropy_project/models/model_35	../syntropy_project/models/model_35	nervousness	0.7209827899932861	0.02604052424430847	0.02321806736290455	0.07390110939741135	0.03660035505890846	0.004656422883272171	0.007935743778944016	0.03308604657649994	0.008692028932273388	0.009116989560425282	0.027440492063760757	0.7209827899932861	0.028329534456133842
1200	neutral	../syntropy_project/models/model_35	../syntropy_project/models/model_35	neutral	0.33429357409477234	0.25081107020378113	0.23240594565868378	0.33429357409477234	0.10570453107357025	0.05479187145829201	0.0022566411644220352	0.00394661957398057	0.003226240398362279	0.002316269790753722	0.0024723070673644543	0.0061224098317325115	0.0016525416867807508
1002	joy	../syntropy_project/models/model_35	../syntropy_project/models/model_35	neutral	0.2691860795021057	0.16320118308067322	0.11271486431360245	0.2691860795021057	0.09953483194112778	0.044837526977062225	0.021650783717632294	0.14476706087589264	0.018920838832855225	0.014641259796917439	0.027204588055610657	0.06264721602201462	0.020693708211183548
350	joy	../syntropy_project/models/model_35	../syntropy_project/models/model_35	pride	0.3602365255355835	0.23921653628349304	0.18417368829250336	0.18868526816368103	0.3602365255355835	0.005617160350084305	0.001572358189150691	0.005366938654333353	0.0018434942467138171	0.0009015208343043923	0.0013225477887317538	0.009557174518704414	0.0015069014625623822
796	joy	../syntropy_project/models/model_35	../syntropy_project/models/model_35	neutral	0.31254124641418457	0.29271236062049866	0.15627527236938477	0.31254124641418457	0.21511411666870117	0.011567172594368458	0.0018876587273553014	0.0021287298295646906	0.0018424757290631533	0.0009033057140186429	0.0010428046807646751	0.0034706646110862494	0.0005142109584994614
199	excitement	../syntropy_project/models/model_35	../syntropy_project/models/model_35	excitement	0.5702739357948303	0.22566689550876617	0.5702739357948303	0.11442014575004578	0.07859808206558228	0.0070936791598796844	0.0003648355486802757	0.0007039613556116819	0.00043183271191082895	0.000545638904441148	0.00015809739124961197	0.00146647565998137	0.0002764033561106771
430	excitement	../syntropy_project/models/model_35	../syntropy_project/models/model_35	excitement	0.5077266097068787	0.12582430243492126	0.5077266097068787	0.0897660106420517	0.2536541521549225	0.01158939953893423	0.0010344093898311257	0.0011423222022131085	0.001800664234906435	0.0009990623220801353	0.0007223007851280272	0.004388550762087107	0.0013522831723093987
494	joy	../syntropy_project/models/model_35	../syntropy_project/models/model_35	joy	0.3620837926864624	0.3620837926864624	0.20647431910037994	0.25078535079956055	0.14794981479644775	0.020650802180171013	0.0022978840861469507	0.002801476279273629	0.0018675226019695401	0.0013722018338739872	0.0010310582583770156	0.00217801658436656	0.0005077900132164359
631	neutral	../syntropy_project/models/model_35	../syntropy_project/models/model_35	pride	0.8939403295516968	0.005322240758687258	0.07812170684337616	0.006432426627725363	0.8939403295516968	0.009020394645631313	0.001832429552450776	0.0005016542272642255	0.0002096950338454917	0.000753261789213866	0.00043090892722830176	0.002819603309035301	0.0006152837886475027
939	nervousness	../syntropy_project/models/model_35	../syntropy_project/models/model_35	nervousness	0.4083220064640045	0.07195077836513519	0.03589610755443573	0.15204529464244843	0.09721212089061737	0.009807531721889973	0.020114649087190628	0.09591027349233627	0.03738711401820183	0.01122311968356371	0.038492485880851746	0.4083220064640045	0.021638549864292145
10	joy	../syntropy_project/models/model_35	../syntropy_project/models/model_35	joy	0.43006646633148193	0.43006646633148193	0.14026953279972076	0.23558826744556427	0.12805147469043732	0.041480302810668945	0.0035877912305295467	0.008282194845378399	0.00242757354862988	0.0026302116457372904	0.0024439850822091103	0.003366757184267044	0.0018055117689073086
147	pride	../syntropy_project/models/model_35	../syntropy_project/models/model_35	pride	0.7767429351806641	0.06779586523771286	0.06582782417535782	0.04361490160226822	0.7767429351806641	0.010717792436480522	0.005647287238389254	0.005694718100130558	0.0017369010020047426	0.001819322002120316	0.0015670813154429197	0.016155526041984558	0.00267987628467381
298	pride	../syntropy_project/models/model_35	../syntropy_project/models/model_35	pride	0.3682020902633667	0.12532906234264374	0.3527798056602478	0.10703174024820328	0.3682020902633667	0.008429433219134808	0.000734074623323977	0.0017995114903897047	0.0015699630603194237	0.0008451935718767345	0.0006487422506324947	0.031542785465717316	0.0010876517044380307
1031	excitement	../syntropy_project/models/model_35	../syntropy_project/models/model_35	joy	0.5334142446517944	0.5334142446517944	0.16085012257099152	0.23574107885360718	0.0588720478117466	0.005086490884423256	0.0006774308858439326	0.001773107796907425	0.0010288835037499666	0.0005581481382250786	0.0003217325429432094	0.001289981883019209	0.00038668038905598223
622	joy	../syntropy_project/models/model_35	../syntropy_project/models/model_35	joy	0.38389766216278076	0.38389766216278076	0.12472444772720337	0.1913132518529892	0.2775628864765167	0.008868616074323654	0.0013365006307139993	0.0021368719171732664	0.0029522106051445007	0.0006055962876416743	0.0005676428554579616	0.005287492647767067	0.0007469021948054433
864	neutral	../syntropy_project/models/model_35	../syntropy_project/models/model_35	neutral	0.308877170085907	0.11163727194070816	0.07520290464162827	0.308877170085907	0.12346814572811127	0.01714833825826645	0.012780379503965378	0.0676383525133133	0.023552726954221725	0.025704538449645042	0.03418482467532158	0.168520987033844	0.03128437325358391
772	neutral	../syntropy_project/models/model_35	../syntropy_project/models/model_35	joy	0.3045288324356079	0.3045288324356079	0.2844138741493225	0.15632618963718414	0.22620271146297455	0.01906341314315796	0.001082192873582244	0.0017649683868512511	0.0016010294202715158	0.0009154016734100878	0.0007509296992793679	0.002908532740548253	0.00044196564704179764
254	joy	../syntropy_project/models/model_35	../syntropy_project/models/model_35	joy	0.2964792549610138	0.2964792549610138	0.18909531831741333	0.2578384280204773	0.20795005559921265	0.02250899188220501	0.0035160407423973083	0.0058679054491221905	0.002765386365354061	0.002648989437147975	0.0017425927799195051	0.007486436516046524	0.0021005652379244566
777	nervousness	../syntropy_project/models/model_35	../syntropy_project/models/model_35	nervousness	0.7351945042610168	0.010872727259993553	0.011880696751177311	0.02167953923344612	0.011640597134828568	0.005832057911902666	0.017542395740747452	0.04289625212550163	0.01257420051842928	0.01853831298649311	0.08473838120698929	0.7351945042610168	0.026610393077135086
682	neutral	../syntropy_project/models/model_35	../syntropy_project/models/model_35	pride	0.3244445323944092	0.21189773082733154	0.11519256979227066	0.2434636503458023	0.3244445323944092	0.05913769081234932	0.008160065859556198	0.005726438481360674	0.012897112406790257	0.0023853641469031572	0.0025278220418840647	0.012791157700121403	0.0013758913846686482
1039	excitement	../syntropy_project/models/model_35	../syntropy_project/models/model_35	joy	0.3866598308086395	0.3866598308086395	0.2951275110244751	0.19501380622386932	0.09355314821004868	0.015476586297154427	0.0020544063299894333	0.0017659709556028247	0.002246061572805047	0.001989024691283703	0.0013571182498708367	0.0033289568964391947	0.0014275868888944387
306	sadness	../syntropy_project/models/model_35	../syntropy_project/models/model_35	nervousness	0.4786125719547272	0.027579309418797493	0.01195129007101059	0.08319175243377686	0.025250472128391266	0.007002448197454214	0.03148464486002922	0.1859062761068344	0.016472721472382545	0.030200054869055748	0.07517192512750626	0.4786125719547272	0.027176421135663986
915	joy	../syntropy_project/models/model_35	../syntropy_project/models/model_35	pride	0.3054160475730896	0.1909591406583786	0.22830641269683838	0.21422147750854492	0.3054160475730896	0.006452320609241724	0.0012999752070754766	0.017853662371635437	0.0013557781931012869	0.0013100923970341682	0.0029828099068254232	0.027035826817154884	0.002806477015838027
1201	confusion	../syntropy_project/models/model_35	../syntropy_project/models/model_35	neutral	0.5097169280052185	0.182502880692482	0.09432024508714676	0.5097169280052185	0.031492605805397034	0.04507378861308098	0.004763409029692411	0.05151548981666565	0.017994575202465057	0.006614066660404205	0.01840868592262268	0.03511323034763336	0.0024841099511832
1167	fear	../syntropy_project/models/model_35	../syntropy_project/models/model_35	anger	0.25297197699546814	0.03472456336021423	0.02459084801375866	0.09460367262363434	0.04015186056494713	0.011563636362552643	0.04427075758576393	0.1125904843211174	0.025256797671318054	0.10707901418209076	0.0352061428129673	0.2169901579618454	0.25297197699546814
233	neutral	../syntropy_project/models/model_35	../syntropy_project/models/model_35	neutral	0.4197649657726288	0.24294491112232208	0.209595188498497	0.4197649657726288	0.09659122675657272	0.01513292919844389	0.0013589541194960475	0.0020388297270983458	0.0038881422951817513	0.0008936631493270397	0.0013810761738568544	0.0060112569481134415	0.000398938573198393
1073	excitement	../syntropy_project/models/model_35	../syntropy_project/models/model_35	surprise	0.8190692663192749	0.016121190041303635	0.10348428040742874	0.018065977841615677	0.029401199892163277	0.8190692663192749	0.003598868614062667	0.0006451905355788767	0.004524111747741699	0.001419407781213522	0.0013403764460235834	0.0019733200315386057	0.00035682422458194196
1181	neutral	../syntropy_project/models/model_35	../syntropy_project/models/model_35	embarrassment	0.7128744125366211	0.013307620771229267	0.0015907470369711518	0.02691809833049774	0.03692768141627312	0.004922268446534872	0.7128744125366211	0.011606798507273197	0.06436971575021744	0.08948063850402832	0.011666813865303993	0.015403610654175282	0.010931616649031639
135	pride	../syntropy_project/models/model_35	../syntropy_project/models/model_35	neutral	0.30847668647766113	0.1705077886581421	0.09064093232154846	0.30847668647766113	0.23676550388336182	0.03976045921444893	0.019475463777780533	0.02346738614141941	0.03765539452433586	0.023233255371451378	0.004296092316508293	0.039067093282938004	0.006654032040387392
832	pride	../syntropy_project/models/model_35	../syntropy_project/models/model_35	joy	0.4539494216442108	0.4539494216442108	0.13375692069530487	0.189143106341362	0.2056874781847	0.005634473171085119	0.0021989750675857067	0.0029325638897717	0.002048988128080964	0.0009810557821765542	0.0008839060319587588	0.0019989958964288235	0.0007841745973564684
259	excitement	../syntropy_project/models/model_35	../syntropy_project/models/model_35	pride	0.5471410751342773	0.056144699454307556	0.3388634920120239	0.03389156982302666	0.5471410751342773	0.012425277382135391	0.0015291100135073066	0.0009723397088237107	0.0007010243134573102	0.0006413357914425433	0.0005805131513625383	0.006098436191678047	0.0010111060691997409
680	pride	../syntropy_project/models/model_35	../syntropy_project/models/model_35	pride	0.7686026096343994	0.05437696352601051	0.12802113592624664	0.038131799548864365	0.7686026096343994	0.004402568563818932	0.0009822577703744173	0.0008588735945522785	0.0003881554875988513	0.00042521642171777785	0.0002967095060739666	0.0029966472648084164	0.0005171698867343366
1177	joy	../syntropy_project/models/model_35	../syntropy_project/models/model_35	joy	0.38801905512809753	0.38801905512809753	0.19206766784191132	0.20348414778709412	0.16552290320396423	0.03664018586277962	0.002236111555248499	0.0024083019234240055	0.0017293129349127412	0.0029013617895543575	0.0014471649192273617	0.0020298201125115156	0.0015139365568757057
914	joy	../syntropy_project/models/model_35	../syntropy_project/models/model_35	excitement	0.3058854341506958	0.21680815517902374	0.3058854341506958	0.12940090894699097	0.04625600203871727	0.26098737120628357	0.0056198821403086185	0.0035173604264855385	0.004764610901474953	0.009170745499432087	0.0037895801942795515	0.003750584553927183	0.010049397125840187
1257	anger	../syntropy_project/models/model_35	../syntropy_project/models/model_35	nervousness	0.8112762570381165	0.006228917744010687	0.0057835690677165985	0.010797327384352684	0.01020752638578415	0.0022331662476062775	0.023009251803159714	0.03262912854552269	0.009238367900252342	0.01372541580349207	0.040410492569208145	0.8112762570381165	0.0344606451690197
597	surprise	../syntropy_project/models/model_35	../syntropy_project/models/model_35	neutral	0.34233778715133667	0.17387835681438446	0.08168941736221313	0.34233778715133667	0.10257794708013535	0.02530902996659279	0.009259669110178947	0.10668125748634338	0.012404629029333591	0.009069821797311306	0.016425659880042076	0.11304640024900436	0.007319980300962925
363	neutral	../syntropy_project/models/model_35	../syntropy_project/models/model_35	joy	0.3801218271255493	0.3801218271255493	0.12212873995304108	0.20297548174858093	0.27870649099349976	0.007101808208972216	0.0012425293680280447	0.0023025895934551954	0.0010685583110898733	0.0007808335940353572	0.0006761748227290809	0.0023586780298501253	0.0005362620577216148
158	pride	../syntropy_project/models/model_35	../syntropy_project/models/model_35	excitement	0.3167027533054352	0.2781192362308502	0.3167027533054352	0.17450258135795593	0.20340509712696075	0.016940230503678322	0.0013875860022380948	0.001524956664070487	0.0010925809619948268	0.0011073334608227015	0.0008915766957215965	0.003807508386671543	0.0005185391055420041
140	pride	../syntropy_project/models/model_35	../syntropy_project/models/model_35	pride	0.34506866335868835	0.2655791640281677	0.15686379373073578	0.15611837804317474	0.34506866335868835	0.054025884717702866	0.0038217268884181976	0.0040899296291172504	0.0032430309802293777	0.0024639652110636234	0.002355786971747875	0.004561132285743952	0.0018086715135723352
895	fear	../syntropy_project/models/model_35	../syntropy_project/models/model_35	anger	0.1636359840631485	0.03054334968328476	0.029508188366889954	0.11272421479225159	0.05973713472485542	0.0353831984102726	0.10008782148361206	0.07532241195440292	0.05387340858578682	0.11279483884572983	0.07268864661455154	0.1537007987499237	0.1636359840631485
331	pride	../syntropy_project/models/model_35	../syntropy_project/models/model_35	pride	0.3901561200618744	0.19456368684768677	0.11729080975055695	0.2676565647125244	0.3901561200618744	0.010645273141562939	0.0022338798735290766	0.0024110479280352592	0.0027241804637014866	0.0011961107375100255	0.0009132439736276865	0.009306244552135468	0.0009028445929288864
591	joy	../syntropy_project/models/model_35	../syntropy_project/models/model_35	sadness	0.27294161915779114	0.019817927852272987	0.011469420045614243	0.11066971719264984	0.01994582638144493	0.024830535054206848	0.03927057236433029	0.27294161915779114	0.0614486038684845	0.04297799617052078	0.07732760161161423	0.2712671160697937	0.04803306981921196
739	joy	../syntropy_project/models/model_35	../syntropy_project/models/model_35	joy	0.31792134046554565	0.31792134046554565	0.1984822303056717	0.18969322741031647	0.21691645681858063	0.019245570525527	0.005111744161695242	0.012128883972764015	0.003877211594954133	0.0026524337008595467	0.002473015571013093	0.02712431363761425	0.004373480565845966
1103	neutral	../syntropy_project/models/model_35	../syntropy_project/models/model_35	neutral	0.3626626431941986	0.3280329406261444	0.07185733318328857	0.3626626431941986	0.10809170454740524	0.030277570709586143	0.010671025142073631	0.02936960943043232	0.012767082080245018	0.007956914603710175	0.005178102292120457	0.02991197444498539	0.0032230389770120382
371	sadness	../syntropy_project/models/model_35	../syntropy_project/models/model_35	anger	0.3269733190536499	0.010576079599559307	0.012138395570218563	0.058139074593782425	0.017500394955277443	0.007744963280856609	0.05302689969539642	0.07158256322145462	0.026248129084706306	0.2965222895145416	0.038776133209466934	0.08077170699834824	0.3269733190536499
312	excitement	../syntropy_project/models/model_35	../syntropy_project/models/model_35	joy	0.26460525393486023	0.26460525393486023	0.2420874387025833	0.20265068113803864	0.23211731016635895	0.04318773001432419	0.0028525828383862972	0.001952461083419621	0.0025727327447384596	0.0016694074729457498	0.0019170759478583932	0.0034799908753484488	0.0009073373512364924
65	neutral	../syntropy_project/models/model_35	../syntropy_project/models/model_35	disgust	0.3676165044307709	0.04779179021716118	0.05483514070510864	0.1352148950099945	0.019283201545476913	0.009658647701144218	0.026873193681240082	0.029217656701803207	0.020366081967949867	0.3676165044307709	0.1304987370967865	0.05306313559412956	0.10558101534843445
572	excitement	../syntropy_project/models/model_35	../syntropy_project/models/model_35	excitement	0.3849557936191559	0.20961607992649078	0.3849557936191559	0.19920720160007477	0.17432209849357605	0.019567647948861122	0.0012217711191624403	0.002501324750483036	0.0012699527433142066	0.0017589520430192351	0.0005588906351476908	0.004766358062624931	0.0002540118875913322
781	excitement	../syntropy_project/models/model_35	../syntropy_project/models/model_35	joy	0.44705912470817566	0.44705912470817566	0.1737433224916458	0.1736821085214615	0.19161352515220642	0.008635505102574825	0.0009527126094326377	0.0011669050436466932	0.0008000414818525314	0.0005746729439124465	0.00033088188502006233	0.001157977618277073	0.0002832799218595028
32	nervousness	../syntropy_project/models/model_35	../syntropy_project/models/model_35	nervousness	0.7248342633247375	0.00970770139247179	0.006167472340166569	0.02733200043439865	0.017029253765940666	0.005497068632394075	0.019867563620209694	0.0329655185341835	0.022023815661668777	0.00991847924888134	0.11004763096570969	0.7248342633247375	0.014609194360673428
783	excitement	../syntropy_project/models/model_35	../syntropy_project/models/model_35	excitement	0.660459041595459	0.05100662261247635	0.660459041595459	0.03370234742760658	0.21198874711990356	0.02075030468404293	0.0015918153803795576	0.0012120696483179927	0.0012698492500931025	0.0013145941775292158	0.0006536826258525252	0.014375725761055946	0.001675258157774806
743	excitement	../syntropy_project/models/model_35	../syntropy_project/models/model_35	pride	0.29180896282196045	0.23711849749088287	0.2578059136867523	0.18394435942173004	0.29180896282196045	0.007904655300080776	0.0012950064847245812	0.003644539276137948	0.0016496970783919096	0.0008312156423926353	0.0007747985073365271	0.012290394864976406	0.0009320028475485742
290	excitement	../syntropy_project/models/model_35	../syntropy_project/models/model_35	pride	0.40864136815071106	0.10341041535139084	0.35963332653045654	0.07700802385807037	0.40864136815071106	0.027265990152955055	0.0030699509661644697	0.0026780301705002785	0.001646162592805922	0.0020810298155993223	0.0014750773552805185	0.010860476642847061	0.00223016319796443
96	neutral	../syntropy_project/models/model_35	../syntropy_project/models/model_35	joy	0.36318182945251465	0.36318182945251465	0.2057042121887207	0.26717409491539	0.14872965216636658	0.008028978481888771	0.001362767070531845	0.001293302746489644	0.0013087012339383364	0.0008709333487786353	0.0003846677718684077	0.0016808664659038186	0.0002799467765726149
184	excitement	../syntropy_project/models/model_35	../syntropy_project/models/model_35	joy	0.4242304563522339	0.4242304563522339	0.16364309191703796	0.2591172754764557	0.12413746863603592	0.01668962463736534	0.0021861635614186525	0.002643924206495285	0.0018419029656797647	0.001665918854996562	0.0010090797441080213	0.0021804708521813154	0.0006546274526044726
788	joy	../syntropy_project/models/model_35	../syntropy_project/models/model_35	pride	0.41190895438194275	0.3226260244846344	0.07019972056150436	0.15948665142059326	0.41190895438194275	0.013650981709361076	0.0032379410695284605	0.006521061062812805	0.001642079558223486	0.001576651236973703	0.00175189645960927	0.005907335784286261	0.001490713912062347
970	surprise	../syntropy_project/models/model_35	../syntropy_project/models/model_35	joy	0.3848152160644531	0.3848152160644531	0.15371350944042206	0.22309283912181854	0.20754718780517578	0.017158880829811096	0.002583563094958663	0.002153265057131648	0.0031174393370747566	0.0009625718230381608	0.0007595408824272454	0.0036791907623410225	0.00041689397767186165
163	joy	../syntropy_project/models/model_35	../syntropy_project/models/model_35	pride	0.626639723777771	0.10663293302059174	0.19047635793685913	0.049468714743852615	0.626639723777771	0.00566613906994462	0.0013487619580700994	0.0016398479929193854	0.0008455184288322926	0.0005912018823437393	0.0007060166681185365	0.01408328302204609	0.0019015377620235085
490	nervousness	../syntropy_project/models/model_35	../syntropy_project/models/model_35	nervousness	0.34534934163093567	0.041194647550582886	0.025488650426268578	0.09054108709096909	0.08269467949867249	0.04899479076266289	0.05781729891896248	0.12625087797641754	0.0464385487139225	0.025626378133893013	0.06792739033699036	0.34534934163093567	0.0416763499379158
405	neutral	../syntropy_project/models/model_35	../syntropy_project/models/model_35	neutral	0.4243921637535095	0.2304636538028717	0.12000992149114609	0.4243921637535095	0.16091011464595795	0.013475026935338974	0.0024927507620304823	0.022256404161453247	0.003276630537584424	0.0021376495715230703	0.004799745511263609	0.014201139099895954	0.001584822777658701
156	joy	../syntropy_project/models/model_35	../syntropy_project/models/model_35	neutral	0.3774675726890564	0.17321589589118958	0.129084512591362	0.3774675726890564	0.13682490587234497	0.0724591389298439	0.011321136727929115	0.017745524644851685	0.021674253046512604	0.012051217257976532	0.008664600551128387	0.02680979296565056	0.012681417167186737
650	joy	../syntropy_project/models/model_35	../syntropy_project/models/model_35	excitement	0.5598853826522827	0.21191109716892242	0.5598853826522827	0.09105120599269867	0.11289766430854797	0.008196753449738026	0.001194740878418088	0.0030317422933876514	0.0022818592842668295	0.0009675698820501566	0.0010644415160641074	0.005097507033497095	0.0024199930485337973
770	excitement	../syntropy_project/models/model_35	../syntropy_project/models/model_35	joy	0.3418762981891632	0.3418762981891632	0.2552250921726227	0.2606794536113739	0.11078865081071854	0.022818034514784813	0.0014797847252339125	0.001867039012722671	0.0014238159637898207	0.0013058966724202037	0.0008846282726153731	0.0011155352694913745	0.0005358903435990214
1003	disgust	../syntropy_project/models/model_35	../syntropy_project/models/model_35	disgust	0.7154296040534973	0.004001728259027004	0.009600996971130371	0.01908433809876442	0.005015965551137924	0.01741066947579384	0.03395671397447586	0.01458832435309887	0.017225997522473335	0.7154296040534973	0.0870218425989151	0.011932555586099625	0.06473135948181152
275	excitement	../syntropy_project/models/model_35	../syntropy_project/models/model_35	excitement	0.34413203597068787	0.21592897176742554	0.34413203597068787	0.081621453166008	0.33261197805404663	0.008325763046741486	0.0016463642241433263	0.0021735646296292543	0.0013537445338442922	0.0009056856506504118	0.0009724607225507498	0.006609318312257528	0.003718647873029113
394	sadness	../syntropy_project/models/model_35	../syntropy_project/models/model_35	anger	0.6620240211486816	0.011726335622370243	0.013415013439953327	0.055267881602048874	0.018306102603673935	0.005263464525341988	0.020902220159769058	0.04700298234820366	0.0120896827429533	0.06148279830813408	0.0223882757127285	0.07013124972581863	0.6620240211486816
1258	neutral	../syntropy_project/models/model_35	../syntropy_project/models/model_35	excitement	0.28949275612831116	0.2202502340078354	0.28949275612831116	0.1699661910533905	0.0902763232588768	0.07626757770776749	0.012528016231954098	0.0375228077173233	0.012433319352567196	0.025113003328442574	0.02055238001048565	0.03550144284963608	0.010096045210957527
575	excitement	../syntropy_project/models/model_35	../syntropy_project/models/model_35	excitement	0.31925028562545776	0.25183942914009094	0.31925028562545776	0.23832570016384125	0.167455792427063	0.010603644885122776	0.0010353942634537816	0.0019205702701583505	0.0015764136333018541	0.0007844019564799964	0.0007958549540489912	0.0057336874306201935	0.0006788811879232526
614	excitement	../syntropy_project/models/model_35	../syntropy_project/models/model_35	excitement	0.6308339238166809	0.043932754546403885	0.6308339238166809	0.048366766422986984	0.2040482759475708	0.01600542478263378	0.0027026545722037554	0.0019883201457560062	0.004301998298615217	0.0017187565099447966	0.0014594856183975935	0.035841554403305054	0.008800083771348
826	pride	../syntropy_project/models/model_35	../syntropy_project/models/model_35	pride	0.4604913890361786	0.036672066897153854	0.42289936542510986	0.028634075075387955	0.4604913890361786	0.013554085046052933	0.005255601834505796	0.002905257511883974	0.0030566758941859007	0.0018521351739764214	0.0013304930180311203	0.02076803892850876	0.002580828731879592
277	neutral	../syntropy_project/models/model_35	../syntropy_project/models/model_35	excitement	0.4721532464027405	0.2246805876493454	0.4721532464027405	0.08863886445760727	0.15753516554832458	0.036734793335199356	0.0027648932300508022	0.0030550367664545774	0.0017702886834740639	0.0036978761199861765	0.002070165704935789	0.0030399297829717398	0.003859095275402069
327	joy	../syntropy_project/models/model_35	../syntropy_project/models/model_35	joy	0.37252119183540344	0.37252119183540344	0.1834268867969513	0.2611306309700012	0.14506196975708008	0.019814280793070793	0.002549487864598632	0.004995755385607481	0.002549614291638136	0.001958506880328059	0.0017856303602457047	0.0031561756040900946	0.0010498720221221447
1186	excitement	../syntropy_project/models/model_35	../syntropy_project/models/model_35	excitement	0.29951807856559753	0.2570745646953583	0.29951807856559753	0.1654275506734848	0.2360227406024933	0.03105977177619934	0.0011354302987456322	0.0012187290703877807	0.0013960398500785232	0.0014579074922949076	0.0005995560786686838	0.0046064285561442375	0.00048322652583010495
1052	pride	../syntropy_project/models/model_35	../syntropy_project/models/model_35	pride	0.4471886456012726	0.1521875262260437	0.26061156392097473	0.07562507688999176	0.4471886456012726	0.02227703481912613	0.007172575686126947	0.003562327940016985	0.006960522849112749	0.009945626370608807	0.0017945680301636457	0.00988788902759552	0.0027866768650710583
624	nervousness	../syntropy_project/models/model_35	../syntropy_project/models/model_35	excitement	0.4561459720134735	0.10684257745742798	0.4561459720134735	0.06362684816122055	0.2418118119239807	0.017397241666913033	0.005714078899472952	0.008767622523009777	0.002882486442103982	0.005729778669774532	0.002367792185395956	0.07645315676927567	0.012260711751878262
581	excitement	../syntropy_project/models/model_35	../syntropy_project/models/model_35	pride	0.4052073657512665	0.2642197012901306	0.11878009140491486	0.18065568804740906	0.4052073657512665	0.011576320044696331	0.0025957063771784306	0.006032856646925211	0.0014630580553784966	0.0015796695370227098	0.001284154481254518	0.004037853330373764	0.0025675143115222454
570	pride	../syntropy_project/models/model_35	../syntropy_project/models/model_35	pride	0.47099724411964417	0.18566471338272095	0.0981137827038765	0.17530736327171326	0.47099724411964417	0.01843164674937725	0.003500648308545351	0.009853901341557503	0.0024107457138597965	0.0029246320482343435	0.004027181770652533	0.026303039863705635	0.002465195721015334
922	neutral	../syntropy_project/models/model_35	../syntropy_project/models/model_35	neutral	0.45592692494392395	0.3602047562599182	0.07431808859109879	0.45592692494392395	0.05952921509742737	0.029762236401438713	0.001892975764349103	0.007578589487820864	0.002582916524261236	0.0020095391664654016	0.002372568240389228	0.00339057226665318	0.00043165110400877893
178	disgust	../syntropy_project/models/model_35	../syntropy_project/models/model_35	nervousness	0.22278521955013275	0.01368238590657711	0.021419422701001167	0.06760746240615845	0.01671709679067135	0.026442544534802437	0.05932444706559181	0.14612852036952972	0.030090874060988426	0.17261749505996704	0.12650570273399353	0.22278521955013275	0.096678726375103
427	nervousness	../syntropy_project/models/model_35	../syntropy_project/models/model_35	nervousness	0.7595776319503784	0.007079817354679108	0.0041878740303218365	0.01618640124797821	0.012063567526638508	0.004313507582992315	0.028452783823013306	0.04257266968488693	0.015831375494599342	0.018925029784440994	0.06392533332109451	0.7595776319503784	0.026883933693170547
964	neutral	../syntropy_project/models/model_35	../syntropy_project/models/model_35	neutral	0.6195563673973083	0.2501339018344879	0.05932651460170746	0.6195563673973083	0.0334351547062397	0.02214379794895649	0.0012493146350607276	0.004637689795345068	0.00391335878521204	0.0010536223417147994	0.0016943057999014854	0.002656786935403943	0.0001992781035369262
377	anger	../syntropy_project/models/model_35	../syntropy_project/models/model_35	anger	0.4558025896549225	0.00504766870290041	0.006733367219567299	0.032544635236263275	0.010609420947730541	0.002075980184599757	0.056614991277456284	0.07337280362844467	0.010539415292441845	0.22544360160827637	0.046059850603342056	0.07515569031238556	0.4558025896549225
381	pride	../syntropy_project/models/model_35	../syntropy_project/models/model_35	joy	0.40284284949302673	0.40284284949302673	0.20735488831996918	0.29111313819885254	0.08640763908624649	0.00791298970580101	0.0005326861864887178	0.001020968658849597	0.0007400518516078591	0.0003188725095242262	0.00029662236920557916	0.0013741754228249192	8.512592467013747e-05
861	neutral	../syntropy_project/models/model_35	../syntropy_project/models/model_35	neutral	0.2846166491508484	0.05008511617779732	0.029617775231599808	0.2846166491508484	0.03480600193142891	0.029815830290317535	0.04041973501443863	0.0883176326751709	0.09611478447914124	0.08009280264377594	0.1127338632941246	0.13124153017997742	0.022138185799121857
88	pride	../syntropy_project/models/model_35	../syntropy_project/models/model_35	pride	0.37920820713043213	0.3632247745990753	0.12236937880516052	0.11955492943525314	0.37920820713043213	0.008169210515916348	0.001208026078529656	0.0016836130525916815	0.0010094339959323406	0.0005872787442058325	0.0004311269731260836	0.0022828192450106144	0.00027128300280310214
671	neutral	../syntropy_project/models/model_35	../syntropy_project/models/model_35	excitement	0.4493125081062317	0.1701013147830963	0.4493125081062317	0.1319979578256607	0.23452052474021912	0.004320940934121609	0.0007822143379598856	0.0011617616983130574	0.0008651262032799423	0.0005036755464971066	0.0004904583911411464	0.005174372810870409	0.0007691341452300549
836	excitement	../syntropy_project/models/model_35	../syntropy_project/models/model_35	pride	0.30280372500419617	0.21926052868366241	0.14482170343399048	0.2922196686267853	0.30280372500419617	0.009255030192434788	0.001174888457171619	0.005171536467969418	0.0014495572540909052	0.00103465944994241	0.0018932620296254754	0.019991256296634674	0.000924173800740391
1266	surprise	../syntropy_project/models/model_35	../syntropy_project/models/model_35	nervousness	0.7418359518051147	0.010262997820973396	0.005839373450726271	0.03970324993133545	0.008376282639801502	0.003308911807835102	0.014390540309250355	0.03521953523159027	0.01781954988837242	0.014033783227205276	0.09564609080553055	0.7418359518051147	0.013563730753958225
481	joy	../syntropy_project/models/model_35	../syntropy_project/models/model_35	pride	0.33339178562164307	0.25286054611206055	0.16450516879558563	0.21520471572875977	0.33339178562164307	0.01826237142086029	0.0022987904958426952	0.002559211105108261	0.0021117168944329023	0.001213554758578539	0.0010394101263955235	0.0053759729489684105	0.0011767763644456863
943	disgust	../syntropy_project/models/model_35	../syntropy_project/models/model_35	embarrassment	0.33873218297958374	0.016404971480369568	0.014417175203561783	0.031863950192928314	0.07267023622989655	0.03183230012655258	0.33873218297958374	0.08297239243984222	0.06299415975809097	0.2076072245836258	0.04037250205874443	0.0662209540605545	0.03391195461153984
1006	pride	../syntropy_project/models/model_35	../syntropy_project/models/model_35	pride	0.8694480061531067	0.015677383169531822	0.08556563407182693	0.009022359736263752	0.8694480061531067	0.010493575595319271	0.0025351853109896183	0.0009459496941417456	0.00048290935228578746	0.0012004377786070108	0.0004676899407058954	0.003265181090682745	0.0008957796962931752
285	joy	../syntropy_project/models/model_35	../syntropy_project/models/model_35	joy	0.44989725947380066	0.44989725947380066	0.2037404626607895	0.18457823991775513	0.13278299570083618	0.014740515500307083	0.0015136342262849212	0.004682114347815514	0.0016046123346313834	0.0014954220969229937	0.0008926201844587922	0.0028939226176589727	0.00117816764395684
1205	pride	../syntropy_project/models/model_35	../syntropy_project/models/model_35	joy	0.5162587761878967	0.5162587761878967	0.19286343455314636	0.10798727720975876	0.15101730823516846	0.013191474601626396	0.004049350973218679	0.0038704508915543556	0.002044475404545665	0.001950847334228456	0.001354777137748897	0.004031062591820955	0.0013808344956487417
352	joy	../syntropy_project/models/model_35	../syntropy_project/models/model_35	joy	0.40492480993270874	0.40492480993270874	0.1590200662612915	0.2645745873451233	0.1441669762134552	0.015629686415195465	0.0015193308936432004	0.0028675654903054237	0.001551515655592084	0.0009881776059046388	0.0008557531982660294	0.003315613605082035	0.0005858595250174403
266	neutral	../syntropy_project/models/model_35	../syntropy_project/models/model_35	joy	0.46812671422958374	0.46812671422958374	0.12302303314208984	0.2812541723251343	0.11234887689352036	0.008199810981750488	0.0008638853905722499	0.00196563801728189	0.0010172099573537707	0.0006191387074068189	0.0005284316721372306	0.0018667826661840081	0.00018624428776092827
59	sadness	../syntropy_project/models/model_35	../syntropy_project/models/model_35	sadness	0.39373716711997986	0.03172994777560234	0.03445790335536003	0.055191561579704285	0.017614498734474182	0.029499797150492668	0.04411451518535614	0.39373716711997986	0.025384806096553802	0.0692143514752388	0.10160208493471146	0.18424582481384277	0.01320752315223217
979	nervousness	../syntropy_project/models/model_35	../syntropy_project/models/model_35	nervousness	0.8902219533920288	0.0029743409249931574	0.002151996362954378	0.007377641275525093	0.005628211423754692	0.0010484983213245869	0.008078938350081444	0.016939690336585045	0.00725474301725626	0.006530411541461945	0.03450823202729225	0.8902219533920288	0.017285404726862907
965	excitement	../syntropy_project/models/model_35	../syntropy_project/models/model_35	neutral	0.3710368871688843	0.35192346572875977	0.11397242546081543	0.3710368871688843	0.09394560754299164	0.045531705021858215	0.004129400476813316	0.0038244817405939102	0.004317349288612604	0.00498885428532958	0.0028895805589854717	0.0022990447469055653	0.0011411854065954685
732	neutral	../syntropy_project/models/model_35	../syntropy_project/models/model_35	neutral	0.41530144214630127	0.17261458933353424	0.23335060477256775	0.41530144214630127	0.13200081884860992	0.016055308282375336	0.0008672276744619012	0.0020965957082808018	0.0020381221547722816	0.0012401901185512543	0.000941757345572114	0.02322080172598362	0.00027255600434727967
615	pride	../syntropy_project/models/model_35	../syntropy_project/models/model_35	joy	0.23262546956539154	0.23262546956539154	0.050151433795690536	0.18005815148353577	0.20797449350357056	0.04329374432563782	0.027579236775636673	0.09738817065954208	0.01926340162754059	0.014106019400060177	0.021849485114216805	0.10120318084955215	0.004507150966674089
1146	pride	../syntropy_project/models/model_35	../syntropy_project/models/model_35	pride	0.9318327307701111	0.004117842298001051	0.052054472267627716	0.0025534809101372957	0.9318327307701111	0.003102787071838975	0.0016248597530648112	0.000308164453599602	0.00015586675726808608	0.0005808135611005127	0.00023533539206255227	0.0026843217201530933	0.000749198195990175
573	neutral	../syntropy_project/models/model_35	../syntropy_project/models/model_35	excitement	0.34770268201828003	0.265006959438324	0.34770268201828003	0.1699465960264206	0.13042625784873962	0.06806626915931702	0.0020758097525686026	0.0021262546069920063	0.0031761040445417166	0.001772059709765017	0.002639511600136757	0.005023606587201357	0.0020378988701850176
820	surprise	../syntropy_project/models/model_35	../syntropy_project/models/model_35	surprise	0.9651795625686646	0.00184738973621279	0.009453796781599522	0.006309744901955128	0.006254051346331835	0.9651795625686646	0.0029481675010174513	0.00045512078213505447	0.005176159553229809	0.0009041267330758274	0.0006663058302365243	0.0007216879748739302	8.391125447815284e-05
678	pride	../syntropy_project/models/model_35	../syntropy_project/models/model_35	pride	0.813174843788147	0.04774937778711319	0.0949980840086937	0.03334791958332062	0.813174843788147	0.00460911775007844	0.0011039613746106625	0.000783319934271276	0.0004553667386062443	0.00037305578007362783	0.00035013945307582617	0.0026788131799548864	0.0003759189276024699
451	neutral	../syntropy_project/models/model_35	../syntropy_project/models/model_35	neutral	0.43222057819366455	0.36808153986930847	0.10960154235363007	0.43222057819366455	0.04900982603430748	0.028091680258512497	0.001777056255377829	0.003045302117243409	0.002927319146692753	0.0018434415105730295	0.0016540047945454717	0.0014067194424569607	0.000341060891514644
731	joy	../syntropy_project/models/model_35	../syntropy_project/models/model_35	joy	0.4140271246433258	0.4140271246433258	0.22401651740074158	0.2548518180847168	0.09397786110639572	0.00863238051533699	0.0005113479564897716	0.0008441709214821458	0.0007187835872173309	0.00042265644879080355	0.00024449502234347165	0.0016247180756181479	0.00012819842959288508
420	neutral	../syntropy_project/models/model_35	../syntropy_project/models/model_35	neutral	0.3220970928668976	0.19573020935058594	0.24377760291099548	0.3220970928668976	0.17933396995067596	0.013260778971016407	0.0016080630011856556	0.0038142555858939886	0.0034256090875715017	0.001836863113567233	0.0024690318387001753	0.030419163405895233	0.0022272937931120396
380	pride	../syntropy_project/models/model_35	../syntropy_project/models/model_35	pride	0.6179875135421753	0.06229330599308014	0.17697948217391968	0.09577670693397522	0.6179875135421753	0.014688313007354736	0.0022223249543458223	0.0027002289425581694	0.0012278176145628095	0.0023406394757330418	0.0011936788214370608	0.021808572113513947	0.0007814962300471961
83	excitement	../syntropy_project/models/model_35	../syntropy_project/models/model_35	joy	0.45048457384109497	0.45048457384109497	0.13593807816505432	0.327711820602417	0.04930104687809944	0.013356220908463001	0.0012462516315281391	0.008355462923645973	0.005293423309922218	0.0016746025066822767	0.0018371951300650835	0.0037561829667538404	0.0010451822308823466
129	pride	../syntropy_project/models/model_35	../syntropy_project/models/model_35	pride	0.5358689427375793	0.19614318013191223	0.1353631317615509	0.10500277578830719	0.5358689427375793	0.009400170296430588	0.0017753582214936614	0.005114538129419088	0.001207689754664898	0.0012613683938980103	0.0015621333150193095	0.005731767974793911	0.001569049316458404
916	neutral	../syntropy_project/models/model_35	../syntropy_project/models/model_35	joy	0.37587299942970276	0.37587299942970276	0.19518499076366425	0.34743884205818176	0.05504545569419861	0.01647578366100788	0.0011594854295253754	0.0024393617641180754	0.0015975100686773658	0.0006987342494539917	0.0010032098507508636	0.0028278909157961607	0.00025569909485056996
774	confusion	../syntropy_project/models/model_35	../syntropy_project/models/model_35	neutral	0.37532350420951843	0.13743552565574646	0.0697237178683281	0.37532350420951843	0.08741650730371475	0.03694679215550423	0.013220119290053844	0.08921793848276138	0.02892378345131874	0.013182884082198143	0.01811046525835991	0.11718373000621796	0.013314958661794662
1065	nervousness	../syntropy_project/models/model_35	../syntropy_project/models/model_35	pride	0.3439783751964569	0.14764180779457092	0.30533742904663086	0.10122159123420715	0.3439783751964569	0.05052369087934494	0.003997019492089748	0.003165073459967971	0.007327341940253973	0.002216684864833951	0.003328990191221237	0.02723088301718235	0.004031118005514145
522	pride	../syntropy_project/models/model_35	../syntropy_project/models/model_35	excitement	0.6311882138252258	0.13225910067558289	0.6311882138252258	0.056966859847307205	0.1685621440410614	0.0038025570102036	0.0005071117775514722	0.0009328289306722581	0.000741128227673471	0.0005045459256507456	0.00013651482004206628	0.0036766058765351772	0.0007223173161037266
260	neutral	../syntropy_project/models/model_35	../syntropy_project/models/model_35	neutral	0.5950967073440552	0.12593252956867218	0.13143698871135712	0.5950967073440552	0.04106426611542702	0.0382361002266407	0.004373509436845779	0.016329355537891388	0.008284359239041805	0.0025354379322379827	0.0050309752114117146	0.03054291196167469	0.0011368116829544306
596	neutral	../syntropy_project/models/model_35	../syntropy_project/models/model_35	neutral	0.41623345017433167	0.4151756763458252	0.10396232455968857	0.41623345017433167	0.04133909195661545	0.008065558969974518	0.0008488447638228536	0.005581795237958431	0.002400304190814495	0.0008598751155659556	0.0011665450874716043	0.0039309971034526825	0.0004355661221779883
818	surprise	../syntropy_project/models/model_35	../syntropy_project/models/model_35	joy	0.3419647514820099	0.3419647514820099	0.11632689833641052	0.32059356570243835	0.1607443243265152	0.0331256128847599	0.004886003211140633	0.0049669332802295685	0.00566525524482131	0.0037068286910653114	0.002343433676287532	0.004189649596810341	0.0014867499703541398
988	pride	../syntropy_project/models/model_35	../syntropy_project/models/model_35	neutral	0.31254255771636963	0.17645469307899475	0.15513916313648224	0.31254255771636963	0.28627026081085205	0.021385380998253822	0.0021749415900558233	0.018103843554854393	0.002009942661970854	0.0032745753414928913	0.0035394816659390926	0.01553729921579361	0.003567905630916357
906	pride	../syntropy_project/models/model_35	../syntropy_project/models/model_35	neutral	0.27333158254623413	0.18221017718315125	0.198075532913208	0.27333158254623413	0.25812047719955444	0.051471978425979614	0.0027876216918230057	0.0058900886215269566	0.004346161149442196	0.0021912576630711555	0.0028991601429879665	0.016766775399446487	0.001909159473143518
138	pride	../syntropy_project/models/model_35	../syntropy_project/models/model_35	pride	0.8136858344078064	0.03447633236646652	0.11311310529708862	0.023661216720938683	0.8136858344078064	0.006098797079175711	0.001474107732065022	0.0011094723595306277	0.00040101309423334897	0.0008519841940142214	0.00041809899266809225	0.004023419693112373	0.000686710060108453
292	pride	../syntropy_project/models/model_35	../syntropy_project/models/model_35	joy	0.4009823501110077	0.4009823501110077	0.09039260447025299	0.27428939938545227	0.21766529977321625	0.007212954107671976	0.0011704263743013144	0.003000962780788541	0.0013171304017305374	0.0008086114539764822	0.0005363773670978844	0.0022386047057807446	0.0003853058733511716
1035	confusion	../syntropy_project/models/model_35	../syntropy_project/models/model_35	nervousness	0.315190851688385	0.021258531138300896	0.0073921880684792995	0.0800032764673233	0.045344967395067215	0.01996525749564171	0.1234729140996933	0.05411168932914734	0.1570204794406891	0.0334479846060276	0.0987279936671257	0.315190851688385	0.04406389221549034
376	pride	../syntropy_project/models/model_35	../syntropy_project/models/model_35	pride	0.7601367235183716	0.014982035383582115	0.20291118323802948	0.015070518478751183	0.7601367235183716	0.002265377203002572	0.0007203797576949	0.0002992537338286638	0.00029989713220857084	0.00034514180151745677	0.00021324217959772795	0.002402360551059246	0.00035391608253121376
141	pride	../syntropy_project/models/model_35	../syntropy_project/models/model_35	excitement	0.3121013641357422	0.24881252646446228	0.3121013641357422	0.12503284215927124	0.2756720185279846	0.019291309639811516	0.0023822246585041285	0.006189468316733837	0.00166106759570539	0.0018718000501394272	0.0014634034596383572	0.004490215331315994	0.0010317895794287324
609	pride	../syntropy_project/models/model_35	../syntropy_project/models/model_35	excitement	0.4342425465583801	0.1487356424331665	0.4342425465583801	0.0747329369187355	0.307283490896225	0.01251056045293808	0.0012354287318885326	0.0025237391237169504	0.0008341080974787474	0.0012224389938637614	0.0009491286473348737	0.015045982785522938	0.0006840663845650852
838	pride	../syntropy_project/models/model_35	../syntropy_project/models/model_35	pride	0.7953572869300842	0.025056663900613785	0.16125738620758057	0.0075593669898808	0.7953572869300842	0.004421557765454054	0.0013425659853965044	0.000604563916567713	0.00019226428412366658	0.000589593022596091	0.00023612963559571654	0.002669391455128789	0.0007132565369829535
1156	excitement	../syntropy_project/models/model_35	../syntropy_project/models/model_35	excitement	0.4467112720012665	0.18819917738437653	0.4467112720012665	0.22174979746341705	0.09771326929330826	0.029056891798973083	0.0009474867256358266	0.0023863185197114944	0.001560343662276864	0.0009244104730896652	0.001544166007079184	0.009087422862648964	0.00011955016816500574
139	neutral	../syntropy_project/models/model_35	../syntropy_project/models/model_35	neutral	0.3852805197238922	0.16400498151779175	0.060977257788181305	0.3852805197238922	0.06093057990074158	0.04008755460381508	0.012400802224874496	0.21427328884601593	0.01940082758665085	0.009108798578381538	0.01680259220302105	0.015074126422405243	0.0016586740966886282
911	joy	../syntropy_project/models/model_35	../syntropy_project/models/model_35	excitement	0.42775291204452515	0.2703816294670105	0.42775291204452515	0.09845935553312302	0.17989547550678253	0.01776759698987007	0.00104367861058563	0.0007295458926819265	0.0012810659827664495	0.0006956975557841361	0.0006501147290691733	0.0010083741508424282	0.0003344477736391127
973	excitement	../syntropy_project/models/model_35	../syntropy_project/models/model_35	excitement	0.5622611045837402	0.057474762201309204	0.5622611045837402	0.036449234932661057	0.2930983006954193	0.04134724661707878	0.001650427933782339	0.0006191091961227357	0.0009065126650966704	0.0015861872816458344	0.0009898399002850056	0.002970630070194602	0.0006465610349550843
224	excitement	../syntropy_project/models/model_35	../syntropy_project/models/model_35	excitement	0.8152539730072021	0.03965706750750542	0.8152539730072021	0.032508328557014465	0.0949065163731575	0.006166763603687286	0.0004570894525386393	0.0005112002254463732	0.0006901516462676227	0.0002538994885981083	0.0002845004200935364	0.00846340972930193	0.0008470951579511166
398	pride	../syntropy_project/models/model_35	../syntropy_project/models/model_35	pride	0.9042006134986877	0.011427897959947586	0.06749247014522552	0.009198954328894615	0.9042006134986877	0.0020431596785783768	0.0008822944946587086	0.0002956579264719039	0.00014657639258075505	0.00026606686878949404	0.00019471492851153016	0.0034075190778821707	0.00044412323040887713
274	neutral	../syntropy_project/models/model_35	../syntropy_project/models/model_35	joy	0.4198581278324127	0.4198581278324127	0.15425488352775574	0.16711561381816864	0.18918389081954956	0.04300074651837349	0.005091982893645763	0.00918107945472002	0.0035916236229240894	0.0020139345433562994	0.002381723839789629	0.0030975895933806896	0.0012287546414881945
323	pride	../syntropy_project/models/model_35	../syntropy_project/models/model_35	pride	0.3867116868495941	0.24840717017650604	0.24177595973014832	0.09795115888118744	0.3867116868495941	0.014871293678879738	0.001498152152635157	0.001953891711309552	0.000947506632655859	0.000802626833319664	0.0005699705216102302	0.003846741747111082	0.0006638347986154258
342	pride	../syntropy_project/models/model_35	../syntropy_project/models/model_35	excitement	0.31956788897514343	0.26714077591896057	0.31956788897514343	0.10218249261379242	0.28674811124801636	0.014616844244301319	0.001125797862187028	0.0010439598700031638	0.0011395650217309594	0.000806892872788012	0.0005945598823018372	0.004654859658330679	0.00037817872362211347
807	joy	../syntropy_project/models/model_35	../syntropy_project/models/model_35	excitement	0.32697799801826477	0.2251138985157013	0.32697799801826477	0.23047296702861786	0.05998849496245384	0.14050531387329102	0.0024311402812600136	0.003328625112771988	0.003773271106183529	0.001811382477171719	0.0028517083264887333	0.0021980160381644964	0.0005471041076816618
1078	excitement	../syntropy_project/models/model_35	../syntropy_project/models/model_35	excitement	0.9408682584762573	0.013674676418304443	0.9408682584762573	0.007499205879867077	0.02509474754333496	0.006627550348639488	0.0004321480810176581	0.00021755545458290726	0.000353704352164641	0.00035725344787351787	0.0002294300647918135	0.004124435596168041	0.0005210682866163552
718	neutral	../syntropy_project/models/model_35	../syntropy_project/models/model_35	joy	0.46141618490219116	0.46141618490219116	0.05719833821058273	0.3432122468948364	0.08989985287189484	0.009760815650224686	0.0019190367311239243	0.01315910555422306	0.004520258400589228	0.0015225785318762064	0.004746309015899897	0.011187965981662273	0.001457294449210167
969	embarrassment	../syntropy_project/models/model_35	../syntropy_project/models/model_35	pride	0.5768106579780579	0.09045670181512833	0.06881003081798553	0.11670122295618057	0.5768106579780579	0.013316742144525051	0.008067512884736061	0.008837028406560421	0.006982636172324419	0.003963793162256479	0.006876596249639988	0.08784248679876328	0.011334585957229137
447	neutral	../syntropy_project/models/model_35	../syntropy_project/models/model_35	nervousness	0.3019467890262604	0.0926194116473198	0.10575560480356216	0.2385285347700119	0.04790330305695534	0.04034477844834328	0.013219659216701984	0.09169270098209381	0.013813942670822144	0.011198027059435844	0.032694436609745026	0.3019467890262604	0.010282895527780056
634	neutral	../syntropy_project/models/model_35	../syntropy_project/models/model_35	joy	0.2926414906978607	0.2926414906978607	0.15354129672050476	0.25463274121284485	0.23389370739459991	0.02646511234343052	0.007080019451677799	0.004145078361034393	0.004603051580488682	0.005475890822708607	0.002871244680136442	0.00845495518296957	0.006195436231791973
344	joy	../syntropy_project/models/model_35	../syntropy_project/models/model_35	joy	0.3428155183792114	0.3428155183792114	0.30190062522888184	0.20500656962394714	0.10845325887203217	0.03306643292307854	0.0014603892341256142	0.001386534422636032	0.001554211601614952	0.0011359982891008258	0.0009440436260774732	0.0018944604089483619	0.0003819575358647853
1040	sadness	../syntropy_project/models/model_35	../syntropy_project/models/model_35	neutral	0.3670324981212616	0.17906393110752106	0.06625610589981079	0.3670324981212616	0.19562749564647675	0.033454779535532	0.011203954927623272	0.09722276031970978	0.009681859984993935	0.006661768537014723	0.011305088177323341	0.01631144806742668	0.006178325042128563
1005	neutral	../syntropy_project/models/model_35	../syntropy_project/models/model_35	pride	0.41152969002723694	0.21512547135353088	0.23369410634040833	0.11738327145576477	0.41152969002723694	0.01099327765405178	0.0014067114097997546	0.0021139655727893114	0.0010848593665286899	0.0007496824837289751	0.0007792576216161251	0.0044150264002382755	0.0007246075547300279
843	nervousness	../syntropy_project/models/model_35	../syntropy_project/models/model_35	nervousness	0.7158874869346619	0.017910314723849297	0.015352170914411545	0.031225498765707016	0.025345752015709877	0.006601453758776188	0.019071822986006737	0.10457339137792587	0.01981830596923828	0.00890332367271185	0.01579418033361435	0.7158874869346619	0.01951618120074272
549	embarrassment	../syntropy_project/models/model_35	../syntropy_project/models/model_35	embarrassment	0.784088671207428	0.004750359337776899	0.001551677705720067	0.007738063577562571	0.029227081686258316	0.002254188060760498	0.784088671207428	0.012125303968787193	0.01703048124909401	0.08095928281545639	0.006910604890435934	0.04046700894832611	0.012897247448563576
1112	neutral	../syntropy_project/models/model_35	../syntropy_project/models/model_35	joy	0.33568549156188965	0.33568549156188965	0.19724369049072266	0.30207860469818115	0.14280353486537933	0.011857956647872925	0.0011697913287207484	0.0024657894391566515	0.0015012542717158794	0.0011552172945812345	0.0009435508400201797	0.0024443615693598986	0.0006506847566924989
526	excitement	../syntropy_project/models/model_35	../syntropy_project/models/model_35	excitement	0.5057952404022217	0.13764555752277374	0.5057952404022217	0.1872567981481552	0.1331702321767807	0.012287072837352753	0.0007577577489428222	0.0020182528533041477	0.0012580874608829618	0.0007075882167555392	0.0009532188414596021	0.017445581033825874	0.0007046685786917806
365	excitement	../syntropy_project/models/model_35	../syntropy_project/models/model_35	excitement	0.2492639273405075	0.1742049753665924	0.2492639273405075	0.14104494452476501	0.20209644734859467	0.10083895921707153	0.014847430400550365	0.028090890496969223	0.014420007355511189	0.008935890160501003	0.008055654354393482	0.0457625575363636	0.012438395991921425
855	joy	../syntropy_project/models/model_35	../syntropy_project/models/model_35	pride	0.39023295044898987	0.20114518702030182	0.21095973253250122	0.1613481044769287	0.39023295044898987	0.01627684198319912	0.0024601214099675417	0.0021541276946663857	0.003191619645804167	0.001093558850698173	0.0006189810228534043	0.009445393458008766	0.0010733114322647452
701	neutral	../syntropy_project/models/model_35	../syntropy_project/models/model_35	joy	0.3093932867050171	0.3093932867050171	0.2643195390701294	0.2522831857204437	0.1052456945180893	0.03898494318127632	0.0031214181799441576	0.006316075567156076	0.0033915035892277956	0.005587552674114704	0.0028169371653348207	0.00391005352139473	0.004629777278751135
321	surprise	../syntropy_project/models/model_35	../syntropy_project/models/model_35	excitement	0.4302791953086853	0.18305526673793793	0.4302791953086853	0.18316729366779327	0.12902072072029114	0.0543590746819973	0.003550176275894046	0.0022624593693763018	0.004737009294331074	0.0013223995920270681	0.0018997422885149717	0.005619777832180262	0.0007268982008099556
803	joy	../syntropy_project/models/model_35	../syntropy_project/models/model_35	excitement	0.3663216531276703	0.250711590051651	0.3663216531276703	0.168415829539299	0.09787841141223907	0.10334514081478119	0.002452819375321269	0.0011638415744528174	0.001910194754600525	0.0038399959448724985	0.0020824563689529896	0.00137593992985785	0.0005021769320592284
707	excitement	../syntropy_project/models/model_35	../syntropy_project/models/model_35	joy	0.5322434306144714	0.5322434306144714	0.17119354009628296	0.19442011415958405	0.08294027298688889	0.012238054536283016	0.0014533846406266093	0.001799700316041708	0.001403957256115973	0.0005985494935885072	0.0005862728576175869	0.0009047106141224504	0.00021801091497763991
944	pride	../syntropy_project/models/model_35	../syntropy_project/models/model_35	pride	0.42054781317710876	0.18745557963848114	0.11867323517799377	0.23094026744365692	0.42054781317710876	0.011151849292218685	0.0027755226474255323	0.006265683565288782	0.006084958557039499	0.0012392968637868762	0.0018085672054439783	0.008253147825598717	0.00480403658002615
613	neutral	../syntropy_project/models/model_35	../syntropy_project/models/model_35	joy	0.3180482089519501	0.3180482089519501	0.18625909090042114	0.25133371353149414	0.07226765155792236	0.04765278473496437	0.004381855484098196	0.08111722767353058	0.004367399495095015	0.006432346533983946	0.005621586460620165	0.020905060693621635	0.0016129525611177087
39	anger	../syntropy_project/models/model_35	../syntropy_project/models/model_35	neutral	0.4281085133552551	0.04870905354619026	0.1536533087491989	0.4281085133552551	0.10226482152938843	0.035116903483867645	0.01377055048942566	0.018386438488960266	0.06594958901405334	0.011438151821494102	0.005495679564774036	0.10214612632989883	0.014960854314267635
30	excitement	../syntropy_project/models/model_35	../syntropy_project/models/model_35	excitement	0.49702954292297363	0.11018510162830353	0.49702954292297363	0.05856712907552719	0.26749831438064575	0.04457515850663185	0.002036609686911106	0.0016302388394251466	0.001897516194730997	0.0021977319847792387	0.0005978357512503862	0.012037783861160278	0.0017469605663791299
242	excitement	../syntropy_project/models/model_35	../syntropy_project/models/model_35	neutral	0.36727777123451233	0.3504888117313385	0.09216970205307007	0.36727777123451233	0.13210232555866241	0.025973360985517502	0.00383568974211812	0.012071847915649414	0.0045045120641589165	0.0024320725351572037	0.00231872103177011	0.005271431524306536	0.0015537566505372524
1110	joy	../syntropy_project/models/model_35	../syntropy_project/models/model_35	neutral	0.38163453340530396	0.3735640048980713	0.1471194475889206	0.38163453340530396	0.04047738388180733	0.027943434193730354	0.0024224361404776573	0.014075924642384052	0.0038298231083899736	0.0031334005761891603	0.0024885274469852448	0.002421699231490493	0.0008893339545466006
136	joy	../syntropy_project/models/model_35	../syntropy_project/models/model_35	neutral	0.37973660230636597	0.3773456811904907	0.06441890448331833	0.37973660230636597	0.10094636678695679	0.018588170409202576	0.005529736168682575	0.02507328987121582	0.0060782162472605705	0.005778516177088022	0.004554903134703636	0.010259117931127548	0.0016905145021155477
310	excitement	../syntropy_project/models/model_35	../syntropy_project/models/model_35	neutral	0.3690735697746277	0.17814163863658905	0.10202819854021072	0.3690735697746277	0.20798110961914062	0.018793985247612	0.00439682649448514	0.04841874539852142	0.005952605977654457	0.004880498629063368	0.010671514086425304	0.04166489839553833	0.007996464148163795
1066	nervousness	../syntropy_project/models/model_35	../syntropy_project/models/model_35	nervousness	0.7478355765342712	0.006055033300071955	0.0035991105251014233	0.013123714365065098	0.009516256861388683	0.00284955115057528	0.016548197716474533	0.016979485750198364	0.01522619929164648	0.005999267566949129	0.15435302257537842	0.7478355765342712	0.00791455153375864
503	neutral	../syntropy_project/models/model_35	../syntropy_project/models/model_35	neutral	0.44774022698402405	0.3157743811607361	0.09720143675804138	0.44774022698402405	0.06540253013372421	0.056715983897447586	0.0023030682932585478	0.00397443724796176	0.003720739157870412	0.002853800542652607	0.0023386625107377768	0.0016733756056055427	0.0003013943787664175
780	neutral	../syntropy_project/models/model_35	../syntropy_project/models/model_35	neutral	0.3581288456916809	0.2216939777135849	0.09322883188724518	0.3581288456916809	0.17567908763885498	0.08253545314073563	0.01308470405638218	0.01113139558583498	0.01148293074220419	0.015845784917473793	0.006802441086620092	0.007392131723463535	0.0029943929985165596
1122	excitement	../syntropy_project/models/model_35	../syntropy_project/models/model_35	excitement	0.28036853671073914	0.27180302143096924	0.28036853671073914	0.17442266643047333	0.22451622784137726	0.02895749732851982	0.003537478856742382	0.002222612965852022	0.002864580601453781	0.002269783290103078	0.0015505016781389713	0.005658962298184633	0.0018280388321727514
1264	joy	../syntropy_project/models/model_35	../syntropy_project/models/model_35	neutral	0.3236857056617737	0.1567741185426712	0.0626685842871666	0.3236857056617737	0.06684118509292603	0.029663879424333572	0.015177718363702297	0.12456570565700531	0.02084285020828247	0.01567770540714264	0.03528672829270363	0.1393004208803177	0.00951535813510418
453	joy	../syntropy_project/models/model_35	../syntropy_project/models/model_35	joy	0.3821956217288971	0.3821956217288971	0.19163189828395844	0.2598726749420166	0.12504655122756958	0.02542538195848465	0.002787273610010743	0.0030778131913393736	0.00298494566231966	0.0021405320148915052	0.0013249128824099898	0.002976281801238656	0.0005360713112168014
3	neutral	../syntropy_project/models/model_35	../syntropy_project/models/model_35	joy	0.369454026222229	0.369454026222229	0.18282000720500946	0.19861190021038055	0.18251946568489075	0.05058000236749649	0.003024837002158165	0.0042839678935706615	0.002444532932713628	0.001508170273154974	0.0012178084580227733	0.0030168122611939907	0.0005184271140024066
111	neutral	../syntropy_project/models/model_35	../syntropy_project/models/model_35	excitement	0.3164534270763397	0.17558014392852783	0.3164534270763397	0.17993102967739105	0.247024267911911	0.03169228881597519	0.004005123861134052	0.005414386745542288	0.00744440546259284	0.003984426148235798	0.001786906155757606	0.024373719468712807	0.002309909090399742
670	joy	../syntropy_project/models/model_35	../syntropy_project/models/model_35	joy	0.42044538259506226	0.42044538259506226	0.15163330733776093	0.3092411160469055	0.09435220807790756	0.010473345406353474	0.0019153024768456817	0.003624098841100931	0.002278699539601803	0.0008515772060491145	0.0012299440568313003	0.003480253042653203	0.00047475038445554674
1097	excitement	../syntropy_project/models/model_35	../syntropy_project/models/model_35	pride	0.7038935422897339	0.030157411471009254	0.2307180017232895	0.021467188373208046	0.7038935422897339	0.008333392441272736	0.001090724254027009	0.0004324653127696365	0.0006780988769605756	0.00046500589814968407	0.0003324944991618395	0.002064405009150505	0.0003673585888464004
482	pride	../syntropy_project/models/model_35	../syntropy_project/models/model_35	pride	0.7887485027313232	0.013785957358777523	0.18514397740364075	0.006194413639605045	0.7887485027313232	0.0023424248211085796	0.0008652396500110626	0.0005302252247929573	0.00021761043171864003	0.00025333568919450045	0.00014738166646566242	0.0014893768820911646	0.00028151727747172117
921	pride	../syntropy_project/models/model_35	../syntropy_project/models/model_35	pride	0.37297746539115906	0.3411542475223541	0.05323921516537666	0.19789773225784302	0.37297746539115906	0.010040301829576492	0.0028746516909450293	0.009237222373485565	0.0019169498700648546	0.0021575838327407837	0.0017396545736119151	0.00473607424646616	0.0020288582891225815
931	nervousness	../syntropy_project/models/model_35	../syntropy_project/models/model_35	pride	0.3920504152774811	0.09012164175510406	0.08012424409389496	0.062305934727191925	0.3920504152774811	0.018765034154057503	0.019601985812187195	0.0126657048240304	0.009157412685453892	0.008891765959560871	0.012446826323866844	0.2814834415912628	0.01238569151610136
1139	confusion	../syntropy_project/models/model_35	../syntropy_project/models/model_35	excitement	0.852452278137207	0.0108525101095438	0.852452278137207	0.013568801805377007	0.08530580252408981	0.013109748251736164	0.001323206233792007	0.0007091352017596364	0.001342869596555829	0.0007708443445153534	0.0006167860701680183	0.01858389750123024	0.0013641200494021177
429	joy	../syntropy_project/models/model_35	../syntropy_project/models/model_35	joy	0.45933300256729126	0.45933300256729126	0.15531593561172485	0.23668333888053894	0.13115504384040833	0.007020793855190277	0.0008349620620720088	0.0035815590526908636	0.001265043974854052	0.0008826790726743639	0.000735615030862391	0.0026143938302993774	0.0005775378667749465
314	joy	../syntropy_project/models/model_35	../syntropy_project/models/model_35	joy	0.35055872797966003	0.35055872797966003	0.30184441804885864	0.21132460236549377	0.10284578055143356	0.025309206917881966	0.0011034876806661487	0.0012139418395236135	0.00214354507625103	0.0011726809898391366	0.000917819095775485	0.0012862737057730556	0.0002796340559143573
1030	surprise	../syntropy_project/models/model_35	../syntropy_project/models/model_35	surprise	0.6125624179840088	0.08848690241575241	0.09584573656320572	0.06418449431657791	0.10502056032419205	0.6125624179840088	0.007058287970721722	0.002476814668625593	0.014628725126385689	0.0017534125363454223	0.0016796559793874621	0.005528412759304047	0.0007746056653559208
319	excitement	../syntropy_project/models/model_35	../syntropy_project/models/model_35	excitement	0.46442675590515137	0.12834645807743073	0.46442675590515137	0.1091701090335846	0.26484930515289307	0.017384754493832588	0.0011347553227096796	0.0016442248597741127	0.0010920721106231213	0.0010778185678645968	0.00034434814006090164	0.009834364987909794	0.0006950566312298179
579	nervousness	../syntropy_project/models/model_35	../syntropy_project/models/model_35	nervousness	0.5121167898178101	0.015106347389519215	0.00820967834442854	0.0330413319170475	0.006274327170103788	0.012057115323841572	0.030396761372685432	0.23394490778446198	0.06973705440759659	0.02359161339700222	0.03440653532743454	0.5121167898178101	0.02111751027405262
630	pride	../syntropy_project/models/model_35	../syntropy_project/models/model_35	neutral	0.4036672115325928	0.359296053647995	0.11903413385152817	0.4036672115325928	0.09820660203695297	0.009747141972184181	0.001201316132210195	0.00238224514760077	0.002542982343584299	0.0008342249784618616	0.0006131820846349001	0.002243222203105688	0.00023170960776042193
5	nervousness	../syntropy_project/models/model_35	../syntropy_project/models/model_35	sadness	0.5083656311035156	0.031159695237874985	0.01719227060675621	0.0403352752327919	0.02493157796561718	0.007982531562447548	0.03947792202234268	0.5083656311035156	0.018954411149024963	0.0683855414390564	0.027073590084910393	0.1580290049314499	0.058112483471632004
100	neutral	../syntropy_project/models/model_35	../syntropy_project/models/model_35	joy	0.5793402194976807	0.5793402194976807	0.12176865339279175	0.149269700050354	0.13338147103786469	0.008236718364059925	0.0008998167468234897	0.00274180481210351	0.0009160033660009503	0.0006541740731336176	0.0005272823618724942	0.001972091617062688	0.0002920648839790374
710	joy	../syntropy_project/models/model_35	../syntropy_project/models/model_35	joy	0.4671609401702881	0.4671609401702881	0.293941855430603	0.15439583361148834	0.05437793582677841	0.007127027492970228	0.0020946809090673923	0.003936083987355232	0.003460441716015339	0.0018107080832123756	0.001735414145514369	0.005195625592023134	0.004763538483530283
567	excitement	../syntropy_project/models/model_35	../syntropy_project/models/model_35	pride	0.6337746381759644	0.025815719738602638	0.28554394841194153	0.024597616866230965	0.6337746381759644	0.01041959784924984	0.001198874320834875	0.0009885970503091812	0.000921400380320847	0.0009080008021555841	0.0006797845708206296	0.012843737378716469	0.002307938179001212
545	neutral	../syntropy_project/models/model_35	../syntropy_project/models/model_35	neutral	0.4165532886981964	0.1499079316854477	0.2460998147726059	0.4165532886981964	0.08550377935171127	0.08525531738996506	0.0023755512665957212	0.005154822021722794	0.0039094663225114346	0.0013599965022876859	0.0016546020051464438	0.0020845066756010056	0.00014094407379161566
644	joy	../syntropy_project/models/model_35	../syntropy_project/models/model_35	joy	0.411950021982193	0.411950021982193	0.10528484731912613	0.32131317257881165	0.13942858576774597	0.01622787117958069	0.0008068513125181198	0.0012426977045834064	0.0011212998069822788	0.0006379603291861713	0.000568235176615417	0.0012779178796336055	0.0001404176146024838
909	confusion	../syntropy_project/models/model_35	../syntropy_project/models/model_35	confusion	0.2797689437866211	0.016825014725327492	0.011066674254834652	0.05167536064982414	0.048172276467084885	0.01922939158976078	0.13753357529640198	0.049525290727615356	0.2797689437866211	0.049183618277311325	0.03354474529623985	0.15426024794578552	0.14921478927135468
802	neutral	../syntropy_project/models/model_35	../syntropy_project/models/model_35	neutral	0.3502711355686188	0.2682678997516632	0.10109324008226395	0.3502711355686188	0.23624686896800995	0.02824222855269909	0.0025147392880171537	0.0038206083700060844	0.0033172089606523514	0.0013675021473318338	0.001015281304717064	0.0034473156556487083	0.00039595484849996865
467	surprise	../syntropy_project/models/model_35	../syntropy_project/models/model_35	joy	0.4433664083480835	0.4433664083480835	0.1479787975549698	0.27277475595474243	0.09388534724712372	0.026315050199627876	0.003077884903177619	0.0035144684370607138	0.004075879231095314	0.0011990058701485395	0.0009517186554148793	0.0023150211200118065	0.0005455930950120091
390	excitement	../syntropy_project/models/model_35	../syntropy_project/models/model_35	pride	0.41465017199516296	0.20085258781909943	0.20753878355026245	0.12654022872447968	0.41465017199516296	0.02251509018242359	0.0066420650109648705	0.0034549301490187645	0.004240726120769978	0.001928226905874908	0.0020335994195193052	0.008502110838890076	0.001101584522984922
227	neutral	../syntropy_project/models/model_35	../syntropy_project/models/model_35	joy	0.43868470191955566	0.43868470191955566	0.09973011910915375	0.22774696350097656	0.21030668914318085	0.008821669965982437	0.0017671267269179225	0.0054458933882415295	0.0016938671469688416	0.000616117031313479	0.0008779956260696054	0.003927611280232668	0.0003812080540228635
536	excitement	../syntropy_project/models/model_35	../syntropy_project/models/model_35	excitement	0.8566291928291321	0.02191767282783985	0.8566291928291321	0.01375648658722639	0.09732636064291	0.005975872743874788	0.0005242378683760762	0.00043423869647085667	0.00028910028049722314	0.00026792564312927425	0.0002424577105557546	0.0023510188329964876	0.0002854069753084332
1057	neutral	../syntropy_project/models/model_35	../syntropy_project/models/model_35	joy	0.3829561769962311	0.3829561769962311	0.22655008733272552	0.22130627930164337	0.1382800191640854	0.02154863253235817	0.001990034943446517	0.0012760247336700559	0.002144589088857174	0.0013074257876724005	0.0008563912124373019	0.001330041908659041	0.00045423905248753726
712	neutral	../syntropy_project/models/model_35	../syntropy_project/models/model_35	excitement	0.2740434408187866	0.2514837086200714	0.2740434408187866	0.12445366382598877	0.04737599194049835	0.23549437522888184	0.00865994207561016	0.0058305952697992325	0.012160259298980236	0.017417436465620995	0.007651057094335556	0.0024835674557834864	0.012945898808538914
471	neutral	../syntropy_project/models/model_35	../syntropy_project/models/model_35	excitement	0.40028437972068787	0.12860336899757385	0.40028437972068787	0.1536160260438919	0.1684366762638092	0.11352641135454178	0.005350455176085234	0.004753622226417065	0.0027486614417284727	0.00425025075674057	0.0028853865806013346	0.011736254207789898	0.003808470442891121
66	excitement	../syntropy_project/models/model_35	../syntropy_project/models/model_35	joy	0.3290594816207886	0.3290594816207886	0.22460076212882996	0.2667437195777893	0.15987251698970795	0.010254789143800735	0.0010233564535155892	0.0021395154763013124	0.0017040325328707695	0.0007203715504147112	0.0004858034662902355	0.0029162252321839333	0.0004793608677573502
1089	neutral	../syntropy_project/models/model_35	../syntropy_project/models/model_35	joy	0.4471876919269562	0.4471876919269562	0.13803842663764954	0.327335923910141	0.05888720974326134	0.012198634445667267	0.0012709511211141944	0.005988414864987135	0.0023790982086211443	0.0013253975193947554	0.0012458054115995765	0.0037452930118888617	0.00039715520688332617
67	surprise	../syntropy_project/models/model_35	../syntropy_project/models/model_35	nervousness	0.7615073919296265	0.0038542365655303	0.004524200223386288	0.013355214148759842	0.01399288885295391	0.014104404486715794	0.037682123482227325	0.018639635294675827	0.037080585956573486	0.016326123848557472	0.033915918320417404	0.7615073919296265	0.0450172983109951
629	joy	../syntropy_project/models/model_35	../syntropy_project/models/model_35	neutral	0.36927545070648193	0.21975241601467133	0.058584295213222504	0.36927545070648193	0.09947070479393005	0.014042009599506855	0.04917899891734123	0.03722427040338516	0.0334838442504406	0.031086500734090805	0.01638992875814438	0.030644994229078293	0.0408666655421257
211	pride	../syntropy_project/models/model_35	../syntropy_project/models/model_35	pride	0.8368208408355713	0.007489799987524748	0.11946164071559906	0.010254769586026669	0.8368208408355713	0.008009648881852627	0.006103396415710449	0.0009401080315001309	0.0011206598719581962	0.0015660705976188183	0.000828094664029777	0.006186087150126696	0.0012188865803182125
12	pride	../syntropy_project/models/model_35	../syntropy_project/models/model_35	pride	0.3283287584781647	0.2751452326774597	0.2445109337568283	0.1146923378109932	0.3283287584781647	0.014726794324815273	0.00273637636564672	0.006313570309430361	0.0027581392787396908	0.0013849240494892001	0.0016500368947163224	0.005638883914798498	0.002114053349941969
566	joy	../syntropy_project/models/model_35	../syntropy_project/models/model_35	neutral	0.255222350358963	0.22231192886829376	0.22118984162807465	0.255222350358963	0.05959760770201683	0.22416268289089203	0.0025600362569093704	0.002977194497361779	0.005236664786934853	0.0011371397413313389	0.0017986887833103538	0.0035238892305642366	0.00028192807803861797
720	sadness	../syntropy_project/models/model_35	../syntropy_project/models/model_35	sadness	0.4340401887893677	0.029712585732340813	0.018155349418520927	0.06071938946843147	0.020403996109962463	0.006864544004201889	0.04070669040083885	0.4340401887893677	0.034912724047899246	0.05706280097365379	0.051701419055461884	0.1519951969385147	0.09372518956661224
299	excitement	../syntropy_project/models/model_35	../syntropy_project/models/model_35	pride	0.7018477916717529	0.06208471581339836	0.16437016427516937	0.04402510076761246	0.7018477916717529	0.012974845245480537	0.0022561633959412575	0.0018107244977727532	0.0008092629723250866	0.0011470315512269735	0.0006504126940853894	0.0071714092046022415	0.0008524109143763781
513	pride	../syntropy_project/models/model_35	../syntropy_project/models/model_35	pride	0.4609708786010742	0.19107216596603394	0.10929124802350998	0.18720440566539764	0.4609708786010742	0.024214105680584908	0.0028260829858481884	0.005907527171075344	0.0025483148638159037	0.0020862529054284096	0.0020880543161183596	0.009636138565838337	0.0021547626238316298
849	nervousness	../syntropy_project/models/model_35	../syntropy_project/models/model_35	nervousness	0.8998025059700012	0.0029816781170666218	0.004670269321650267	0.010388175025582314	0.007304826285690069	0.0032115820795297623	0.008355810306966305	0.017092164605855942	0.007430011406540871	0.005525113083422184	0.021661652252078056	0.8998025059700012	0.011576303280889988
1141	sadness	../syntropy_project/models/model_35	../syntropy_project/models/model_35	pride	0.3681052327156067	0.27857089042663574	0.19998441636562347	0.10623732954263687	0.3681052327156067	0.022781023755669594	0.0046086497604846954	0.006896745879203081	0.001647078082896769	0.0017090264009311795	0.0011594180250540376	0.006904818117618561	0.0013953057350590825
745	excitement	../syntropy_project/models/model_35	../syntropy_project/models/model_35	pride	0.3060086965560913	0.11363223940134048	0.287354052066803	0.19275985658168793	0.3060086965560913	0.038050346076488495	0.0033629608806222677	0.004561486653983593	0.005492737051099539	0.004704776220023632	0.0034169789869338274	0.034350063651800156	0.006305795628577471
754	embarrassment	../syntropy_project/models/model_35	../syntropy_project/models/model_35	nervousness	0.3867481052875519	0.05068748816847801	0.031868379563093185	0.0924563929438591	0.2252492606639862	0.014292380772531033	0.06371516734361649	0.04246427118778229	0.01601777784526348	0.03148690611124039	0.012820406816899776	0.3867481052875519	0.03219347447156906
1207	nervousness	../syntropy_project/models/model_35	../syntropy_project/models/model_35	nervousness	0.25510331988334656	0.10895323753356934	0.1379423886537552	0.1690720170736313	0.13207554817199707	0.032451316714286804	0.02758418209850788	0.05744734779000282	0.023340025916695595	0.015667108818888664	0.018869765102863312	0.25510331988334656	0.021493762731552124
558	neutral	../syntropy_project/models/model_35	../syntropy_project/models/model_35	neutral	0.3774433732032776	0.31790006160736084	0.1299847960472107	0.3774433732032776	0.15400859713554382	0.007171775214374065	0.001050162478350103	0.00394595880061388	0.0015723379328846931	0.0008520690607838333	0.0008022664114832878	0.004810626618564129	0.0004579722008202225
589	pride	../syntropy_project/models/model_35	../syntropy_project/models/model_35	pride	0.31933021545410156	0.15672628581523895	0.25348198413848877	0.12840045988559723	0.31933021545410156	0.09942411631345749	0.01014761533588171	0.0037953308783471584	0.00745795015245676	0.0034800409339368343	0.002882451983168721	0.012190413661301136	0.0026831738650798798
1048	disgust	../syntropy_project/models/model_35	../syntropy_project/models/model_35	disgust	0.784029483795166	0.006470924708992243	0.011962885968387127	0.03039533458650112	0.009603987447917461	0.015606384724378586	0.058117303997278214	0.010385019704699516	0.008762202225625515	0.784029483795166	0.013474647887051105	0.00529214134439826	0.045899648219347
1188	joy	../syntropy_project/models/model_35	../syntropy_project/models/model_35	joy	0.35401439666748047	0.35401439666748047	0.23204386234283447	0.150208979845047	0.23467610776424408	0.021570520475506783	0.0012893415987491608	0.0013873135903850198	0.0014934424543753266	0.000615492113865912	0.0007201317930594087	0.0016894153086468577	0.00029109526076354086
424	joy	../syntropy_project/models/model_35	../syntropy_project/models/model_35	joy	0.29321929812431335	0.29321929812431335	0.2763189375400543	0.13663429021835327	0.2627980709075928	0.013498892076313496	0.0015381473349407315	0.0035897011402994394	0.0026950077153742313	0.0007547067361883819	0.0014010027516633272	0.006678221747279167	0.000873747281730175
1127	pride	../syntropy_project/models/model_35	../syntropy_project/models/model_35	joy	0.4293263554573059	0.4293263554573059	0.1593911498785019	0.2862570881843567	0.10411958396434784	0.007776395883411169	0.0012754200724884868	0.004129319451749325	0.002482641488313675	0.0007880414486862719	0.0009031537338159978	0.002777696819975972	0.0007732516969554126
1100	neutral	../syntropy_project/models/model_35	../syntropy_project/models/model_35	joy	0.3072821795940399	0.3072821795940399	0.11410486698150635	0.29318174719810486	0.25381720066070557	0.014009191654622555	0.0018574354471638799	0.004216925706714392	0.002039003884419799	0.0011267592199146748	0.001089269993826747	0.006748815532773733	0.000526574847754091
273	joy	../syntropy_project/models/model_35	../syntropy_project/models/model_35	joy	0.589813768863678	0.589813768863678	0.11579956114292145	0.17785035073757172	0.07334490865468979	0.028935007750988007	0.0034279474057257175	0.003480117069557309	0.0032820908818393946	0.0017993038054555655	0.0009122450719587505	0.0010939599014818668	0.0002608532377053052
937	joy	../syntropy_project/models/model_35	../syntropy_project/models/model_35	joy	0.41501501202583313	0.41501501202583313	0.1830335408449173	0.315401166677475	0.06581548601388931	0.013128615915775299	0.0013933357549831271	0.0020504307467490435	0.0013007726520299911	0.0010198705131188035	0.0006697761127725244	0.0008856855565682054	0.0002862839319277555
362	joy	../syntropy_project/models/model_35	../syntropy_project/models/model_35	joy	0.4511280655860901	0.4511280655860901	0.16168074309825897	0.2222287356853485	0.15005096793174744	0.008987669833004475	0.0006947322399355471	0.0021123101469129324	0.0006513602565973997	0.0005448019946925342	0.00038070653681643307	0.0012682256055995822	0.00027166097424924374
237	joy	../syntropy_project/models/model_35	../syntropy_project/models/model_35	joy	0.33595746755599976	0.33595746755599976	0.2579788267612457	0.22056259214878082	0.1630547195672989	0.012223399244248867	0.001085303840227425	0.002847581636160612	0.0013319726567715406	0.0008265340584330261	0.0005800695507787168	0.003251728368923068	0.00029969870229251683
1165	excitement	../syntropy_project/models/model_35	../syntropy_project/models/model_35	joy	0.32479098439216614	0.32479098439216614	0.23560060560703278	0.18703269958496094	0.20149290561676025	0.03876123204827309	0.0022656407672911882	0.0019469201797619462	0.001879406627267599	0.0022933948785066605	0.0011269263923168182	0.0020521425176411867	0.0007571019232273102
1220	embarrassment	../syntropy_project/models/model_35	../syntropy_project/models/model_35	nervousness	0.3739931583404541	0.007980450056493282	0.002812945283949375	0.02247881144285202	0.011978949420154095	0.009371536783874035	0.07328808307647705	0.07806623727083206	0.2730311453342438	0.03150864690542221	0.0721559002995491	0.3739931583404541	0.04333414137363434
2	joy	../syntropy_project/models/model_35	../syntropy_project/models/model_35	joy	0.5007792711257935	0.5007792711257935	0.09435342252254486	0.2953280806541443	0.07832564413547516	0.019236337393522263	0.0014964028960093856	0.004883436486124992	0.001954136649146676	0.0010233760112896562	0.0008818170754238963	0.0014674339909106493	0.0002706289815250784
6	pride	../syntropy_project/models/model_35	../syntropy_project/models/model_35	pride	0.43829700350761414	0.10120293498039246	0.2761271595954895	0.12351799011230469	0.43829700350761414	0.03225700557231903	0.0035907330457121134	0.0024993347469717264	0.0031918936874717474	0.0018206610111519694	0.0016461515333503485	0.01388760469853878	0.0019614454358816147
1054	neutral	../syntropy_project/models/model_35	../syntropy_project/models/model_35	joy	0.3318054676055908	0.3318054676055908	0.19397081434726715	0.3179768919944763	0.12587924301624298	0.01890314370393753	0.0017968928441405296	0.0022635923232883215	0.0021029855124652386	0.001044590724632144	0.0008156730909831822	0.003034387482330203	0.0004063265223521739
311	pride	../syntropy_project/models/model_35	../syntropy_project/models/model_35	excitement	0.46540531516075134	0.10466301441192627	0.46540531516075134	0.0837555006146431	0.2821387052536011	0.026267673820257187	0.0019513479201123118	0.002532440237700939	0.002014978788793087	0.003307791892439127	0.0021706148982048035	0.0236172117292881	0.0021754042245447636
1092	disgust	../syntropy_project/models/model_35	../syntropy_project/models/model_35	disgust	0.6329650282859802	0.02240419201552868	0.03000378981232643	0.05902240052819252	0.00973593257367611	0.014866089448332787	0.05332827940583229	0.022437013685703278	0.00913996808230877	0.6329650282859802	0.01574290171265602	0.01097070798277855	0.119383804500103
532	joy	../syntropy_project/models/model_35	../syntropy_project/models/model_35	neutral	0.4344039559364319	0.3551524579524994	0.09455273300409317	0.4344039559364319	0.07188083231449127	0.021209465339779854	0.0020543013233691454	0.008387498557567596	0.003063899464905262	0.0016163571272045374	0.0015203258953988552	0.0054970295168459415	0.0006610800046473742
552	surprise	../syntropy_project/models/model_35	../syntropy_project/models/model_35	excitement	0.34705084562301636	0.10422106832265854	0.34705084562301636	0.10530515760183334	0.2890138030052185	0.04959753155708313	0.013022584840655327	0.00623473571613431	0.012185868807137012	0.011676408350467682	0.005718211643397808	0.03755839169025421	0.018415410071611404
679	excitement	../syntropy_project/models/model_35	../syntropy_project/models/model_35	joy	0.29861927032470703	0.29861927032470703	0.19193603098392487	0.18964959681034088	0.2599817216396332	0.038901250809431076	0.0029156659729778767	0.007517135236412287	0.0023816463071852922	0.0029330786783248186	0.0014603176387026906	0.002766665769740939	0.0009377530077472329
966	pride	../syntropy_project/models/model_35	../syntropy_project/models/model_35	pride	0.35624852776527405	0.19490694999694824	0.12550300359725952	0.28642311692237854	0.35624852776527405	0.014161302708089352	0.0026554404757916927	0.0034630862064659595	0.0025853675324469805	0.002167776692658663	0.0017887543654069304	0.008621426299214363	0.0014752419665455818
215	fear	../syntropy_project/models/model_35	../syntropy_project/models/model_35	nervousness	0.6501161456108093	0.0057472120970487595	0.002973351161926985	0.013715640641748905	0.010518815368413925	0.007129063829779625	0.04843030124902725	0.05079865828156471	0.1409102976322174	0.01444281917065382	0.026394888758659363	0.6501161456108093	0.02882278338074684
527	nervousness	../syntropy_project/models/model_35	../syntropy_project/models/model_35	nervousness	0.41979414224624634	0.023550687357783318	0.013775061815977097	0.054328758269548416	0.03237284719944	0.004190248902887106	0.04817250743508339	0.18879391252994537	0.025286637246608734	0.0505702830851078	0.03470749035477638	0.41979414224624634	0.10445736348628998
27	excitement	../syntropy_project/models/model_35	../syntropy_project/models/model_35	excitement	0.3600383400917053	0.24314972758293152	0.3600383400917053	0.12027474492788315	0.25002971291542053	0.013200144283473492	0.001985139911994338	0.004064926411956549	0.0014867365825921297	0.0009747568983584642	0.0010966534027829766	0.0028732565697282553	0.0008258103625848889
1227	neutral	../syntropy_project/models/model_35	../syntropy_project/models/model_35	neutral	0.36253151297569275	0.12936118245124817	0.17784364521503448	0.36253151297569275	0.19676494598388672	0.020591506734490395	0.0032395687885582447	0.025849422439932823	0.007679822854697704	0.0044123223051428795	0.008962634019553661	0.05844325199723244	0.0043202550150454044
727	joy	../syntropy_project/models/model_35	../syntropy_project/models/model_35	joy	0.37950703501701355	0.37950703501701355	0.16164249181747437	0.22101041674613953	0.20594154298305511	0.015304303728044033	0.0016131417360156775	0.0061139934696257114	0.001604659017175436	0.001254142145626247	0.0008779136114753783	0.004362206440418959	0.0007681251154281199
730	nervousness	../syntropy_project/models/model_35	../syntropy_project/models/model_35	pride	0.5351002812385559	0.01581953465938568	0.030766386538743973	0.019241878762841225	0.5351002812385559	0.01700993999838829	0.03000233881175518	0.007887565530836582	0.006889734882861376	0.00868202093988657	0.009677729569375515	0.3069598376750946	0.011962898075580597
875	neutral	../syntropy_project/models/model_35	../syntropy_project/models/model_35	neutral	0.439382404088974	0.36797985434532166	0.07193968445062637	0.439382404088974	0.093426413834095	0.011073700152337551	0.001957917818799615	0.004502757918089628	0.0023609960917383432	0.0016143320826813579	0.0012886390322819352	0.003983324393630028	0.0004899661289528012
542	neutral	../syntropy_project/models/model_35	../syntropy_project/models/model_35	neutral	0.56594318151474	0.11286596208810806	0.06654496490955353	0.56594318151474	0.12574182450771332	0.03639758378267288	0.013752138242125511	0.01198497787117958	0.035532161593437195	0.009215330705046654	0.004500896669924259	0.016474340111017227	0.0010465775849297643
541	excitement	../syntropy_project/models/model_35	../syntropy_project/models/model_35	excitement	0.7611053586006165	0.04768289253115654	0.7611053586006165	0.04355752840638161	0.0945717841386795	0.040142204612493515	0.0011958489194512367	0.000643491162918508	0.001527165062725544	0.000815385312307626	0.0007080212235450745	0.007196590770035982	0.0008536783279851079
823	nervousness	../syntropy_project/models/model_35	../syntropy_project/models/model_35	joy	0.3343685567378998	0.3343685567378998	0.09133145958185196	0.24657666683197021	0.2901880145072937	0.01530779991298914	0.003293743124231696	0.0038448567502200603	0.0029553924687206745	0.001984845381230116	0.0021797027438879013	0.006784443277865648	0.0011845482513308525
598	joy	../syntropy_project/models/model_35	../syntropy_project/models/model_35	joy	0.46423766016960144	0.46423766016960144	0.14742110669612885	0.3326438367366791	0.04000461474061012	0.00728211272507906	0.0006792402127757668	0.0025609249714761972	0.0014962473651394248	0.0006679887301288545	0.000431850174209103	0.0023579243570566177	0.00021648893016390502
354	pride	../syntropy_project/models/model_35	../syntropy_project/models/model_35	joy	0.44197675585746765	0.44197675585746765	0.3195662498474121	0.12118229269981384	0.09411190450191498	0.01695508509874344	0.0011723958887159824	0.0011580587597563863	0.0010450163390487432	0.0007693255902267992	0.00044247254845686257	0.0012784687569364905	0.0003420200082473457
1114	neutral	../syntropy_project/models/model_35	../syntropy_project/models/model_35	joy	0.42346206307411194	0.42346206307411194	0.1153022050857544	0.37981778383255005	0.0439613051712513	0.02256401814520359	0.0017546971794217825	0.004431611392647028	0.004024480935186148	0.0015314851189032197	0.0012408827897161245	0.0016008064849302173	0.0003086783108301461
677	excitement	../syntropy_project/models/model_35	../syntropy_project/models/model_35	joy	0.27525922656059265	0.27525922656059265	0.2545926868915558	0.23150259256362915	0.14637959003448486	0.07132581621408463	0.003807147266343236	0.002363983541727066	0.0035501017700880766	0.003454348770901561	0.0028614529874175787	0.003511453280225396	0.0013916239840909839
256	joy	../syntropy_project/models/model_35	../syntropy_project/models/model_35	joy	0.45753711462020874	0.45753711462020874	0.14336104691028595	0.3289184868335724	0.05128427967429161	0.010965320281684399	0.0008654925622977316	0.002343703992664814	0.001445960602723062	0.0006255748448893428	0.0004955428885295987	0.002011056523770094	0.00014645846385974437
291	pride	../syntropy_project/models/model_35	../syntropy_project/models/model_35	pride	0.527030348777771	0.0836101546883583	0.2510557472705841	0.08079952001571655	0.527030348777771	0.024775374680757523	0.003266852116212249	0.0014170664362609386	0.0023691903334110975	0.0015178449684754014	0.0013726410688832402	0.020899081602692604	0.001886226236820221
25	excitement	../syntropy_project/models/model_35	../syntropy_project/models/model_35	neutral	0.2609206736087799	0.24482201039791107	0.17651231586933136	0.2609206736087799	0.25370123982429504	0.03846679627895355	0.0041809300892055035	0.003819555277004838	0.0036750719882547855	0.0023361402563750744	0.002404096769168973	0.00792949553579092	0.0012316161300987005
336	joy	../syntropy_project/models/model_35	../syntropy_project/models/model_35	joy	0.3484531044960022	0.3484531044960022	0.13043458759784698	0.1859346330165863	0.2020118087530136	0.07885899394750595	0.00951643381267786	0.012947632931172848	0.009665277786552906	0.00391298346221447	0.0032635994721204042	0.013620708137750626	0.0013801215682178736
486	pride	../syntropy_project/models/model_35	../syntropy_project/models/model_35	excitement	0.3634301424026489	0.28032663464546204	0.3634301424026489	0.22607102990150452	0.09802883863449097	0.01983831264078617	0.0014718510210514069	0.0015780675457790494	0.0012220438802614808	0.002159716561436653	0.0016842040931805968	0.0035046199336647987	0.0006844710442237556
47	excitement	../syntropy_project/models/model_35	../syntropy_project/models/model_35	excitement	0.8260565996170044	0.03132595121860504	0.8260565996170044	0.027572892606258392	0.07751120626926422	0.013203782960772514	0.0013655817601829767	0.0011062235571444035	0.0018285148544237018	0.0008114001248031855	0.0007642594282515347	0.016987072303891182	0.0014665084891021252
318	nervousness	../syntropy_project/models/model_35	../syntropy_project/models/model_35	neutral	0.23226599395275116	0.2293919026851654	0.17268235981464386	0.23226599395275116	0.19610318541526794	0.05363630875945091	0.011313688941299915	0.01752326823771	0.015549914911389351	0.008632657118141651	0.007251671981066465	0.03757600113749504	0.018072983250021935
106	nervousness	../syntropy_project/models/model_35	../syntropy_project/models/model_35	nervousness	0.9151611328125	0.00228827609680593	0.002024122281000018	0.003962855786085129	0.003983331844210625	0.000894227996468544	0.005194718949496746	0.011710695922374725	0.004971181973814964	0.0041673025116324425	0.03094617649912834	0.9151611328125	0.014696083031594753
899	nervousness	../syntropy_project/models/model_35	../syntropy_project/models/model_35	neutral	0.48157766461372375	0.24250203371047974	0.1115935742855072	0.48157766461372375	0.08460276573896408	0.01600126549601555	0.003108949400484562	0.013896486721932888	0.0046522547490894794	0.003083249554038048	0.004181512165814638	0.03316175565123558	0.0016385192284360528
55	pride	../syntropy_project/models/model_35	../syntropy_project/models/model_35	pride	0.4559863805770874	0.18858174979686737	0.2783763110637665	0.049180254340171814	0.4559863805770874	0.015785139054059982	0.0013610825408250093	0.0018056865083053708	0.0010820195311680436	0.000870640214998275	0.00041558401426300406	0.005831379443407059	0.0007237843237817287
584	anger	../syntropy_project/models/model_35	../syntropy_project/models/model_35	sadness	0.6990193724632263	0.03503978252410889	0.012418169528245926	0.0410589724779129	0.008934377692639828	0.00887917447835207	0.01366062555462122	0.6990193724632263	0.013874014839529991	0.03091936931014061	0.06236984208226204	0.052158765494823456	0.021667568013072014
213	neutral	../syntropy_project/models/model_35	../syntropy_project/models/model_35	neutral	0.4929194450378418	0.11578445881605148	0.11345776915550232	0.4929194450378418	0.13114576041698456	0.052427515387535095	0.006566436029970646	0.013965511694550514	0.011696882545948029	0.004416892305016518	0.015115599147975445	0.036452312022447586	0.006051413714885712
120	joy	../syntropy_project/models/model_35	../syntropy_project/models/model_35	joy	0.3468216061592102	0.3468216061592102	0.3137323260307312	0.13009384274482727	0.14114826917648315	0.05434207245707512	0.0023842621594667435	0.002793017076328397	0.001800163765437901	0.001888489699922502	0.0017799464985728264	0.0025311775971204042	0.0006847582990303636
628	pride	../syntropy_project/models/model_35	../syntropy_project/models/model_35	pride	0.36725693941116333	0.26430845260620117	0.19144755601882935	0.15314947068691254	0.36725693941116333	0.012021820060908794	0.0014067732263356447	0.0017777987523004413	0.001489920192398131	0.0007022334029898047	0.0005761224310845137	0.0054449946619570255	0.0004178843228146434
842	neutral	../syntropy_project/models/model_35	../syntropy_project/models/model_35	joy	0.45573267340660095	0.45573267340660095	0.12181307375431061	0.33220139145851135	0.08066440373659134	0.003935246728360653	0.0006347828893922269	0.0016068780096247792	0.0011437659850344062	0.000472912157420069	0.0003844242310151458	0.0010918971383944154	0.0003185141540598124
582	joy	../syntropy_project/models/model_35	../syntropy_project/models/model_35	joy	0.46981117129325867	0.46981117129325867	0.12818491458892822	0.23191213607788086	0.13602612912654877	0.022520164027810097	0.0013759529683738947	0.0032113511115312576	0.0031244412530213594	0.0007244403823278844	0.0009586033411324024	0.001912992331199348	0.00023765867808833718
72	joy	../syntropy_project/models/model_35	../syntropy_project/models/model_35	joy	0.42016640305519104	0.42016640305519104	0.09847438335418701	0.13615547120571136	0.3251633048057556	0.00917059276252985	0.0023640962317585945	0.003180790226906538	0.0010890353005379438	0.001175513374619186	0.0007416729931719601	0.0020096052903681993	0.00030910869827494025
410	joy	../syntropy_project/models/model_35	../syntropy_project/models/model_35	joy	0.33007264137268066	0.33007264137268066	0.2106838971376419	0.24174518883228302	0.1519850790500641	0.04649185761809349	0.003061965573579073	0.0032726959325373173	0.004607676062732935	0.0017663323087617755	0.002352589974179864	0.003049565711989999	0.0009105827775783837
672	excitement	../syntropy_project/models/model_35	../syntropy_project/models/model_35	joy	0.4048693776130676	0.4048693776130676	0.19453996419906616	0.2366212159395218	0.0539131760597229	0.08504993468523026	0.004290282726287842	0.0023962354753166437	0.005042472388595343	0.007534292060881853	0.004108937922865152	0.0008711488917469978	0.0007629507454112172
839	neutral	../syntropy_project/models/model_35	../syntropy_project/models/model_35	neutral	0.31901422142982483	0.19790469110012054	0.2563951015472412	0.31901422142982483	0.06461206078529358	0.1195506826043129	0.0023917730432003736	0.018790652975440025	0.00345953949727118	0.010690766386687756	0.002924104919657111	0.0022586167324334383	0.0020077673252671957
919	joy	../syntropy_project/models/model_35	../syntropy_project/models/model_35	neutral	0.5217564105987549	0.3402571976184845	0.06489092111587524	0.5217564105987549	0.03758443146944046	0.014523815363645554	0.0015951760578900576	0.008431346155703068	0.003283088095486164	0.0016824749764055014	0.0019247112795710564	0.0038050415460020304	0.0002654393611010164
432	pride	../syntropy_project/models/model_35	../syntropy_project/models/model_35	pride	0.29595687985420227	0.21405009925365448	0.18770883977413177	0.2635160982608795	0.29595687985420227	0.0076835667714476585	0.002442823490127921	0.004035178106278181	0.0022204159758985043	0.0015191853744909167	0.0014817900955677032	0.017668167129158974	0.0017169979400932789
1085	neutral	../syntropy_project/models/model_35	../syntropy_project/models/model_35	neutral	0.4661062955856323	0.4186989963054657	0.06417252868413925	0.4661062955856323	0.010750586166977882	0.009850265458226204	0.0011708277743309736	0.013724100776016712	0.004323911387473345	0.00158060307148844	0.002832261612638831	0.0057648299261927605	0.0010248854523524642
1010	joy	../syntropy_project/models/model_35	../syntropy_project/models/model_35	neutral	0.39602237939834595	0.19170798361301422	0.10363002121448517	0.39602237939834595	0.17919260263442993	0.02463437244296074	0.02011105604469776	0.023948362097144127	0.012172035872936249	0.017364464700222015	0.00941335316747427	0.012143478728830814	0.009659845381975174
881	surprise	../syntropy_project/models/model_35	../syntropy_project/models/model_35	surprise	0.9332714080810547	0.006017809733748436	0.0234976876527071	0.012913960963487625	0.017236104235053062	0.9332714080810547	0.002006066730245948	0.0003950675018131733	0.002225515665486455	0.0007918194751255214	0.0006228848942555487	0.0009596446761861444	6.212439620867372e-05
617	surprise	../syntropy_project/models/model_35	../syntropy_project/models/model_35	pride	0.3389185070991516	0.08598246425390244	0.1012573391199112	0.1535785049200058	0.3389185070991516	0.11770547926425934	0.020089395344257355	0.007939480245113373	0.056647639721632004	0.004895735532045364	0.011623839847743511	0.09006860107183456	0.011292997747659683
1058	joy	../syntropy_project/models/model_35	../syntropy_project/models/model_35	neutral	0.3280016779899597	0.30438506603240967	0.1839280128479004	0.3280016779899597	0.14653919637203217	0.021270040422677994	0.0022060798946768045	0.0035701978486031294	0.002714521251618862	0.0011908073211088777	0.0012963669141754508	0.00422989297658205	0.0006680575315840542
523	neutral	../syntropy_project/models/model_35	../syntropy_project/models/model_35	excitement	0.6571013927459717	0.10450108349323273	0.6571013927459717	0.08225042372941971	0.13625375926494598	0.008868723176419735	0.0008400410297326744	0.0009219826897606254	0.001332285813987255	0.00046393126831389964	0.00030608312226831913	0.0065117510966956615	0.0006485838675871491
1033	neutral	../syntropy_project/models/model_35	../syntropy_project/models/model_35	excitement	0.2948368489742279	0.29188910126686096	0.2948368489742279	0.2035658359527588	0.17193248867988586	0.022871559485793114	0.001798922079615295	0.0013736964901909232	0.0021700654178857803	0.0015931533416733146	0.0005289875552989542	0.006742562633007765	0.0006967775407247245
325	nervousness	../syntropy_project/models/model_35	../syntropy_project/models/model_35	nervousness	0.8691856861114502	0.004987106192857027	0.007036824245005846	0.008175726048648357	0.011397612281143665	0.0022141854278743267	0.009085815399885178	0.020324844866991043	0.004398243967443705	0.006696745753288269	0.04167579486966133	0.8691856861114502	0.014821434393525124
924	pride	../syntropy_project/models/model_35	../syntropy_project/models/model_35	pride	0.3604185879230499	0.13520073890686035	0.15134726464748383	0.18123793601989746	0.3604185879230499	0.07409041374921799	0.01460349652916193	0.009873406030237675	0.010682989843189716	0.0068052117712795734	0.006361010018736124	0.042429547756910324	0.006949506234377623
1250	joy	../syntropy_project/models/model_35	../syntropy_project/models/model_35	joy	0.38604673743247986	0.38604673743247986	0.1087149903178215	0.27139484882354736	0.20648176968097687	0.00903189554810524	0.0016852717380970716	0.005066967569291592	0.0020117913372814655	0.0012266524136066437	0.0022797659039497375	0.004904984496533871	0.0011543681612238288
316	embarrassment	../syntropy_project/models/model_35	../syntropy_project/models/model_35	nervousness	0.8141017556190491	0.006818659603595734	0.0055868253111839294	0.014121269807219505	0.010846043936908245	0.0025160827208310366	0.01361380610615015	0.037474993616342545	0.009009403176605701	0.010041441768407822	0.0530746653676033	0.8141017556190491	0.02279513143002987
945	pride	../syntropy_project/models/model_35	../syntropy_project/models/model_35	joy	0.3587139844894409	0.3587139844894409	0.15098033845424652	0.3567490875720978	0.11996015161275864	0.005411599297076464	0.0008899749373085797	0.002563264686614275	0.0012637983309105039	0.0006154161528684199	0.0005709522520191967	0.0019658529199659824	0.0003155391605105251
933	disgust	../syntropy_project/models/model_35	../syntropy_project/models/model_35	neutral	0.3161771893501282	0.10438432544469833	0.2838950455188751	0.3161771893501282	0.18556980788707733	0.07169611752033234	0.0031339996494352818	0.008101528510451317	0.009563297964632511	0.002690692199394107	0.002457501133903861	0.01119064912199974	0.0011396986665204167
465	excitement	../syntropy_project/models/model_35	../syntropy_project/models/model_35	fear	0.344705194234848	0.02759930118918419	0.010665704496204853	0.18309703469276428	0.02532796747982502	0.01654389686882496	0.03383956849575043	0.11575398594141006	0.034380245953798294	0.0473114475607872	0.344705194234848	0.12613222002983093	0.034643419086933136
590	anger	../syntropy_project/models/model_35	../syntropy_project/models/model_35	disgust	0.41772565245628357	0.009295476600527763	0.01678181253373623	0.030835509300231934	0.007958056405186653	0.01755901612341404	0.03308689594268799	0.056232649832963943	0.016788318753242493	0.41772565245628357	0.24804487824440002	0.05947272107005119	0.0862189531326294
1101	pride	../syntropy_project/models/model_35	../syntropy_project/models/model_35	pride	0.6337478756904602	0.12123944610357285	0.1145230084657669	0.09706360101699829	0.6337478756904602	0.017984934151172638	0.0033492562361061573	0.0018123509362339973	0.002051647286862135	0.0012983743799850345	0.0009275604388676584	0.005174942780286074	0.0008269913960248232
1087	nervousness	../syntropy_project/models/model_35	../syntropy_project/models/model_35	nervousness	0.9001429080963135	0.002202388597652316	0.0022446236107498407	0.005024950485676527	0.005018156953155994	0.0007672681822441518	0.008290630765259266	0.01353536732494831	0.00518083618953824	0.007610471919178963	0.02542814612388611	0.9001429080963135	0.024554362520575523
561	joy	../syntropy_project/models/model_35	../syntropy_project/models/model_35	joy	0.5224896669387817	0.5224896669387817	0.04431859776377678	0.27637946605682373	0.12408000975847244	0.005419340915977955	0.0015511102974414825	0.013642119243741035	0.0020887802820652723	0.0015291362069547176	0.001573212444782257	0.00527678057551384	0.0016518349293619394
736	joy	../syntropy_project/models/model_35	../syntropy_project/models/model_35	joy	0.3151026964187622	0.3151026964187622	0.17268039286136627	0.21324041485786438	0.2834092676639557	0.006079476792365313	0.0012198291951790452	0.0018929288489744067	0.0010123729007318616	0.0008208965300582349	0.0004385429492685944	0.003594493493437767	0.000508730357978493
60	surprise	../syntropy_project/models/model_35	../syntropy_project/models/model_35	pride	0.3829262852668762	0.15669281780719757	0.2639279365539551	0.12974292039871216	0.3829262852668762	0.04875202476978302	0.003038829891011119	0.0028853616677224636	0.0017202930757775903	0.0017036173958331347	0.0012212503934279084	0.006091263610869646	0.0012973520206287503
433	pride	../syntropy_project/models/model_35	../syntropy_project/models/model_35	excitement	0.3869227468967438	0.23552241921424866	0.3869227468967438	0.1258964091539383	0.18697240948677063	0.03547896817326546	0.004899880848824978	0.0028386868070811033	0.003029622370377183	0.005878429859876633	0.0020705012138932943	0.005166047718375921	0.005323926452547312
808	excitement	../syntropy_project/models/model_35	../syntropy_project/models/model_35	joy	0.3035184144973755	0.3035184144973755	0.27493369579315186	0.20070774853229523	0.16016611456871033	0.049805399030447006	0.0014194110408425331	0.003204852342605591	0.001674422062933445	0.0011375605827197433	0.0012175941374152899	0.0016388364601880312	0.0005759554333053529
92	joy	../syntropy_project/models/model_35	../syntropy_project/models/model_35	neutral	0.2236071228981018	0.07681189477443695	0.05052763968706131	0.2236071228981018	0.03568457067012787	0.021573277190327644	0.026394285261631012	0.22246667742729187	0.020504167303442955	0.035287849605083466	0.05866963043808937	0.20748527348041534	0.020987652242183685
968	joy	../syntropy_project/models/model_35	../syntropy_project/models/model_35	joy	0.39897415041923523	0.39897415041923523	0.22314296662807465	0.2526494562625885	0.09614305943250656	0.019935091957449913	0.0016639538807794452	0.001791892689652741	0.0016623836709186435	0.0011878390796482563	0.0009523588232696056	0.0015108161605894566	0.00038593949284404516
493	joy	../syntropy_project/models/model_35	../syntropy_project/models/model_35	joy	0.4793086051940918	0.4793086051940918	0.14269350469112396	0.26083117723464966	0.08956121653318405	0.017271101474761963	0.0018780682003125548	0.002565667498856783	0.001853796187788248	0.0011016045464202762	0.0009199994383379817	0.0015526473289355636	0.00046255183406174183
351	joy	../syntropy_project/models/model_35	../syntropy_project/models/model_35	joy	0.4575130045413971	0.4575130045413971	0.22560496628284454	0.17564478516578674	0.12261504679918289	0.007987428456544876	0.0015058490680530667	0.0021055752877146006	0.00131316389888525	0.0012408987386152148	0.000705104204826057	0.0028365664184093475	0.0009276501950807869
194	neutral	../syntropy_project/models/model_35	../syntropy_project/models/model_35	fear	0.5004565119743347	0.005929774604737759	0.0031067458912730217	0.006379405502229929	0.010045190341770649	0.006219843868166208	0.025156736373901367	0.004671383183449507	0.012236298061907291	0.032358843833208084	0.5004565119743347	0.3796466886997223	0.01379256509244442
280	neutral	../syntropy_project/models/model_35	../syntropy_project/models/model_35	excitement	0.30490976572036743	0.27931925654411316	0.30490976572036743	0.22233425080776215	0.16084833443164825	0.01526450365781784	0.0024453955702483654	0.003521109465509653	0.002333453856408596	0.0011956322705373168	0.001718795858323574	0.004800762049853802	0.001308705541305244
948	neutral	../syntropy_project/models/model_35	../syntropy_project/models/model_35	neutral	0.3491300940513611	0.22332555055618286	0.2130252569913864	0.3491300940513611	0.1767868548631668	0.010654084384441376	0.0013364852638915181	0.0028648157604038715	0.001722496934235096	0.002010077005252242	0.0013548829592764378	0.017152588814496994	0.0006369022303260863
884	pride	../syntropy_project/models/model_35	../syntropy_project/models/model_35	pride	0.7769132256507874	0.01722829043865204	0.173383891582489	0.013963795267045498	0.7769132256507874	0.010020003654062748	0.0019796383567154408	0.000762885611038655	0.00048088078619912267	0.0007101402152329683	0.00036590301897376776	0.003852750174701214	0.00033860947587527335
359	pride	../syntropy_project/models/model_35	../syntropy_project/models/model_35	pride	0.3199479877948761	0.14289037883281708	0.18831613659858704	0.16772308945655823	0.3199479877948761	0.10300499200820923	0.014458275400102139	0.005154534243047237	0.021356670185923576	0.008994387462735176	0.005116104148328304	0.018380433320999146	0.004657077603042126
1230	neutral	../syntropy_project/models/model_35	../syntropy_project/models/model_35	excitement	0.3640983998775482	0.2189306616783142	0.3640983998775482	0.1798037737607956	0.19830244779586792	0.01582581363618374	0.0010728304041549563	0.002650659764185548	0.0022248695604503155	0.0013524406822398305	0.0016708035254850984	0.01318297814577818	0.000884386186953634
930	excitement	../syntropy_project/models/model_35	../syntropy_project/models/model_35	excitement	0.2840946912765503	0.20760495960712433	0.2840946912765503	0.22339887917041779	0.22692754864692688	0.032686855643987656	0.003600816708058119	0.0023095698561519384	0.0045046135783195496	0.0017989667830988765	0.0016589898150414228	0.009967089630663395	0.0014470075257122517
938	neutral	../syntropy_project/models/model_35	../syntropy_project/models/model_35	nervousness	0.3099905848503113	0.08375348895788193	0.1395600587129593	0.21200142800807953	0.12604625523090363	0.009056692942976952	0.015253021381795406	0.049282584339380264	0.011659973300993443	0.016467884182929993	0.013589703477919102	0.3099905848503113	0.01333837490528822
588	excitement	../syntropy_project/models/model_35	../syntropy_project/models/model_35	joy	0.37249425053596497	0.37249425053596497	0.06545745581388474	0.3052562177181244	0.20981162786483765	0.01323704980313778	0.0038050126750022173	0.011909175664186478	0.003174980403855443	0.0030559005681425333	0.002282623201608658	0.00709640234708786	0.002419280121102929
1029	neutral	../syntropy_project/models/model_35	../syntropy_project/models/model_35	joy	0.34309515357017517	0.34309515357017517	0.09282704442739487	0.3169064223766327	0.22354625165462494	0.010563419200479984	0.0016755018150433898	0.003901564283296466	0.0014034358318895102	0.0011812694137915969	0.0009198341285809875	0.0035159720573574305	0.00046412067604251206
1041	fear	../syntropy_project/models/model_35	../syntropy_project/models/model_35	sadness	0.27567410469055176	0.046551819890737534	0.06538189202547073	0.18315279483795166	0.07470984011888504	0.040715958923101425	0.02600969932973385	0.27567410469055176	0.040453601628541946	0.07241260260343552	0.03646604344248772	0.06746721267700195	0.0710044577717781
812	joy	../syntropy_project/models/model_35	../syntropy_project/models/model_35	joy	0.3199080228805542	0.3199080228805542	0.1472076028585434	0.2827853560447693	0.15473881363868713	0.0658397525548935	0.005005171522498131	0.004637019708752632	0.009213937446475029	0.0030362342949956656	0.0026185072492808104	0.004089426714926958	0.0009200516506098211
182	pride	../syntropy_project/models/model_35	../syntropy_project/models/model_35	pride	0.38985100388526917	0.1898559331893921	0.2936880588531494	0.09259270131587982	0.38985100388526917	0.014488876797258854	0.00154102873057127	0.0011900307144969702	0.0011912196641787887	0.0010859923204407096	0.0005157934501767159	0.013241923414170742	0.0007574467454105616
716	joy	../syntropy_project/models/model_35	../syntropy_project/models/model_35	joy	0.3092946708202362	0.3092946708202362	0.11823488771915436	0.2920960783958435	0.1844697892665863	0.05537858605384827	0.0058563691563904285	0.00765214441344142	0.006187567487359047	0.006133885122835636	0.005029725376516581	0.0065360595472157	0.0031302792485803366
529	surprise	../syntropy_project/models/model_35	../syntropy_project/models/model_35	neutral	0.41917768120765686	0.21715876460075378	0.1488005816936493	0.41917768120765686	0.1403162181377411	0.02882254309952259	0.0018887066980823874	0.016212038695812225	0.003125262213870883	0.0033340866211801767	0.0044208006002008915	0.010755478404462337	0.0059877983294427395
110	neutral	../syntropy_project/models/model_35	../syntropy_project/models/model_35	pride	0.3697306215763092	0.35361671447753906	0.08093224465847015	0.16030897200107574	0.3697306215763092	0.012910932302474976	0.002755875466391444	0.006244259420782328	0.001842755125835538	0.0019046802772209048	0.0016096018953248858	0.006344540510326624	0.0017987736500799656
370	excitement	../syntropy_project/models/model_35	../syntropy_project/models/model_35	joy	0.3793369233608246	0.3793369233608246	0.2099112570285797	0.19003862142562866	0.2050614356994629	0.009165499359369278	0.0008119841222651303	0.002164688194170594	0.000594218960031867	0.000731126987375319	0.00034105617669411004	0.001643473980948329	0.00019966941908933222
458	sadness	../syntropy_project/models/model_35	../syntropy_project/models/model_35	disgust	0.18161988258361816	0.026873981580138206	0.0471113957464695	0.07882922142744064	0.1207306832075119	0.016569098457694054	0.08974035084247589	0.057346757501363754	0.061917487531900406	0.18161988258361816	0.1000586673617363	0.09198632836341858	0.12721611559391022
239	neutral	../syntropy_project/models/model_35	../syntropy_project/models/model_35	joy	0.37514787912368774	0.37514787912368774	0.1178475022315979	0.242122620344162	0.2482134848833084	0.0065528894774615765	0.001313982531428337	0.003049267688766122	0.0011273702839389443	0.0006667327252216637	0.0006178442854434252	0.002839156659319997	0.0005011822213418782
1185	pride	../syntropy_project/models/model_35	../syntropy_project/models/model_35	pride	0.4594893455505371	0.08910726755857468	0.137948676943779	0.07974280416965485	0.4594893455505371	0.013511604629456997	0.010144823230803013	0.008472111076116562	0.004703991115093231	0.00615284126251936	0.007981439121067524	0.17461341619491577	0.008131702430546284
661	joy	../syntropy_project/models/model_35	../syntropy_project/models/model_35	joy	0.40381869673728943	0.40381869673728943	0.20757515728473663	0.14840945601463318	0.17598724365234375	0.04514016583561897	0.0046778516843914986	0.004888173192739487	0.0030073875095695257	0.002045975299552083	0.0017416507471352816	0.0022081059869378805	0.0005001826211810112
204	excitement	../syntropy_project/models/model_35	../syntropy_project/models/model_35	excitement	0.9653087258338928	0.004177295137196779	0.9653087258338928	0.0030210488475859165	0.01872844249010086	0.00615052692592144	0.0001691467477940023	9.645157115301117e-05	0.00011870219168486074	0.00015638118202332407	0.0001338160363957286	0.0017618202837184072	0.00017767063400242478
594	joy	../syntropy_project/models/model_35	../syntropy_project/models/model_35	excitement	0.27408039569854736	0.12892119586467743	0.27408039569854736	0.21577949821949005	0.11380717158317566	0.02454664744436741	0.006375376135110855	0.06396281719207764	0.0025803043972700834	0.008275353349745274	0.006921570282429457	0.15085920691490173	0.003890417981892824
908	neutral	../syntropy_project/models/model_35	../syntropy_project/models/model_35	nervousness	0.35108181834220886	0.01877015270292759	0.012601847760379314	0.06014084070920944	0.036541424691677094	0.025548236444592476	0.10116371512413025	0.10525962710380554	0.14823798835277557	0.036156024783849716	0.04388338327407837	0.35108181834220886	0.06061502918601036
723	joy	../syntropy_project/models/model_35	../syntropy_project/models/model_35	joy	0.3498329818248749	0.3498329818248749	0.11807922273874283	0.26488959789276123	0.21664604544639587	0.03413115441799164	0.0026946761645376682	0.003890590276569128	0.002200707094743848	0.001553350011818111	0.0012887909542769194	0.004127179738134146	0.0006656783516518772
1131	joy	../syntropy_project/models/model_35	../syntropy_project/models/model_35	neutral	0.4509120285511017	0.40755513310432434	0.0783919095993042	0.4509120285511017	0.016482142731547356	0.025059083476662636	0.0009124121279455721	0.011473440565168858	0.002311957534402609	0.0020487233996391296	0.002969997003674507	0.0017398983472958207	0.00014339317567646503
1225	neutral	../syntropy_project/models/model_35	../syntropy_project/models/model_35	nervousness	0.35550951957702637	0.07005858421325684	0.021993093192577362	0.1618218719959259	0.05150377005338669	0.020286686718463898	0.055818092077970505	0.13983571529388428	0.05550384148955345	0.020492838695645332	0.03589298203587532	0.35550951957702637	0.011282979510724545
543	pride	../syntropy_project/models/model_35	../syntropy_project/models/model_35	excitement	0.33553576469421387	0.1746579259634018	0.33553576469421387	0.12544071674346924	0.2631891071796417	0.06427251547574997	0.006908733397722244	0.0020682071335613728	0.005050627514719963	0.006104647647589445	0.003934293985366821	0.007979137822985649	0.004858287516981363
183	excitement	../syntropy_project/models/model_35	../syntropy_project/models/model_35	joy	0.2716727554798126	0.2716727554798126	0.2511686086654663	0.23316505551338196	0.2094680517911911	0.013315586373209953	0.002198208821937442	0.0027979800943285227	0.0015844508307054639	0.0014842282980680466	0.0007023814250715077	0.011185506358742714	0.0012572779087349772
137	pride	../syntropy_project/models/model_35	../syntropy_project/models/model_35	joy	0.30670613050460815	0.30670613050460815	0.09407962113618851	0.23352546989917755	0.26076218485832214	0.01995137892663479	0.005181117914617062	0.012535754591226578	0.0062229204922914505	0.0039759669452905655	0.008093728683888912	0.04261911287903786	0.006346598267555237
705	neutral	../syntropy_project/models/model_35	../syntropy_project/models/model_35	joy	0.3226437568664551	0.3226437568664551	0.18410728871822357	0.32098883390426636	0.145171657204628	0.010636911727488041	0.0016232599737122655	0.00508640892803669	0.00228709913790226	0.0008399220532737672	0.0010023530339822173	0.004792706109583378	0.0008198837167583406
80	excitement	../syntropy_project/models/model_35	../syntropy_project/models/model_35	joy	0.30892032384872437	0.30892032384872437	0.21345801651477814	0.2686801850795746	0.1245928481221199	0.06529976427555084	0.0033062496222555637	0.0025531593710184097	0.0030463943257927895	0.0038525534328073263	0.0033330325968563557	0.002019562991335988	0.0009378719259984791
890	neutral	../syntropy_project/models/model_35	../syntropy_project/models/model_35	neutral	0.5850796699523926	0.22908779978752136	0.09175830334424973	0.5850796699523926	0.025659766048192978	0.03437427803874016	0.0021482305601239204	0.012254183180630207	0.005169983021914959	0.0021586529910564423	0.004261162597686052	0.007220576982945204	0.0008274232968688011
533	excitement	../syntropy_project/models/model_35	../syntropy_project/models/model_35	disgust	0.3917417526245117	0.02809423767030239	0.023120028898119926	0.07364406436681747	0.029804948717355728	0.008976345881819725	0.0819091871380806	0.06290753185749054	0.02677067741751671	0.3917417526245117	0.06743078678846359	0.07658854871988297	0.12901189923286438
480	pride	../syntropy_project/models/model_35	../syntropy_project/models/model_35	excitement	0.3735974431037903	0.11353912949562073	0.3735974431037903	0.25653642416000366	0.21339073777198792	0.009863167069852352	0.0009645153768360615	0.005051212850958109	0.0022879892494529486	0.0026290882378816605	0.0017566662281751633	0.018889160826802254	0.0014945317525416613
165	confusion	../syntropy_project/models/model_35	../syntropy_project/models/model_35	nervousness	0.2156880646944046	0.03954092413187027	0.028773533180356026	0.14809459447860718	0.19178129732608795	0.03644539415836334	0.04490874707698822	0.029123369604349136	0.11234474927186966	0.024414459243416786	0.018515832722187042	0.2156880646944046	0.11036903411149979
248	joy	../syntropy_project/models/model_35	../syntropy_project/models/model_35	excitement	0.34237140417099	0.23799192905426025	0.34237140417099	0.14898055791854858	0.22108975052833557	0.028924306854605675	0.002527453238144517	0.002777612069621682	0.0023104266729205847	0.0013881671475246549	0.001708504161797464	0.008323182351887226	0.001606701873242855
307	anger	../syntropy_project/models/model_35	../syntropy_project/models/model_35	anger	0.4133489727973938	0.0058857761323452	0.010756945237517357	0.03810694441199303	0.014264527708292007	0.0253225639462471	0.07621227204799652	0.03587580472230911	0.018600892275571823	0.27743372321128845	0.0600370429456234	0.024154596030712128	0.4133489727973938
857	excitement	../syntropy_project/models/model_35	../syntropy_project/models/model_35	joy	0.4586745798587799	0.4586745798587799	0.0744011402130127	0.3524063527584076	0.06925679743289948	0.028752602636814117	0.003244110383093357	0.004638992249965668	0.003956332337111235	0.0017717055743560195	0.0011208502110093832	0.0013687154278159142	0.000407799961976707
538	excitement	../syntropy_project/models/model_35	../syntropy_project/models/model_35	joy	0.3069879114627838	0.3069879114627838	0.17189903557300568	0.18567125499248505	0.1543916016817093	0.040651239454746246	0.009638432413339615	0.0386677123606205	0.008368218317627907	0.009244805201888084	0.008401364088058472	0.060295552015304565	0.005782926455140114
334	neutral	../syntropy_project/models/model_35	../syntropy_project/models/model_35	joy	0.4157860279083252	0.4157860279083252	0.11612283438444138	0.3506234884262085	0.08118798583745956	0.02488914132118225	0.0012876999098807573	0.0036327827256172895	0.002293350175023079	0.0008414522162638605	0.0011107317404821515	0.0019963430240750313	0.0002283001085743308
97	excitement	../syntropy_project/models/model_35	../syntropy_project/models/model_35	pride	0.29774317145347595	0.17576980590820312	0.1914762407541275	0.2471703141927719	0.29774317145347595	0.022447040304541588	0.003194500459358096	0.007875903509557247	0.00742863304913044	0.0031164998654276133	0.0036868564784526825	0.034625597298145294	0.0054654693230986595
548	neutral	../syntropy_project/models/model_35	../syntropy_project/models/model_35	joy	0.4149034917354584	0.4149034917354584	0.11278676986694336	0.22805114090442657	0.1344194859266281	0.029640551656484604	0.011288442648947239	0.014928586781024933	0.02036891132593155	0.003580333199352026	0.005000941455364227	0.01814938522875309	0.006881995592266321
1121	joy	../syntropy_project/models/model_35	../syntropy_project/models/model_35	joy	0.3966440260410309	0.3966440260410309	0.20694154500961304	0.20239755511283875	0.11908633261919022	0.05111054703593254	0.004825445357710123	0.0021466834004968405	0.0045258463360369205	0.0059133898466825485	0.0027832852210849524	0.002170917112380266	0.0014544405275955796
904	joy	../syntropy_project/models/model_35	../syntropy_project/models/model_35	joy	0.33237236738204956	0.33237236738204956	0.2457617223262787	0.1429390013217926	0.2235458344221115	0.036803558468818665	0.0037555540911853313	0.004653976298868656	0.0023677966091781855	0.0017876902129501104	0.0019307468319311738	0.0028874166309833527	0.0011942180572077632
850	neutral	../syntropy_project/models/model_35	../syntropy_project/models/model_35	neutral	0.3941046893596649	0.3043813705444336	0.11376599222421646	0.3941046893596649	0.15690329670906067	0.013990993611514568	0.0014338217442855239	0.004812565166503191	0.00229098042473197	0.0016345581971108913	0.0016220173565670848	0.003966678399592638	0.0010929879499599338
771	surprise	../syntropy_project/models/model_35	../syntropy_project/models/model_35	neutral	0.4951202869415283	0.13393256068229675	0.08563657104969025	0.4951202869415283	0.10607089847326279	0.08956295996904373	0.01102514285594225	0.0102782491594553	0.02817905694246292	0.010830947197973728	0.009395742788910866	0.012588851153850555	0.007378770504146814
759	excitement	../syntropy_project/models/model_35	../syntropy_project/models/model_35	neutral	0.5297653675079346	0.22625458240509033	0.12719948589801788	0.5297653675079346	0.07455688714981079	0.013458183035254478	0.0030171130783855915	0.0070101423189044	0.0074120028875768185	0.0028025370556861162	0.0018530689412727952	0.0049756597727537155	0.0016948803095147014
1150	neutral	../syntropy_project/models/model_35	../syntropy_project/models/model_35	neutral	0.4004404842853546	0.18419402837753296	0.10526813566684723	0.4004404842853546	0.157846137881279	0.07933519780635834	0.01361796073615551	0.011881518177688122	0.010608677752315998	0.009159846231341362	0.007654673419892788	0.017969658598303795	0.0020236282143741846
302	nervousness	../syntropy_project/models/model_35	../syntropy_project/models/model_35	nervousness	0.3042871057987213	0.018335837870836258	0.0061990260146558285	0.06772480905056	0.032505057752132416	0.0055494895204901695	0.1115412712097168	0.0883527621626854	0.06932606548070908	0.09760990738868713	0.059483446180820465	0.3042871057987213	0.13908517360687256
1042	sadness	../syntropy_project/models/model_35	../syntropy_project/models/model_35	nervousness	0.7264921069145203	0.0054029361344873905	0.006610270589590073	0.014388618990778923	0.023155422881245613	0.0061571793630719185	0.026148466393351555	0.03611486032605171	0.023793095722794533	0.024110591039061546	0.026815464720129967	0.7264921069145203	0.08081098645925522
388	pride	../syntropy_project/models/model_35	../syntropy_project/models/model_35	pride	0.5870437026023865	0.03997143730521202	0.28928765654563904	0.02661173976957798	0.5870437026023865	0.01586839370429516	0.002107419539242983	0.001816544565372169	0.0009558405727148056	0.0016835248097777367	0.0011543318396434188	0.03254168480634689	0.0009577100863680243
235	joy	../syntropy_project/models/model_35	../syntropy_project/models/model_35	pride	0.35111284255981445	0.2572193443775177	0.15572214126586914	0.21488314867019653	0.35111284255981445	0.008189557120203972	0.002059654798358679	0.0017595374956727028	0.002042920095846057	0.0011363234370946884	0.0008654892444610596	0.004285083152353764	0.0007239863043650985
912	nervousness	../syntropy_project/models/model_35	../syntropy_project/models/model_35	nervousness	0.5392186641693115	0.0025678412057459354	0.001775622251443565	0.00603982200846076	0.019494948908686638	0.006904116366058588	0.025696780532598495	0.004602513741701841	0.32948413491249084	0.0036116675473749638	0.014777153730392456	0.5392186641693115	0.045826733112335205
798	pride	../syntropy_project/models/model_35	../syntropy_project/models/model_35	pride	0.8373823165893555	0.013850106857717037	0.10371315479278564	0.025384781882166862	0.8373823165893555	0.006697387434542179	0.0020287074148654938	0.0006755273789167404	0.0004943965468555689	0.0014811578439548612	0.0009419796988368034	0.006949349772185087	0.0004011865530628711
305	pride	../syntropy_project/models/model_35	../syntropy_project/models/model_35	excitement	0.9226062893867493	0.014283612370491028	0.9226062893867493	0.008931294083595276	0.03945134952664375	0.006461603567004204	0.00039006807492114604	0.00035065889824181795	0.0005534930387511849	0.0003594318695832044	0.0002051733317784965	0.006153240334242582	0.00025377629208378494
865	neutral	../syntropy_project/models/model_35	../syntropy_project/models/model_35	joy	0.35752078890800476	0.35752078890800476	0.18611787259578705	0.32367417216300964	0.09601059556007385	0.01463404856622219	0.002668555360287428	0.005745414178818464	0.0030799624510109425	0.001418753294274211	0.002210464561358094	0.0063988519832491875	0.0005205363850109279
1032	joy	../syntropy_project/models/model_35	../syntropy_project/models/model_35	neutral	0.3776634931564331	0.339421808719635	0.09778051823377609	0.3776634931564331	0.0889357328414917	0.026514489203691483	0.004150236025452614	0.013861630111932755	0.007274356205016375	0.004340799525380135	0.004936519544571638	0.033184733241796494	0.0019357294077053666
249	joy	../syntropy_project/models/model_35	../syntropy_project/models/model_35	joy	0.434954434633255	0.434954434633255	0.11862564831972122	0.22611281275749207	0.18666376173496246	0.015931762754917145	0.002833862556144595	0.004595619160681963	0.0023486590944230556	0.002341253450140357	0.0017987333703786135	0.0028957363683730364	0.0008975510718300939
852	joy	../syntropy_project/models/model_35	../syntropy_project/models/model_35	neutral	0.36292794346809387	0.20010997354984283	0.2836461663246155	0.36292794346809387	0.11562715470790863	0.00867446418851614	0.0008081200066953897	0.01053644996136427	0.0032354686409235	0.0027756551280617714	0.0014205594779923558	0.009690876118838787	0.0005471184849739075
1105	neutral	../syntropy_project/models/model_35	../syntropy_project/models/model_35	neutral	0.20608660578727722	0.18603627383708954	0.1981113851070404	0.20608660578727722	0.19191540777683258	0.08159726113080978	0.016074320301413536	0.01777496188879013	0.008013051934540272	0.009922926314175129	0.022204412147402763	0.052726030349731445	0.009537330828607082
71	joy	../syntropy_project/models/model_35	../syntropy_project/models/model_35	joy	0.4038331210613251	0.4038331210613251	0.1439146101474762	0.25310996174812317	0.16620779037475586	0.02204270474612713	0.0015269240830093622	0.0031689396128058434	0.0013791820965707302	0.00107234762981534	0.0010759140131995082	0.0022412696853280067	0.00042725924868136644
94	pride	../syntropy_project/models/model_35	../syntropy_project/models/model_35	excitement	0.39399224519729614	0.24612641334533691	0.39399224519729614	0.11888885498046875	0.21306517720222473	0.019756024703383446	0.0016520924400538206	0.0007798371370881796	0.000977691961452365	0.0006813773652538657	0.00046465813647955656	0.0032760899048298597	0.0003395286330487579
610	neutral	../syntropy_project/models/model_35	../syntropy_project/models/model_35	neutral	0.27405744791030884	0.09551043063402176	0.06565209478139877	0.27405744791030884	0.05684998258948326	0.07652967423200607	0.029978206381201744	0.053304702043533325	0.0470709428191185	0.03195212036371231	0.07904979586601257	0.18563850224018097	0.0044060926884412766
33	pride	../syntropy_project/models/model_35	../syntropy_project/models/model_35	pride	0.40509530901908875	0.06539436429738998	0.28584760427474976	0.08237676322460175	0.40509530901908875	0.07070654630661011	0.009078627452254295	0.0027764614205807447	0.012283563613891602	0.0036705133970826864	0.004444482270628214	0.051639750599861145	0.006686022039502859
862	nervousness	../syntropy_project/models/model_35	../syntropy_project/models/model_35	nervousness	0.4828692376613617	0.02093857154250145	0.0041121914982795715	0.03315456211566925	0.06630305200815201	0.01020063180476427	0.0790705680847168	0.048468317836523056	0.1960916519165039	0.01178897637873888	0.02625780552625656	0.4828692376613617	0.020744502544403076
448	joy	../syntropy_project/models/model_35	../syntropy_project/models/model_35	neutral	0.3891908526420593	0.3446812033653259	0.09248567372560501	0.3891908526420593	0.07976429164409637	0.037162408232688904	0.005087560974061489	0.020195787772536278	0.006736976560205221	0.003445504931733012	0.0047604478895664215	0.014172671362757683	0.0023165869060903788
445	neutral	../syntropy_project/models/model_35	../syntropy_project/models/model_35	excitement	0.3033340871334076	0.2659405469894409	0.3033340871334076	0.17603141069412231	0.20854555070400238	0.03262680023908615	0.0020726537331938744	0.002567002549767494	0.001436089281924069	0.0010356772691011429	0.0010027129901573062	0.00470341881737113	0.000703994242940098
990	disgust	../syntropy_project/models/model_35	../syntropy_project/models/model_35	nervousness	0.2686702609062195	0.01137702725827694	0.0037542616482824087	0.03379802405834198	0.018796764314174652	0.0038650399073958397	0.0957973524928093	0.05815202370285988	0.112178273499012	0.105906642973423	0.039393454790115356	0.2686702609062195	0.24831093847751617
651	pride	../syntropy_project/models/model_35	../syntropy_project/models/model_35	neutral	0.2906047999858856	0.2055911421775818	0.1474616825580597	0.2906047999858856	0.2744285464286804	0.029921801760792732	0.006541500333696604	0.005847760941833258	0.005829144269227982	0.003198326099663973	0.0026514825876802206	0.02511703222990036	0.002806692384183407
762	joy	../syntropy_project/models/model_35	../syntropy_project/models/model_35	joy	0.3118765652179718	0.3118765652179718	0.2508453130722046	0.10254248976707458	0.3095221221446991	0.013657218776643276	0.0017658767756074667	0.0011009754380211234	0.0011416807537898421	0.0011971051571890712	0.0007615677895955741	0.004410773981362581	0.0011782827787101269
77	neutral	../syntropy_project/models/model_35	../syntropy_project/models/model_35	neutral	0.4620090425014496	0.11999239027500153	0.11784851551055908	0.4620090425014496	0.1417304277420044	0.014650708995759487	0.002862147754058242	0.017157571390271187	0.017236514016985893	0.004024878144264221	0.008028775453567505	0.08688133209943771	0.007577728945761919
84	fear	../syntropy_project/models/model_35	../syntropy_project/models/model_35	neutral	0.3770800232887268	0.3082968294620514	0.056229833513498306	0.3770800232887268	0.22350256145000458	0.013536335900425911	0.0018584569916129112	0.005951686296612024	0.002913168864324689	0.002625721739605069	0.0015232894802466035	0.0035430393181741238	0.002938999095931649
900	joy	../syntropy_project/models/model_35	../syntropy_project/models/model_35	joy	0.3771829903125763	0.3771829903125763	0.1492336243391037	0.22510096430778503	0.1598042994737625	0.04190674424171448	0.007478487212210894	0.015547898598015308	0.006511416286230087	0.0052478862926363945	0.0047602844424545765	0.005664655938744545	0.0015607813838869333
82	neutral	../syntropy_project/models/model_35	../syntropy_project/models/model_35	joy	0.34996187686920166	0.34996187686920166	0.22728291153907776	0.14669616520404816	0.1564517319202423	0.08447246998548508	0.002705562161281705	0.011239667423069477	0.006763135083019733	0.0027763238176703453	0.004390608053654432	0.005602044519037008	0.001657480257563293
457	excitement	../syntropy_project/models/model_35	../syntropy_project/models/model_35	excitement	0.5057967305183411	0.05053474009037018	0.5057967305183411	0.07240694761276245	0.3044167757034302	0.036321971565485	0.003549765096977353	0.0031885073985904455	0.0018289778381586075	0.0042083123698830605	0.0019343297462910414	0.013357781805098057	0.0024551479145884514
1107	nervousness	../syntropy_project/models/model_35	../syntropy_project/models/model_35	nervousness	0.7500308156013489	0.007022283971309662	0.004997635260224342	0.01634039916098118	0.008682720363140106	0.0033089877106249332	0.017605707049369812	0.04474805295467377	0.017463192343711853	0.023193491622805595	0.07286714017391205	0.7500308156013489	0.03373954817652702
1050	neutral	../syntropy_project/models/model_35	../syntropy_project/models/model_35	joy	0.2976512312889099	0.2976512312889099	0.2084367424249649	0.20067539811134338	0.2610522210597992	0.022597651928663254	0.0011189501965418458	0.001379358465783298	0.0018959216540679336	0.0007308815838769078	0.0006367391906678677	0.0035981496330350637	0.0002267668314743787
436	nervousness	../syntropy_project/models/model_35	../syntropy_project/models/model_35	pride	0.48267361521720886	0.09152282029390335	0.2897588312625885	0.08024102449417114	0.48267361521720886	0.011721857823431492	0.002772282110527158	0.003197635291144252	0.0019235039362683892	0.0019363414030522108	0.001414083642885089	0.028271419927477837	0.004566666204482317
654	pride	../syntropy_project/models/model_35	../syntropy_project/models/model_35	pride	0.46506035327911377	0.05716647952795029	0.1159866452217102	0.0580381415784359	0.46506035327911377	0.03534943610429764	0.03176955133676529	0.07456190139055252	0.009879905730485916	0.013992762193083763	0.012299095280468464	0.10459742695093155	0.021298224106431007
1008	joy	../syntropy_project/models/model_35	../syntropy_project/models/model_35	surprise	0.866044282913208	0.017434237524867058	0.04588299244642258	0.020359696820378304	0.02606187015771866	0.866044282913208	0.006746991071850061	0.0011119043920189142	0.008996836841106415	0.001923239789903164	0.0020599053241312504	0.0029639077838510275	0.0004141814133618027
404	nervousness	../syntropy_project/models/model_35	../syntropy_project/models/model_35	pride	0.47248247265815735	0.06803771108388901	0.2054901123046875	0.12371301651000977	0.47248247265815735	0.014430366456508636	0.004516244400292635	0.005717202555388212	0.008293837308883667	0.003133435035124421	0.0037688384763896465	0.07665333896875381	0.013763440772891045
1136	neutral	../syntropy_project/models/model_35	../syntropy_project/models/model_35	pride	0.3501814603805542	0.28366219997406006	0.17268286645412445	0.17023169994354248	0.3501814603805542	0.010711237788200378	0.0015761603135615587	0.002709038555622101	0.0012329105520620942	0.0009846433531492949	0.0007786406786181033	0.0038484076503664255	0.0014007901772856712
764	joy	../syntropy_project/models/model_35	../syntropy_project/models/model_35	joy	0.38546985387802124	0.38546985387802124	0.13831214606761932	0.26948684453964233	0.16973507404327393	0.013219810090959072	0.002362242667004466	0.011706340126693249	0.0028368006460368633	0.0012272053863853216	0.0010963312815874815	0.003784119850024581	0.0007631187909282744
722	confusion	../syntropy_project/models/model_35	../syntropy_project/models/model_35	neutral	0.23387731611728668	0.19922132790088654	0.058585986495018005	0.23387731611728668	0.16514179110527039	0.025023793801665306	0.0395037867128849	0.05764826014637947	0.029584351927042007	0.04764440283179283	0.01865292340517044	0.08833656460046768	0.0367794893682003
104	surprise	../syntropy_project/models/model_35	../syntropy_project/models/model_35	excitement	0.2749764323234558	0.23810848593711853	0.2749764323234558	0.0989399254322052	0.12204086780548096	0.23731158673763275	0.006410520989447832	0.0033557238057255745	0.005119686480611563	0.0033169526141136885	0.003501077415421605	0.005667008925229311	0.0012516609858721495
1170	joy	../syntropy_project/models/model_35	../syntropy_project/models/model_35	joy	0.3327845335006714	0.3327845335006714	0.12692923843860626	0.2774314880371094	0.17188282310962677	0.042477935552597046	0.008761170320212841	0.01351796556264162	0.007645003497600555	0.004050905350595713	0.003079742193222046	0.009771238081157207	0.0016678781248629093
673	excitement	../syntropy_project/models/model_35	../syntropy_project/models/model_35	joy	0.38448435068130493	0.38448435068130493	0.24049529433250427	0.26693323254585266	0.0844578668475151	0.012655080296099186	0.0014323641080409288	0.002834332874044776	0.0017023002728819847	0.0009060333832167089	0.000729423831216991	0.0027381046675145626	0.0006315864739008248
62	sadness	../syntropy_project/models/model_35	../syntropy_project/models/model_35	nervousness	0.588033139705658	0.0037868402432650328	0.005749489646404982	0.009336731396615505	0.005539712496101856	0.0016039866022765636	0.016520114615559578	0.2763936221599579	0.007826762273907661	0.014144828543066978	0.053678933531045914	0.588033139705658	0.01738576591014862
281	pride	../syntropy_project/models/model_35	../syntropy_project/models/model_35	pride	0.7006505131721497	0.052495721727609634	0.19897416234016418	0.030039915814995766	0.7006505131721497	0.008228839375078678	0.0015427845064550638	0.0009333824273198843	0.0005553407245315611	0.0005499795079231262	0.000514532788656652	0.004885230213403702	0.0006295916973613203
737	joy	../syntropy_project/models/model_35	../syntropy_project/models/model_35	joy	0.4157058894634247	0.4157058894634247	0.09292108565568924	0.39927494525909424	0.07553194463253021	0.007624201476573944	0.0013744945172220469	0.0027418595273047686	0.0020260324236005545	0.0006396968965418637	0.0004466388199944049	0.001451062853448093	0.000262201065197587
238	joy	../syntropy_project/models/model_35	../syntropy_project/models/model_35	joy	0.45662856101989746	0.45662856101989746	0.15763501822948456	0.20502397418022156	0.15373723208904266	0.006504989229142666	0.0015578429447486997	0.005970696918666363	0.0014616453554481268	0.0016966924304142594	0.0007337341667152941	0.007341842167079449	0.0017077401280403137
223	embarrassment	../syntropy_project/models/model_35	../syntropy_project/models/model_35	embarrassment	0.3668065071105957	0.026828574016690254	0.009632840752601624	0.07465154677629471	0.05000598356127739	0.01090173702687025	0.3668065071105957	0.06858210265636444	0.08518415689468384	0.1395384818315506	0.033133573830127716	0.07173243165016174	0.06300205737352371
145	neutral	../syntropy_project/models/model_35	../syntropy_project/models/model_35	joy	0.47866010665893555	0.47866010665893555	0.13916903734207153	0.297611266374588	0.05496172234416008	0.013640726916491985	0.002543677343055606	0.004222523886710405	0.0038402320351451635	0.0010824364144355059	0.000962644349783659	0.0030055425595492125	0.0003001583681907505
1187	nervousness	../syntropy_project/models/model_35	../syntropy_project/models/model_35	pride	0.3017226457595825	0.14354005455970764	0.151597261428833	0.28452908992767334	0.3017226457595825	0.028623566031455994	0.007326754741370678	0.006302065681666136	0.009733212180435658	0.0042217085137963295	0.0033047962933778763	0.053856536746025085	0.0052422815933823586
373	fear	../syntropy_project/models/model_35	../syntropy_project/models/model_35	nervousness	0.9149901866912842	0.0007502521621063352	0.00036121217999607325	0.001576927024871111	0.006923893932253122	0.001439308631233871	0.0237981379032135	0.002327739493921399	0.013683031313121319	0.0034311150666326284	0.01820947602391243	0.9149901866912842	0.012508789077401161
118	neutral	../syntropy_project/models/model_35	../syntropy_project/models/model_35	joy	0.46239525079727173	0.46239525079727173	0.23341311514377594	0.13912324607372284	0.11219407618045807	0.04018879309296608	0.002005329355597496	0.0032075524795800447	0.003252955386415124	0.0012237692717462778	0.0010398939484730363	0.0011930136242881417	0.0007630162290297449
905	neutral	../syntropy_project/models/model_35	../syntropy_project/models/model_35	joy	0.5123342871665955	0.5123342871665955	0.09010561555624008	0.17254668474197388	0.1971350759267807	0.011979155242443085	0.002012131968513131	0.005918876267969608	0.001778869773261249	0.001298223971389234	0.0007693267543800175	0.003517620265483856	0.0006040274165570736
250	neutral	../syntropy_project/models/model_35	../syntropy_project/models/model_35	neutral	0.3915126323699951	0.3301502466201782	0.1212005764245987	0.3915126323699951	0.12441426515579224	0.017654070630669594	0.0027502530720084906	0.0028365692123770714	0.0023205082397907972	0.0019335919059813023	0.001623210497200489	0.003146562958136201	0.0004575419588945806
1226	excitement	../syntropy_project/models/model_35	../syntropy_project/models/model_35	joy	0.2817445397377014	0.2817445397377014	0.24427802860736847	0.21975338459014893	0.2067914456129074	0.030297262594103813	0.003451212076470256	0.0024222559295594692	0.0034466388169676065	0.0013847900554537773	0.0012870117789134383	0.0043758731335401535	0.0007674851804040372
9	joy	../syntropy_project/models/model_35	../syntropy_project/models/model_35	pride	0.2821859121322632	0.26445797085762024	0.20611019432544708	0.19715359807014465	0.2821859121322632	0.03441759571433067	0.001956184860318899	0.00380692002363503	0.0012317635118961334	0.001595550449565053	0.0014378619380295277	0.004566511604934931	0.001079901005141437
449	joy	../syntropy_project/models/model_35	../syntropy_project/models/model_35	joy	0.31977930665016174	0.31977930665016174	0.19045040011405945	0.24408316612243652	0.20696306228637695	0.02452200837433338	0.002273701597005129	0.003521644975990057	0.0024787497241050005	0.001498374273069203	0.0007943380624055862	0.0028486857190728188	0.0007865256047807634
987	joy	../syntropy_project/models/model_35	../syntropy_project/models/model_35	excitement	0.35323023796081543	0.2229125052690506	0.35323023796081543	0.25128430128097534	0.1079501062631607	0.053456660360097885	0.0022634866181761026	0.002378985984250903	0.001981776673346758	0.0007276399992406368	0.001938643748871982	0.001647500554099679	0.00022818255820311606
593	joy	../syntropy_project/models/model_35	../syntropy_project/models/model_35	pride	0.39997875690460205	0.10256209969520569	0.1610947996377945	0.178755521774292	0.39997875690460205	0.022302741184830666	0.005726503673940897	0.0047461665235459805	0.00789475254714489	0.003348925383761525	0.003142174333333969	0.10641153156757355	0.004035960882902145
389	excitement	../syntropy_project/models/model_35	../syntropy_project/models/model_35	pride	0.6013001203536987	0.07664308696985245	0.24879524111747742	0.047585755586624146	0.6013001203536987	0.010814862325787544	0.001404116628691554	0.0008426905260421336	0.0007929310668259859	0.0006070082890801132	0.0005713534192182124	0.009851772338151932	0.000791142403613776
848	joy	../syntropy_project/models/model_35	../syntropy_project/models/model_35	neutral	0.38064754009246826	0.22858572006225586	0.13312505185604095	0.38064754009246826	0.10831134021282196	0.022548632696270943	0.007660193834453821	0.034117527306079865	0.012303207069635391	0.00816484447568655	0.006381787825375795	0.055302005261182785	0.0028522072825580835
1024	neutral	../syntropy_project/models/model_35	../syntropy_project/models/model_35	neutral	0.6307230591773987	0.10156764835119247	0.04792049154639244	0.6307230591773987	0.07907426357269287	0.037495192140340805	0.008537613786756992	0.016687365248799324	0.024684686213731766	0.007670333608984947	0.011415011249482632	0.03102107346057892	0.0032033491879701614
557	joy	../syntropy_project/models/model_35	../syntropy_project/models/model_35	confusion	0.819426953792572	0.0032696384005248547	0.0009759145323187113	0.022816326469182968	0.01620432548224926	0.008571973070502281	0.04610433802008629	0.00670870253816247	0.819426953792572	0.0065649645403027534	0.005858785472810268	0.024067487567663193	0.0394306443631649
460	excitement	../syntropy_project/models/model_35	../syntropy_project/models/model_35	joy	0.3043196499347687	0.3043196499347687	0.1889478862285614	0.2791726589202881	0.20898431539535522	0.00910333264619112	0.0007914227317087352	0.0018855590606108308	0.0010632809717208147	0.0006100867758505046	0.0004766123602166772	0.004263253416866064	0.0003819023258984089
1171	excitement	../syntropy_project/models/model_35	../syntropy_project/models/model_35	pride	0.4084495007991791	0.18197274208068848	0.2633284330368042	0.10741373896598816	0.4084495007991791	0.014659262262284756	0.002861637156456709	0.002103049773722887	0.0016678384272381663	0.0016224520513787866	0.0008457733783870935	0.013434267602860928	0.0016413029516115785
144	excitement	../syntropy_project/models/model_35	../syntropy_project/models/model_35	joy	0.36002328991889954	0.36002328991889954	0.12514272332191467	0.2685013711452484	0.2153855264186859	0.010769124142825603	0.002358223544433713	0.0046357219107449055	0.002495309803634882	0.001283345278352499	0.0008557658293284476	0.008088868111371994	0.0004607357841450721
501	joy	../syntropy_project/models/model_35	../syntropy_project/models/model_35	joy	0.32636377215385437	0.32636377215385437	0.2336418479681015	0.1595495343208313	0.2640317380428314	0.008563757874071598	0.0010691657662391663	0.0018631491111591458	0.0008471149485558271	0.0007254186784848571	0.0004254726227372885	0.0024710861034691334	0.0004479718627408147
1174	joy	../syntropy_project/models/model_35	../syntropy_project/models/model_35	neutral	0.41310787200927734	0.36141738295555115	0.13146130740642548	0.41310787200927734	0.06303640455007553	0.020100820809602737	0.0009085122728720307	0.0031902107875794172	0.0014265654608607292	0.0009681826923042536	0.0015575389843434095	0.0026661513838917017	0.0001590385945746675
539	excitement	../syntropy_project/models/model_35	../syntropy_project/models/model_35	joy	0.3074510991573334	0.3074510991573334	0.17219986021518707	0.1976679116487503	0.1533002257347107	0.06889078766107559	0.011561371386051178	0.02879793755710125	0.0052704159170389175	0.013105286285281181	0.012228977866470814	0.017732050269842148	0.011794059537351131
177	neutral	../syntropy_project/models/model_35	../syntropy_project/models/model_35	pride	0.2941587269306183	0.26568174362182617	0.15882617235183716	0.24351410567760468	0.2941587269306183	0.021677156910300255	0.0021064842585474253	0.0018120865570381284	0.0032143949065357447	0.001383076305501163	0.001049900078214705	0.005908155348151922	0.0006679218495264649
1228	neutral	../syntropy_project/models/model_35	../syntropy_project/models/model_35	joy	0.3106139898300171	0.3106139898300171	0.2957976162433624	0.285983145236969	0.07264366745948792	0.011165715754032135	0.0014832965098321438	0.0060761068016290665	0.002028513001278043	0.0013294059317559004	0.0010028501274064183	0.010331080295145512	0.001544617349281907
1212	neutral	../syntropy_project/models/model_35	../syntropy_project/models/model_35	neutral	0.4230404794216156	0.37905609607696533	0.11169599741697311	0.4230404794216156	0.07084827125072479	0.005754604935646057	0.0009562357445247471	0.003011167049407959	0.0015865783207118511	0.000771344464737922	0.0006683640531264246	0.002355515258386731	0.0002553369849920273
649	sadness	../syntropy_project/models/model_35	../syntropy_project/models/model_35	disgust	0.23546156287193298	0.020671147853136063	0.005698178429156542	0.06123458221554756	0.026270216330885887	0.02171299234032631	0.20652726292610168	0.047975536435842514	0.09777786582708359	0.23546156287193298	0.06084485352039337	0.11582717299461365	0.09999866038560867
1267	pride	../syntropy_project/models/model_35	../syntropy_project/models/model_35	nervousness	0.26500871777534485	0.036013372242450714	0.02060953713953495	0.07767842710018158	0.18326108157634735	0.009525500237941742	0.08656664192676544	0.0717117041349411	0.023548875004053116	0.04766048863530159	0.016676045954227448	0.26500871777534485	0.16173963248729706
7	pride	../syntropy_project/models/model_35	../syntropy_project/models/model_35	pride	0.8171555399894714	0.051057152450084686	0.054492030292749405	0.041868656873703	0.8171555399894714	0.012474074959754944	0.006377851124852896	0.004299504682421684	0.0007538410136476159	0.0016188331646844745	0.000952903414145112	0.008343297056853771	0.0006062622996978462
621	neutral	../syntropy_project/models/model_35	../syntropy_project/models/model_35	joy	0.4786169230937958	0.4786169230937958	0.13225258886814117	0.3094273805618286	0.04155772179365158	0.026060746982693672	0.0016485144151374698	0.003552711335942149	0.0037080964539200068	0.001168718677945435	0.0008566207252442837	0.001070751459337771	7.917186303529888e-05
950	neutral	../syntropy_project/models/model_35	../syntropy_project/models/model_35	joy	0.5183321833610535	0.5183321833610535	0.1071070209145546	0.30287572741508484	0.0563487634062767	0.008476936258375645	0.0006439085700549185	0.003066623816266656	0.0007253567455336452	0.0004943515523336828	0.0004043681838084012	0.0013170142192393541	0.00020771168055944145
357	sadness	../syntropy_project/models/model_35	../syntropy_project/models/model_35	sadness	0.5918980240821838	0.019076690077781677	0.013136930763721466	0.0667734295129776	0.013305711559951305	0.005940291564911604	0.02170649729669094	0.5918980240821838	0.017890121787786484	0.059587642550468445	0.04634909704327583	0.05252227187156677	0.09181325882673264
329	nervousness	../syntropy_project/models/model_35	../syntropy_project/models/model_35	nervousness	0.3514510989189148	0.011982760392129421	0.009612206369638443	0.03423846885561943	0.03790847212076187	0.004072723910212517	0.1062229722738266	0.07007856667041779	0.023203391581773758	0.10415469110012054	0.07460833340883255	0.3514510989189148	0.17246627807617188
901	neutral	../syntropy_project/models/model_35	../syntropy_project/models/model_35	neutral	0.2947050929069519	0.2732622027397156	0.23481184244155884	0.2947050929069519	0.15229551494121552	0.03533974662423134	0.001570556196384132	0.0021594385616481304	0.001653888844884932	0.00092287827283144	0.0007737610139884055	0.002286774106323719	0.0002183382021030411
935	excitement	../syntropy_project/models/model_35	../syntropy_project/models/model_35	joy	0.37273353338241577	0.37273353338241577	0.14487095177173615	0.241543710231781	0.22601206600666046	0.006530610844492912	0.0010648268507793546	0.0018501172307878733	0.0009001063881441951	0.0006044982583262026	0.0004933318705298007	0.003054330125451088	0.0003419638960622251
258	pride	../syntropy_project/models/model_35	../syntropy_project/models/model_35	joy	0.4706045687198639	0.4706045687198639	0.0993400290608406	0.323603093624115	0.08370910584926605	0.012456979602575302	0.001328592887148261	0.004034793004393578	0.0017026120331138372	0.0008497060625813901	0.0008076311205513775	0.0012182173086330295	0.000344592408509925
1096	neutral	../syntropy_project/models/model_35	../syntropy_project/models/model_35	neutral	0.39527496695518494	0.2849133610725403	0.18899387121200562	0.39527496695518494	0.09102029353380203	0.02056531235575676	0.0022596355993300676	0.004156454931944609	0.002325588371604681	0.0016660443507134914	0.0022606831043958664	0.006182041019201279	0.000381609977921471
1009	joy	../syntropy_project/models/model_35	../syntropy_project/models/model_35	neutral	0.3909960091114044	0.11788054555654526	0.03995253145694733	0.3909960091114044	0.16934606432914734	0.014277681708335876	0.011128731071949005	0.06919759511947632	0.010414054617285728	0.012247763574123383	0.017621135339140892	0.12149820476770401	0.02543959952890873
1153	joy	../syntropy_project/models/model_35	../syntropy_project/models/model_35	neutral	0.43540459871292114	0.32037854194641113	0.1336618810892105	0.43540459871292114	0.05353522673249245	0.0457448847591877	0.0013907556422054768	0.002546535339206457	0.0026524171698838472	0.0021949470974504948	0.0015824808506295085	0.0006944182678125799	0.00021320780797395855
668	joy	../syntropy_project/models/model_35	../syntropy_project/models/model_35	neutral	0.4251326024532318	0.35305261611938477	0.16595396399497986	0.4251326024532318	0.020186567679047585	0.024524733424186707	0.0017288593808189034	0.0024847115855664015	0.003544406732544303	0.0014643240720033646	0.0007556004566140473	0.0007854271098040044	0.00038611216587014496
934	sadness	../syntropy_project/models/model_35	../syntropy_project/models/model_35	sadness	0.31124451756477356	0.15181614458560944	0.061663392931222916	0.23826566338539124	0.04462672397494316	0.03209952637553215	0.026731599122285843	0.31124451756477356	0.029392531141638756	0.032701265066862106	0.024557283148169518	0.027310265228152275	0.019591249525547028
525	nervousness	../syntropy_project/models/model_35	../syntropy_project/models/model_35	sadness	0.3000248074531555	0.044127654284238815	0.024361366406083107	0.09907806664705276	0.024232175201177597	0.009235368110239506	0.03083072602748871	0.3000248074531555	0.02281109429895878	0.043647315353155136	0.07938344776630402	0.27517637610435486	0.04709162190556526
917	surprise	../syntropy_project/models/model_35	../syntropy_project/models/model_35	surprise	0.9358495473861694	0.00836625974625349	0.012604557909071445	0.013423286378383636	0.011747020296752453	0.9358495473861694	0.004270333796739578	0.0010531978914514184	0.006692069116979837	0.00208486570045352	0.0015446144388988614	0.0021198848262429237	0.0002443752018734813
1236	nervousness	../syntropy_project/models/model_35	../syntropy_project/models/model_35	nervousness	0.5657209753990173	0.023111894726753235	0.058018188923597336	0.07737402617931366	0.07685265690088272	0.003021675394847989	0.017240114510059357	0.05505293607711792	0.01106199435889721	0.011993272230029106	0.013916797935962677	0.5657209753990173	0.08663547039031982
844	pride	../syntropy_project/models/model_35	../syntropy_project/models/model_35	neutral	0.32262060046195984	0.23413686454296112	0.21971921622753143	0.32262060046195984	0.16351787745952606	0.012628002092242241	0.0017568588955327868	0.009791144169867039	0.005156029015779495	0.0022817025892436504	0.003167120972648263	0.020689958706498146	0.004534579813480377
1210	excitement	../syntropy_project/models/model_35	../syntropy_project/models/model_35	excitement	0.3323837220668793	0.22491027414798737	0.3323837220668793	0.11737185716629028	0.2508043348789215	0.05541146919131279	0.0034078878816217184	0.0031631484162062407	0.0022337136324495077	0.0026541200932115316	0.0017706354847177863	0.005279868841171265	0.00060903315898031
440	disgust	../syntropy_project/models/model_35	../syntropy_project/models/model_35	disgust	0.44054490327835083	0.005040926393121481	0.0024658823385834694	0.020108040422201157	0.009707327000796795	0.003804513718932867	0.15699751675128937	0.033152736723423004	0.02312217839062214	0.44054490327835083	0.04251280426979065	0.0379926823079586	0.22455042600631714
531	joy	../syntropy_project/models/model_35	../syntropy_project/models/model_35	joy	0.38681960105895996	0.38681960105895996	0.1548772007226944	0.28767287731170654	0.1552707701921463	0.00905535463243723	0.0009302113903686404	0.0018702307716012	0.001161936204880476	0.0006777901435270905	0.0005627679638564587	0.0009204470552504063	0.000180837232619524
226	excitement	../syntropy_project/models/model_35	../syntropy_project/models/model_35	joy	0.3972528576850891	0.3972528576850891	0.13279955089092255	0.26865801215171814	0.15820267796516418	0.031056972220540047	0.0019247278105467558	0.00299623841419816	0.0020030862651765347	0.0011900307144969702	0.0010608384618535638	0.0024820093531161547	0.00037306928425095975
228	pride	../syntropy_project/models/model_35	../syntropy_project/models/model_35	neutral	0.2536429762840271	0.24175035953521729	0.2269534170627594	0.2536429762840271	0.18471384048461914	0.019666852429509163	0.0025288553442806005	0.02078017219901085	0.003213880117982626	0.00487573491409421	0.0032579211983829737	0.034208688884973526	0.004407349042594433
1116	neutral	../syntropy_project/models/model_35	../syntropy_project/models/model_35	joy	0.4814796447753906	0.4814796447753906	0.1850557029247284	0.21407566964626312	0.1083042174577713	0.005305833648890257	0.0008797389455139637	0.0013134951004758477	0.000899225240573287	0.0008341263746842742	0.00040446731145493686	0.001202679006382823	0.00024524767650291324
212	pride	../syntropy_project/models/model_35	../syntropy_project/models/model_35	pride	0.8225728869438171	0.020283600315451622	0.1229310855269432	0.014987723901867867	0.8225728869438171	0.0073790168389678	0.003067552577704191	0.0010137109784409404	0.00046381494030356407	0.0014175577089190483	0.0004464756930246949	0.004745672922581434	0.0006909514195285738
79	nervousness	../syntropy_project/models/model_35	../syntropy_project/models/model_35	pride	0.26334279775619507	0.22309823334217072	0.17733488976955414	0.26017844676971436	0.26334279775619507	0.05166148766875267	0.0027625763323158026	0.004501469898968935	0.005182017106562853	0.0028771681245416403	0.0013708905316889286	0.00711339944973588	0.0005765417590737343
148	pride	../syntropy_project/models/model_35	../syntropy_project/models/model_35	joy	0.2068958729505539	0.2068958729505539	0.189450204372406	0.19908712804317474	0.15633121132850647	0.03239116072654724	0.007203168701380491	0.09345399588346481	0.01688762940466404	0.008073054254055023	0.0043652174063026905	0.08083248883485794	0.005028893705457449
1090	excitement	../syntropy_project/models/model_35	../syntropy_project/models/model_35	joy	0.5119158029556274	0.5119158029556274	0.150438591837883	0.25182193517684937	0.05865347757935524	0.01855190098285675	0.0008429689914919436	0.0038921639788895845	0.0012105019995942712	0.0007194031495600939	0.0007233833894133568	0.0009754683705978096	0.00025447813095524907
793	excitement	../syntropy_project/models/model_35	../syntropy_project/models/model_35	joy	0.36855942010879517	0.36855942010879517	0.22940875589847565	0.25935643911361694	0.114989273250103	0.009324109181761742	0.0024407776072621346	0.0029384891968220472	0.0025853265542536974	0.0025102226063609123	0.0012421804713085294	0.004722868092358112	0.0019221496768295765
851	joy	../syntropy_project/models/model_35	../syntropy_project/models/model_35	joy	0.33758747577667236	0.33758747577667236	0.27372950315475464	0.17302586138248444	0.15672606229782104	0.0410611517727375	0.0030847848393023014	0.0014320164918899536	0.003460940206423402	0.001185185625217855	0.0007280422141775489	0.0073657711036503315	0.0006131709669716656
133	joy	../syntropy_project/models/model_35	../syntropy_project/models/model_35	joy	0.4845220148563385	0.4845220148563385	0.10372224450111389	0.27543896436691284	0.11247119307518005	0.008570967242121696	0.001245940919034183	0.007177351508289576	0.0012379083782434464	0.0013369887601584196	0.0009748233715072274	0.002510519465431571	0.0007910111453384161
1027	surprise	../syntropy_project/models/model_35	../syntropy_project/models/model_35	surprise	0.8633229732513428	0.01940208673477173	0.06069368124008179	0.014496609568595886	0.02694089151918888	0.8633229732513428	0.004407674539834261	0.0006300845998339355	0.0043877181597054005	0.002133286325260997	0.0014659715816378593	0.0016186879947781563	0.0005002510733902454
408	nervousness	../syntropy_project/models/model_35	../syntropy_project/models/model_35	excitement	0.3475699722766876	0.19217544794082642	0.3475699722766876	0.1825353354215622	0.18929030001163483	0.042637333273887634	0.006103521678596735	0.003746361006051302	0.010693024843931198	0.0029870644211769104	0.0026795542798936367	0.012491204775869846	0.007090827915817499
869	neutral	../syntropy_project/models/model_35	../syntropy_project/models/model_35	neutral	0.35413751006126404	0.1824699193239212	0.19545313715934753	0.35413751006126404	0.21533241868019104	0.037447795271873474	0.002113490831106901	0.003504680236801505	0.0023633658420294523	0.0013432588893920183	0.000986533472314477	0.004429697059094906	0.0004181956755928695
507	fear	../syntropy_project/models/model_35	../syntropy_project/models/model_35	disgust	0.2362787425518036	0.02383977361023426	0.012410148978233337	0.08916214108467102	0.040192317217588425	0.00882985070347786	0.1286654770374298	0.21536988019943237	0.05011144280433655	0.2362787425518036	0.039482735097408295	0.0683935359120369	0.08726400136947632
993	pride	../syntropy_project/models/model_35	../syntropy_project/models/model_35	neutral	0.49480679631233215	0.36444878578186035	0.06897196918725967	0.49480679631233215	0.046391669660806656	0.01054475363343954	0.001471605384722352	0.006016903556883335	0.00251146056689322	0.001125752809457481	0.0008913607452996075	0.0026256965938955545	0.000193280735402368
504	pride	../syntropy_project/models/model_35	../syntropy_project/models/model_35	pride	0.6091881990432739	0.04997778311371803	0.15579001605510712	0.04281957447528839	0.6091881990432739	0.01899896003305912	0.008482572622597218	0.0064538223668932915	0.00707485293969512	0.005707140546292067	0.004380340687930584	0.08674637973308563	0.0043803551234304905
785	pride	../syntropy_project/models/model_35	../syntropy_project/models/model_35	pride	0.35989004373550415	0.13781680166721344	0.10927991569042206	0.2894762456417084	0.35989004373550415	0.038017284125089645	0.00690053915604949	0.009189844131469727	0.00568462535738945	0.0075311060063540936	0.0040075406432151794	0.025802182033658028	0.006403933744877577
347	excitement	../syntropy_project/models/model_35	../syntropy_project/models/model_35	joy	0.2860407829284668	0.2860407829284668	0.20890092849731445	0.2837011218070984	0.18724171817302704	0.016672993078827858	0.001421909430064261	0.004803892225027084	0.0018238673219457269	0.0010336056584492326	0.0014290260151028633	0.00548524921759963	0.0014448557049036026
386	pride	../syntropy_project/models/model_35	../syntropy_project/models/model_35	excitement	0.32510432600975037	0.2104356288909912	0.32510432600975037	0.1417517215013504	0.28805479407310486	0.018001819029450417	0.001684208051301539	0.001874079229310155	0.0016172761097550392	0.0015760604292154312	0.0010967720299959183	0.00738003384321928	0.0014231486711651087
0	joy	../syntropy_project/models/model_35	../syntropy_project/models/model_35	excitement	0.34440046548843384	0.12405896931886673	0.34440046548843384	0.1171274408698082	0.2174181342124939	0.0173371359705925	0.004274885170161724	0.012134378775954247	0.004249865654855967	0.0034693737979978323	0.007363291922956705	0.14273694157600403	0.0054290140978991985
360	excitement	../syntropy_project/models/model_35	../syntropy_project/models/model_35	joy	0.3357059955596924	0.3357059955596924	0.13306857645511627	0.2554917633533478	0.2307269424200058	0.02738208696246147	0.0027424257714301348	0.002840597415342927	0.003474393393844366	0.0015669043641537428	0.001267735962755978	0.004780828021466732	0.0009517649887129664
1203	joy	../syntropy_project/models/model_35	../syntropy_project/models/model_35	joy	0.34415706992149353	0.34415706992149353	0.17447201907634735	0.19176901876926422	0.27127283811569214	0.007273454684764147	0.001281335367821157	0.0019061866914853454	0.0010774779366329312	0.0007316169794648886	0.0007332126260735095	0.004725512582808733	0.0006002660957165062
475	joy	../syntropy_project/models/model_35	../syntropy_project/models/model_35	neutral	0.34914737939834595	0.24300387501716614	0.221741184592247	0.34914737939834595	0.11734913289546967	0.033541642129421234	0.008741040714085102	0.0020709012169390917	0.0087855514138937	0.00368007505312562	0.003096673870459199	0.006812562700361013	0.0020299924071878195
872	pride	../syntropy_project/models/model_35	../syntropy_project/models/model_35	pride	0.7712607383728027	0.027863608673214912	0.16932164132595062	0.018296556547284126	0.7712607383728027	0.006691392976790667	0.0011759158223867416	0.0005152659141458571	0.0003283580008428544	0.0003645482938736677	0.0003178959887009114	0.0034155796747654676	0.00044851069105789065
1223	neutral	../syntropy_project/models/model_35	../syntropy_project/models/model_35	joy	0.410469114780426	0.410469114780426	0.09482187777757645	0.3649073541164398	0.05230286717414856	0.03883817791938782	0.0029535596258938313	0.015022676438093185	0.007477805484086275	0.0024029393680393696	0.002919270657002926	0.007367917336523533	0.0005165364709682763
846	excitement	../syntropy_project/models/model_35	../syntropy_project/models/model_35	excitement	0.39328259229660034	0.19596683979034424	0.39328259229660034	0.06528110057115555	0.31615427136421204	0.0228172205388546	0.0018450322095304728	0.0010778720024973154	0.0007560718804597855	0.0005966442404314876	0.00030446037999354303	0.0016515025636181235	0.00026635045651346445
711	pride	../syntropy_project/models/model_35	../syntropy_project/models/model_35	pride	0.6152603626251221	0.027767010033130646	0.17188760638237	0.036947496235370636	0.6152603626251221	0.0026179992128163576	0.002289367374032736	0.0013886934611946344	0.0022372109815478325	0.00095962273189798	0.0012953245313838124	0.12891173362731934	0.008437548764050007
172	pride	../syntropy_project/models/model_35	../syntropy_project/models/model_35	pride	0.4690285921096802	0.08511154353618622	0.304684579372406	0.07380597293376923	0.4690285921096802	0.016151074320077896	0.0030849319882690907	0.0024920280557125807	0.002192583167925477	0.0017318545142188668	0.0014904538402333856	0.03635845705866814	0.003867985913529992
450	joy	../syntropy_project/models/model_35	../syntropy_project/models/model_35	joy	0.4309985041618347	0.4309985041618347	0.13585098087787628	0.2539912760257721	0.15337896347045898	0.012054791674017906	0.0014563275035470724	0.005830066744238138	0.0016489122062921524	0.001067517208866775	0.0010360970627516508	0.0019828295335173607	0.0007037324248813093
125	pride	../syntropy_project/models/model_35	../syntropy_project/models/model_35	pride	0.5382928252220154	0.16919779777526855	0.16308565437793732	0.08862724155187607	0.5382928252220154	0.01965785212814808	0.003506662789732218	0.004556775558739901	0.0013320189900696278	0.002100227866321802	0.001535495975986123	0.005315758287906647	0.002791657578200102
713	nervousness	../syntropy_project/models/model_35	../syntropy_project/models/model_35	anger	0.29138103127479553	0.008492406457662582	0.005717848427593708	0.02829807624220848	0.01669078692793846	0.003941447474062443	0.10254919528961182	0.06580526381731033	0.029172785580158234	0.21664899587631226	0.054256372153759	0.17704586684703827	0.29138103127479553
530	neutral	../syntropy_project/models/model_35	../syntropy_project/models/model_35	joy	0.36877062916755676	0.36877062916755676	0.13919837772846222	0.2377123087644577	0.22823084890842438	0.007930849678814411	0.0009664663812145591	0.006418593227863312	0.001520987250842154	0.0011067665182054043	0.0009189752745442092	0.0060960520058870316	0.0011291919508948922
90	neutral	../syntropy_project/models/model_35	../syntropy_project/models/model_35	excitement	0.5631303191184998	0.11100456118583679	0.5631303191184998	0.09871476143598557	0.20329825580120087	0.008086808025836945	0.0010360012529417872	0.0012602502247318625	0.0009762761765159667	0.00047849147813394666	0.00040163769153878093	0.010629458352923393	0.0009830688359215856
1231	pride	../syntropy_project/models/model_35	../syntropy_project/models/model_35	neutral	0.47013893723487854	0.2910407483577728	0.12149222940206528	0.47013893723487854	0.06592006236314774	0.021543188020586967	0.0015968603547662497	0.01117684319615364	0.003176045138388872	0.0016204719431698322	0.0024152931291610003	0.009327462874352932	0.0005518827820196748
181	neutral	../syntropy_project/models/model_35	../syntropy_project/models/model_35	joy	0.37121081352233887	0.37121081352233887	0.22155801951885223	0.3039967715740204	0.07031719386577606	0.023677486926317215	0.0013284345623105764	0.0021756726782768965	0.002141260774806142	0.0008185696206055582	0.0006760352407582104	0.0019362481543794274	0.00016360294830519706
989	neutral	../syntropy_project/models/model_35	../syntropy_project/models/model_35	neutral	0.43294253945350647	0.20588968694210052	0.1856287717819214	0.43294253945350647	0.13696631789207458	0.013975338079035282	0.0012272328604012728	0.007886861450970173	0.0022645683493465185	0.0012312449980527163	0.0023628261405974627	0.007373853586614132	0.0022507093381136656
414	neutral	../syntropy_project/models/model_35	../syntropy_project/models/model_35	neutral	0.3493179380893707	0.1773093193769455	0.18832354247570038	0.3493179380893707	0.2140054851770401	0.016690142452716827	0.00225212424993515	0.00821473728865385	0.0033783053513616323	0.005990937352180481	0.0038380827754735947	0.015913046896457672	0.014766319654881954
251	disgust	../syntropy_project/models/model_35	../syntropy_project/models/model_35	nervousness	0.30053168535232544	0.016026562079787254	0.013108260929584503	0.04142066091299057	0.02322077564895153	0.006016929168254137	0.06545226275920868	0.12449109554290771	0.0306668970733881	0.13005658984184265	0.062184739857912064	0.30053168535232544	0.1868235170841217
69	excitement	../syntropy_project/models/model_35	../syntropy_project/models/model_35	neutral	0.314506471157074	0.2634156048297882	0.13624964654445648	0.314506471157074	0.2512606978416443	0.01394699141383171	0.0016826596111059189	0.0049715423956513405	0.0021297908388078213	0.0011211372911930084	0.0012933644466102123	0.008489666506648064	0.0009324020356871188
131	anger	../syntropy_project/models/model_35	../syntropy_project/models/model_35	nervousness	0.24256841838359833	0.016025807708501816	0.01730511523783207	0.04597347602248192	0.015410376712679863	0.02246430143713951	0.03653726726770401	0.04297538101673126	0.050567690283060074	0.08309472352266312	0.19782765209674835	0.24256841838359833	0.2292497456073761
300	joy	../syntropy_project/models/model_35	../syntropy_project/models/model_35	sadness	0.36595475673675537	0.11793582141399384	0.05275590345263481	0.26834046840667725	0.06343061476945877	0.031722959131002426	0.008662006817758083	0.36595475673675537	0.011630543507635593	0.008539747446775436	0.03539959341287613	0.0335228405892849	0.0021047242917120457
746	embarrassment	../syntropy_project/models/model_35	../syntropy_project/models/model_35	embarrassment	0.21190857887268066	0.0164774339646101	0.009553289040923119	0.05731738358736038	0.033631857484579086	0.02597670443356037	0.21190857887268066	0.15562206506729126	0.10344339907169342	0.04166612774133682	0.035996872931718826	0.14634977281093597	0.16205640137195587
326	nervousness	../syntropy_project/models/model_35	../syntropy_project/models/model_35	excitement	0.567264974117279	0.15398873388767242	0.567264974117279	0.17469780147075653	0.08105296641588211	0.012070829048752785	0.0011353361187502742	0.0029178301338106394	0.0017932303017005324	0.0009690275182947516	0.0007999507361091673	0.003051776671782136	0.00025750583154149354
1244	excitement	../syntropy_project/models/model_35	../syntropy_project/models/model_35	pride	0.33680862188339233	0.200979083776474	0.2931581735610962	0.10149960219860077	0.33680862188339233	0.05216333642601967	0.0021167343948036432	0.002506925957277417	0.002088656648993492	0.001390164950862527	0.001399277476593852	0.005136804189532995	0.0007526747649535537
887	joy	../syntropy_project/models/model_35	../syntropy_project/models/model_35	pride	0.4983159303665161	0.19035112857818604	0.11470075696706772	0.11336661130189896	0.4983159303665161	0.039366524666547775	0.005749651696532965	0.013353814370930195	0.003331456333398819	0.0028369182255119085	0.0037417549174278975	0.011428301222622395	0.00345727545209229
499	joy	../syntropy_project/models/model_35	../syntropy_project/models/model_35	excitement	0.3037271797657013	0.24818286299705505	0.3037271797657013	0.13485638797283173	0.2321094423532486	0.06654872000217438	0.003098325338214636	0.0014582412550225854	0.0017491152975708246	0.0017843568930402398	0.0011591272195801139	0.004219098016619682	0.001107057905755937
741	neutral	../syntropy_project/models/model_35	../syntropy_project/models/model_35	neutral	0.3071433901786804	0.21015360951423645	0.1756300926208496	0.3071433901786804	0.13439109921455383	0.11040931195020676	0.008459084667265415	0.007362027652561665	0.01581900753080845	0.00494961766526103	0.007306202780455351	0.014902961440384388	0.0034736446104943752
364	neutral	../syntropy_project/models/model_35	../syntropy_project/models/model_35	neutral	0.6124874353408813	0.15636545419692993	0.14170539379119873	0.6124874353408813	0.05263185873627663	0.013614844530820847	0.0009873579256236553	0.003805698361247778	0.0031283902935683727	0.0009500532760284841	0.0021080980077385902	0.011854207143187523	0.000361261103535071
495	joy	../syntropy_project/models/model_35	../syntropy_project/models/model_35	excitement	0.28567832708358765	0.27930814027786255	0.28567832708358765	0.21811531484127045	0.1749570071697235	0.03288385644555092	0.001592374173924327	0.0015496952692046762	0.0018405403243377805	0.001087317825295031	0.0007594043272547424	0.0020358271431177855	0.0001921722578117624
1252	joy	../syntropy_project/models/model_35	../syntropy_project/models/model_35	anger	0.3205893337726593	0.03904762119054794	0.061681415885686874	0.10083932429552078	0.06200789660215378	0.1094740703701973	0.041470158845186234	0.01228939276188612	0.018382109701633453	0.1957927942276001	0.013595388270914555	0.02483040653169155	0.3205893337726593
338	neutral	../syntropy_project/models/model_35	../syntropy_project/models/model_35	neutral	0.31429752707481384	0.23948311805725098	0.13072189688682556	0.31429752707481384	0.23641256988048553	0.02307741530239582	0.004207240883260965	0.005467974580824375	0.00878953654319048	0.002707791281864047	0.0037865692283958197	0.02929600328207016	0.0017523793503642082
421	nervousness	../syntropy_project/models/model_35	../syntropy_project/models/model_35	neutral	0.3375491201877594	0.30367180705070496	0.18657051026821136	0.3375491201877594	0.1470082402229309	0.013950702734291553	0.0009155845618806779	0.003172137076035142	0.001589583232998848	0.0007371916435658932	0.0007616679649800062	0.0037676524370908737	0.00030577738652937114
164	excitement	../syntropy_project/models/model_35	../syntropy_project/models/model_35	pride	0.358896404504776	0.16393640637397766	0.29574090242385864	0.14858227968215942	0.358896404504776	0.013246899470686913	0.0015526353381574154	0.0026536721270531416	0.0013598875375464559	0.0008082753047347069	0.0007682585273869336	0.011230592615902424	0.0012238218914717436
28	confusion	../syntropy_project/models/model_35	../syntropy_project/models/model_35	confusion	0.3128334581851959	0.01067618653178215	0.005183950066566467	0.022221321240067482	0.019564079120755196	0.12801122665405273	0.09011676162481308	0.053366780281066895	0.3128334581851959	0.021454574540257454	0.09491094946861267	0.21843811869621277	0.02322258986532688
516	excitement	../syntropy_project/models/model_35	../syntropy_project/models/model_35	excitement	0.28304341435432434	0.17921212315559387	0.28304341435432434	0.23294450342655182	0.17196565866470337	0.08981175720691681	0.003593016415834427	0.006647226866334677	0.004548782482743263	0.0025910455733537674	0.0042371321469545364	0.015804575756192207	0.005600748583674431
193	pride	../syntropy_project/models/model_35	../syntropy_project/models/model_35	neutral	0.312574565410614	0.24967628717422485	0.13498768210411072	0.312574565410614	0.2042941302061081	0.0659872516989708	0.005306676495820284	0.005624796263873577	0.006364208180457354	0.0037462483160197735	0.0030219494365155697	0.00682472251355648	0.0015914655523374677
706	excitement	../syntropy_project/models/model_35	../syntropy_project/models/model_35	joy	0.4951186776161194	0.4951186776161194	0.16467921435832977	0.1806192696094513	0.1358167976140976	0.008032221347093582	0.0017875735647976398	0.003434734186157584	0.003462117165327072	0.0010261045536026359	0.0010242342250421643	0.003968315199017525	0.0010307112243026495
874	joy	../syntropy_project/models/model_35	../syntropy_project/models/model_35	joy	0.4130360186100006	0.4130360186100006	0.1301133781671524	0.29605260491371155	0.10041401535272598	0.0368787981569767	0.003171843709424138	0.00795952882617712	0.003418862819671631	0.0016343204770237207	0.0020079147070646286	0.004596543963998556	0.0007159945671446621
169	neutral	../syntropy_project/models/model_35	../syntropy_project/models/model_35	joy	0.45439136028289795	0.45439136028289795	0.09686049073934555	0.29784882068634033	0.11522429436445236	0.008869881741702557	0.0024397398810833693	0.008799491450190544	0.002705655060708523	0.0038561245892196894	0.0014353711158037186	0.004200082737952471	0.003368666861206293
1270	pride	../syntropy_project/models/model_35	../syntropy_project/models/model_35	surprise	0.9162881970405579	0.00569060817360878	0.050035346299409866	0.011287689208984375	0.009604394435882568	0.9162881970405579	0.0020339766051620245	0.0003806246677413583	0.002012501237913966	0.0011123561998829246	0.0004182088596280664	0.0009711877792142332	0.00016494665760546923
652	pride	../syntropy_project/models/model_35	../syntropy_project/models/model_35	pride	0.7582981586456299	0.008405928499996662	0.10584837943315506	0.011881433427333832	0.7582981586456299	0.09113168716430664	0.006286413408815861	0.0012321036774665117	0.0019435316789895296	0.0010698516853153706	0.0008449570741504431	0.011990915983915329	0.0010666822781786323
173	excitement	../syntropy_project/models/model_35	../syntropy_project/models/model_35	excitement	0.47464632987976074	0.11258596926927567	0.47464632987976074	0.12955674529075623	0.2463543713092804	0.009048202075064182	0.0007828315137885511	0.0035244589671492577	0.0012138851452618837	0.0017258834559470415	0.0014250031672418118	0.01843787357211113	0.0006983597995713353
518	pride	../syntropy_project/models/model_35	../syntropy_project/models/model_35	neutral	0.3586689829826355	0.2558339238166809	0.1346098929643631	0.3586689829826355	0.2241048514842987	0.009704318828880787	0.0014231452951207757	0.002713307272642851	0.0025511966086924076	0.0017856642371043563	0.0015637633623555303	0.005845700390636921	0.0011953335488215089
1034	joy	../syntropy_project/models/model_35	../syntropy_project/models/model_35	joy	0.37104517221450806	0.37104517221450806	0.22433413565158844	0.2662922143936157	0.08750317245721817	0.040332209318876266	0.001740912557579577	0.002301496220752597	0.0015294934855774045	0.001642046612687409	0.0016235834918916225	0.0012844129232689738	0.00037114022416062653
787	excitement	../syntropy_project/models/model_35	../syntropy_project/models/model_35	excitement	0.3673263192176819	0.25085657835006714	0.3673263192176819	0.12489603459835052	0.21021603047847748	0.027432890608906746	0.0032430121209472418	0.0030040107667446136	0.002271834295243025	0.002329702954739332	0.001655949978157878	0.00563814165070653	0.0011296228040009737
491	pride	../syntropy_project/models/model_35	../syntropy_project/models/model_35	pride	0.3482150435447693	0.3367111086845398	0.15287955105304718	0.13597843050956726	0.3482150435447693	0.01179062481969595	0.0018027226906269789	0.004363760817795992	0.001621509320102632	0.0012050475925207138	0.0008636130951344967	0.003760250983759761	0.0008084418368525803
73	excitement	../syntropy_project/models/model_35	../syntropy_project/models/model_35	joy	0.3132571578025818	0.3132571578025818	0.24302265048027039	0.261411190032959	0.14350515604019165	0.02751951850950718	0.0013066965620964766	0.003083887742832303	0.001631228718906641	0.001235135947354138	0.0008869208977557719	0.0028148212004452944	0.00032559302053414285
1190	surprise	../syntropy_project/models/model_35	../syntropy_project/models/model_35	surprise	0.9360001683235168	0.005165190435945988	0.015461745671927929	0.014395796693861485	0.006734529510140419	0.9360001683235168	0.0047341505996882915	0.0020905528217554092	0.008489880710840225	0.0021249856799840927	0.0018163732020184398	0.002775264671072364	0.00021141106844879687
587	pride	../syntropy_project/models/model_35	../syntropy_project/models/model_35	pride	0.2327621728181839	0.10581046342849731	0.03264167904853821	0.21105240285396576	0.2327621728181839	0.01371537335216999	0.035001035779714584	0.10281836986541748	0.015940112993121147	0.012473325245082378	0.02546762488782406	0.20705321431159973	0.005264232400804758
657	joy	../syntropy_project/models/model_35	../syntropy_project/models/model_35	joy	0.3683715760707855	0.3683715760707855	0.3532596528530121	0.08604136109352112	0.16656619310379028	0.0039062313735485077	0.0014205905608832836	0.001990914810448885	0.002036977792158723	0.0010618626838549972	0.0005308481049723923	0.011632983572781086	0.0031808207277208567
234	pride	../syntropy_project/models/model_35	../syntropy_project/models/model_35	pride	0.7306603789329529	0.04763892665505409	0.16425828635692596	0.0341467447578907	0.7306603789329529	0.010111303068697453	0.0021852985955774784	0.0010163459228351712	0.001020831405185163	0.0006226814584806561	0.0006324526038952172	0.006410912610590458	0.0012958268634974957
214	pride	../syntropy_project/models/model_35	../syntropy_project/models/model_35	joy	0.2789185643196106	0.2789185643196106	0.24562975764274597	0.12613330781459808	0.251968652009964	0.025123577564954758	0.007479289546608925	0.010411879047751427	0.005578129086643457	0.004206837620586157	0.003220049664378166	0.03584400564432144	0.005485970992594957
162	surprise	../syntropy_project/models/model_35	../syntropy_project/models/model_35	neutral	0.26143747568130493	0.2546727955341339	0.09510770440101624	0.26143747568130493	0.25866690278053284	0.08367891609668732	0.0074522835202515125	0.005129475612193346	0.014134676195681095	0.002268073847517371	0.0026797715108841658	0.012834071181714535	0.0019378395518288016
132	joy	../syntropy_project/models/model_35	../syntropy_project/models/model_35	excitement	0.33154988288879395	0.32989758253097534	0.33154988288879395	0.07958085089921951	0.23436741530895233	0.015924174338579178	0.0011914309579879045	0.0016221487894654274	0.001497876364737749	0.0011677148286253214	0.0006023534224368632	0.001992924604564905	0.0006057181744836271
978	anger	../syntropy_project/models/model_35	../syntropy_project/models/model_35	anger	0.4659968614578247	0.014375897124409676	0.007699877023696899	0.03392288088798523	0.03988874703645706	0.0031403994653373957	0.0313127227127552	0.06505020707845688	0.018111545592546463	0.040509019047021866	0.027002278715372086	0.25298959016799927	0.4659968614578247
1069	neutral	../syntropy_project/models/model_35	../syntropy_project/models/model_35	neutral	0.3207333981990814	0.162530317902565	0.1237546056509018	0.3207333981990814	0.10159571468830109	0.04132051020860672	0.024893784895539284	0.03277439996600151	0.03056986816227436	0.01370744314044714	0.015822017565369606	0.12430812418460846	0.007989839650690556
1268	joy	../syntropy_project/models/model_35	../syntropy_project/models/model_35	joy	0.3369799256324768	0.3369799256324768	0.24226738512516022	0.3301598131656647	0.06067342683672905	0.016066428273916245	0.0014294261345639825	0.0023654617834836245	0.0049731070175766945	0.0010758955031633377	0.0010166848078370094	0.0024439466651529074	0.0005485612200573087
185	embarrassment	../syntropy_project/models/model_35	../syntropy_project/models/model_35	nervousness	0.2252780795097351	0.03645092248916626	0.02597046084702015	0.10120511054992676	0.04586899280548096	0.04138000309467316	0.07201852649450302	0.11901948601007462	0.056416839361190796	0.07085338979959488	0.16538332402706146	0.2252780795097351	0.040154848247766495
41	neutral	../syntropy_project/models/model_35	../syntropy_project/models/model_35	joy	0.42405104637145996	0.42405104637145996	0.11559392511844635	0.21424268186092377	0.21036101877689362	0.009651322849094868	0.0019936945755034685	0.006663045845925808	0.002378746634349227	0.002108497079461813	0.0018729910952970386	0.00794561579823494	0.003137452295050025
692	joy	../syntropy_project/models/model_35	../syntropy_project/models/model_35	joy	0.3994297683238983	0.3994297683238983	0.11650275439023972	0.3558034598827362	0.09845288097858429	0.013439887203276157	0.001710969489067793	0.003973332699388266	0.004108212888240814	0.0012104656780138612	0.0011908919550478458	0.003505256725475192	0.0006721984827890992
108	pride	../syntropy_project/models/model_35	../syntropy_project/models/model_35	joy	0.34175294637680054	0.34175294637680054	0.19608181715011597	0.20658621191978455	0.20629282295703888	0.02704687789082527	0.0023763668723404408	0.010147256776690483	0.0015200236812233925	0.001701996778137982	0.0013538658386096358	0.0035218566190451384	0.0016178900841623545
958	pride	../syntropy_project/models/model_35	../syntropy_project/models/model_35	neutral	0.3693859875202179	0.27918878197669983	0.0873202532529831	0.3693859875202179	0.21608959138393402	0.008824295364320278	0.0018222270300611854	0.013624865561723709	0.0020379978232085705	0.0012418950209394097	0.0032701888121664524	0.01590881310403347	0.0012851407518610358
568	fear	../syntropy_project/models/model_35	../syntropy_project/models/model_35	fear	0.3367111086845398	0.01712789013981819	0.019641511142253876	0.08866672217845917	0.01226544938981533	0.014651595614850521	0.04945153370499611	0.06613779813051224	0.029615841805934906	0.18171410262584686	0.3367111086845398	0.11545911431312561	0.06855731457471848
724	pride	../syntropy_project/models/model_35	../syntropy_project/models/model_35	joy	0.3898448944091797	0.3898448944091797	0.1272103190422058	0.3106195628643036	0.13437603414058685	0.01888364925980568	0.002714448841288686	0.004607236944139004	0.002909111324697733	0.001976944040507078	0.0016202719416469336	0.004404784180223942	0.0008328077383339405
1077	excitement	../syntropy_project/models/model_35	../syntropy_project/models/model_35	neutral	0.3745271563529968	0.27290743589401245	0.09742080420255661	0.3745271563529968	0.14503085613250732	0.0624755397439003	0.01008664257824421	0.009599660523235798	0.01202273741364479	0.005229301750659943	0.003162229899317026	0.005833345931023359	0.0017042926046997309
1224	neutral	../syntropy_project/models/model_35	../syntropy_project/models/model_35	excitement	0.27408888936042786	0.2531597912311554	0.27408888936042786	0.2423514425754547	0.1788041740655899	0.04031818360090256	0.0018261666409671307	0.0015210990095511079	0.002169377403333783	0.00104133237618953	0.00134088599588722	0.0031939505133777857	0.0001847445237217471
483	neutral	../syntropy_project/models/model_35	../syntropy_project/models/model_35	neutral	0.531265139579773	0.30302536487579346	0.07418016344308853	0.531265139579773	0.07421057671308517	0.009508423507213593	0.0009591950220055878	0.002188782673329115	0.0015015751123428345	0.0005579665885306895	0.0006348338210955262	0.001851232722401619	0.0001167981608887203
468	joy	../syntropy_project/models/model_35	../syntropy_project/models/model_35	neutral	0.36178651452064514	0.34186282753944397	0.21016809344291687	0.36178651452064514	0.06762894988059998	0.012562579475343227	0.0006849894998595119	0.0018569988897070289	0.0010252133943140507	0.0007651665946468711	0.00041514236363582313	0.0011360119096934795	0.00010761777230072767
24	joy	../syntropy_project/models/model_35	../syntropy_project/models/model_35	pride	0.46043556928634644	0.14403477311134338	0.19547219574451447	0.1565970629453659	0.46043556928634644	0.019656240940093994	0.002480265451595187	0.002116325544193387	0.002127787098288536	0.0012811899650841951	0.0011105167213827372	0.013439823873341084	0.0012482386082410812
752	neutral	../syntropy_project/models/model_35	../syntropy_project/models/model_35	excitement	0.5208086371421814	0.1008390337228775	0.5208086371421814	0.11575983464717865	0.2064196765422821	0.03435063734650612	0.001213807612657547	0.0019243056885898113	0.0012505442136898637	0.002149682492017746	0.000620883540250361	0.014368091709911823	0.000294841913273558
811	neutral	../syntropy_project/models/model_35	../syntropy_project/models/model_35	joy	0.5136855840682983	0.5136855840682983	0.11642544716596603	0.23954768478870392	0.1190309226512909	0.004440239164978266	0.0009318411466665566	0.002094368450343609	0.0012437452096492052	0.000417490751715377	0.0004032004508189857	0.0014279007446020842	0.0003515742428135127
845	neutral	../syntropy_project/models/model_35	../syntropy_project/models/model_35	joy	0.3815259039402008	0.3815259039402008	0.174831822514534	0.15081030130386353	0.2700456976890564	0.0075081936083734035	0.0017974207876250148	0.00416706595569849	0.0013638410018756986	0.001397659769281745	0.0009954104898497462	0.0049548461101949215	0.0006018498679623008
1075	neutral	../syntropy_project/models/model_35	../syntropy_project/models/model_35	neutral	0.3701314628124237	0.31176671385765076	0.11461475491523743	0.3701314628124237	0.10420650243759155	0.06844010204076767	0.005380935035645962	0.006740354001522064	0.004966038279235363	0.005964490585029125	0.00423014909029007	0.0023127382155507803	0.001245788182131946
366	excitement	../syntropy_project/models/model_35	../syntropy_project/models/model_35	neutral	0.3329349756240845	0.250292032957077	0.22151295840740204	0.3329349756240845	0.15376293659210205	0.031310245394706726	0.0008985441527329385	0.002113982802256942	0.0019140425138175488	0.0008871230529621243	0.0009327720617875457	0.0029265403281897306	0.0005139339482411742
947	neutral	../syntropy_project/models/model_35	../syntropy_project/models/model_35	excitement	0.2672969102859497	0.17719458043575287	0.2672969102859497	0.24464884400367737	0.25902554392814636	0.004709532484412193	0.0015130157116800547	0.00854142103344202	0.0014726498629897833	0.001363270217552781	0.002097673714160919	0.028678061440587044	0.0034584342502057552
1118	pride	../syntropy_project/models/model_35	../syntropy_project/models/model_35	nervousness	0.6292093396186829	0.034039705991744995	0.05978935584425926	0.05554649233818054	0.13046647608280182	0.008455628529191017	0.014959543012082577	0.018197013065218925	0.011356934905052185	0.010660828091204166	0.013375800102949142	0.6292093396186829	0.013942848891019821
383	neutral	../syntropy_project/models/model_35	../syntropy_project/models/model_35	joy	0.46306678652763367	0.46306678652763367	0.12966397404670715	0.27806344628334045	0.11834432184696198	0.005198291968554258	0.0008472247864119709	0.0014168962370604277	0.0010354106780141592	0.0005124774179421365	0.00041642013820819557	0.0012000611750409007	0.00023474653426092118
717	nervousness	../syntropy_project/models/model_35	../syntropy_project/models/model_35	nervousness	0.878480851650238	0.00420385180041194	0.003946367651224136	0.007499091327190399	0.009247764945030212	0.0009495826670899987	0.012658900581300259	0.02249312959611416	0.010233832523226738	0.007820159196853638	0.022724004462361336	0.878480851650238	0.019742561504244804
454	anger	../syntropy_project/models/model_35	../syntropy_project/models/model_35	nervousness	0.49549996852874756	0.014467324130237103	0.009573973715305328	0.06761585921049118	0.01818936876952648	0.008593717589974403	0.02906377799808979	0.09447114169597626	0.04633074626326561	0.020879467949271202	0.16140493750572205	0.49549996852874756	0.03390979766845703
264	excitement	../syntropy_project/models/model_35	../syntropy_project/models/model_35	pride	0.3453693389892578	0.1517098844051361	0.2603709101676941	0.1631893366575241	0.3453693389892578	0.027292830869555473	0.003389831865206361	0.0034500127658247948	0.005873042158782482	0.0028197525534778833	0.002794469241052866	0.03273874148726463	0.0010017738677561283
963	neutral	../syntropy_project/models/model_35	../syntropy_project/models/model_35	joy	0.4408952295780182	0.4408952295780182	0.10722807794809341	0.34131360054016113	0.08417927473783493	0.017620429396629333	0.001149035175330937	0.0030810111202299595	0.001520018558949232	0.0007724972674623132	0.0007715416140854359	0.0012225217651575804	0.00024664701777510345
232	excitement	../syntropy_project/models/model_35	../syntropy_project/models/model_35	joy	0.4898134768009186	0.4898134768009186	0.10744908452033997	0.21569226682186127	0.1645117849111557	0.01253056712448597	0.001220695092342794	0.002399848774075508	0.001892011146992445	0.0009534601704217494	0.0007132953614927828	0.002385326661169529	0.00043825386092066765
444	excitement	../syntropy_project/models/model_35	../syntropy_project/models/model_35	pride	0.6597061157226562	0.042380232363939285	0.2589813768863678	0.011094767600297928	0.6597061157226562	0.014222180470824242	0.0023503967095166445	0.0006826772587373853	0.0008318492327816784	0.0004303957393858582	0.0004027434915769845	0.007052975706756115	0.0018642732175067067
395	joy	../syntropy_project/models/model_35	../syntropy_project/models/model_35	nervousness	0.5221854448318481	0.04183283448219299	0.058406516909599304	0.05212612822651863	0.13297390937805176	0.011057068593800068	0.02124226838350296	0.07152389734983444	0.01504683680832386	0.016656948253512383	0.018494952470064163	0.5221854448318481	0.03845326229929924
834	excitement	../syntropy_project/models/model_35	../syntropy_project/models/model_35	pride	0.3906037509441376	0.1860830932855606	0.26229962706565857	0.09881246089935303	0.3906037509441376	0.03671829402446747	0.003950042184442282	0.0017398570198565722	0.005567228887230158	0.0012280236696824431	0.0015727069694548845	0.008563426323235035	0.002861481625586748
176	confusion	../syntropy_project/models/model_35	../syntropy_project/models/model_35	nervousness	0.7135666608810425	0.015555144287645817	0.02423168532550335	0.05149518698453903	0.020090755075216293	0.00376982893794775	0.018592331558465958	0.08004428446292877	0.009006400592625141	0.018439525738358498	0.021807756274938583	0.7135666608810425	0.02340046502649784
18	nervousness	../syntropy_project/models/model_35	../syntropy_project/models/model_35	nervousness	0.24679195880889893	0.043190356343984604	0.03059048391878605	0.1573951542377472	0.10233594477176666	0.04278029873967171	0.08636952936649323	0.07947686314582825	0.09339238703250885	0.03234436362981796	0.054744523018598557	0.24679195880889893	0.0305881816893816
1115	neutral	../syntropy_project/models/model_35	../syntropy_project/models/model_35	neutral	0.502916157245636	0.2163972705602646	0.1363590806722641	0.502916157245636	0.12071836739778519	0.011270188726484776	0.0005601036828011274	0.003105239709839225	0.0016340507427230477	0.000689573644194752	0.0010671461932361126	0.004932232666760683	0.0003505649510771036
813	excitement	../syntropy_project/models/model_35	../syntropy_project/models/model_35	joy	0.385906845331192	0.385906845331192	0.17146658897399902	0.3266662657260895	0.09236451983451843	0.014926901087164879	0.0017487150616943836	0.0014537471579387784	0.001705749542452395	0.0012095661368221045	0.0010801168391481042	0.0011786469258368015	0.00029241718584671617
918	pride	../syntropy_project/models/model_35	../syntropy_project/models/model_35	sadness	0.3065311908721924	0.07322008907794952	0.061662644147872925	0.14487257599830627	0.1110338345170021	0.034748341888189316	0.029999934136867523	0.3065311908721924	0.014689349569380283	0.03972141072154045	0.03869551792740822	0.11146774142980576	0.03335728496313095
767	excitement	../syntropy_project/models/model_35	../syntropy_project/models/model_35	excitement	0.3140687346458435	0.29754194617271423	0.3140687346458435	0.11027046293020248	0.24010637402534485	0.020966647192835808	0.0029643955640494823	0.002350848400965333	0.0015848922776058316	0.003120867535471916	0.0010899283224716783	0.005180228501558304	0.0007546279230155051
595	joy	../syntropy_project/models/model_35	../syntropy_project/models/model_35	pride	0.5958046913146973	0.13004186749458313	0.15279890596866608	0.06594515591859818	0.5958046913146973	0.009048987179994583	0.006861536297947168	0.007045842707157135	0.002953173825517297	0.0031452623661607504	0.0018326096469536424	0.01995527371764183	0.004566716495901346
61	neutral	../syntropy_project/models/model_35	../syntropy_project/models/model_35	neutral	0.3778719902038574	0.28527113795280457	0.09994298219680786	0.3778719902038574	0.1794607937335968	0.03395181521773338	0.0036466182209551334	0.0030567122157663107	0.0054462747648358345	0.0025300337001681328	0.0019774362444877625	0.005874378141015768	0.0009698442881926894
272	pride	../syntropy_project/models/model_35	../syntropy_project/models/model_35	excitement	0.8030392527580261	0.07711543142795563	0.8030392527580261	0.03188229352235794	0.06687124818563461	0.013826938346028328	0.0007427538512274623	0.0005860450328327715	0.0010255742818117142	0.00040206214180216193	0.00032952683977782726	0.0037505936343222857	0.0004282444133423269
1195	neutral	../syntropy_project/models/model_35	../syntropy_project/models/model_35	neutral	0.48878517746925354	0.23853915929794312	0.11395919322967529	0.48878517746925354	0.10881773382425308	0.029412753880023956	0.0034446308854967356	0.003056382993236184	0.005606991238892078	0.002699062693864107	0.0023124173749238253	0.0025024721398949623	0.0008641313179396093
278	joy	../syntropy_project/models/model_35	../syntropy_project/models/model_35	joy	0.28499943017959595	0.28499943017959595	0.2610587179660797	0.25552898645401	0.1283629834651947	0.049003951251506805	0.0035466246772557497	0.00248623825609684	0.0033772909082472324	0.002515869215130806	0.0037978601176291704	0.004163552541285753	0.0011586254695430398
949	pride	../syntropy_project/models/model_35	../syntropy_project/models/model_35	neutral	0.38899385929107666	0.27302613854408264	0.16856668889522552	0.38899385929107666	0.12425107508897781	0.009881116449832916	0.0010905349627137184	0.008802665397524834	0.002052656374871731	0.001391438185237348	0.0022650607861578465	0.018832141533493996	0.0008467034203931689
694	pride	../syntropy_project/models/model_35	../syntropy_project/models/model_35	joy	0.31856778264045715	0.31856778264045715	0.3138900101184845	0.18612723052501678	0.154930979013443	0.009995780885219574	0.0013956278562545776	0.0015153521671891212	0.0023736602161079645	0.0011145682074129581	0.0008758960757404566	0.008291817270219326	0.0009213621960952878
368	neutral	../syntropy_project/models/model_35	../syntropy_project/models/model_35	joy	0.43297943472862244	0.43297943472862244	0.15835689008235931	0.21566997468471527	0.1724071353673935	0.01026045810431242	0.0011317023308947682	0.003005304606631398	0.0012138648889958858	0.0007865161751396954	0.0005864406120963395	0.0029069343581795692	0.0006953778211027384
1004	joy	../syntropy_project/models/model_35	../syntropy_project/models/model_35	joy	0.3717981278896332	0.3717981278896332	0.23202897608280182	0.25273439288139343	0.10346081852912903	0.018185215070843697	0.0015331642935052514	0.00604950962588191	0.003306642174720764	0.0014668861404061317	0.0016401225002482533	0.007385078817605972	0.0004111551970709115
735	neutral	../syntropy_project/models/model_35	../syntropy_project/models/model_35	joy	0.3425051271915436	0.3425051271915436	0.21770836412906647	0.2063233107328415	0.20668642222881317	0.009981691837310791	0.00245899916626513	0.0017239046283066273	0.003396672895178199	0.0013710017083212733	0.0010553409811109304	0.0054222228936851025	0.001366974669508636
923	surprise	../syntropy_project/models/model_35	../syntropy_project/models/model_35	neutral	0.4270557165145874	0.24241435527801514	0.10796148329973221	0.4270557165145874	0.0967995822429657	0.06459596753120422	0.005868162959814072	0.016390107572078705	0.004939521662890911	0.009349312633275986	0.005827020853757858	0.015000865794718266	0.003797984914854169
971	surprise	../syntropy_project/models/model_35	../syntropy_project/models/model_35	joy	0.32827097177505493	0.32827097177505493	0.2449810951948166	0.2218363732099533	0.11185378581285477	0.06957679241895676	0.00434311805292964	0.0025800608564168215	0.0045863850973546505	0.004876723047345877	0.003139710519462824	0.003118851687759161	0.00083627097774297
806	joy	../syntropy_project/models/model_35	../syntropy_project/models/model_35	joy	0.4299401044845581	0.4299401044845581	0.10067859292030334	0.3835442364215851	0.04674847051501274	0.02400936931371689	0.001840192824602127	0.0041604661382734776	0.005192200653254986	0.001013106550090015	0.0009938045404851437	0.001670441823080182	0.00020901519746985286
867	neutral	../syntropy_project/models/model_35	../syntropy_project/models/model_35	neutral	0.5666035413742065	0.2559399902820587	0.0774630457162857	0.5666035413742065	0.054302506148815155	0.01987360790371895	0.0014503572601824999	0.009937870316207409	0.0027528759092092514	0.001428241957910359	0.0026851692236959934	0.007045771926641464	0.0005169600481167436
547	pride	../syntropy_project/models/model_35	../syntropy_project/models/model_35	pride	0.8018475770950317	0.037743400782346725	0.10544265061616898	0.0338779017329216	0.8018475770950317	0.006965347100049257	0.001487778383307159	0.001582123339176178	0.0005229313392192125	0.0007564245606772602	0.0005817096098326147	0.008311038836836815	0.0008810815052129328
997	neutral	../syntropy_project/models/model_35	../syntropy_project/models/model_35	neutral	0.5608577132225037	0.3329361081123352	0.05729372799396515	0.5608577132225037	0.019458148628473282	0.017981616780161858	0.0005729026743210852	0.004865666385740042	0.002222824841737747	0.0010594477644190192	0.0014717233134433627	0.001140953623689711	0.00013922298967372626
688	excitement	../syntropy_project/models/model_35	../syntropy_project/models/model_35	excitement	0.8799618482589722	0.008913518860936165	0.8799618482589722	0.009926119819283485	0.06682955473661423	0.01410698052495718	0.0009365612640976906	0.001313944929279387	0.001068948651663959	0.0012546858051791787	0.0005789824645034969	0.013727745972573757	0.0013811110984534025
738	neutral	../syntropy_project/models/model_35	../syntropy_project/models/model_35	neutral	0.48319998383522034	0.20624922215938568	0.11167003959417343	0.48319998383522034	0.10451145470142365	0.028772566467523575	0.004132414236664772	0.01876050792634487	0.005715025123208761	0.003881651209667325	0.00438262615352869	0.02560408040881157	0.0031203690450638533
1018	pride	../syntropy_project/models/model_35	../syntropy_project/models/model_35	neutral	0.5441033244132996	0.1324959099292755	0.19475317001342773	0.5441033244132996	0.05318533256649971	0.011044526472687721	0.0008115989621728659	0.00523115461692214	0.002046404406428337	0.0014543336583301425	0.0030183952767401934	0.05149511620402336	0.0003607309190556407
456	surprise	../syntropy_project/models/model_35	../syntropy_project/models/model_35	excitement	0.40456151962280273	0.14728760719299316	0.40456151962280273	0.18521365523338318	0.21713407337665558	0.028505027294158936	0.002191023901104927	0.0020350145641714334	0.002100861631333828	0.0019714306108653545	0.001613352564163506	0.0061629097908735275	0.0012234228197485209
393	excitement	../syntropy_project/models/model_35	../syntropy_project/models/model_35	joy	0.4407566785812378	0.4407566785812378	0.1817861795425415	0.228877991437912	0.11173901706933975	0.026981132104992867	0.002010596450418234	0.0011651652166619897	0.002298136241734028	0.0019568519201129675	0.0011257077567279339	0.0010936511680483818	0.00020902616961393505
675	excitement	../syntropy_project/models/model_35	../syntropy_project/models/model_35	neutral	0.5226486325263977	0.23912984132766724	0.10013511031866074	0.5226486325263977	0.038405224680900574	0.08473407477140427	0.0013443585485219955	0.005698833614587784	0.0012150121619924903	0.003929374273866415	0.0015399762196466327	0.0010694554075598717	0.00015012190851848572
760	pride	../syntropy_project/models/model_35	../syntropy_project/models/model_35	pride	0.5182029008865356	0.13529124855995178	0.20439377427101135	0.09950265288352966	0.5182029008865356	0.015307741239666939	0.002491072751581669	0.0020391070283949375	0.001708661438897252	0.001289759180508554	0.0010036462917923927	0.017119504511356354	0.001649853540584445
1253	pride	../syntropy_project/models/model_35	../syntropy_project/models/model_35	joy	0.2973337471485138	0.2973337471485138	0.09208878129720688	0.21481624245643616	0.29218244552612305	0.032860077917575836	0.004286427982151508	0.028127804398536682	0.005609242711216211	0.003826332977041602	0.005710494704544544	0.018623942509293556	0.004534426610916853
728	joy	../syntropy_project/models/model_35	../syntropy_project/models/model_35	joy	0.4333171844482422	0.4333171844482422	0.07124844938516617	0.17860651016235352	0.2919451594352722	0.012203173711895943	0.0020259192679077387	0.0030661311466246843	0.002202762756496668	0.0009513525292277336	0.0006607629475183785	0.003195477183908224	0.0005770828574895859
419	pride	../syntropy_project/models/model_35	../syntropy_project/models/model_35	joy	0.2882341146469116	0.2882341146469116	0.23004865646362305	0.22318552434444427	0.2296447455883026	0.011213875375688076	0.0020111994817852974	0.0026759125757962465	0.0019949725829064846	0.0009709488367661834	0.0015891875373199582	0.007402925286442041	0.0010279458947479725
375	neutral	../syntropy_project/models/model_35	../syntropy_project/models/model_35	neutral	0.5702455639839172	0.1578340381383896	0.05056842789053917	0.5702455639839172	0.04745539277791977	0.03742975369095802	0.010826000943779945	0.03927931562066078	0.013124346733093262	0.026183851063251495	0.0240174513310194	0.017642801627516747	0.005393082741647959
412	joy	../syntropy_project/models/model_35	../syntropy_project/models/model_35	pride	0.2998373210430145	0.29674097895622253	0.17759449779987335	0.1903352588415146	0.2998373210430145	0.01562625914812088	0.0015953328693285584	0.007244345266371965	0.0012260618386790156	0.0017979471012949944	0.0012810342013835907	0.0049645560793578625	0.0017564703011885285
74	sadness	../syntropy_project/models/model_35	../syntropy_project/models/model_35	neutral	0.20489662885665894	0.03564270958304405	0.03563445806503296	0.20489662885665894	0.049406748265028	0.02469610795378685	0.11041602492332458	0.09137844294309616	0.03831024095416069	0.17578859627246857	0.08381938934326172	0.08081649243831635	0.0691940039396286
1191	neutral	../syntropy_project/models/model_35	../syntropy_project/models/model_35	joy	0.4420005977153778	0.4420005977153778	0.12327127903699875	0.28481829166412354	0.12773381173610687	0.011971177533268929	0.001120355911552906	0.0029536145739257336	0.0010456688469275832	0.0010682449210435152	0.0007078662747517228	0.003045501187443733	0.00026353271096013486
1242	neutral	../syntropy_project/models/model_35	../syntropy_project/models/model_35	joy	0.4341036379337311	0.4341036379337311	0.13525812327861786	0.19649198651313782	0.2126186639070511	0.00865884404629469	0.0016390178352594376	0.003573803696781397	0.0016291610663756728	0.000997551018372178	0.0007238198886625469	0.003454903606325388	0.0008505074656568468
500	pride	../syntropy_project/models/model_35	../syntropy_project/models/model_35	pride	0.4028921127319336	0.1587662547826767	0.3182891011238098	0.0777290016412735	0.4028921127319336	0.02588295191526413	0.00168239651247859	0.006320709828287363	0.0008430610760115087	0.0031181946396827698	0.0011240711901336908	0.002602014224976301	0.0007501459331251681
903	joy	../syntropy_project/models/model_35	../syntropy_project/models/model_35	neutral	0.4002082645893097	0.3785994350910187	0.12750765681266785	0.4002082645893097	0.07750531286001205	0.008232037536799908	0.001195098739117384	0.0018710442818701267	0.0020564282312989235	0.0007582606049254537	0.0005163776222616434	0.0013067414984107018	0.0002433802146697417
616	pride	../syntropy_project/models/model_35	../syntropy_project/models/model_35	excitement	0.27054500579833984	0.2448136955499649	0.27054500579833984	0.13761672377586365	0.24801717698574066	0.07770437747240067	0.004296004306524992	0.0019925711676478386	0.003727103117853403	0.003758008359000087	0.0015378802781924605	0.0050941272638738155	0.000897264399100095
114	joy	../syntropy_project/models/model_35	../syntropy_project/models/model_35	joy	0.4939437508583069	0.4939437508583069	0.09750333428382874	0.32526296377182007	0.06973055005073547	0.00875950325280428	0.0006933396216481924	0.0015395584050565958	0.00118640239816159	0.0005425872514024377	0.00029061484383419156	0.00041285812039859593	0.0001344596385024488
417	pride	../syntropy_project/models/model_35	../syntropy_project/models/model_35	neutral	0.36765724420547485	0.3561399579048157	0.16665400564670563	0.36765724420547485	0.07285727560520172	0.013350700959563255	0.0006205671234056354	0.01099881436675787	0.0017572519136592746	0.002720742719247937	0.001891633146442473	0.0027114087715744972	0.0026404771488159895
601	neutral	../syntropy_project/models/model_35	../syntropy_project/models/model_35	neutral	0.38234296441078186	0.1980661004781723	0.06252754479646683	0.38234296441078186	0.03548436239361763	0.044552031904459	0.015644697472453117	0.11667943000793457	0.025213491171598434	0.012722651474177837	0.026568712666630745	0.07685034722089767	0.003347574733197689
604	joy	../syntropy_project/models/model_35	../syntropy_project/models/model_35	neutral	0.30110377073287964	0.21401821076869965	0.20750075578689575	0.30110377073287964	0.05886952206492424	0.12159905582666397	0.01680647023022175	0.013886385597288609	0.00857903528958559	0.030738985165953636	0.015101716853678226	0.007382430601865053	0.004413630813360214
940	excitement	../syntropy_project/models/model_35	../syntropy_project/models/model_35	excitement	0.42149996757507324	0.18292883038520813	0.42149996757507324	0.12420253455638885	0.17155291140079498	0.053818363696336746	0.003419480985030532	0.004210229031741619	0.0021044439636170864	0.0049636587500572205	0.002959148958325386	0.01359525229781866	0.014745197258889675
89	pride	../syntropy_project/models/model_35	../syntropy_project/models/model_35	joy	0.5512763857841492	0.5512763857841492	0.15020914375782013	0.1701257973909378	0.11419212073087692	0.007212462369352579	0.0007433430873788893	0.002366275293752551	0.0010623265989124775	0.0004563022521324456	0.0003805170417763293	0.0017503767739981413	0.00022489807452075183
1169	nervousness	../syntropy_project/models/model_35	../syntropy_project/models/model_35	fear	0.5902150869369507	0.007149090059101582	0.0021141599863767624	0.021245626732707024	0.01933879591524601	0.004929295741021633	0.03369229659438133	0.022626427933573723	0.042834870517253876	0.010741598904132843	0.5902150869369507	0.22805723547935486	0.017055511474609375
1218	joy	../syntropy_project/models/model_35	../syntropy_project/models/model_35	joy	0.3429156243801117	0.3429156243801117	0.15369440615177155	0.3375566899776459	0.1388292759656906	0.013207398355007172	0.002301165834069252	0.002654832787811756	0.002967255190014839	0.0009692618041299284	0.0008828028221614659	0.0032930849120020866	0.0007282401202246547
753	sadness	../syntropy_project/models/model_35	../syntropy_project/models/model_35	sadness	0.4231877028942108	0.04294640198349953	0.022752156481146812	0.11052877455949783	0.029148142784833908	0.01964952051639557	0.024552909657359123	0.4231877028942108	0.028944142162799835	0.02078932151198387	0.09924012422561646	0.15456299483776093	0.023697689175605774
498	disgust	../syntropy_project/models/model_35	../syntropy_project/models/model_35	sadness	0.2867071032524109	0.016460079699754715	0.011925684288144112	0.07834906876087189	0.02411636896431446	0.01102352887392044	0.1641310602426529	0.2867071032524109	0.045501429587602615	0.1866665631532669	0.03027615137398243	0.06519665569067001	0.07964631915092468
1206	joy	../syntropy_project/models/model_35	../syntropy_project/models/model_35	joy	0.39272427558898926	0.39272427558898926	0.24624590575695038	0.18699213862419128	0.1204276829957962	0.04079999402165413	0.0027473915833979845	0.002149842446669936	0.001662515220232308	0.0018827414605766535	0.0015350962057709694	0.001933865831233561	0.0008983933366835117
1000	neutral	../syntropy_project/models/model_35	../syntropy_project/models/model_35	excitement	0.44781145453453064	0.12612421810626984	0.44781145453453064	0.1315610557794571	0.2328319251537323	0.025340186432003975	0.002612953307107091	0.002407159423455596	0.0037675772327929735	0.002000396605581045	0.0026420236099511385	0.014477715827524662	0.008423414081335068
998	joy	../syntropy_project/models/model_35	../syntropy_project/models/model_35	joy	0.3932744264602661	0.3932744264602661	0.16383109986782074	0.2973341643810272	0.12473968416452408	0.0076969400979578495	0.0011107708560302854	0.003570130094885826	0.001275656628422439	0.0011394607136026025	0.0007434682338498533	0.004518021829426289	0.0007662100833840668
11	joy	../syntropy_project/models/model_35	../syntropy_project/models/model_35	joy	0.41805514693260193	0.41805514693260193	0.2150796800851822	0.12836886942386627	0.20831699669361115	0.023383192718029022	0.0010910280980169773	0.002253774320706725	0.0007856376469135284	0.0006710061570629478	0.0004992533358745277	0.0011470704339444637	0.00034835090627893806
396	nervousness	../syntropy_project/models/model_35	../syntropy_project/models/model_35	joy	0.2335696816444397	0.2335696816444397	0.21090112626552582	0.19886299967765808	0.18685629963874817	0.01252877525985241	0.0030310731381177902	0.015731262043118477	0.006211622152477503	0.003812135197222233	0.005464022979140282	0.11947794258594513	0.0035530163440853357
847	excitement	../syntropy_project/models/model_35	../syntropy_project/models/model_35	excitement	0.37635478377342224	0.2793213129043579	0.37635478377342224	0.1553592085838318	0.11914614588022232	0.05544628947973251	0.002193888183683157	0.0016164950793609023	0.0018999780295416713	0.002450264059007168	0.0014751217095181346	0.0037265841383486986	0.0010098880156874657
555	excitement	../syntropy_project/models/model_35	../syntropy_project/models/model_35	excitement	0.34509626030921936	0.2567027509212494	0.34509626030921936	0.16329984366893768	0.20915193855762482	0.012696725316345692	0.0014952238416299224	0.00220567942596972	0.0017849364085122943	0.0010355168487876654	0.0008920091786421835	0.004730632528662682	0.0009084230405278504
42	surprise	../syntropy_project/models/model_35	../syntropy_project/models/model_35	neutral	0.24610720574855804	0.19470031559467316	0.2039269059896469	0.24610720574855804	0.12973539531230927	0.08242230117321014	0.006987032946199179	0.019562577828764915	0.007744176778942347	0.006046449765563011	0.02044878527522087	0.07512030750513077	0.007198506034910679
167	anger	../syntropy_project/models/model_35	../syntropy_project/models/model_35	disgust	0.3068634271621704	0.010585715994238853	0.024166984483599663	0.07841634005308151	0.013825337402522564	0.12845785915851593	0.1547601819038391	0.03335277736186981	0.16590653359889984	0.3068634271621704	0.011945654638111591	0.04729705676436424	0.024422073736786842
416	joy	../syntropy_project/models/model_35	../syntropy_project/models/model_35	joy	0.34949055314064026	0.34949055314064026	0.21361449360847473	0.16381585597991943	0.2511427104473114	0.012630483135581017	0.0008620941080152988	0.0022804432082921267	0.0009182380745187402	0.0006309922900982201	0.0003790966293308884	0.0038848714902997017	0.0003501670144032687
576	neutral	../syntropy_project/models/model_35	../syntropy_project/models/model_35	joy	0.4098903238773346	0.4098903238773346	0.1324470490217209	0.16144831478595734	0.2736159861087799	0.015105511993169785	0.001588083803653717	0.0019929236732423306	0.000937466393224895	0.0011380548821762204	0.000524478149600327	0.0010566733544692397	0.00025516102323308587
267	joy	../syntropy_project/models/model_35	../syntropy_project/models/model_35	excitement	0.7699984908103943	0.04817456007003784	0.7699984908103943	0.042629387229681015	0.1051226407289505	0.009993568994104862	0.00107772764749825	0.0011533228680491447	0.0012677927734330297	0.0009031175286509097	0.0009969129459932446	0.01690373569726944	0.0017787417164072394
910	joy	../syntropy_project/models/model_35	../syntropy_project/models/model_35	joy	0.2971094250679016	0.2971094250679016	0.10937020927667618	0.28493136167526245	0.19125589728355408	0.03279738873243332	0.014627310447394848	0.017201144248247147	0.01017817948013544	0.01043717097491026	0.0044678812846541405	0.018383199349045753	0.00924087967723608
426	excitement	../syntropy_project/models/model_35	../syntropy_project/models/model_35	pride	0.7004730105400085	0.016162453219294548	0.2524428963661194	0.010431652888655663	0.7004730105400085	0.012747998349368572	0.001440473017282784	0.0005606760969385505	0.00038927150308154523	0.001052018371410668	0.0006126936641521752	0.002525879768654704	0.0011609565699473023
690	neutral	../syntropy_project/models/model_35	../syntropy_project/models/model_35	neutral	0.367660790681839	0.3546179533004761	0.1498592644929886	0.367660790681839	0.10788732767105103	0.009965697303414345	0.0014037531800568104	0.0023439868818968534	0.0020949975587427616	0.0009832531213760376	0.0005989174242131412	0.0021897712722420692	0.0003944015479646623
544	pride	../syntropy_project/models/model_35	../syntropy_project/models/model_35	joy	0.39379945397377014	0.39379945397377014	0.1681399941444397	0.19633246958255768	0.19806134700775146	0.019822342321276665	0.0028937046881765127	0.004197678528726101	0.004884016700088978	0.002339126542210579	0.0015495504485443234	0.005424744449555874	0.00255559291690588
1192	neutral	../syntropy_project/models/model_35	../syntropy_project/models/model_35	neutral	0.4839453399181366	0.32851263880729675	0.09155619144439697	0.4839453399181366	0.06209081783890724	0.014854412525892258	0.00174646673258394	0.005555929150432348	0.0033113728277385235	0.0016864397330209613	0.001583718229085207	0.004626658745110035	0.0005300240009091794
674	excitement	../syntropy_project/models/model_35	../syntropy_project/models/model_35	joy	0.31611937284469604	0.31611937284469604	0.16724826395511627	0.31575194001197815	0.1450159102678299	0.022063832730054855	0.003474293975159526	0.007595006376504898	0.00415419414639473	0.002463429467752576	0.002408995758742094	0.012490467168390751	0.0012142903869971633
689	joy	../syntropy_project/models/model_35	../syntropy_project/models/model_35	joy	0.3325900137424469	0.3325900137424469	0.22676803171634674	0.2640552222728729	0.09030637890100479	0.07037479430437088	0.0034142853692173958	0.001759050996042788	0.00247961631976068	0.004038041923195124	0.0021376453805714846	0.0013672002824023366	0.0007096094777807593
1120	surprise	../syntropy_project/models/model_35	../syntropy_project/models/model_35	surprise	0.9613605737686157	0.0028200673405081034	0.01160563062876463	0.00932755134999752	0.00422587338835001	0.9613605737686157	0.00319182057864964	0.001053187414072454	0.0038470150902867317	0.0014616731787100434	0.000600495666731149	0.00045590513036586344	5.021740071242675e-05
1246	excitement	../syntropy_project/models/model_35	../syntropy_project/models/model_35	nervousness	0.2700200378894806	0.039666444063186646	0.03613917529582977	0.11498792469501495	0.09395855665206909	0.011206232011318207	0.14156682789325714	0.10849329084157944	0.06303764134645462	0.04669570177793503	0.03692921623587608	0.2700200378894806	0.03729894384741783
159	joy	../syntropy_project/models/model_35	../syntropy_project/models/model_35	neutral	0.3484686017036438	0.2928282618522644	0.18867044150829315	0.3484686017036438	0.14407522976398468	0.015700627118349075	0.0008672442636452615	0.00274526234716177	0.0029243265744298697	0.0007662195712327957	0.0007898005424067378	0.001998592633754015	0.00016530032735317945
1001	joy	../syntropy_project/models/model_35	../syntropy_project/models/model_35	excitement	0.48916104435920715	0.1558847576379776	0.48916104435920715	0.06657377630472183	0.09370014816522598	0.1339956670999527	0.004111138638108969	0.0025836213026195765	0.004616545978933573	0.007266354747116566	0.004084768705070019	0.009952799417078495	0.028069332242012024
257	excitement	../syntropy_project/models/model_35	../syntropy_project/models/model_35	joy	0.5069208145141602	0.5069208145141602	0.19896507263183594	0.1529596596956253	0.12434796243906021	0.01039195992052555	0.0009353067143820226	0.001673596678301692	0.000840191263705492	0.00042013125494122505	0.0005950049380771816	0.0016314247623085976	0.00031894457060843706
1221	pride	../syntropy_project/models/model_35	../syntropy_project/models/model_35	joy	0.3742806017398834	0.3742806017398834	0.06498975306749344	0.3431421220302582	0.17042048275470734	0.0195310078561306	0.004457095172256231	0.006126068998128176	0.004407572094351053	0.004089130088686943	0.001969667850062251	0.005241693928837776	0.0013448285171762109
335	neutral	../syntropy_project/models/model_35	../syntropy_project/models/model_35	joy	0.4552289545536041	0.4552289545536041	0.10135545581579208	0.35321399569511414	0.06781565397977829	0.013245319947600365	0.0010681558633223176	0.0030266649555414915	0.0018115837592631578	0.00077431759564206	0.000712492736056447	0.0015417160466313362	0.00020564818987622857
976	joy	../syntropy_project/models/model_35	../syntropy_project/models/model_35	pride	0.3046489953994751	0.22407276928424835	0.16533364355564117	0.19217383861541748	0.3046489953994751	0.05171213671565056	0.0033556262496858835	0.011879722587764263	0.0064161974005401134	0.0029348230455070734	0.006586546543985605	0.028940849006175995	0.0019449436804279685
15	pride	../syntropy_project/models/model_35	../syntropy_project/models/model_35	joy	0.38873085379600525	0.38873085379600525	0.11962013691663742	0.26827001571655273	0.19202621281147003	0.020473390817642212	0.0016692442586645484	0.002581477165222168	0.00177846010774374	0.0011463611153885722	0.0010256755631417036	0.0022093267180025578	0.0004687736800406128
1144	joy	../syntropy_project/models/model_35	../syntropy_project/models/model_35	joy	0.39973193407058716	0.39973193407058716	0.15267889201641083	0.3404124081134796	0.07697303593158722	0.02187904343008995	0.0012333233607932925	0.002007839037105441	0.0017925677821040154	0.0009388930629938841	0.0007402244373224676	0.0014104909496381879	0.0002012181794270873
324	excitement	../syntropy_project/models/model_35	../syntropy_project/models/model_35	excitement	0.8099986910820007	0.04837338626384735	0.8099986910820007	0.025524912402033806	0.08439678698778152	0.016326770186424255	0.0010756934061646461	0.0010637601371854544	0.0016105332178995013	0.0005688364035449922	0.0005232486291788518	0.009623066522181034	0.0009143310599029064
768	surprise	../syntropy_project/models/model_35	../syntropy_project/models/model_35	pride	0.765803873538971	0.09762587398290634	0.08267201483249664	0.03753650188446045	0.765803873538971	0.00790699664503336	0.0013189807068556547	0.0007943566306494176	0.0006965928478166461	0.000508560857269913	0.0005789829883724451	0.003936700988560915	0.0006205390673130751
607	pride	../syntropy_project/models/model_35	../syntropy_project/models/model_35	excitement	0.4530082046985626	0.14584818482398987	0.4530082046985626	0.09615287184715271	0.2393508404493332	0.035600464791059494	0.0034440529998391867	0.003099409630522132	0.002603098750114441	0.003426747629418969	0.001477494603022933	0.014380271546542645	0.0016083191148936749
1119	excitement	../syntropy_project/models/model_35	../syntropy_project/models/model_35	excitement	0.33679354190826416	0.2061229646205902	0.33679354190826416	0.18799090385437012	0.19841070473194122	0.050299640744924545	0.002011470962315798	0.00453582126647234	0.002113910159096122	0.002158479066565633	0.0026702559553086758	0.004767196718603373	0.0021251062862575054
888	excitement	../syntropy_project/models/model_35	../syntropy_project/models/model_35	pride	0.454924613237381	0.12326733767986298	0.32787343859672546	0.06385239958763123	0.454924613237381	0.016288403421640396	0.0022222166880965233	0.0013927991967648268	0.0013853831915184855	0.0010646055452525616	0.000869535724632442	0.005623015575110912	0.001236204756423831
1023	neutral	../syntropy_project/models/model_35	../syntropy_project/models/model_35	neutral	0.3549433648586273	0.27925392985343933	0.13511154055595398	0.3549433648586273	0.16790972650051117	0.03542338311672211	0.0023062319960445166	0.009772887453436852	0.003662937320768833	0.0013666325248777866	0.002305463422089815	0.0070190029218792915	0.0009249426075257361
222	fear	../syntropy_project/models/model_35	../syntropy_project/models/model_35	nervousness	0.9585808515548706	0.0010157466167584062	0.0009543853811919689	0.0017517035594210029	0.00270703318528831	0.0004501387884374708	0.003834590781480074	0.005399922374635935	0.003312069224193692	0.0014632128877565265	0.01385069452226162	0.9585808515548706	0.006679661106318235
179	joy	../syntropy_project/models/model_35	../syntropy_project/models/model_35	joy	0.43002384901046753	0.43002384901046753	0.1161823496222496	0.33914607763290405	0.10409551858901978	0.0034099833574146032	0.0008198755094781518	0.0019749777857214212	0.0011604130268096924	0.0006045371410436928	0.0004570132296066731	0.0018007587641477585	0.0003246857086196542
868	excitement	../syntropy_project/models/model_35	../syntropy_project/models/model_35	excitement	0.4645170271396637	0.27288416028022766	0.4645170271396637	0.11218474805355072	0.1184188574552536	0.027384167537093163	0.0010207121958956122	0.0006091361865401268	0.000509952544234693	0.0007332661189138889	0.0006912308745086193	0.0008508847677148879	0.00019594327022787184
99	disgust	../syntropy_project/models/model_35	../syntropy_project/models/model_35	disgust	0.19696107506752014	0.04182334244251251	0.016139881685376167	0.17071044445037842	0.05855826288461685	0.014044172130525112	0.11699280887842178	0.06504783034324646	0.08393643796443939	0.19696107506752014	0.03363124653697014	0.0868508517742157	0.11530366539955139
757	joy	../syntropy_project/models/model_35	../syntropy_project/models/model_35	joy	0.42022815346717834	0.42022815346717834	0.11124274134635925	0.2800006568431854	0.16542652249336243	0.013569178059697151	0.0012396929087117314	0.0040308088064193726	0.001146795810200274	0.000731420237571001	0.0005689783138222992	0.001484653097577393	0.00033041959977708757
521	neutral	../syntropy_project/models/model_35	../syntropy_project/models/model_35	joy	0.44559168815612793	0.44559168815612793	0.058411311358213425	0.3842408061027527	0.0814078077673912	0.012523136101663113	0.0014468641020357609	0.006271252408623695	0.0019227390876039863	0.0015124862547963858	0.0020422316156327724	0.004215226974338293	0.0004144356644246727
761	confusion	../syntropy_project/models/model_35	../syntropy_project/models/model_35	nervousness	0.42923814058303833	0.056107837706804276	0.02268298529088497	0.08554786443710327	0.08748337626457214	0.03704632446169853	0.05156707763671875	0.061071302741765976	0.08382973819971085	0.02354072965681553	0.032151538878679276	0.42923814058303833	0.029733002185821533
22	surprise	../syntropy_project/models/model_35	../syntropy_project/models/model_35	disgust	0.1894451528787613	0.023834893479943275	0.017267076298594475	0.06697499752044678	0.027660861611366272	0.012484959326684475	0.11696062237024307	0.09720029681921005	0.06099807471036911	0.1894451528787613	0.08159370720386505	0.16055917739868164	0.14502021670341492
356	neutral	../syntropy_project/models/model_35	../syntropy_project/models/model_35	neutral	0.415248841047287	0.28645068407058716	0.1347326636314392	0.415248841047287	0.13437420129776	0.015807893127202988	0.0015685285907238722	0.002505982993170619	0.002688945271074772	0.001097585540264845	0.0009287757566198707	0.0043245707638561726	0.000271329830866307
733	confusion	../syntropy_project/models/model_35	../syntropy_project/models/model_35	nervousness	0.6908200979232788	0.012009719386696815	0.0072471024468541145	0.035977549850940704	0.009962999261915684	0.007477488834410906	0.01320844329893589	0.07381083071231842	0.04203685745596886	0.009604642167687416	0.08149931579828262	0.6908200979232788	0.016344832256436348
1055	excitement	../syntropy_project/models/model_35	../syntropy_project/models/model_35	pride	0.7851642966270447	0.06208360940217972	0.11514408141374588	0.023221127688884735	0.7851642966270447	0.00725249107927084	0.0019555208273231983	0.0007586026913486421	0.00040770720806904137	0.000533557846210897	0.0004187595914117992	0.0025449292734265327	0.0005152958910912275
1178	neutral	../syntropy_project/models/model_35	../syntropy_project/models/model_35	neutral	0.4072641134262085	0.2998042404651642	0.08666392415761948	0.4072641134262085	0.1512419879436493	0.01770922727882862	0.003214716911315918	0.009708581492304802	0.005041387863457203	0.0019456412410363555	0.002854860620573163	0.013952219858765602	0.0005990782519802451
611	joy	../syntropy_project/models/model_35	../syntropy_project/models/model_35	neutral	0.4011017978191376	0.28405067324638367	0.13058409094810486	0.4011017978191376	0.13832244277000427	0.02690909616649151	0.0034187440760433674	0.0027831722982227802	0.003406656440347433	0.0026148727629333735	0.0026259534060955048	0.003294317750260234	0.0008882134570740163
1245	joy	../syntropy_project/models/model_35	../syntropy_project/models/model_35	neutral	0.33918118476867676	0.311999648809433	0.13702692091464996	0.33918118476867676	0.1560945361852646	0.017641615122556686	0.005043328274041414	0.00803914200514555	0.0045162467285990715	0.006075500976294279	0.003769796574488282	0.0061917854472994804	0.004420278128236532
340	excitement	../syntropy_project/models/model_35	../syntropy_project/models/model_35	excitement	0.47956109046936035	0.21228067576885223	0.47956109046936035	0.07983659207820892	0.1866094321012497	0.03356729820370674	0.0008240296738222241	0.0006358372047543526	0.0007194021018221974	0.0008236187277361751	0.00037322513526305556	0.0044886162504553795	0.0002801647351589054
431	neutral	../syntropy_project/models/model_35	../syntropy_project/models/model_35	pride	0.8901810646057129	0.010098682716488838	0.08172321319580078	0.009545087814331055	0.8901810646057129	0.0037317394744604826	0.0009574863943271339	0.0005358484922908247	0.00013331010995898396	0.0004613746714312583	0.00031565260724164546	0.0017734771827235818	0.0005431246245279908
879	excitement	../syntropy_project/models/model_35	../syntropy_project/models/model_35	joy	0.32654425501823425	0.32654425501823425	0.3211395740509033	0.12656860053539276	0.17725463211536407	0.039298105984926224	0.0013730042846873403	0.0014442530227825046	0.001802162267267704	0.0010868724202737212	0.001030096085742116	0.0019289873307570815	0.0005293693393468857
217	pride	../syntropy_project/models/model_35	../syntropy_project/models/model_35	joy	0.4469226896762848	0.4469226896762848	0.12028446048498154	0.23188196122646332	0.18629400432109833	0.008710133843123913	0.0008715668227523565	0.002050145296379924	0.0007589952438138425	0.0005658681038767099	0.00038596600643359125	0.0010641497792676091	0.00021008896874263883
203	joy	../syntropy_project/models/model_35	../syntropy_project/models/model_35	pride	0.3335862457752228	0.33229121565818787	0.1313873529434204	0.16164320707321167	0.3335862457752228	0.024000467732548714	0.004482451826334	0.003183797700330615	0.0027360517997294664	0.0020361037459224463	0.0009923545876517892	0.002977607771754265	0.0006831868668086827
1255	nervousness	../syntropy_project/models/model_35	../syntropy_project/models/model_35	neutral	0.3790823817253113	0.34133875370025635	0.18790271878242493	0.3790823817253113	0.05860154703259468	0.018645569682121277	0.0011756030144169927	0.0033045930322259665	0.0019696548115462065	0.0012346237199380994	0.0012818059185519814	0.004602511413395405	0.0008603229071013629
1036	neutral	../syntropy_project/models/model_35	../syntropy_project/models/model_35	neutral	0.4743785858154297	0.22953104972839355	0.08150751143693924	0.4743785858154297	0.11990367621183395	0.029919611290097237	0.0066805025562644005	0.017901990562677383	0.005006453488022089	0.004975137300789356	0.006225597579032183	0.021679678931832314	0.002290237694978714
93	joy	../syntropy_project/models/model_35	../syntropy_project/models/model_35	joy	0.40651175379753113	0.40651175379753113	0.21493332087993622	0.2708151638507843	0.0937785655260086	0.006547657772898674	0.0006567867239937186	0.0026196225080639124	0.0013678425457328558	0.00064727698918432	0.0005017606890760362	0.0012133296113461256	0.00040698039811104536
898	neutral	../syntropy_project/models/model_35	../syntropy_project/models/model_35	joy	0.4122845530509949	0.4122845530509949	0.14467228949069977	0.28313320875167847	0.11089424788951874	0.024239785969257355	0.0023594743106514215	0.005857391282916069	0.004589695017784834	0.0016217806842178106	0.0019065540982410312	0.007477014325559139	0.0009639511699788272
68	surprise	../syntropy_project/models/model_35	../syntropy_project/models/model_35	pride	0.29178887605667114	0.15086530148983002	0.05775153264403343	0.21335721015930176	0.29178887605667114	0.057989150285720825	0.02586623653769493	0.03661465272307396	0.02297256514430046	0.018658557906746864	0.01404689159244299	0.10016151517629623	0.00992748886346817
1013	fear	../syntropy_project/models/model_35	../syntropy_project/models/model_35	nervousness	0.5931165814399719	0.014669828116893768	0.019121607765555382	0.10461169481277466	0.02453385852277279	0.01564253307878971	0.016954300925135612	0.07771912217140198	0.023934056982398033	0.0248308964073658	0.048324886709451675	0.5931165814399719	0.03654056042432785
284	joy	../syntropy_project/models/model_35	../syntropy_project/models/model_35	joy	0.4560633599758148	0.4560633599758148	0.21981623768806458	0.14992330968379974	0.15013496577739716	0.01633307710289955	0.0009048813953995705	0.001957573462277651	0.0010993932373821735	0.0005183483008295298	0.0005980707355774939	0.0022140766959637403	0.0004367570218164474
696	excitement	../syntropy_project/models/model_35	../syntropy_project/models/model_35	excitement	0.8221514821052551	0.021996811032295227	0.8221514821052551	0.01311772596091032	0.10991403460502625	0.011536792851984501	0.0008599640568718314	0.00035327990190126	0.0011704079806804657	0.0004597427323460579	0.0004010874545201659	0.01655997522175312	0.0014787358231842518
85	joy	../syntropy_project/models/model_35	../syntropy_project/models/model_35	joy	0.47615185379981995	0.47615185379981995	0.14153653383255005	0.20886652171611786	0.15688061714172363	0.005178825464099646	0.0007464642403647304	0.004409121349453926	0.0008226524223573506	0.0006823423900641501	0.0005853077745996416	0.0036335985641926527	0.0005061688716523349
434	joy	../syntropy_project/models/model_35	../syntropy_project/models/model_35	joy	0.52308589220047	0.52308589220047	0.07235655933618546	0.26631540060043335	0.09761586040258408	0.01507485844194889	0.0030907420441508293	0.008858979679644108	0.004805658478289843	0.0020892454776912928	0.0017718179151415825	0.0035925109405070543	0.0013424885692074895
894	neutral	../syntropy_project/models/model_35	../syntropy_project/models/model_35	neutral	0.3680492341518402	0.16110844910144806	0.08526995778083801	0.3680492341518402	0.23299026489257812	0.04001760855317116	0.012644167989492416	0.015889549627900124	0.017957564443349838	0.005769240669906139	0.011408247984945774	0.03733118623495102	0.011564563028514385
153	joy	../syntropy_project/models/model_35	../syntropy_project/models/model_35	excitement	0.3931828439235687	0.2336549311876297	0.3931828439235687	0.24965037405490875	0.08176454901695251	0.02842593379318714	0.0013763820752501488	0.00321071851067245	0.002002297667786479	0.002291926648467779	0.0005734654259867966	0.003595772199332714	0.00027085799956694245
75	nervousness	../syntropy_project/models/model_35	../syntropy_project/models/model_35	nervousness	0.32839271426200867	0.014629367738962173	0.006647949572652578	0.06213586404919624	0.026349278166890144	0.00520623242482543	0.08550529181957245	0.0572747066617012	0.0452936589717865	0.11397481709718704	0.03689366206526756	0.32839271426200867	0.21769654750823975
1106	sadness	../syntropy_project/models/model_35	../syntropy_project/models/model_35	neutral	0.21947287023067474	0.08156684786081314	0.07429204136133194	0.21947287023067474	0.16802531480789185	0.08087953925132751	0.04902580380439758	0.060534343123435974	0.04149571433663368	0.031199153512716293	0.06396044045686722	0.08544529229402542	0.044102612882852554
789	neutral	../syntropy_project/models/model_35	../syntropy_project/models/model_35	neutral	0.30409446358680725	0.23928244411945343	0.19124683737754822	0.30409446358680725	0.22987550497055054	0.004153055138885975	0.0011853420874103904	0.003997719381004572	0.0017704362981021404	0.0014032478211447597	0.00138271099422127	0.02044827863574028	0.0011599637800827622
580	neutral	../syntropy_project/models/model_35	../syntropy_project/models/model_35	joy	0.4029405415058136	0.4029405415058136	0.08469071239233017	0.36295580863952637	0.13052400946617126	0.008256367407739162	0.0010063356021419168	0.004310238175094128	0.0011156491236761212	0.0008655305136926472	0.0005712760030291975	0.002268292475491762	0.0004952178569510579
446	excitement	../syntropy_project/models/model_35	../syntropy_project/models/model_35	neutral	0.4254108667373657	0.40601593255996704	0.07396022975444794	0.4254108667373657	0.055473122745752335	0.02038031816482544	0.0025250944308936596	0.006846613250672817	0.00283924862742424	0.002007391070947051	0.0019021081971004605	0.0021511304657906294	0.00048784349928610027
703	pride	../syntropy_project/models/model_35	../syntropy_project/models/model_35	excitement	0.30442067980766296	0.12063196301460266	0.30442067980766296	0.2741236686706543	0.15115581452846527	0.02679794654250145	0.007264314219355583	0.008604612201452255	0.005068200174719095	0.009843090549111366	0.006115666590631008	0.05787517502903938	0.028098927810788155
188	nervousness	../syntropy_project/models/model_35	../syntropy_project/models/model_35	nervousness	0.23420925438404083	0.18198592960834503	0.04887675493955612	0.2166575789451599	0.19537271559238434	0.020657412707805634	0.017150528728961945	0.03713615611195564	0.01643557846546173	0.009744042530655861	0.014607138931751251	0.23420925438404083	0.00716688996180892
271	neutral	../syntropy_project/models/model_35	../syntropy_project/models/model_35	pride	0.34477922320365906	0.21401004493236542	0.10974673181772232	0.27925005555152893	0.34477922320365906	0.029392482712864876	0.002531551755964756	0.00432197330519557	0.003296052571386099	0.0016305489698424935	0.0019664501305669546	0.008017956279218197	0.0010569827863946557
236	joy	../syntropy_project/models/model_35	../syntropy_project/models/model_35	joy	0.474177747964859	0.474177747964859	0.1888786405324936	0.19310365617275238	0.10809124261140823	0.01873067207634449	0.0028263728599995375	0.00360015407204628	0.004479129333049059	0.0012166498927399516	0.001273458357900381	0.0030472457874566317	0.0005749661941081285
487	pride	../syntropy_project/models/model_35	../syntropy_project/models/model_35	pride	0.35319650173187256	0.22515489161014557	0.07107312232255936	0.22242718935012817	0.35319650173187256	0.012965822592377663	0.01082683727145195	0.02290666103363037	0.013191643171012402	0.007441971451044083	0.004558049142360687	0.05084485933184624	0.005412316881120205
1229	nervousness	../syntropy_project/models/model_35	../syntropy_project/models/model_35	nervousness	0.41592660546302795	0.03762771189212799	0.013000291772186756	0.09278582036495209	0.025660492479801178	0.010602351278066635	0.03203297406435013	0.23094592988491058	0.03890414163470268	0.023027587682008743	0.055956531316041946	0.41592660546302795	0.023529523983597755
559	fear	../syntropy_project/models/model_35	../syntropy_project/models/model_35	neutral	0.4690813422203064	0.014514455571770668	0.020283078774809837	0.4690813422203064	0.046814821660518646	0.01666899397969246	0.028406232595443726	0.043275248259305954	0.11995565891265869	0.03969346731901169	0.02546548843383789	0.14706817269325256	0.028773024678230286
117	excitement	../syntropy_project/models/model_35	../syntropy_project/models/model_35	joy	0.38592529296875	0.38592529296875	0.30379781126976013	0.11847344040870667	0.16895528137683868	0.010339926928281784	0.001020956551656127	0.002609638497233391	0.0019939171615988016	0.001319029019214213	0.0007878461037762463	0.004062128718942404	0.0007147975848056376
637	joy	../syntropy_project/models/model_35	../syntropy_project/models/model_35	excitement	0.4478614628314972	0.22494283318519592	0.4478614628314972	0.08361127227544785	0.20559540390968323	0.03006824105978012	0.0012053843820467591	0.0015269590076059103	0.0008931506890803576	0.0009022820158861578	0.0005268898094072938	0.0022549147251993418	0.0006112716509960592
1143	joy	../syntropy_project/models/model_35	../syntropy_project/models/model_35	pride	0.37874850630760193	0.1925094574689865	0.16839729249477386	0.16817277669906616	0.37874850630760193	0.012719109654426575	0.003168113064020872	0.0063983057625591755	0.004894358571618795	0.0014933428028598428	0.001830423716455698	0.05944697558879852	0.0022213892079889774
801	embarrassment	../syntropy_project/models/model_35	../syntropy_project/models/model_35	disgust	0.26410162448883057	0.13828203082084656	0.03724024444818497	0.16945040225982666	0.039998892694711685	0.009358175098896027	0.12151245027780533	0.05238872021436691	0.0362936295568943	0.26410162448883057	0.02188006602227688	0.02756277658045292	0.0819309651851654
750	neutral	../syntropy_project/models/model_35	../syntropy_project/models/model_35	neutral	0.40059444308280945	0.164297416806221	0.10503675043582916	0.40059444308280945	0.2642267048358917	0.02952701412141323	0.0043379561975598335	0.005235733930021524	0.004748305305838585	0.0024780360981822014	0.003213869407773018	0.015340031124651432	0.000963670841883868
512	anger	../syntropy_project/models/model_35	../syntropy_project/models/model_35	neutral	0.5044392943382263	0.17415712773799896	0.06967774033546448	0.5044392943382263	0.100880466401577	0.020654989406466484	0.009178869426250458	0.04835117980837822	0.008769746869802475	0.007985592819750309	0.010900857858359814	0.03812594339251518	0.006878242362290621
633	excitement	../syntropy_project/models/model_35	../syntropy_project/models/model_35	neutral	0.31579622626304626	0.2245701402425766	0.2255563884973526	0.31579622626304626	0.12914109230041504	0.025653507560491562	0.00420344527810812	0.024539930745959282	0.008226410485804081	0.006428970955312252	0.00863184966146946	0.0222020223736763	0.005050001200288534
936	joy	../syntropy_project/models/model_35	../syntropy_project/models/model_35	joy	0.3096073269844055	0.3096073269844055	0.14410017430782318	0.24079342186450958	0.2652673125267029	0.019726615399122238	0.0024890401400625706	0.006099829450249672	0.001988325733691454	0.0014252810506150126	0.0016535624163225293	0.005633393302559853	0.0012157835299149156
1079	neutral	../syntropy_project/models/model_35	../syntropy_project/models/model_35	pride	0.3464512825012207	0.20102743804454803	0.24684341251850128	0.1824754774570465	0.3464512825012207	0.008988574147224426	0.001332340412773192	0.001518533448688686	0.002010621363297105	0.0011336655588820577	0.0004139827797189355	0.007132725790143013	0.0006718866643495858
962	surprise	../syntropy_project/models/model_35	../syntropy_project/models/model_35	joy	0.3833215832710266	0.3833215832710266	0.08576589822769165	0.3298500180244446	0.164071723818779	0.020312897861003876	0.0023081693798303604	0.004842779599130154	0.00241677463054657	0.0016878395108506083	0.0013829569797962904	0.003508251393213868	0.0005310949054546654
126	neutral	../syntropy_project/models/model_35	../syntropy_project/models/model_35	joy	0.34273967146873474	0.34273967146873474	0.12146387249231339	0.3188815712928772	0.19564273953437805	0.005829063709825277	0.0010246953461319208	0.005295076873153448	0.0010083169909194112	0.0008525633602403104	0.0011441538808867335	0.005294935777783394	0.0008233897970058024
790	neutral	../syntropy_project/models/model_35	../syntropy_project/models/model_35	pride	0.3537416458129883	0.16766585409641266	0.2958920896053314	0.13623274862766266	0.3537416458129883	0.03496076166629791	0.0018938822904601693	0.001727150403894484	0.0019019285682588816	0.001176500809378922	0.0005528489127755165	0.003992988727986813	0.0002615906414575875
829	joy	../syntropy_project/models/model_35	../syntropy_project/models/model_35	joy	0.26721370220184326	0.26721370220184326	0.22810330986976624	0.25263410806655884	0.2291567474603653	0.010570896789431572	0.0014501484110951424	0.0021078477147966623	0.002005363814532757	0.0008694715215824544	0.0006002111476846039	0.004966488108038902	0.00032168469624593854
116	excitement	../syntropy_project/models/model_35	../syntropy_project/models/model_35	excitement	0.7694857120513916	0.0293361097574234	0.7694857120513916	0.019289672374725342	0.153074249625206	0.006993562448769808	0.0006645271205343306	0.000652761256787926	0.000791874248534441	0.00041126186260953546	0.00043000662117265165	0.01748180389404297	0.0013885293155908585
473	embarrassment	../syntropy_project/models/model_35	../syntropy_project/models/model_35	disgust	0.2958049178123474	0.010839223861694336	0.007492957171052694	0.03188982233405113	0.031928833574056625	0.005449693650007248	0.23181697726249695	0.03009806200861931	0.045263439416885376	0.2958049178123474	0.07193198800086975	0.16438330709934235	0.07310087978839874
740	excitement	../syntropy_project/models/model_35	../syntropy_project/models/model_35	joy	0.3085920214653015	0.3085920214653015	0.11589891463518143	0.24149960279464722	0.23400218784809113	0.03632522001862526	0.009475260972976685	0.01103892456740141	0.011444753035902977	0.005136309191584587	0.00399435218423605	0.016709914430975914	0.005882605444639921
1074	neutral	../syntropy_project/models/model_35	../syntropy_project/models/model_35	neutral	0.4923822283744812	0.2794916331768036	0.12180044502019882	0.4923822283744812	0.050185464322566986	0.02880307286977768	0.0020693012047559023	0.009321143850684166	0.003861083183437586	0.0019076253520324826	0.0027344839181751013	0.00671091303229332	0.0007325832266360521
57	joy	../syntropy_project/models/model_35	../syntropy_project/models/model_35	joy	0.40607964992523193	0.40607964992523193	0.18868164718151093	0.1265779435634613	0.25194209814071655	0.019756829366087914	0.0010825019562616944	0.0021082195453345776	0.0007946150144562125	0.0006628662231378257	0.0005406432901509106	0.0015179753536358476	0.0002549719938542694
603	excitement	../syntropy_project/models/model_35	../syntropy_project/models/model_35	excitement	0.32657480239868164	0.1950821429491043	0.32657480239868164	0.17215965688228607	0.20361079275608063	0.05302431061863899	0.0060275886207818985	0.00893594603985548	0.0031975407619029284	0.007862680591642857	0.005044740159064531	0.013960844837129116	0.004519057925790548
786	neutral	../syntropy_project/models/model_35	../syntropy_project/models/model_35	sadness	0.3333718776702881	0.050249360501766205	0.07207842171192169	0.05155946686863899	0.017362095415592194	0.011230667121708393	0.027674566954374313	0.3333718776702881	0.048927679657936096	0.03933987766504288	0.06281901150941849	0.2526353597640991	0.032751694321632385
830	joy	../syntropy_project/models/model_35	../syntropy_project/models/model_35	joy	0.46861162781715393	0.46861162781715393	0.14489658176898956	0.2103169858455658	0.14507955312728882	0.020792141556739807	0.001846908126026392	0.0033521561417728662	0.0013455635635182261	0.001236927229911089	0.0008608042262494564	0.0012714185286313295	0.00038931178278289735
119	neutral	../syntropy_project/models/model_35	../syntropy_project/models/model_35	neutral	0.4316335916519165	0.25123050808906555	0.06565694510936737	0.4316335916519165	0.08369431644678116	0.017200617119669914	0.023848028853535652	0.027218187227845192	0.01852434128522873	0.03939712420105934	0.012361760251224041	0.014435997232794762	0.014798589050769806
656	pride	../syntropy_project/models/model_35	../syntropy_project/models/model_35	pride	0.492540568113327	0.1474521905183792	0.22377410531044006	0.10352218896150589	0.492540568113327	0.015833187848329544	0.0017502348637208343	0.0016903904033824801	0.0011108831968158484	0.0011109753977507353	0.0009748294251039624	0.009019091725349426	0.001221383223310113
1214	excitement	../syntropy_project/models/model_35	../syntropy_project/models/model_35	excitement	0.9280411005020142	0.007915064692497253	0.9280411005020142	0.00877448171377182	0.035687513649463654	0.007757999934256077	0.0004565542913042009	0.00025777905830182135	0.0007946881232783198	0.00034026801586151123	0.00035233699600212276	0.008459778502583504	0.0011624738108366728
669	neutral	../syntropy_project/models/model_35	../syntropy_project/models/model_35	neutral	0.32530677318573	0.20848850905895233	0.2166057527065277	0.32530677318573	0.14156778156757355	0.08760136365890503	0.003967370837926865	0.002479302929714322	0.002751311520114541	0.004345891997218132	0.0032755278516560793	0.0027857720851898193	0.0008246609359048307
105	sadness	../syntropy_project/models/model_35	../syntropy_project/models/model_35	sadness	0.5695628523826599	0.019705386832356453	0.007380945608019829	0.053889285773038864	0.011356063187122345	0.012774395756423473	0.04388865828514099	0.5695628523826599	0.044506676495075226	0.06067141890525818	0.045688312500715256	0.09612541645765305	0.03445056453347206
635	neutral	../syntropy_project/models/model_35	../syntropy_project/models/model_35	joy	0.4239788353443146	0.4239788353443146	0.04389633983373642	0.3949306607246399	0.06752454489469528	0.013599103316664696	0.004987096413969994	0.022712282836437225	0.005152811761945486	0.004961032420396805	0.0036103450693190098	0.013190247118473053	0.0014567087637260556
369	neutral	../syntropy_project/models/model_35	../syntropy_project/models/model_35	neutral	0.5719068050384521	0.2516256868839264	0.08423271775245667	0.5719068050384521	0.05683692917227745	0.01718798279762268	0.0019984545651823282	0.004285071045160294	0.004002065863460302	0.002102445112541318	0.0021438109688460827	0.0029844490345567465	0.0006936203571967781
268	neutral	../syntropy_project/models/model_35	../syntropy_project/models/model_35	neutral	0.39146533608436584	0.3754940330982208	0.14891570806503296	0.39146533608436584	0.06266611069440842	0.012454698793590069	0.0011272187111899257	0.002091411268338561	0.0024549232330173254	0.0008784608799032867	0.0007094432949088514	0.0015195924788713455	0.0002230855607194826
655	neutral	../syntropy_project/models/model_35	../syntropy_project/models/model_35	neutral	0.31720981001853943	0.12767252326011658	0.06587034463882446	0.31720981001853943	0.11478329449892044	0.21767571568489075	0.02857041172683239	0.030315427109599113	0.02925703302025795	0.013581069186329842	0.012140502221882343	0.04138124734163284	0.0015427308389917016
819	joy	../syntropy_project/models/model_35	../syntropy_project/models/model_35	pride	0.3813949525356293	0.2819572687149048	0.14038579165935516	0.17916040122509003	0.3813949525356293	0.005028866697102785	0.0011659699957817793	0.002209607046097517	0.001150059630163014	0.000819563225377351	0.0005751173011958599	0.005480900872498751	0.0006715970812365413
822	excitement	../syntropy_project/models/model_35	../syntropy_project/models/model_35	pride	0.34749484062194824	0.18702468276023865	0.26968175172805786	0.13372108340263367	0.34749484062194824	0.022885099053382874	0.005694614723324776	0.0024908934719860554	0.00882534310221672	0.0020457704085856676	0.002782352501526475	0.014288701117038727	0.003064800752326846
953	pride	../syntropy_project/models/model_35	../syntropy_project/models/model_35	pride	0.8878780603408813	0.008327280171215534	0.09015239030122757	0.005162981338799	0.8878780603408813	0.0035670872312039137	0.001269992091692984	0.00034089817199856043	0.00012580497423186898	0.0005432958132587373	0.0002192824613302946	0.0019072387367486954	0.0005056613008491695
46	nervousness	../syntropy_project/models/model_35	../syntropy_project/models/model_35	pride	0.828491747379303	0.011255876161158085	0.12494466453790665	0.013230309821665287	0.828491747379303	0.011261431500315666	0.0016949174460023642	0.0006602467619813979	0.0004248479672241956	0.001147216884419322	0.00043315565562807024	0.005918083246797323	0.0005373519961722195
349	surprise	../syntropy_project/models/model_35	../syntropy_project/models/model_35	excitement	0.39585021138191223	0.2940232753753662	0.39585021138191223	0.08189094811677933	0.18768028914928436	0.03283029794692993	0.0014062674017623067	0.0015730909071862698	0.0012806004378944635	0.0007845508516766131	0.0006345983128994703	0.0017387124244123697	0.00030714692547917366
1098	neutral	../syntropy_project/models/model_35	../syntropy_project/models/model_35	neutral	0.5099592804908752	0.299245148897171	0.09177982062101364	0.5099592804908752	0.06529673933982849	0.014948518015444279	0.001808048109523952	0.005307192448526621	0.003516912693157792	0.0018429422052577138	0.0019460764015093446	0.0036426628939807415	0.0007066579419188201
876	disgust	../syntropy_project/models/model_35	../syntropy_project/models/model_35	disgust	0.26560649275779724	0.0331655889749527	0.03288199007511139	0.10860312730073929	0.029458731412887573	0.029311800375580788	0.1154104620218277	0.1643136888742447	0.03686906024813652	0.26560649275779724	0.031402572989463806	0.05109124630689621	0.10188522189855576
773	pride	../syntropy_project/models/model_35	../syntropy_project/models/model_35	excitement	0.27959543466567993	0.2255944460630417	0.27959543466567993	0.2460038661956787	0.1106245294213295	0.10515725612640381	0.004259398672729731	0.0046670883893966675	0.006700246594846249	0.007134436629712582	0.0037164106033742428	0.004925531800836325	0.0016213885974138975
195	neutral	../syntropy_project/models/model_35	../syntropy_project/models/model_35	neutral	0.37045183777809143	0.1623610258102417	0.1871916651725769	0.37045183777809143	0.17657017707824707	0.015028630383312702	0.00430650357156992	0.00948591623455286	0.0076463851146399975	0.00511975260451436	0.003589231986552477	0.056228868663311005	0.0020200186409056187
102	pride	../syntropy_project/models/model_35	../syntropy_project/models/model_35	joy	0.44734862446784973	0.44734862446784973	0.11203373223543167	0.2935284376144409	0.10862158983945847	0.022156070917844772	0.0020575453527271748	0.005469387397170067	0.002924700267612934	0.0021773839835077524	0.0011634547263383865	0.0018182691419497132	0.0007008010288700461
4	joy	../syntropy_project/models/model_35	../syntropy_project/models/model_35	pride	0.2850591540336609	0.2548951208591461	0.1626812070608139	0.2625232934951782	0.2850591540336609	0.014090321958065033	0.0015056689735502005	0.0090267239138484	0.000968271866440773	0.0012260302901268005	0.00144467584323138	0.005719010718166828	0.0008604936301708221
619	surprise	../syntropy_project/models/model_35	../syntropy_project/models/model_35	neutral	0.3911627233028412	0.2107456773519516	0.10954654961824417	0.3911627233028412	0.12383248656988144	0.06257607042789459	0.00941621232777834	0.0274991225451231	0.011383425444364548	0.006734372116625309	0.009880216792225838	0.03078053891658783	0.006442568730562925
571	excitement	../syntropy_project/models/model_35	../syntropy_project/models/model_35	joy	0.3458167314529419	0.3458167314529419	0.20169273018836975	0.23172129690647125	0.19418254494667053	0.012004966847598553	0.0011003650724887848	0.003166543785482645	0.0010931526776403189	0.000989138730801642	0.0007954580942168832	0.0063196211121976376	0.0011174865067005157
52	excitement	../syntropy_project/models/model_35	../syntropy_project/models/model_35	excitement	0.41961807012557983	0.16338366270065308	0.41961807012557983	0.10515768080949783	0.2682141065597534	0.03018750064074993	0.0012942311586812139	0.001520299818366766	0.0009864534949883819	0.0008796999463811517	0.0008257886511273682	0.0073220678605139256	0.0006105293869040906
263	neutral	../syntropy_project/models/model_35	../syntropy_project/models/model_35	neutral	0.34192606806755066	0.22827687859535217	0.11282824724912643	0.34192606806755066	0.24391388893127441	0.022419443354010582	0.0022229491733014584	0.026106541976332664	0.003815701697021723	0.0030939802527427673	0.0038271432276815176	0.00661218399181962	0.00495704123750329
1159	excitement	../syntropy_project/models/model_35	../syntropy_project/models/model_35	joy	0.3414362072944641	0.3414362072944641	0.1708671897649765	0.23218780755996704	0.2388857901096344	0.0087614506483078	0.0008714309660717845	0.0019016365986317396	0.0009727556607685983	0.0005374259781092405	0.00045001477701589465	0.0027860007248818874	0.00034232804318889976
443	joy	../syntropy_project/models/model_35	../syntropy_project/models/model_35	excitement	0.3700841963291168	0.28401073813438416	0.3700841963291168	0.1422344595193863	0.17656941711902618	0.006914698984473944	0.0022741786669939756	0.002161466982215643	0.003393224673345685	0.0010593972401693463	0.0010408994276076555	0.00870418082922697	0.0015532299876213074
1138	joy	../syntropy_project/models/model_35	../syntropy_project/models/model_35	pride	0.36179041862487793	0.2546497881412506	0.17230425775051117	0.19199353456497192	0.36179041862487793	0.006070311646908522	0.0014156191609799862	0.0020584736485034227	0.0013148292200639844	0.0007606804138049483	0.0006028648931533098	0.006074374075978994	0.000964932085480541
782	nervousness	../syntropy_project/models/model_35	../syntropy_project/models/model_35	nervousness	0.8734279870986938	0.0039293779991567135	0.0034963961225003004	0.006866612937301397	0.00559597322717309	0.002661770209670067	0.00898553617298603	0.027843326330184937	0.00908649992197752	0.0050284904427826405	0.04343103617429733	0.8734279870986938	0.009647094644606113
837	neutral	../syntropy_project/models/model_35	../syntropy_project/models/model_35	joy	0.3938174843788147	0.3938174843788147	0.0822109580039978	0.275182843208313	0.18810810148715973	0.022533860057592392	0.004825493786484003	0.017784584313631058	0.00396397290751338	0.0031869388185441494	0.0023211557418107986	0.004373490810394287	0.0016911410493776202
1047	excitement	../syntropy_project/models/model_35	../syntropy_project/models/model_35	excitement	0.6962879300117493	0.06295663863420486	0.6962879300117493	0.04158388823270798	0.156139075756073	0.02540162019431591	0.0014250982785597444	0.0015727338613942266	0.0014546576421707869	0.0014635144034400582	0.000841268862131983	0.009540168568491936	0.0013333808165043592
691	joy	../syntropy_project/models/model_35	../syntropy_project/models/model_35	joy	0.4773595631122589	0.4773595631122589	0.1206086128950119	0.2644811272621155	0.11114086210727692	0.010765021666884422	0.0028048071544617414	0.0037191477604210377	0.002927146153524518	0.0014513811329379678	0.0010866859229281545	0.002890195231884718	0.0007655443623661995
304	nervousness	../syntropy_project/models/model_35	../syntropy_project/models/model_35	pride	0.41544249653816223	0.049800805747509	0.20200857520103455	0.04882480949163437	0.41544249653816223	0.016546469181776047	0.008679632097482681	0.003243589075282216	0.006356813479214907	0.0034507184755057096	0.002855598693713546	0.22628700733184814	0.016503509134054184
341	excitement	../syntropy_project/models/model_35	../syntropy_project/models/model_35	excitement	0.44372624158859253	0.20644235610961914	0.44372624158859253	0.09098250418901443	0.22835668921470642	0.021601034328341484	0.001199315651319921	0.0011810790747404099	0.0009806721936911345	0.000990952947176993	0.00048596845590509474	0.0037254721391946077	0.00032777260639704764
991	joy	../syntropy_project/models/model_35	../syntropy_project/models/model_35	joy	0.29463478922843933	0.29463478922843933	0.1261235624551773	0.28940334916114807	0.09973061084747314	0.03765914961695671	0.012781561352312565	0.0869123637676239	0.014585367403924465	0.007868925109505653	0.007947593927383423	0.015674542635679245	0.006678155157715082
313	neutral	../syntropy_project/models/model_35	../syntropy_project/models/model_35	neutral	0.30742907524108887	0.26078182458877563	0.28409889340400696	0.30742907524108887	0.11626359820365906	0.012790425680577755	0.0027250859420746565	0.0032080679666250944	0.0024865891318768263	0.0017562189605087042	0.0009457282139919698	0.0069059934467077255	0.0006084914202801883
149	joy	../syntropy_project/models/model_35	../syntropy_project/models/model_35	joy	0.3660261929035187	0.3660261929035187	0.3064061105251312	0.13337424397468567	0.11570180952548981	0.06512638926506042	0.0029445963446050882	0.0012661663349717855	0.0029911494348198175	0.0021305668633431196	0.0012002408038824797	0.0021492314990609884	0.0006831816863268614
124	pride	../syntropy_project/models/model_35	../syntropy_project/models/model_35	pride	0.7300589680671692	0.04122639447450638	0.15679574012756348	0.03630569577217102	0.7300589680671692	0.014107451774179935	0.003908154089003801	0.001529540168121457	0.0012957383878529072	0.003090834943577647	0.0006131534464657307	0.00967294443398714	0.001395461498759687
1128	pride	../syntropy_project/models/model_35	../syntropy_project/models/model_35	joy	0.5473374724388123	0.5473374724388123	0.11417398601770401	0.1981075257062912	0.12666086852550507	0.006563731003552675	0.0008665844216011465	0.002750440500676632	0.0011402509408071637	0.00047949026338756084	0.00033177321893163025	0.0013819390442222357	0.00020591233624145389
574	joy	../syntropy_project/models/model_35	../syntropy_project/models/model_35	neutral	0.2968805432319641	0.13658107817173004	0.05684487149119377	0.2968805432319641	0.10157224535942078	0.06573858112096786	0.029957471415400505	0.10361962020397186	0.034813687205314636	0.026618070900440216	0.041592247784137726	0.09673675894737244	0.009044733829796314
697	nervousness	../syntropy_project/models/model_35	../syntropy_project/models/model_35	nervousness	0.9568271636962891	0.0010586932767182589	0.0019675062503665686	0.0021852392237633467	0.002929501701146364	0.0004433572757989168	0.0035066595301032066	0.007178895175457001	0.0023241194430738688	0.0018955337582156062	0.012083676643669605	0.9568271636962891	0.007599628530442715
664	pride	../syntropy_project/models/model_35	../syntropy_project/models/model_35	neutral	0.36642521619796753	0.15570801496505737	0.11268189549446106	0.36642521619796753	0.16505204141139984	0.031111177057027817	0.01648814044892788	0.03713010996580124	0.015217525884509087	0.01333073154091835	0.008380497805774212	0.068374402821064	0.010100272484123707
50	excitement	../syntropy_project/models/model_35	../syntropy_project/models/model_35	pride	0.2997041642665863	0.11817488819360733	0.2640194594860077	0.14274804294109344	0.2997041642665863	0.14561013877391815	0.004768440034240484	0.003719021799042821	0.008718212135136127	0.001024726196192205	0.001993956044316292	0.008326870389282703	0.001192036783322692
1125	pride	../syntropy_project/models/model_35	../syntropy_project/models/model_35	excitement	0.29992547631263733	0.253243088722229	0.29992547631263733	0.24529986083507538	0.18132877349853516	0.008331076242029667	0.0006996734300628304	0.002012978307902813	0.0014681373722851276	0.0004722115700133145	0.0005693878629244864	0.006437302101403475	0.0002121595898643136
726	surprise	../syntropy_project/models/model_35	../syntropy_project/models/model_35	surprise	0.9214177131652832	0.004796741530299187	0.03459050506353378	0.00788983702659607	0.021177517250180244	0.9214177131652832	0.0035071561578661203	0.0003746167931240052	0.0031245320569723845	0.0012400014093145728	0.0005126731703057885	0.0011694066924974322	0.0001993782789213583
799	joy	../syntropy_project/models/model_35	../syntropy_project/models/model_35	joy	0.37996676564216614	0.37996676564216614	0.21264739334583282	0.14788824319839478	0.24417710304260254	0.004841922782361507	0.0010989562142640352	0.0016096002655103803	0.0011367901461198926	0.000547082454431802	0.0004936071927659214	0.00489812670275569	0.0006943888147361577
833	pride	../syntropy_project/models/model_35	../syntropy_project/models/model_35	joy	0.27277278900146484	0.27277278900146484	0.25341811776161194	0.24847622215747833	0.19994844496250153	0.0063328612595796585	0.0030455999076366425	0.0016831002430990338	0.0031259283423423767	0.002174799330532551	0.0008493727073073387	0.003938064444810152	0.004234652034938335
353	joy	../syntropy_project/models/model_35	../syntropy_project/models/model_35	joy	0.3725090026855469	0.3725090026855469	0.13594655692577362	0.27520379424095154	0.1848757565021515	0.01329030841588974	0.0014539842959493399	0.005270886234939098	0.0018867579055950046	0.0012578440364450216	0.0013534430181607604	0.0056479740887880325	0.0013036837335675955
1222	joy	../syntropy_project/models/model_35	../syntropy_project/models/model_35	excitement	0.3091069757938385	0.2746141850948334	0.3091069757938385	0.14504611492156982	0.17782258987426758	0.07158659398555756	0.004726991057395935	0.0014033903134986758	0.0042425342835485935	0.003276460338383913	0.0029527018778026104	0.003680434776470065	0.0015409729676321149
142	fear	../syntropy_project/models/model_35	../syntropy_project/models/model_35	fear	0.6350057125091553	0.008347515016794205	0.004108312539756298	0.022824514657258987	0.010198389180004597	0.00702248141169548	0.01741679012775421	0.03717628866434097	0.026801088824868202	0.022409098222851753	0.6350057125091553	0.19509786367416382	0.013591927476227283
470	surprise	../syntropy_project/models/model_35	../syntropy_project/models/model_35	neutral	0.26299601793289185	0.12795193493366241	0.04800272360444069	0.26299601793289185	0.21033544838428497	0.07017961144447327	0.040894851088523865	0.059328775852918625	0.05167868733406067	0.02416442707180977	0.016085462644696236	0.06639538705348969	0.02198670245707035
882	joy	../syntropy_project/models/model_35	../syntropy_project/models/model_35	nervousness	0.6665127873420715	0.021912897005677223	0.011384934186935425	0.04978666454553604	0.04169273376464844	0.009557047858834267	0.02218087948858738	0.039727747440338135	0.02600955031812191	0.010926383547484875	0.0846359133720398	0.6665127873420715	0.015672391280531883
653	pride	../syntropy_project/models/model_35	../syntropy_project/models/model_35	joy	0.3254050612449646	0.3254050612449646	0.21643318235874176	0.21883201599121094	0.1999214142560959	0.0257108211517334	0.0028723881114274263	0.0017116680974140763	0.002255036262795329	0.002288030693307519	0.0012892285594716668	0.002536516636610031	0.0007447153911925852
399	nervousness	../syntropy_project/models/model_35	../syntropy_project/models/model_35	nervousness	0.27023154497146606	0.03528266027569771	0.06474137306213379	0.1338445544242859	0.16448280215263367	0.02303757146000862	0.054675497114658356	0.08565390855073929	0.047173067927360535	0.040818121284246445	0.0343046560883522	0.27023154497146606	0.04575417935848236
1072	neutral	../syntropy_project/models/model_35	../syntropy_project/models/model_35	neutral	0.32954317331314087	0.26130497455596924	0.16286498308181763	0.32954317331314087	0.2100042700767517	0.01612267456948757	0.002194792265072465	0.004522744566202164	0.002670793328434229	0.0016564649995416403	0.0012655844911932945	0.007026574574410915	0.0008229439263232052
1219	anger	../syntropy_project/models/model_35	../syntropy_project/models/model_35	neutral	0.3690095543861389	0.15399552881717682	0.0826161727309227	0.3690095543861389	0.07997837662696838	0.12057678401470184	0.008521808311343193	0.05889080464839935	0.025785094127058983	0.024545399472117424	0.026001283898949623	0.042774710804224014	0.007304519880563021
320	joy	../syntropy_project/models/model_35	../syntropy_project/models/model_35	excitement	0.36231210827827454	0.13976339995861053	0.36231210827827454	0.1719999611377716	0.2579877972602844	0.03926572948694229	0.00119844451546669	0.0031697843223810196	0.001881028525531292	0.0016395961865782738	0.0022002337500452995	0.01736522652208805	0.0012166271917521954
19	joy	../syntropy_project/models/model_35	../syntropy_project/models/model_35	joy	0.28225770592689514	0.28225770592689514	0.18839560449123383	0.21157194674015045	0.20448841154575348	0.06507605314254761	0.005264757201075554	0.014582579024136066	0.004573537036776543	0.004618661943823099	0.005958652123808861	0.010176325216889381	0.0030357479117810726
684	pride	../syntropy_project/models/model_35	../syntropy_project/models/model_35	joy	0.35357367992401123	0.35357367992401123	0.19820041954517365	0.19198203086853027	0.24205295741558075	0.006919640116393566	0.0010471122805029154	0.001099064014852047	0.001204941887408495	0.0008396385237574577	0.00038239688728936017	0.00246332841925323	0.00023482042888645083
35	anger	../syntropy_project/models/model_35	../syntropy_project/models/model_35	anger	0.7487136125564575	0.0044183204881846905	0.005137717816978693	0.019060513004660606	0.004833214916288853	0.005710682366043329	0.016339603811502457	0.012590459547936916	0.041178829967975616	0.11958837509155273	0.01048695296049118	0.011941656470298767	0.7487136125564575
824	excitement	../syntropy_project/models/model_35	../syntropy_project/models/model_35	excitement	0.3609774708747864	0.16466663777828217	0.3609774708747864	0.18052208423614502	0.24183279275894165	0.035375140607357025	0.0029675718396902084	0.0015257929917424917	0.0019632813055068254	0.0014992726501077414	0.0011869875015690923	0.006852995604276657	0.0006298694643191993
902	neutral	../syntropy_project/models/model_35	../syntropy_project/models/model_35	neutral	0.4080151319503784	0.24351954460144043	0.23161938786506653	0.4080151319503784	0.09559948742389679	0.01203788723796606	0.00122227577958256	0.002164557110518217	0.0024565719068050385	0.0010219062678515911	0.0005488310125656426	0.0016251024790108204	0.0001692112855380401
505	pride	../syntropy_project/models/model_35	../syntropy_project/models/model_35	pride	0.7593748569488525	0.01708868332207203	0.08157937228679657	0.02951081097126007	0.7593748569488525	0.01099682692438364	0.0076049575582146645	0.0018588859820738435	0.0022972398437559605	0.003267123131081462	0.008217263966798782	0.0758746862411499	0.002329278504475951
827	joy	../syntropy_project/models/model_35	../syntropy_project/models/model_35	joy	0.38677918910980225	0.38677918910980225	0.10718385875225067	0.36240458488464355	0.10505814850330353	0.025379501283168793	0.0020803867373615503	0.003688226453959942	0.002657241653650999	0.0012747165746986866	0.0007924495148472488	0.002406325191259384	0.00029532311600632966
1137	joy	../syntropy_project/models/model_35	../syntropy_project/models/model_35	joy	0.5488719344139099	0.5488719344139099	0.11498378962278366	0.21350616216659546	0.09750942885875702	0.016039712354540825	0.0019451755797490478	0.00165071920491755	0.0023237327113747597	0.001347251352854073	0.0005938810063526034	0.0010121079394593835	0.00021612855198327452
407	excitement	../syntropy_project/models/model_35	../syntropy_project/models/model_35	pride	0.5833523273468018	0.1173710972070694	0.15026110410690308	0.12593312561511993	0.5833523273468018	0.0075796195305883884	0.0016482683131471276	0.001480050734244287	0.0016286242753267288	0.0007245478336699307	0.0008548351470381021	0.007652644068002701	0.0015136601869016886
920	joy	../syntropy_project/models/model_35	../syntropy_project/models/model_35	neutral	0.3814455270767212	0.31442373991012573	0.17227350175380707	0.3814455270767212	0.10983652621507645	0.011646131984889507	0.001154356636106968	0.002704333048313856	0.0017259271116927266	0.0007805395289324224	0.0006651313742622733	0.0030044191516935825	0.00033978550345636904
817	neutral	../syntropy_project/models/model_35	../syntropy_project/models/model_35	joy	0.5003940463066101	0.5003940463066101	0.10848801583051682	0.24183586239814758	0.10813186317682266	0.024500397965312004	0.0029955212958157063	0.0044143106788396835	0.0038076171185821295	0.001827760017476976	0.001242416212335229	0.0018638697220012546	0.0004982865648344159
866	surprise	../syntropy_project/models/model_35	../syntropy_project/models/model_35	excitement	0.3799993395805359	0.11605187505483627	0.3799993395805359	0.2745129466056824	0.1647331565618515	0.03123421035706997	0.003597525181248784	0.0052232034504413605	0.005249055102467537	0.002598644234240055	0.0019644107669591904	0.0132000632584095	0.0016356075648218393
537	neutral	../syntropy_project/models/model_35	../syntropy_project/models/model_35	neutral	0.46514442563056946	0.17568112909793854	0.07576271891593933	0.46514442563056946	0.12822498381137848	0.03699181601405144	0.00994850043207407	0.03521287813782692	0.010706845670938492	0.007574217859655619	0.01125896256417036	0.03999203443527222	0.003501472994685173
758	pride	../syntropy_project/models/model_35	../syntropy_project/models/model_35	neutral	0.3069812059402466	0.20638903975486755	0.18162935972213745	0.3069812059402466	0.21304354071617126	0.030241483822464943	0.0036880963016301394	0.011047818697988987	0.002753976034000516	0.004705081228166819	0.0044043827801942825	0.02873048186302185	0.006385613698512316
1134	surprise	../syntropy_project/models/model_35	../syntropy_project/models/model_35	pride	0.30880165100097656	0.2728513777256012	0.16247455775737762	0.22399576008319855	0.30880165100097656	0.018180878832936287	0.0019316152902320027	0.0021470426581799984	0.0025998600758612156	0.001105132163502276	0.0009203018271364272	0.00414971774443984	0.0008420867379754782
1011	pride	../syntropy_project/models/model_35	../syntropy_project/models/model_35	joy	0.27614375948905945	0.27614375948905945	0.1871921718120575	0.2713111340999603	0.21568025648593903	0.028056954964995384	0.00402772706001997	0.0023753021378070116	0.003572135930880904	0.00209498661570251	0.0012815571390092373	0.006660051178187132	0.0016040040645748377
38	nervousness	../syntropy_project/models/model_35	../syntropy_project/models/model_35	anger	0.33243995904922485	0.016842080280184746	0.0077070617116987705	0.039649806916713715	0.04128064587712288	0.002634539734572172	0.06183310225605965	0.06767965108156204	0.028317000716924667	0.051190704107284546	0.021428579464554787	0.3289968967437744	0.33243995904922485
175	pride	../syntropy_project/models/model_35	../syntropy_project/models/model_35	joy	0.3981375992298126	0.3981375992298126	0.11284266412258148	0.3015916347503662	0.143411785364151	0.017724348232150078	0.0032757120206952095	0.006838651839643717	0.0034952708519995213	0.002477272879332304	0.0014268526574596763	0.007425991352647543	0.0013522354420274496
245	joy	../syntropy_project/models/model_35	../syntropy_project/models/model_35	neutral	0.43758654594421387	0.30747315287590027	0.07000771164894104	0.43758654594421387	0.10148242115974426	0.022627921774983406	0.01045939140021801	0.01371113583445549	0.010259009897708893	0.012216459959745407	0.0045721023343503475	0.0071448711678385735	0.0024592748377472162
810	pride	../syntropy_project/models/model_35	../syntropy_project/models/model_35	joy	0.327789306640625	0.327789306640625	0.14783638715744019	0.2896459996700287	0.20001956820487976	0.020032288506627083	0.0019068795954808593	0.002569396747276187	0.00241622026078403	0.0013725198805332184	0.00107735360506922	0.004710935987532139	0.0006230949074961245
1151	joy	../syntropy_project/models/model_35	../syntropy_project/models/model_35	neutral	0.31735965609550476	0.3169102966785431	0.09209661930799484	0.31735965609550476	0.14402703940868378	0.06120439991354942	0.011667882092297077	0.016141250729560852	0.014877635054290295	0.005433852318674326	0.005148334428668022	0.013595693744719028	0.0015373510541394353
1083	pride	../syntropy_project/models/model_35	../syntropy_project/models/model_35	excitement	0.29188692569732666	0.19854378700256348	0.29188692569732666	0.21183538436889648	0.26440393924713135	0.017726978287100792	0.0015144023345783353	0.0022582989186048508	0.0014146278845146298	0.0011166651966050267	0.0010455320589244366	0.00738182570785284	0.0008716604206711054
1168	joy	../syntropy_project/models/model_35	../syntropy_project/models/model_35	joy	0.2918706238269806	0.2918706238269806	0.15575507283210754	0.23886418342590332	0.24303552508354187	0.035664044320583344	0.004870799370110035	0.005076803732663393	0.0042332811281085014	0.0026348235551267862	0.003979307133704424	0.01206193957477808	0.0019535431638360023
784	embarrassment	../syntropy_project/models/model_35	../syntropy_project/models/model_35	anger	0.2742404043674469	0.016993343830108643	0.007862788625061512	0.06719890981912613	0.01564924791455269	0.0037143025547266006	0.09329446405172348	0.06992725282907486	0.03207552433013916	0.2580714523792267	0.04672025516629219	0.11425194889307022	0.2742404043674469
1256	neutral	../syntropy_project/models/model_35	../syntropy_project/models/model_35	pride	0.7880585789680481	0.0641186460852623	0.07876363396644592	0.05299190804362297	0.7880585789680481	0.005011727102100849	0.0023663993924856186	0.0011823046952486038	0.0008156279800459743	0.0010052636498585343	0.0005736946477554739	0.004154253285378218	0.0009579690522514284
489	neutral	../syntropy_project/models/model_35	../syntropy_project/models/model_35	neutral	0.5586300492286682	0.1907987892627716	0.11099392175674438	0.5586300492286682	0.03616909682750702	0.05462131276726723	0.003775412682443857	0.013800453394651413	0.009157238528132439	0.0033457139506936073	0.0071252440102398396	0.010891344398260117	0.0006914230762049556
154	excitement	../syntropy_project/models/model_35	../syntropy_project/models/model_35	excitement	0.3292136788368225	0.29508328437805176	0.3292136788368225	0.17650699615478516	0.12359461188316345	0.05754818767309189	0.003019821597263217	0.0018174976576119661	0.0033735372126102448	0.00290631758980453	0.002169560408219695	0.0032753858249634504	0.0014911667676642537
638	anger	../syntropy_project/models/model_35	../syntropy_project/models/model_35	anger	0.8680993914604187	0.0021420358680188656	0.0046302275732159615	0.008874928578734398	0.005361781921237707	0.000830369011964649	0.007932676002383232	0.014964922331273556	0.002312802243977785	0.050870295614004135	0.005939617287367582	0.028041046112775803	0.8680993914604187
961	neutral	../syntropy_project/models/model_35	../syntropy_project/models/model_35	neutral	0.40657514333724976	0.19299174845218658	0.17989514768123627	0.40657514333724976	0.1075117364525795	0.015352082438766956	0.010809546336531639	0.01834140717983246	0.017246544361114502	0.0037749556358903646	0.0028846836648881435	0.04214582219719887	0.002471138024702668
662	pride	../syntropy_project/models/model_35	../syntropy_project/models/model_35	joy	0.45086660981178284	0.45086660981178284	0.07110932469367981	0.3160993158817291	0.14397597312927246	0.006683755666017532	0.001043782220222056	0.004610964097082615	0.0013830320676788688	0.0008796039037406445	0.0006934917182661593	0.0022999471984803677	0.00035422283690422773
853	excitement	../syntropy_project/models/model_35	../syntropy_project/models/model_35	pride	0.48194849491119385	0.12185557931661606	0.09476576745510101	0.21468541026115417	0.48194849491119385	0.01013137400150299	0.0028962213546037674	0.004798713140189648	0.005029703956097364	0.0016335833352059126	0.0023556635715067387	0.05803894251585007	0.0018605415243655443
942	surprise	../syntropy_project/models/model_35	../syntropy_project/models/model_35	joy	0.32126715779304504	0.32126715779304504	0.14791743457317352	0.3000594675540924	0.1951042115688324	0.02322821132838726	0.0020086176227778196	0.0023098012898117304	0.0026526879519224167	0.0010937727056443691	0.00103521510027349	0.002696788404136896	0.0006265479605644941
287	excitement	../syntropy_project/models/model_35	../syntropy_project/models/model_35	excitement	0.3217025101184845	0.24684779345989227	0.3217025101184845	0.23769499361515045	0.17234717309474945	0.006473578978329897	0.0011130438651889563	0.0021324055269360542	0.0014340445632115006	0.0007596571231260896	0.000867374474182725	0.007491554133594036	0.00113577616866678
625	excitement	../syntropy_project/models/model_35	../syntropy_project/models/model_35	joy	0.42564114928245544	0.42564114928245544	0.14095976948738098	0.305439829826355	0.09969892352819443	0.021246492862701416	0.0013744585448876023	0.0015892201336100698	0.001516814692877233	0.0008146170293912292	0.0007934980094432831	0.0007522137020714581	0.00017303363711107522
1196	joy	../syntropy_project/models/model_35	../syntropy_project/models/model_35	joy	0.31436052918434143	0.31436052918434143	0.2611159384250641	0.12265349179506302	0.27374204993247986	0.017260555177927017	0.0015650830464437604	0.0011690285755321383	0.0019754646345973015	0.0007957164780236781	0.000547585659660399	0.0041486769914627075	0.0006659422069787979
685	joy	../syntropy_project/models/model_35	../syntropy_project/models/model_35	joy	0.4386351704597473	0.4386351704597473	0.10095702856779099	0.3038056790828705	0.12483303993940353	0.01930280216038227	0.0016316347755491734	0.00511818565428257	0.001981559209525585	0.0011343766236677766	0.0009735283674672246	0.0013262736611068249	0.00030079594580456614
1080	neutral	../syntropy_project/models/model_35	../syntropy_project/models/model_35	neutral	0.4167785346508026	0.21780142188072205	0.23027192056179047	0.4167785346508026	0.09400244057178497	0.017940394580364227	0.0011993827065452933	0.0029891575686633587	0.0035629344638437033	0.0013286854373291135	0.0017651148373261094	0.011428959667682648	0.000931010115891695
986	neutral	../syntropy_project/models/model_35	../syntropy_project/models/model_35	neutral	0.30751413106918335	0.23498612642288208	0.11070811748504639	0.30751413106918335	0.1549273431301117	0.028709933161735535	0.009335591457784176	0.0346597358584404	0.010032487101852894	0.006748841144144535	0.009462167508900166	0.08916996419429779	0.0037455179262906313
569	joy	../syntropy_project/models/model_35	../syntropy_project/models/model_35	excitement	0.23910197615623474	0.12440916895866394	0.23910197615623474	0.2223636507987976	0.1465645283460617	0.04345203936100006	0.015702955424785614	0.040619153529405594	0.011747624725103378	0.009713438339531422	0.012234390713274479	0.11670511960983276	0.017385805025696754
1213	excitement	../syntropy_project/models/model_35	../syntropy_project/models/model_35	joy	0.39930570125579834	0.39930570125579834	0.22099678218364716	0.2351497858762741	0.11162669956684113	0.019587554037570953	0.0018634652951732278	0.002153842244297266	0.002586622489616275	0.0017435302725061774	0.0009526594658382237	0.0036983240861445665	0.000335003191139549
734	excitement	../syntropy_project/models/model_35	../syntropy_project/models/model_35	pride	0.38503098487854004	0.0782628059387207	0.2907188832759857	0.0811672955751419	0.38503098487854004	0.02969599887728691	0.005945307202637196	0.007350599393248558	0.0045034559443593025	0.005400627851486206	0.004884936381131411	0.09914198517799377	0.007897195406258106
792	pride	../syntropy_project/models/model_35	../syntropy_project/models/model_35	neutral	0.383012056350708	0.07558470219373703	0.09345600008964539	0.383012056350708	0.2640765905380249	0.019400957971811295	0.007457761559635401	0.029117954894900322	0.016372734680771828	0.009532175026834011	0.013203210197389126	0.06869389861822128	0.020091867074370384
17	sadness	../syntropy_project/models/model_35	../syntropy_project/models/model_35	sadness	0.5648863911628723	0.025162512436509132	0.009351096116006374	0.048850782215595245	0.010758894495666027	0.011404032818973064	0.026273224502801895	0.5648863911628723	0.03458886966109276	0.03848553076386452	0.07991442084312439	0.12431935220956802	0.0260048545897007
127	neutral	../syntropy_project/models/model_35	../syntropy_project/models/model_35	joy	0.35622480511665344	0.35622480511665344	0.1036078929901123	0.3147185444831848	0.19061221182346344	0.007264147978276014	0.0012482875026762486	0.012507619336247444	0.0017406536499038339	0.0017067096196115017	0.0020232817623764277	0.006068442482501268	0.0022773570381104946
322	confusion	../syntropy_project/models/model_35	../syntropy_project/models/model_35	neutral	0.1796823889017105	0.11622371524572372	0.12060418725013733	0.1796823889017105	0.10891205072402954	0.03831164166331291	0.02439497783780098	0.11914128065109253	0.09203671663999557	0.01671532727777958	0.015580308623611927	0.16246554255485535	0.005931864958256483
255	nervousness	../syntropy_project/models/model_35	../syntropy_project/models/model_35	nervousness	0.7526492476463318	0.007934018969535828	0.006248166784644127	0.01901535503566265	0.014350672252476215	0.0030637593008577824	0.02244233712553978	0.054186709225177765	0.015398461371660233	0.01604991964995861	0.057408999651670456	0.7526492476463318	0.031252406537532806
1046	joy	../syntropy_project/models/model_35	../syntropy_project/models/model_35	joy	0.38989266753196716	0.38989266753196716	0.1785198301076889	0.2695576846599579	0.14716404676437378	0.006867107003927231	0.0010656070662662387	0.0017415601760149002	0.001159534091129899	0.0008982729632407427	0.00043711368925869465	0.0022645986173301935	0.00043194700265303254
982	nervousness	../syntropy_project/models/model_35	../syntropy_project/models/model_35	nervousness	0.860721230506897	0.0029447281267493963	0.0027470365166664124	0.007858186028897762	0.005075828172266483	0.0010826073121279478	0.009123082272708416	0.028825106099247932	0.00480887433513999	0.010158623568713665	0.044407762587070465	0.860721230506897	0.02224693074822426
927	neutral	../syntropy_project/models/model_35	../syntropy_project/models/model_35	nervousness	0.5904673933982849	0.03156214952468872	0.018062515184283257	0.0679003968834877	0.028024863451719284	0.009185056202113628	0.017356526106595993	0.07920536398887634	0.03978770226240158	0.008892415091395378	0.09283264726400375	0.5904673933982849	0.016722852364182472
980	neutral	../syntropy_project/models/model_35	../syntropy_project/models/model_35	neutral	0.5269727110862732	0.3406933546066284	0.08710969239473343	0.5269727110862732	0.02893097698688507	0.008661155588924885	0.0007856698357500136	0.00200183829292655	0.001980604138225317	0.0007922458462417126	0.0009470201912336051	0.0010044932132586837	0.00012021521251881495
1249	joy	../syntropy_project/models/model_35	../syntropy_project/models/model_35	neutral	0.42309248447418213	0.40405112504959106	0.09692877531051636	0.42309248447418213	0.05092021822929382	0.01698858104646206	0.0009512518299743533	0.0028324804734438658	0.001857692375779152	0.0007974329055286944	0.0005941169802099466	0.0008593405946157873	0.00012651905126404017
190	joy	../syntropy_project/models/model_35	../syntropy_project/models/model_35	excitement	0.29606324434280396	0.2872493863105774	0.29606324434280396	0.21089999377727509	0.17793720960617065	0.019310683012008667	0.0011688864324241877	0.0017937844386324286	0.0010496393078938127	0.0008809517021290958	0.00042180821765214205	0.0029824161902070045	0.0002419400989310816
115	neutral	../syntropy_project/models/model_35	../syntropy_project/models/model_35	neutral	0.36330899596214294	0.16669362783432007	0.32331934571266174	0.36330899596214294	0.1214706301689148	0.014829054474830627	0.0004466032260097563	0.0033450713381171227	0.00088235002476722	0.0010116123594343662	0.0006578658940270543	0.0036027661990374327	0.0004320141451898962
992	pride	../syntropy_project/models/model_35	../syntropy_project/models/model_35	joy	0.28174474835395813	0.28174474835395813	0.23301665484905243	0.2583221197128296	0.14890244603157043	0.03350767493247986	0.0035507483407855034	0.00979091040790081	0.003927124198526144	0.003724617650732398	0.0021181339398026466	0.016875185072422028	0.004519650712609291
1243	neutral	../syntropy_project/models/model_35	../syntropy_project/models/model_35	neutral	0.31980496644973755	0.0433000810444355	0.0255295317620039	0.31980496644973755	0.0360298715531826	0.024381186813116074	0.0435844324529171	0.09951797872781754	0.050313737243413925	0.05835101008415222	0.10487218201160431	0.1381351202726364	0.05617985129356384
1007	excitement	../syntropy_project/models/model_35	../syntropy_project/models/model_35	neutral	0.4685289263725281	0.34704771637916565	0.11250901222229004	0.4685289263725281	0.05026218295097351	0.011779402382671833	0.0012862153816968203	0.002480132970958948	0.0024316562339663506	0.0008392406743951142	0.0007143862312659621	0.0018880717689171433	0.00023293505364563316
606	pride	../syntropy_project/models/model_35	../syntropy_project/models/model_35	pride	0.8256300687789917	0.029094256460666656	0.07228260487318039	0.04281558468937874	0.8256300687789917	0.01305633969604969	0.003008709754794836	0.0013250196352601051	0.0012053775135427713	0.0009176983148790896	0.0006976925069466233	0.00904292706400156	0.0009237433550879359
180	excitement	../syntropy_project/models/model_35	../syntropy_project/models/model_35	pride	0.6729864478111267	0.05464429780840874	0.20889857411384583	0.04195517301559448	0.6729864478111267	0.007228089962154627	0.0016072848811745644	0.0008159854332916439	0.0007098517380654812	0.0005731229321099818	0.00044405163498595357	0.009076640009880066	0.0010604712879285216
301	neutral	../syntropy_project/models/model_35	../syntropy_project/models/model_35	neutral	0.6773331165313721	0.11583567410707474	0.04212985932826996	0.6773331165313721	0.0669272392988205	0.007644511293619871	0.0021757527720183134	0.024716494604945183	0.00980103388428688	0.0027408937457948923	0.009151398204267025	0.038877226412296295	0.0026667695492506027
496	joy	../syntropy_project/models/model_35	../syntropy_project/models/model_35	joy	0.5262062549591064	0.5262062549591064	0.08675945550203323	0.1901850402355194	0.180348739027977	0.009751562960445881	0.0008470866596326232	0.0029079215601086617	0.0007158133084885776	0.0005560853169299662	0.00040120931225828826	0.001192308496683836	0.0001285999605897814
348	joy	../syntropy_project/models/model_35	../syntropy_project/models/model_35	pride	0.419804185628891	0.2347572147846222	0.17376838624477386	0.11125780642032623	0.419804185628891	0.01902838423848152	0.005839526653289795	0.0061934394761919975	0.0036640046164393425	0.0033617056906223297	0.001516623073257506	0.016896957531571388	0.003911737352609634
1099	sadness	../syntropy_project/models/model_35	../syntropy_project/models/model_35	nervousness	0.45668426156044006	0.029793716967105865	0.01744658872485161	0.10325133800506592	0.013755095191299915	0.009559353813529015	0.0218720231205225	0.22986754775047302	0.027123115956783295	0.021237608045339584	0.05044357851147652	0.45668426156044006	0.01896589808166027
36	pride	../syntropy_project/models/model_35	../syntropy_project/models/model_35	excitement	0.33681991696357727	0.18222174048423767	0.33681991696357727	0.11794988065958023	0.32878613471984863	0.006755972746759653	0.0014940465334802866	0.0025892117992043495	0.0013766151387244463	0.002670320915058255	0.0011794401798397303	0.016496624797582626	0.0016599796945229173
744	pride	../syntropy_project/models/model_35	../syntropy_project/models/model_35	pride	0.6966356039047241	0.05824701488018036	0.10379856824874878	0.08368275314569473	0.6966356039047241	0.013139938935637474	0.006248995661735535	0.0049541061744093895	0.002725389786064625	0.0027525685727596283	0.0017063890118151903	0.024109458550810814	0.001999138854444027
1148	neutral	../syntropy_project/models/model_35	../syntropy_project/models/model_35	joy	0.4070628881454468	0.4070628881454468	0.14407393336296082	0.22470638155937195	0.19156292080879211	0.01847362145781517	0.0019310747738927603	0.003896260168403387	0.0023159903939813375	0.0013154074549674988	0.0009160256013274193	0.003442000597715378	0.0003035639238078147
1053	excitement	../syntropy_project/models/model_35	../syntropy_project/models/model_35	excitement	0.8650157451629639	0.026538938283920288	0.8650157451629639	0.020261337980628014	0.06831607222557068	0.008344223722815514	0.0005420746747404337	0.00031691917683929205	0.000797166780102998	0.0003319349489174783	0.0003867735213134438	0.008187945000827312	0.0009609199478290975
517	joy	../syntropy_project/models/model_35	../syntropy_project/models/model_35	disgust	0.5446450710296631	0.006535327062010765	0.010640508495271206	0.05489794537425041	0.011366085149347782	0.01381315290927887	0.040667761117219925	0.025840310379862785	0.015945054590702057	0.5446450710296631	0.045570071786642075	0.019997313618659973	0.21008141338825226
372	pride	../syntropy_project/models/model_35	../syntropy_project/models/model_35	excitement	0.33011960983276367	0.16556398570537567	0.33011960983276367	0.32709845900535583	0.12708614766597748	0.015402786433696747	0.0014455434866249561	0.005922306329011917	0.002233124803751707	0.0013702018186450005	0.0021831062622368336	0.020687155425548553	0.0008875758503563702
45	neutral	../syntropy_project/models/model_35	../syntropy_project/models/model_35	excitement	0.5862793326377869	0.041712287813425064	0.5862793326377869	0.03325897455215454	0.07695755362510681	0.24157100915908813	0.0026276656426489353	0.0008187417406588793	0.004404324106872082	0.0013309359783306718	0.0010882084025070071	0.00872171763330698	0.0012292774626985192
476	joy	../syntropy_project/models/model_35	../syntropy_project/models/model_35	joy	0.3691844642162323	0.3691844642162323	0.1752416491508484	0.33497023582458496	0.09700358659029007	0.013364579528570175	0.0012887159828096628	0.0028968413826078176	0.0014444058761000633	0.0008311561541631818	0.0006617552135139704	0.0027455217204988003	0.00036703396472148597
157	nervousness	../syntropy_project/models/model_35	../syntropy_project/models/model_35	confusion	0.37723228335380554	0.022171299904584885	0.010636582039296627	0.02837485261261463	0.07345525920391083	0.06561816483736038	0.050151579082012177	0.014269323088228703	0.37723228335380554	0.007193382829427719	0.010804383084177971	0.325912207365036	0.01418063510209322
1111	excitement	../syntropy_project/models/model_35	../syntropy_project/models/model_35	joy	0.31578612327575684	0.31578612327575684	0.19737812876701355	0.2901535630226135	0.16814659535884857	0.013707702979445457	0.0013952652225270867	0.004129549954086542	0.002206267323344946	0.0010198734235018492	0.0012365656439214945	0.003846661187708378	0.0009937903378158808
171	pride	../syntropy_project/models/model_35	../syntropy_project/models/model_35	pride	0.4519592821598053	0.17436952888965607	0.18071815371513367	0.13045763969421387	0.4519592821598053	0.02261129766702652	0.0035452127922326326	0.00457928329706192	0.0025772780645638704	0.0024382767733186483	0.0016804938204586506	0.023253368213772774	0.0018102271715179086
16	neutral	../syntropy_project/models/model_35	../syntropy_project/models/model_35	pride	0.39421024918556213	0.23618218302726746	0.2560582458972931	0.08405046164989471	0.39421024918556213	0.01748218946158886	0.0021955962292850018	0.0013758322456851602	0.00188704754691571	0.0009209536365233362	0.0006773197092115879	0.00404328852891922	0.0009166456293314695
511	nervousness	../syntropy_project/models/model_35	../syntropy_project/models/model_35	nervousness	0.44437843561172485	0.009190480224788189	0.007293695583939552	0.05109269544482231	0.016636772081255913	0.0034474965650588274	0.03907852992415428	0.06606220453977585	0.025723664090037346	0.12149599939584732	0.05040659382939339	0.44437843561172485	0.16519349813461304
48	nervousness	../syntropy_project/models/model_35	../syntropy_project/models/model_35	excitement	0.6974251866340637	0.08735054731369019	0.6974251866340637	0.05045785382390022	0.12978696823120117	0.011167280375957489	0.0018627351382747293	0.001096700900234282	0.0018534691771492362	0.0006791107007302344	0.0009490358643233776	0.015582552179694176	0.0017885718261823058
191	pride	../syntropy_project/models/model_35	../syntropy_project/models/model_35	neutral	0.2200198769569397	0.08489353954792023	0.08158697187900543	0.2200198769569397	0.05534441024065018	0.04489981010556221	0.03123464062809944	0.09769877046346664	0.0200998205691576	0.0441356785595417	0.06818191707134247	0.20440742373466492	0.04749714210629463
546	surprise	../syntropy_project/models/model_35	../syntropy_project/models/model_35	neutral	0.4467427134513855	0.24987301230430603	0.09789064526557922	0.4467427134513855	0.15931758284568787	0.015341369435191154	0.0024950229562819004	0.010670807212591171	0.0038077933713793755	0.0026401132345199585	0.0027274233289062977	0.006585582625120878	0.0019078890327364206
515	pride	../syntropy_project/models/model_35	../syntropy_project/models/model_35	joy	0.4464106559753418	0.4464106559753418	0.203569695353508	0.1832277625799179	0.15684334933757782	0.004994312301278114	0.0005966866156086326	0.0014345049858093262	0.0005290349945425987	0.0004516293993219733	0.0002672180125955492	0.0013754550600424409	0.0002997838892042637
658	pride	../syntropy_project/models/model_35	../syntropy_project/models/model_35	excitement	0.5710575580596924	0.11144255101680756	0.5710575580596924	0.1008349284529686	0.20548377931118011	0.005702544003725052	0.00037854842958040535	0.0005568582564592361	0.0003526247455738485	0.00042366451816633344	0.0001471902069170028	0.003469789167866111	0.0001499261852586642
1043	excitement	../syntropy_project/models/model_35	../syntropy_project/models/model_35	excitement	0.8538143038749695	0.029959915205836296	0.8538143038749695	0.02703419141471386	0.07198216766119003	0.005473356228321791	0.0004448510881047696	0.0004878802574239671	0.0007378714508377016	0.0003486368805170059	0.0002473808126524091	0.008861646056175232	0.0006077102734707296
828	nervousness	../syntropy_project/models/model_35	../syntropy_project/models/model_35	pride	0.39799991250038147	0.02545054629445076	0.03269492834806442	0.02846195176243782	0.39799991250038147	0.01462800707668066	0.03524400293827057	0.01990867406129837	0.01175741571933031	0.01436533685773611	0.012953420169651508	0.3845340311527252	0.022001782432198524
1019	excitement	../syntropy_project/models/model_35	../syntropy_project/models/model_35	excitement	0.6028980612754822	0.0841650664806366	0.6028980612754822	0.10200159251689911	0.11945745348930359	0.0434907004237175	0.004574568942189217	0.0031999279744923115	0.010048415511846542	0.0019669621251523495	0.0024265332613140345	0.023122521117329597	0.0026480688247829676
1067	neutral	../syntropy_project/models/model_35	../syntropy_project/models/model_35	neutral	0.42006632685661316	0.33361750841140747	0.08030270785093307	0.42006632685661316	0.14088299870491028	0.01153489574790001	0.0011566376779228449	0.0049756853841245174	0.0017109256004914641	0.0009321619872935116	0.0010107874404639006	0.0032247561030089855	0.000584582332521677
959	neutral	../syntropy_project/models/model_35	../syntropy_project/models/model_35	neutral	0.6206139326095581	0.2415362298488617	0.0695289671421051	0.6206139326095581	0.049321092665195465	0.006971141789108515	0.0010070459684357047	0.0032859810162335634	0.0024006213061511517	0.0008898837259039283	0.0008660193416289985	0.003323678392916918	0.00025557162007316947
1198	sadness	../syntropy_project/models/model_35	../syntropy_project/models/model_35	embarrassment	0.45537588000297546	0.0031545038800686598	0.0026609606575220823	0.012375029735267162	0.025611303746700287	0.0020737817976623774	0.45537588000297546	0.09304705262184143	0.017965298146009445	0.2365618199110031	0.02833343856036663	0.05577646195888519	0.06706453114748001
283	pride	../syntropy_project/models/model_35	../syntropy_project/models/model_35	joy	0.4795226454734802	0.4795226454734802	0.2490461766719818	0.12471455335617065	0.12722985446453094	0.004711436573415995	0.0011673930566757917	0.003941790200769901	0.001472699805162847	0.001094479113817215	0.0007770424708724022	0.004652960225939751	0.0016689473995938897
797	joy	../syntropy_project/models/model_35	../syntropy_project/models/model_35	pride	0.5102860331535339	0.22319726645946503	0.11019403487443924	0.14292676746845245	0.5102860331535339	0.005910832900553942	0.001188966678455472	0.0015745444688946009	0.0008140656282193959	0.0006876491825096309	0.0004519062349572778	0.0023615206591784954	0.0004065083048772067
225	embarrassment	../syntropy_project/models/model_35	../syntropy_project/models/model_35	nervousness	0.4028816819190979	0.012245958670973778	0.005765819456428289	0.0395897775888443	0.042093630880117416	0.0270516499876976	0.12241466343402863	0.06004510447382927	0.15669122338294983	0.030315913259983063	0.05383169278502464	0.4028816819190979	0.04707285016775131
26	disgust	../syntropy_project/models/model_35	../syntropy_project/models/model_35	sadness	0.36249861121177673	0.036240559071302414	0.019686536863446236	0.09109202772378922	0.013729330152273178	0.020450349897146225	0.0445920005440712	0.36249861121177673	0.029743608087301254	0.18621937930583954	0.06624255329370499	0.09333344548940659	0.03617170825600624
437	neutral	../syntropy_project/models/model_35	../syntropy_project/models/model_35	neutral	0.6471541523933411	0.17730368673801422	0.05673437938094139	0.6471541523933411	0.06131729856133461	0.016762882471084595	0.001975501421838999	0.007967613637447357	0.0027838852256536484	0.0020727773662656546	0.005636316724121571	0.019596422091126442	0.0006951123359613121
1237	neutral	../syntropy_project/models/model_35	../syntropy_project/models/model_35	nervousness	0.30143091082572937	0.059455398470163345	0.05112767964601517	0.1640826165676117	0.13937345147132874	0.05984595790505409	0.031852371990680695	0.08972761780023575	0.038026150315999985	0.01651119813323021	0.025242280215024948	0.30143091082572937	0.023324305191636086
229	excitement	../syntropy_project/models/model_35	../syntropy_project/models/model_35	pride	0.3997288644313812	0.27198687195777893	0.18178531527519226	0.1247270330786705	0.3997288644313812	0.014016474597156048	0.0014676712453365326	0.0014907793374732137	0.000923067971598357	0.0006910176598466933	0.000579714251216501	0.002247592667117715	0.00035564741119742393
37	neutral	../syntropy_project/models/model_35	../syntropy_project/models/model_35	excitement	0.2793332636356354	0.18848872184753418	0.2793332636356354	0.13673722743988037	0.24657389521598816	0.03890775889158249	0.018673568964004517	0.006210393272340298	0.010228891856968403	0.01310856081545353	0.007141196634620428	0.045485395938158035	0.009111122228205204
749	joy	../syntropy_project/models/model_35	../syntropy_project/models/model_35	nervousness	0.6516181826591492	0.014357613399624825	0.01742345094680786	0.049434226006269455	0.013044790364801884	0.007949993014335632	0.013478510081768036	0.10642541199922562	0.016016799956560135	0.018696757033467293	0.07345246523618698	0.6516181826591492	0.018101859837770462
469	joy	../syntropy_project/models/model_35	../syntropy_project/models/model_35	neutral	0.3883576989173889	0.38018134236335754	0.10763061791658401	0.3883576989173889	0.10275985300540924	0.013374939560890198	0.0011467773001641035	0.0021548818331211805	0.0015155214350670576	0.0007399219903163612	0.0006466174381785095	0.0012901952723041177	0.00020167329057585448
1088	pride	../syntropy_project/models/model_35	../syntropy_project/models/model_35	pride	0.8742011189460754	0.01274317316710949	0.08464830368757248	0.013887888751924038	0.8742011189460754	0.004770257510244846	0.0011642882600426674	0.0005125104216858745	0.0003206093388143927	0.0005377464694902301	0.00032751139951869845	0.006160782650113106	0.0007257958059199154
1251	sadness	../syntropy_project/models/model_35	../syntropy_project/models/model_35	confusion	0.3008155822753906	0.011080059222877026	0.0189967080950737	0.13746047019958496	0.022507179528474808	0.03446359559893608	0.054931461811065674	0.14073334634304047	0.3008155822753906	0.06013508886098862	0.025306418538093567	0.15251292288303375	0.04105715826153755
687	pride	../syntropy_project/models/model_35	../syntropy_project/models/model_35	excitement	0.38841918110847473	0.13989582657814026	0.38841918110847473	0.1097993478178978	0.34095218777656555	0.006015801802277565	0.0012544926721602678	0.0010882139904424548	0.001311173546127975	0.0006589207332581282	0.00044241981231607497	0.00911028403788805	0.0010521854273974895
639	joy	../syntropy_project/models/model_35	../syntropy_project/models/model_35	joy	0.46787458658218384	0.46787458658218384	0.14828629791736603	0.2528592050075531	0.11643332988023758	0.00936525035649538	0.0005729674594476819	0.001856836024671793	0.0007555237389169633	0.0006314633064903319	0.00036028280737809837	0.0008834294276311994	0.00012078243889845908
1102	joy	../syntropy_project/models/model_35	../syntropy_project/models/model_35	joy	0.31894126534461975	0.31894126534461975	0.1585991531610489	0.31051990389823914	0.15708139538764954	0.028423046693205833	0.003530737943947315	0.008880148641765118	0.0037882430478930473	0.0019340963335707784	0.002612680196762085	0.004155246075242758	0.0015340447425842285
1063	pride	../syntropy_project/models/model_35	../syntropy_project/models/model_35	neutral	0.3234255313873291	0.21823805570602417	0.16921480000019073	0.3234255313873291	0.2049657702445984	0.03669104725122452	0.0021949189249426126	0.020138021558523178	0.0019219480454921722	0.005624560173600912	0.004370730835944414	0.01003408432006836	0.003180449130013585
1235	joy	../syntropy_project/models/model_35	../syntropy_project/models/model_35	neutral	0.4268378019332886	0.36604318022727966	0.10174113512039185	0.4268378019332886	0.08837108314037323	0.006710897199809551	0.001159779611043632	0.0037330242339521646	0.0017385523533448577	0.0007789121009409428	0.000611949129961431	0.0019845766946673393	0.00028905781800858676
800	joy	../syntropy_project/models/model_35	../syntropy_project/models/model_35	joy	0.36845144629478455	0.36845144629478455	0.19224658608436584	0.2521125376224518	0.16459541022777557	0.01560700312256813	0.0007411696133203804	0.0017569293268024921	0.0017585133900865912	0.00047906700638122857	0.00040481655742041767	0.001673901453614235	0.00017260298773180693
160	disgust	../syntropy_project/models/model_35	../syntropy_project/models/model_35	nervousness	0.5249045491218567	0.00749967060983181	0.007123640272766352	0.023367276415228844	0.027449076995253563	0.0024967831559479237	0.09590039402246475	0.07528499513864517	0.023266799747943878	0.08393555879592896	0.021194007247686386	0.5249045491218567	0.10757716745138168
956	pride	../syntropy_project/models/model_35	../syntropy_project/models/model_35	excitement	0.4947141110897064	0.0887802317738533	0.4947141110897064	0.08593317866325378	0.30057621002197266	0.007501555141061544	0.0013883074279874563	0.00107753393240273	0.0019116975599899888	0.0006588412798009813	0.0006979270256124437	0.015116175636649132	0.0016441894695162773
821	pride	../syntropy_project/models/model_35	../syntropy_project/models/model_35	pride	0.6096799373626709	0.019240204244852066	0.041537050157785416	0.023633433505892754	0.6096799373626709	0.009110753424465656	0.05129062756896019	0.023538175970315933	0.004357287660241127	0.019614752382040024	0.008029816672205925	0.12489820271730423	0.065069779753685
1081	joy	../syntropy_project/models/model_35	../syntropy_project/models/model_35	joy	0.34449294209480286	0.34449294209480286	0.15737684071063995	0.3135063350200653	0.12534268200397491	0.045116011053323746	0.0027236647438257933	0.0024939156137406826	0.002487601712346077	0.002954968251287937	0.0015038263518363237	0.0015965047059580684	0.00040464827907271683
877	nervousness	../syntropy_project/models/model_35	../syntropy_project/models/model_35	neutral	0.3393017649650574	0.1644470989704132	0.11161251366138458	0.3393017649650574	0.15303820371627808	0.028447894379496574	0.011407611891627312	0.026907511055469513	0.015510592609643936	0.0080206748098135	0.018864726647734642	0.1092858836054802	0.013155462220311165
913	pride	../syntropy_project/models/model_35	../syntropy_project/models/model_35	joy	0.3768230080604553	0.3768230080604553	0.1319403499364853	0.2047540545463562	0.24957577884197235	0.018864385783672333	0.0021086609922349453	0.005024070851504803	0.002957700053229928	0.0017324078362435102	0.0015712182503193617	0.0036017303355038166	0.0010465452214702964
152	excitement	../syntropy_project/models/model_35	../syntropy_project/models/model_35	joy	0.31793224811553955	0.31793224811553955	0.17061689496040344	0.30815425515174866	0.1592484414577484	0.03038834035396576	0.0020545099396258593	0.0035533111076802015	0.002340201986953616	0.0011659266892820597	0.0011525674490258098	0.002810719655826688	0.0005824851104989648
1163	pride	../syntropy_project/models/model_35	../syntropy_project/models/model_35	excitement	0.5569813251495361	0.024408427998423576	0.5569813251495361	0.031114619225263596	0.3230545222759247	0.0035972576588392258	0.0011121048592031002	0.00047990516759455204	0.000772880797740072	0.0007960538496263325	0.000590628245845437	0.05374491214752197	0.003347269957885146
509	pride	../syntropy_project/models/model_35	../syntropy_project/models/model_35	excitement	0.40129315853118896	0.20301169157028198	0.40129315853118896	0.22606056928634644	0.14585824310779572	0.007167642470449209	0.0007522829109802842	0.003631286323070526	0.0011002811370417476	0.0010360990418121219	0.001115224207751453	0.008496453054249287	0.0004770595987793058
1068	pride	../syntropy_project/models/model_35	../syntropy_project/models/model_35	pride	0.34364208579063416	0.1508924514055252	0.1586197316646576	0.13994939625263214	0.34364208579063416	0.046036247164011	0.013347613625228405	0.02130633033812046	0.008808236569166183	0.008191917091608047	0.007617987226694822	0.0871734768152237	0.01441448088735342
103	joy	../syntropy_project/models/model_35	../syntropy_project/models/model_35	excitement	0.44904184341430664	0.25410619378089905	0.44904184341430664	0.18740954995155334	0.06540130078792572	0.02931382693350315	0.002331913448870182	0.0015524998307228088	0.0019517767941579223	0.004674897063523531	0.0013534043682739139	0.0014576265821233392	0.0014052459737285972
586	neutral	../syntropy_project/models/model_35	../syntropy_project/models/model_35	joy	0.33047935366630554	0.33047935366630554	0.22904470562934875	0.3182485103607178	0.10453806817531586	0.008192620240151882	0.001136450213380158	0.0014889591839164495	0.0020743384957313538	0.0005796578479930758	0.0005578141426667571	0.0033191076945513487	0.0003404468880034983
1272	neutral	../syntropy_project/models/model_35	../syntropy_project/models/model_35	neutral	0.4237551689147949	0.2829197943210602	0.05555624142289162	0.4237551689147949	0.13813042640686035	0.027800926938652992	0.015374044887721539	0.010344547219574451	0.026106156408786774	0.006467022933065891	0.003566218540072441	0.007989675737917423	0.0019897455349564552
53	neutral	../syntropy_project/models/model_35	../syntropy_project/models/model_35	joy	0.4175751209259033	0.4175751209259033	0.2732067108154297	0.18264591693878174	0.08799788355827332	0.03165847808122635	0.001159853651188314	0.0013255055528134108	0.0010806521167978644	0.0010161177488043904	0.0008047284209169447	0.001208126312121749	0.00032097066286951303
151	joy	../syntropy_project/models/model_35	../syntropy_project/models/model_35	pride	0.314280241727829	0.11717906594276428	0.13440611958503723	0.2728153169155121	0.314280241727829	0.02478070929646492	0.005614760797470808	0.01991705782711506	0.013253229670226574	0.010865258984267712	0.008669845759868622	0.05485661327838898	0.02336176112294197
403	anger	../syntropy_project/models/model_35	../syntropy_project/models/model_35	nervousness	0.7347404956817627	0.004975344054400921	0.0024156488943845034	0.0135754169896245	0.021391484886407852	0.0016646776348352432	0.02737325429916382	0.03321405127644539	0.02225254848599434	0.014622261747717857	0.051962871104478836	0.7347404956817627	0.0718119665980339
207	joy	../syntropy_project/models/model_35	../syntropy_project/models/model_35	pride	0.5234690308570862	0.1159115880727768	0.19802427291870117	0.1114330142736435	0.5234690308570862	0.021312955766916275	0.0034585895482450724	0.0023472504690289497	0.004298016428947449	0.001889791339635849	0.00208706664852798	0.013099044561386108	0.00266935839317739
1204	neutral	../syntropy_project/models/model_35	../syntropy_project/models/model_35	joy	0.3912765681743622	0.3912765681743622	0.08440010994672775	0.15931731462478638	0.3367757797241211	0.013198300264775753	0.0025261614937335253	0.004602028988301754	0.001730774762108922	0.0011656804708763957	0.0011331678833812475	0.0030136636923998594	0.0008604308241046965
8	pride	../syntropy_project/models/model_35	../syntropy_project/models/model_35	neutral	0.37444475293159485	0.17715571820735931	0.09937378019094467	0.37444475293159485	0.13348473608493805	0.046531956642866135	0.020438214763998985	0.043708451092243195	0.02135382406413555	0.03361924737691879	0.011220438405871391	0.022485168650746346	0.0161836389452219
1014	confusion	../syntropy_project/models/model_35	../syntropy_project/models/model_35	nervousness	0.3702085614204407	0.016833031550049782	0.009757079184055328	0.07071908563375473	0.01700367033481598	0.0036482864525169134	0.05139016732573509	0.09642605483531952	0.030017098411917686	0.11479432135820389	0.045377813279628754	0.3702085614204407	0.17382477223873138
1060	joy	../syntropy_project/models/model_35	../syntropy_project/models/model_35	excitement	0.39204922318458557	0.19448986649513245	0.39204922318458557	0.08698456734418869	0.2659189701080322	0.036713551729917526	0.0034066596999764442	0.0019206178840249777	0.0026668685022741556	0.0023035688791424036	0.002159278839826584	0.009394390508532524	0.0019924514926970005
452	joy	../syntropy_project/models/model_35	../syntropy_project/models/model_35	pride	0.33560386300086975	0.184605672955513	0.2275570183992386	0.2078518271446228	0.33560386300086975	0.023267026990652084	0.00204630009829998	0.0023807710967957973	0.00178009073715657	0.001969762844964862	0.002158816670998931	0.008936397731304169	0.0018425441812723875
253	joy	../syntropy_project/models/model_35	../syntropy_project/models/model_35	neutral	0.47311311960220337	0.3333588242530823	0.05448385700583458	0.47311311960220337	0.09386508911848068	0.014595288783311844	0.003133110934868455	0.014082013629376888	0.0036448901519179344	0.00203159311786294	0.001857004244811833	0.005075978115200996	0.0007592019392177463
896	excitement	../syntropy_project/models/model_35	../syntropy_project/models/model_35	joy	0.42084240913391113	0.42084240913391113	0.2933419942855835	0.08706501126289368	0.18474765121936798	0.006785375066101551	0.0007046881364658475	0.0019350032089278102	0.0007680910639464855	0.0007788724033161998	0.0005507836467586458	0.0017940315883606672	0.000685991661157459
1113	joy	../syntropy_project/models/model_35	../syntropy_project/models/model_35	neutral	0.39799216389656067	0.29735761880874634	0.16548611223697662	0.39799216389656067	0.12432261556386948	0.0032007915433496237	0.0005674504209309816	0.001994107151404023	0.000815053703263402	0.0007797639118507504	0.0011042783735319972	0.005958350840955973	0.0004216352535877377
880	pride	../syntropy_project/models/model_35	../syntropy_project/models/model_35	neutral	0.35695144534111023	0.16645081341266632	0.08455014228820801	0.35695144534111023	0.21508663892745972	0.05626978352665901	0.014976936392486095	0.011611979454755783	0.05820434167981148	0.010482758283615112	0.006325636059045792	0.014876854605972767	0.004212640691548586
1202	pride	../syntropy_project/models/model_35	../syntropy_project/models/model_35	pride	0.3475843369960785	0.178773894906044	0.21668292582035065	0.17585968971252441	0.3475843369960785	0.012533304281532764	0.0054249330423772335	0.008502480573952198	0.0010346920462325215	0.004356828518211842	0.002023767214268446	0.04157699644565582	0.005646148230880499
623	disgust	../syntropy_project/models/model_35	../syntropy_project/models/model_35	disgust	0.800657331943512	0.007574149873107672	0.014320055954158306	0.01843939535319805	0.0049758730456233025	0.0074976468458771706	0.022864237427711487	0.0074251270852983	0.00563881965354085	0.800657331943512	0.026265274733304977	0.006064644083380699	0.07827753573656082
345	joy	../syntropy_project/models/model_35	../syntropy_project/models/model_35	joy	0.3944287598133087	0.3944287598133087	0.20015938580036163	0.29401925206184387	0.09803739190101624	0.007050470914691687	0.0008355877944268286	0.0017298959428444505	0.0009874474490061402	0.0006569251418113708	0.0005300958291627467	0.0013430604012683034	0.00022166890266817063
1094	neutral	../syntropy_project/models/model_35	../syntropy_project/models/model_35	neutral	0.603387713432312	0.22249741852283478	0.07211150974035263	0.603387713432312	0.06585831195116043	0.012529407627880573	0.0017619513673707843	0.008148081600666046	0.00388903240673244	0.002293724101036787	0.0017343023791909218	0.005168060772120953	0.0006204798701219261
262	excitement	../syntropy_project/models/model_35	../syntropy_project/models/model_35	joy	0.5432954430580139	0.5432954430580139	0.2135138064622879	0.11924413591623306	0.11352585256099701	0.0053734793327748775	0.0009102125186473131	0.0010001658229157329	0.0007984503754414618	0.0006379277911037207	0.0003399004053790122	0.00105626683216542	0.000304392131511122
150	neutral	../syntropy_project/models/model_35	../syntropy_project/models/model_35	joy	0.3804120123386383	0.3804120123386383	0.15635749697685242	0.3653855323791504	0.08208487927913666	0.00765980314463377	0.0013438560999929905	0.0014885787386447191	0.0024452987127006054	0.0007560585509054363	0.00035640131682157516	0.0013918185140937567	0.0003183750668540597
472	joy	../syntropy_project/models/model_35	../syntropy_project/models/model_35	neutral	0.41694507002830505	0.2795020639896393	0.14046764373779297	0.41694507002830505	0.09870987385511398	0.030239155516028404	0.0025987927801907063	0.009369373321533203	0.004101940896362066	0.002107380423694849	0.0026296123396605253	0.011714565567672253	0.001614486100152135
640	pride	../syntropy_project/models/model_35	../syntropy_project/models/model_35	pride	0.7116571664810181	0.03782635182142258	0.20000512897968292	0.02333652228116989	0.7116571664810181	0.010847016237676144	0.0020597893744707108	0.0008641643216833472	0.0005989340133965015	0.0007418395834974945	0.0010886464733630419	0.009462432935833931	0.0015120399184525013
1261	neutral	../syntropy_project/models/model_35	../syntropy_project/models/model_35	pride	0.3032251298427582	0.2674242854118347	0.17147134244441986	0.21776871383190155	0.3032251298427582	0.011561349034309387	0.0016344302566722035	0.006725149229168892	0.0016496978932991624	0.0020275197457522154	0.001824827748350799	0.010010247118771076	0.004677280783653259
1199	excitement	../syntropy_project/models/model_35	../syntropy_project/models/model_35	joy	0.3748362958431244	0.3748362958431244	0.15089555084705353	0.18186698853969574	0.2662506103515625	0.013038311153650284	0.0020794300362467766	0.0023946715518832207	0.0018252595327794552	0.0010397991864010692	0.0008556952816434205	0.0042864056304097176	0.0006310052121989429
550	sadness	../syntropy_project/models/model_35	../syntropy_project/models/model_35	nervousness	0.38808193802833557	0.040801845490932465	0.06521674990653992	0.08687971532344818	0.04249608516693115	0.018540145829319954	0.007953830063343048	0.09583127498626709	0.03694969788193703	0.017113210633397102	0.007902594283223152	0.38808193802833557	0.19223293662071228
928	joy	../syntropy_project/models/model_35	../syntropy_project/models/model_35	joy	0.6479018926620483	0.6479018926620483	0.07244991511106491	0.17336972057819366	0.08264002948999405	0.0050406306982040405	0.0020497182849794626	0.005207436624914408	0.002760426141321659	0.0021425988525152206	0.0006257419008761644	0.002361820312216878	0.003450108226388693
488	nervousness	../syntropy_project/models/model_35	../syntropy_project/models/model_35	pride	0.3265549838542938	0.09431509673595428	0.3147069215774536	0.14629630744457245	0.3265549838542938	0.04104146361351013	0.008932741358876228	0.004086734727025032	0.006335102487355471	0.00496243080124259	0.006549312733113766	0.03728843480348587	0.008930468000471592
1147	anger	../syntropy_project/models/model_35	../syntropy_project/models/model_35	nervousness	0.46746426820755005	0.02168569713830948	0.01324128545820713	0.04580923542380333	0.017579123377799988	0.010912684723734856	0.054220762103796005	0.16934707760810852	0.032960496842861176	0.0377969816327095	0.07580237835645676	0.46746426820755005	0.05318012088537216
146	neutral	../syntropy_project/models/model_35	../syntropy_project/models/model_35	pride	0.32582592964172363	0.15658274292945862	0.1472831517457962	0.2421370893716812	0.32582592964172363	0.03215460479259491	0.009249466471374035	0.011707797646522522	0.007162055466324091	0.01324439886957407	0.014847995713353157	0.024636827409267426	0.015167785808444023
402	joy	../syntropy_project/models/model_35	../syntropy_project/models/model_35	excitement	0.3198334276676178	0.13742253184318542	0.3198334276676178	0.07306908071041107	0.2788420617580414	0.11970096081495285	0.007296805270016193	0.007788976654410362	0.022944899275898933	0.0040148282423615456	0.002527262782678008	0.020238088443875313	0.006321083288639784
954	pride	../syntropy_project/models/model_35	../syntropy_project/models/model_35	pride	0.8317450881004333	0.021072497591376305	0.11045662313699722	0.01980705000460148	0.8317450881004333	0.006316021084785461	0.0017516351072117686	0.0007020546472631395	0.0004920472856611013	0.0008283522329293191	0.0004485861863940954	0.005435868166387081	0.0009440692374482751
1194	confusion	../syntropy_project/models/model_35	../syntropy_project/models/model_35	nervousness	0.34889355301856995	0.023786570876836777	0.02239834889769554	0.1862967312335968	0.020397907122969627	0.021407056599855423	0.022552955895662308	0.0324753113090992	0.023868968710303307	0.061858512461185455	0.22111870348453522	0.34889355301856995	0.014945382252335548
659	joy	../syntropy_project/models/model_35	../syntropy_project/models/model_35	joy	0.3608304262161255	0.3608304262161255	0.1560615599155426	0.10260169953107834	0.31075355410575867	0.023510731756687164	0.0063726166263222694	0.014881430193781853	0.006592805963009596	0.002956288866698742	0.004521006718277931	0.007313086651265621	0.0036048523616045713
463	joy	../syntropy_project/models/model_35	../syntropy_project/models/model_35	joy	0.41629257798194885	0.41629257798194885	0.10208095610141754	0.3480468988418579	0.10518975555896759	0.0191830862313509	0.0011269344249740243	0.003229854628443718	0.0016888192621991038	0.000757774047087878	0.0009970165556296706	0.001242745784111321	0.00016366927593480796
186	surprise	../syntropy_project/models/model_35	../syntropy_project/models/model_35	pride	0.4539785385131836	0.16703440248966217	0.14936479926109314	0.15351828932762146	0.4539785385131836	0.029797397553920746	0.005872109439224005	0.005755870137363672	0.004828741308301687	0.0038916815537959337	0.0032451129518449306	0.020047299563884735	0.002665732055902481
608	joy	../syntropy_project/models/model_35	../syntropy_project/models/model_35	joy	0.3978808522224426	0.3978808522224426	0.1786106824874878	0.25428715348243713	0.1452859491109848	0.013202140107750893	0.001961339730769396	0.0014873044565320015	0.0031243576668202877	0.0011883268598467112	0.0007789254887029529	0.0018555659335106611	0.0003373009676579386
143	joy	../syntropy_project/models/model_35	../syntropy_project/models/model_35	joy	0.4139237105846405	0.4139237105846405	0.08781972527503967	0.16973976790905	0.16693584620952606	0.03016270138323307	0.006453031674027443	0.07576090842485428	0.004998896270990372	0.007588816341012716	0.007955548353493214	0.024965576827526093	0.0036954085808247328
751	joy	../syntropy_project/models/model_35	../syntropy_project/models/model_35	joy	0.44158735871315	0.44158735871315	0.09159444272518158	0.19693543016910553	0.2464570552110672	0.010841854847967625	0.0022978545166552067	0.002447681035846472	0.002287214621901512	0.0014896701322868466	0.0009049052023328841	0.0026095863431692123	0.0005469705793075264
981	joy	../syntropy_project/models/model_35	../syntropy_project/models/model_35	joy	0.4177013635635376	0.4177013635635376	0.0838773176074028	0.3769108057022095	0.07941127568483353	0.008295530453324318	0.0015804937575012445	0.018798597157001495	0.0020844379905611277	0.0030392371118068695	0.0014175686519593	0.005009237211197615	0.0018740176456049085
197	joy	../syntropy_project/models/model_35	../syntropy_project/models/model_35	joy	0.4407578110694885	0.4407578110694885	0.11866943538188934	0.25835493206977844	0.15269805490970612	0.012804607860744	0.001197009813040495	0.006746759172528982	0.0016717397375032306	0.0009417025721631944	0.0009560534381307662	0.0037170026917010546	0.001484897918999195
883	pride	../syntropy_project/models/model_35	../syntropy_project/models/model_35	joy	0.47849616408348083	0.47849616408348083	0.07596337050199509	0.28771036863327026	0.12186629325151443	0.010616475716233253	0.0023883404210209846	0.010986852459609509	0.003176761558279395	0.0017753505380824208	0.0013955207541584969	0.0052818432450294495	0.0003426595649216324
279	excitement	../syntropy_project/models/model_35	../syntropy_project/models/model_35	excitement	0.3771909773349762	0.2721232771873474	0.3771909773349762	0.17323678731918335	0.04321810603141785	0.10271184146404266	0.004479966592043638	0.004229731857776642	0.0035691496450453997	0.007046927697956562	0.005260847508907318	0.002959524281322956	0.003972879610955715
293	excitement	../syntropy_project/models/model_35	../syntropy_project/models/model_35	joy	0.4155799448490143	0.4155799448490143	0.14772115647792816	0.3178507685661316	0.08589378744363785	0.014237209223210812	0.0030126117635518312	0.004011434968560934	0.004055400844663382	0.0009151524864137173	0.0010107464622706175	0.005316014401614666	0.00039575062692165375
1155	pride	../syntropy_project/models/model_35	../syntropy_project/models/model_35	excitement	0.4189733564853668	0.1118633896112442	0.4189733564853668	0.11980220675468445	0.3242034316062927	0.012448256835341454	0.0009259916841983795	0.0007659642142243683	0.0010892050340771675	0.0004563616821542382	0.00046115429722703993	0.008428544737398624	0.0005822443636134267
400	joy	../syntropy_project/models/model_35	../syntropy_project/models/model_35	pride	0.555483877658844	0.16167619824409485	0.13732151687145233	0.10082390904426575	0.555483877658844	0.02415815368294716	0.003130336059257388	0.00205062935128808	0.001962215406820178	0.0015040953876450658	0.001258794334717095	0.009843146428465843	0.0007871637935750186
122	excitement	../syntropy_project/models/model_35	../syntropy_project/models/model_35	joy	0.3574875295162201	0.3574875295162201	0.29631930589675903	0.13916102051734924	0.19633305072784424	0.004996022209525108	0.0005524833686649799	0.001314680092036724	0.0006583893555216491	0.00043234677286818624	0.0003219909849576652	0.002069422509521246	0.00035379681503400207
202	excitement	../syntropy_project/models/model_35	../syntropy_project/models/model_35	joy	0.37523990869522095	0.37523990869522095	0.16296572983264923	0.2539976239204407	0.19224102795124054	0.009418538771569729	0.0008388397982344031	0.001743503613397479	0.0008614669786766171	0.0005865244893357158	0.0003773148637264967	0.0015403814613819122	0.00018899867427535355
835	excitement	../syntropy_project/models/model_35	../syntropy_project/models/model_35	surprise	0.5228701233863831	0.094565249979496	0.2573710083961487	0.03649955242872238	0.07709556072950363	0.5228701233863831	0.003705533454194665	0.0006189185078255832	0.004016810096800327	0.0011124559678137302	0.0009450226789340377	0.0009956031572073698	0.00020427133131306618
246	excitement	../syntropy_project/models/model_35	../syntropy_project/models/model_35	excitement	0.41447943449020386	0.24914588034152985	0.41447943449020386	0.1599171757698059	0.11176630109548569	0.047477733343839645	0.0019196014618501067	0.002394862240180373	0.0038125335704535246	0.001703435555100441	0.001712704892270267	0.0046110921539366245	0.001059252768754959
1209	excitement	../syntropy_project/models/model_35	../syntropy_project/models/model_35	excitement	0.8019684553146362	0.050510574132204056	0.8019684553146362	0.0286005400121212	0.10187067091464996	0.007569907233119011	0.00042658220627345145	0.0005377723718993366	0.0005868755979463458	0.0003263428225181997	0.00033703711233101785	0.006483408622443676	0.000781830633059144
1197	neutral	../syntropy_project/models/model_35	../syntropy_project/models/model_35	neutral	0.4387610852718353	0.17063018679618835	0.07890529930591583	0.4387610852718353	0.1021551638841629	0.041947171092033386	0.008580520749092102	0.06340839713811874	0.021940577775239944	0.004665081389248371	0.01572560705244541	0.0476621612906456	0.00561871100217104
384	excitement	../syntropy_project/models/model_35	../syntropy_project/models/model_35	joy	0.4435695707798004	0.4435695707798004	0.18574711680412292	0.2844068109989166	0.07646173983812332	0.0048747886903584	0.0005664731725119054	0.0016238025855273008	0.0008644144982099533	0.0003956147702410817	0.00033517737756483257	0.0010796410497277975	7.492667646147311e-05
854	joy	../syntropy_project/models/model_35	../syntropy_project/models/model_35	joy	0.40014970302581787	0.40014970302581787	0.20972536504268646	0.21378475427627563	0.1388433575630188	0.023965302854776382	0.0021886585745960474	0.002893809461966157	0.002726108767092228	0.0012409911723807454	0.0010212399065494537	0.002796411281451583	0.0006642774678766727
219	neutral	../syntropy_project/models/model_35	../syntropy_project/models/model_35	neutral	0.4478130638599396	0.35888615250587463	0.08369005471467972	0.4478130638599396	0.0959111824631691	0.007531002163887024	0.0006441760924644768	0.002258191118016839	0.0009335128706879914	0.0005080598057247698	0.00047805451322346926	0.0012062013847753406	0.00014023987750988454
641	fear	../syntropy_project/models/model_35	../syntropy_project/models/model_35	nervousness	0.20064976811408997	0.045409027487039566	0.013028795830905437	0.12172941118478775	0.03808554261922836	0.006276107393205166	0.08732102811336517	0.1363024115562439	0.069373719394207	0.09872111678123474	0.06479354202747345	0.20064976811408997	0.11830947548151016
1	neutral	../syntropy_project/models/model_35	../syntropy_project/models/model_35	neutral	0.3099198639392853	0.13881124556064606	0.18794739246368408	0.3099198639392853	0.3090992569923401	0.00911687221378088	0.0011464945273473859	0.005663418676704168	0.0023083367850631475	0.00113764894194901	0.002291083103045821	0.031300198286771774	0.001258133677765727
112	joy	../syntropy_project/models/model_35	../syntropy_project/models/model_35	joy	0.2773075997829437	0.2773075997829437	0.24366523325443268	0.17486703395843506	0.14916136860847473	0.07395349442958832	0.006252948194742203	0.0246998593211174	0.004770964849740267	0.003478267462924123	0.010569877922534943	0.029315099120140076	0.001958237960934639
698	pride	../syntropy_project/models/model_35	../syntropy_project/models/model_35	excitement	0.40982308983802795	0.19748945534229279	0.40982308983802795	0.08718852698802948	0.29106199741363525	0.00851346179842949	0.0006293038604781032	0.002558319363743067	0.0005584023310802877	0.0007237021927721798	0.0002120693534379825	0.0009461459121666849	0.00029551779152825475
1216	excitement	../syntropy_project/models/model_35	../syntropy_project/models/model_35	excitement	0.31032201647758484	0.2377672791481018	0.31032201647758484	0.21607716381549835	0.1392771303653717	0.08487069606781006	0.0019206462893635035	0.0022663117852061987	0.001811328111216426	0.0012275957269594073	0.0013661945704370737	0.002553059719502926	0.0005405494594015181
951	pride	../syntropy_project/models/model_35	../syntropy_project/models/model_35	pride	0.47999873757362366	0.13272149860858917	0.20912978053092957	0.14104019105434418	0.47999873757362366	0.015848694369196892	0.00179237627889961	0.0023461326491087675	0.0011295959120616317	0.0014657521387562156	0.0010720317950472236	0.012760898098349571	0.0006942672771401703
1145	excitement	../syntropy_project/models/model_35	../syntropy_project/models/model_35	pride	0.468764990568161	0.08600383251905441	0.19526119530200958	0.17398589849472046	0.468764990568161	0.0487070307135582	0.004454286303371191	0.0033516075927764177	0.00442799087613821	0.0019856083672493696	0.001456655329093337	0.01079101674258709	0.0008099845144897699
441	pride	../syntropy_project/models/model_35	../syntropy_project/models/model_35	nervousness	0.25437691807746887	0.060567282140254974	0.05919291451573372	0.20285485684871674	0.04130246117711067	0.01600942388176918	0.03757843002676964	0.1981857568025589	0.025095602497458458	0.02726507931947708	0.01971370354294777	0.25437691807746887	0.05785760655999184
663	surprise	../syntropy_project/models/model_35	../syntropy_project/models/model_35	excitement	0.29697084426879883	0.08633513003587723	0.29697084426879883	0.2650838792324066	0.23970790207386017	0.007020227611064911	0.00173493183683604	0.0032059699296951294	0.003829236840829253	0.0012886365875601768	0.0015338003868237138	0.09038253873586655	0.002906963462010026
1182	confusion	../syntropy_project/models/model_35	../syntropy_project/models/model_35	neutral	0.5889347791671753	0.016669750213623047	0.022563733160495758	0.5889347791671753	0.02880406379699707	0.017335573211312294	0.007170380093157291	0.022209955379366875	0.08076152205467224	0.03784063830971718	0.0027801019605249166	0.012655677273869514	0.16227391362190247
317	confusion	../syntropy_project/models/model_35	../syntropy_project/models/model_35	nervousness	0.4981466829776764	0.02050870843231678	0.010374778881669044	0.048523467034101486	0.01804218254983425	0.011035382747650146	0.03623782843351364	0.10594835877418518	0.06476311385631561	0.02237747795879841	0.14348073303699493	0.4981466829776764	0.020561203360557556
648	joy	../syntropy_project/models/model_35	../syntropy_project/models/model_35	joy	0.33528953790664673	0.33528953790664673	0.17850157618522644	0.30146244168281555	0.08399654179811478	0.063462994992733	0.005274295341223478	0.007045066449791193	0.004994145128875971	0.0069668651558458805	0.004340362269431353	0.005144530441612005	0.0035216971300542355
709	anger	../syntropy_project/models/model_35	../syntropy_project/models/model_35	disgust	0.2837451994419098	0.011588011868298054	0.012514051049947739	0.040722571313381195	0.013213741593062878	0.014329133555293083	0.05978962779045105	0.12641753256320953	0.03627132251858711	0.2837451994419098	0.26613548398017883	0.08246122300624847	0.052812159061431885
972	pride	../syntropy_project/models/model_35	../syntropy_project/models/model_35	excitement	0.39633601903915405	0.14226257801055908	0.39633601903915405	0.09808873385190964	0.2513207495212555	0.06429129093885422	0.0055600604973733425	0.00596613809466362	0.0031135231256484985	0.003793631913140416	0.0030587727669626474	0.01798495091497898	0.008223696611821651
627	pride	../syntropy_project/models/model_35	../syntropy_project/models/model_35	excitement	0.4008079767227173	0.15441147983074188	0.4008079767227173	0.09270526468753815	0.3038763105869293	0.028469422832131386	0.002625954570248723	0.001312181819230318	0.0019141410011798143	0.001872269669547677	0.0018604688812047243	0.008496113121509552	0.0016483673825860023
632	excitement	../syntropy_project/models/model_35	../syntropy_project/models/model_35	excitement	0.40479183197021484	0.2745479941368103	0.40479183197021484	0.10030864924192429	0.2005469799041748	0.01342124491930008	0.0014210682129487395	0.0006868351483717561	0.0009368578321300447	0.0008428001892752945	0.0006548809469677508	0.001417011022567749	0.0004238839610479772
1241	anger	../syntropy_project/models/model_35	../syntropy_project/models/model_35	anger	0.42536094784736633	0.017983751371502876	0.009711835533380508	0.06398598849773407	0.032413989305496216	0.004054623655974865	0.07343872636556625	0.07258377224206924	0.029469134286046028	0.09803299605846405	0.020402127876877785	0.15256217122077942	0.42536094784736633
1173	joy	../syntropy_project/models/model_35	../syntropy_project/models/model_35	joy	0.36108115315437317	0.36108115315437317	0.21104633808135986	0.1732262820005417	0.22704079747200012	0.016107935458421707	0.0019225769210606813	0.0018917639972642064	0.001502915984019637	0.001134267426095903	0.0008050489122979343	0.003241616068407893	0.0009993592975661159
795	neutral	../syntropy_project/models/model_35	../syntropy_project/models/model_35	joy	0.4388923943042755	0.4388923943042755	0.18350699543952942	0.29992833733558655	0.06088808551430702	0.011302861385047436	0.000795551051851362	0.001018820097669959	0.0015686752740293741	0.0005290261469781399	0.0006667798152193427	0.0008277373854070902	7.471111894119531e-05
645	surprise	../syntropy_project/models/model_35	../syntropy_project/models/model_35	surprise	0.9598698616027832	0.002562770852819085	0.02527105063199997	0.004114519339054823	0.004937729798257351	0.9598698616027832	0.0010104106040671468	0.00017982085410039872	0.0007217571255750954	0.00046017501153983176	0.00037108996184542775	0.0004520614165812731	4.87553006678354e-05
1012	nervousness	../syntropy_project/models/model_35	../syntropy_project/models/model_35	pride	0.22104497253894806	0.09873870015144348	0.06567203253507614	0.1947140097618103	0.22104497253894806	0.01354820467531681	0.02601781114935875	0.0688290223479271	0.014446159824728966	0.02859155647456646	0.009952324442565441	0.21186316013336182	0.04658205062150955
556	joy	../syntropy_project/models/model_35	../syntropy_project/models/model_35	joy	0.39672353863716125	0.39672353863716125	0.1050768569111824	0.37421944737434387	0.10438081622123718	0.0049889544025063515	0.0005277718883007765	0.007324561011046171	0.0010484042577445507	0.0009919538861140609	0.0007532205199822783	0.002986255334690213	0.000978249590843916
681	joy	../syntropy_project/models/model_35	../syntropy_project/models/model_35	joy	0.508215069770813	0.508215069770813	0.14592675864696503	0.17985917627811432	0.14544057846069336	0.011167291551828384	0.001219910685904324	0.003916638903319836	0.0011982428841292858	0.0007066828547976911	0.0006983818020671606	0.0013808694202452898	0.0002703802892938256
577	pride	../syntropy_project/models/model_35	../syntropy_project/models/model_35	joy	0.4627716839313507	0.4627716839313507	0.1578240841627121	0.257455438375473	0.10585696250200272	0.006996557582169771	0.0007854053983464837	0.0024160933680832386	0.002505901735275984	0.0005391247104853392	0.0006525925709865987	0.0019143264507874846	0.0002818586945068091
1109	joy	../syntropy_project/models/model_35	../syntropy_project/models/model_35	joy	0.35711610317230225	0.35711610317230225	0.1732994019985199	0.30704933404922485	0.14317381381988525	0.009998912923038006	0.0014612083323299885	0.0012829561019316316	0.0033333012834191322	0.0007009427645243704	0.0008280433830805123	0.0015020312275737524	0.00025396147975698113
524	nervousness	../syntropy_project/models/model_35	../syntropy_project/models/model_35	nervousness	0.8668028116226196	0.0037921362090855837	0.003117651678621769	0.010217806324362755	0.007374680135399103	0.0015387216117233038	0.011501386761665344	0.024074718356132507	0.00920172780752182	0.005922645330429077	0.04283012077212334	0.8668028116226196	0.013625605963170528
1059	neutral	../syntropy_project/models/model_35	../syntropy_project/models/model_35	joy	0.4012821912765503	0.4012821912765503	0.11900827288627625	0.3389967381954193	0.1162974163889885	0.010202411562204361	0.0012044748291373253	0.004954557865858078	0.0016628776211291552	0.0008437322685495019	0.000998727628029883	0.004043892025947571	0.000504571886267513
540	nervousness	../syntropy_project/models/model_35	../syntropy_project/models/model_35	fear	0.4548948407173157	0.016029123216867447	0.015032959170639515	0.05058956518769264	0.010246949270367622	0.023043695837259293	0.037320345640182495	0.08474832028150558	0.024337612092494965	0.06252625584602356	0.4548948407173157	0.18590673804283142	0.03532368317246437
748	neutral	../syntropy_project/models/model_35	../syntropy_project/models/model_35	neutral	0.5830599069595337	0.22776299715042114	0.06321550160646439	0.5830599069595337	0.04503320902585983	0.022346172481775284	0.00476551940664649	0.02220671996474266	0.008087475784122944	0.004381823819130659	0.00584029546007514	0.012133227661252022	0.0011671098181977868
1176	embarrassment	../syntropy_project/models/model_35	../syntropy_project/models/model_35	nervousness	0.626537024974823	0.018272483721375465	0.017689300701022148	0.04396554082632065	0.020550768822431564	0.00346653931774199	0.03392968326807022	0.11158548295497894	0.018596341833472252	0.01600126549601555	0.05599275231361389	0.626537024974823	0.03341284394264221
484	pride	../syntropy_project/models/model_35	../syntropy_project/models/model_35	pride	0.4354422688484192	0.34163764119148254	0.11487597227096558	0.08294284343719482	0.4354422688484192	0.014245093800127506	0.002060885773971677	0.0030605921056121588	0.001097765751183033	0.0010841741459444165	0.0005620578303933144	0.0025504131335765123	0.0004403406346682459
95	pride	../syntropy_project/models/model_35	../syntropy_project/models/model_35	surprise	0.9124727249145508	0.009151659905910492	0.04056408628821373	0.01413154136389494	0.01586116850376129	0.9124727249145508	0.0021214138250797987	0.00039898272370919585	0.0031179313082247972	0.000798311026301235	0.000615730241406709	0.0006338930688798428	0.00013246179150883108
1020	neutral	../syntropy_project/models/model_35	../syntropy_project/models/model_35	joy	0.5375472903251648	0.5375472903251648	0.10157978534698486	0.23795488476753235	0.08220979571342468	0.026815323159098625	0.002393880393356085	0.0030710285063833	0.0028632970061153173	0.0018667533295229077	0.0013038365868851542	0.0016446348745375872	0.0007495037280023098
563	neutral	../syntropy_project/models/model_35	../syntropy_project/models/model_35	joy	0.4367961287498474	0.4367961287498474	0.22555053234100342	0.19512803852558136	0.1175794005393982	0.017998110502958298	0.0012138099409639835	0.0017074650386348367	0.001442121108993888	0.000539713422767818	0.0008087637834250927	0.0010506041580811143	0.00018527118663769215
742	surprise	../syntropy_project/models/model_35	../syntropy_project/models/model_35	neutral	0.38319945335388184	0.3480723798274994	0.08025196939706802	0.38319945335388184	0.13243074715137482	0.021932723000645638	0.0029056898783892393	0.009404841810464859	0.005691313650459051	0.0025112510193139315	0.0018591101979836822	0.010604741983115673	0.0011357329785823822
863	joy	../syntropy_project/models/model_35	../syntropy_project/models/model_35	joy	0.3144698143005371	0.3144698143005371	0.09241022169589996	0.30189216136932373	0.18943215906620026	0.06709995120763779	0.005479434970766306	0.007331896107643843	0.004906937479972839	0.003454608842730522	0.004496636800467968	0.008055661804974079	0.0009704545373097062
891	joy	../syntropy_project/models/model_35	../syntropy_project/models/model_35	nervousness	0.21917645633220673	0.0808912143111229	0.052404243499040604	0.18987159430980682	0.05377405881881714	0.028380952775478363	0.05697045475244522	0.13497644662857056	0.026227498427033424	0.06019176170229912	0.036375295370817184	0.21917645633220673	0.06075996533036232
1038	neutral	../syntropy_project/models/model_35	../syntropy_project/models/model_35	neutral	0.4020237922668457	0.30438798666000366	0.14573904871940613	0.4020237922668457	0.10247828811407089	0.014951626770198345	0.003466207068413496	0.008382987231016159	0.005039868876338005	0.002373415743932128	0.0020421019289642572	0.008313143625855446	0.0008015548228286207
206	neutral	../syntropy_project/models/model_35	../syntropy_project/models/model_35	joy	0.46866336464881897	0.46866336464881897	0.18452899158000946	0.15546640753746033	0.17525865137577057	0.010594386607408524	0.0006277324864640832	0.0016404188936576247	0.0008799986680969596	0.0004786002973560244	0.0003638296911958605	0.001284242607653141	0.00021346965513657779
392	embarrassment	../syntropy_project/models/model_35	../syntropy_project/models/model_35	neutral	0.2840636968612671	0.27535390853881836	0.17510004341602325	0.2840636968612671	0.07803422957658768	0.05376003682613373	0.017285281792283058	0.021517347544431686	0.010472076945006847	0.03282269462943077	0.014635668136179447	0.022728106006979942	0.014226860366761684
794	joy	../syntropy_project/models/model_35	../syntropy_project/models/model_35	joy	0.46936264634132385	0.46936264634132385	0.1638706773519516	0.195033997297287	0.14467531442642212	0.016454938799142838	0.001466211280785501	0.002478616312146187	0.0018196916207671165	0.001011956948786974	0.0007257068646140397	0.0024893356021493673	0.0006109595997259021
870	pride	../syntropy_project/models/model_35	../syntropy_project/models/model_35	joy	0.40513092279434204	0.40513092279434204	0.19520080089569092	0.20167900621891022	0.1758882701396942	0.012450916692614555	0.0013483613729476929	0.002441661199554801	0.0012965815840288997	0.0008740831981413066	0.0006799295078963041	0.002392179099842906	0.0006172064458951354
397	sadness	../syntropy_project/models/model_35	../syntropy_project/models/model_35	sadness	0.2601490020751953	0.018617194145917892	0.009899221360683441	0.09814263135194778	0.025646474212408066	0.008596643805503845	0.06344449520111084	0.2601490020751953	0.05258544906973839	0.10124978423118591	0.07386511564254761	0.17455749213695526	0.11324642598628998
766	excitement	../syntropy_project/models/model_35	../syntropy_project/models/model_35	excitement	0.49449819326400757	0.16921073198318481	0.49449819326400757	0.09836212545633316	0.1824621558189392	0.02261643297970295	0.0018595651490613818	0.004401897080242634	0.002241563517600298	0.003307200502604246	0.0019273828947916627	0.015354565344750881	0.0037581322249025106
1166	pride	../syntropy_project/models/model_35	../syntropy_project/models/model_35	pride	0.809202253818512	0.056583285331726074	0.10289205610752106	0.020068040117621422	0.809202253818512	0.0026119640097022057	0.0011011245660483837	0.0007998668006621301	0.00044553822954185307	0.00037903786869719625	0.00024705991381779313	0.004409680608659983	0.0012600772315636277
1028	joy	../syntropy_project/models/model_35	../syntropy_project/models/model_35	joy	0.5943751931190491	0.5943751931190491	0.11649669706821442	0.23749709129333496	0.03884071484208107	0.008507253602147102	0.0004957967321388423	0.0011155884712934494	0.0012539137387648225	0.0004706602485384792	0.00041119501111097634	0.0004538056382443756	8.2161626778543e-05
642	neutral	../syntropy_project/models/model_35	../syntropy_project/models/model_35	pride	0.4090621769428253	0.16427339613437653	0.06723671406507492	0.20382392406463623	0.4090621769428253	0.020504890009760857	0.01248999685049057	0.03404459357261658	0.008543873205780983	0.008097643963992596	0.008000667206943035	0.054769616574048996	0.009152580983936787
612	joy	../syntropy_project/models/model_35	../syntropy_project/models/model_35	joy	0.38488489389419556	0.38488489389419556	0.11524304002523422	0.34151872992515564	0.13937272131443024	0.00916291680186987	0.0009985528886318207	0.0036289182025939226	0.0011103875003755093	0.0008690126123838127	0.000602695916313678	0.0022002265322953463	0.0004079343634657562
960	neutral	../syntropy_project/models/model_35	../syntropy_project/models/model_35	neutral	0.24750931560993195	0.09367012977600098	0.059809472411870956	0.24750931560993195	0.06248912215232849	0.040604881942272186	0.034449268132448196	0.1389608383178711	0.03268361836671829	0.042177002876996994	0.031886156648397446	0.20512956380844116	0.010630680248141289
725	pride	../syntropy_project/models/model_35	../syntropy_project/models/model_35	pride	0.7983691096305847	0.017275137826800346	0.12937770783901215	0.014805654063820839	0.7983691096305847	0.014138354919850826	0.006706524640321732	0.0033822269178926945	0.0017612340161576867	0.0032763415947556496	0.0010873483261093497	0.008047042414546013	0.0017731923144310713
683	neutral	../syntropy_project/models/model_35	../syntropy_project/models/model_35	neutral	0.2608936131000519	0.05917533114552498	0.016309557482600212	0.2608936131000519	0.08992002159357071	0.012957707047462463	0.06486404687166214	0.08204156160354614	0.058625489473342896	0.09669751673936844	0.025488363578915596	0.16674910485744476	0.06627770513296127
98	pride	../syntropy_project/models/model_35	../syntropy_project/models/model_35	pride	0.8939156532287598	0.018764067441225052	0.05832311138510704	0.016951754689216614	0.8939156532287598	0.003744973335415125	0.001569409272633493	0.0006304006674326956	0.0003710538730956614	0.0006550764665007591	0.00040475052082911134	0.00394623726606369	0.0007235610391944647
804	neutral	../syntropy_project/models/model_35	../syntropy_project/models/model_35	neutral	0.4151209890842438	0.23257315158843994	0.10366553068161011	0.4151209890842438	0.08485452830791473	0.09033975750207901	0.008871052414178848	0.01925601437687874	0.012940688990056515	0.005196946207433939	0.008614682592451572	0.015913881361484528	0.002652766415849328
406	pride	../syntropy_project/models/model_35	../syntropy_project/models/model_35	pride	0.7508693337440491	0.0605817586183548	0.14128050208091736	0.03368048369884491	0.7508693337440491	0.005895224865525961	0.0014426617417484522	0.0006909065996296704	0.0005303607904352248	0.0006328785675577819	0.00033564120531082153	0.0034143500961363316	0.0006458375137299299
502	pride	../syntropy_project/models/model_35	../syntropy_project/models/model_35	pride	0.4351482391357422	0.05832836776971817	0.43051770329475403	0.04834667220711708	0.4351482391357422	0.013495667837560177	0.001967650605365634	0.0007788998773321509	0.0011984427692368627	0.0013029261026531458	0.0005183290340937674	0.007478515617549419	0.0009185993694700301
1071	joy	../syntropy_project/models/model_35	../syntropy_project/models/model_35	joy	0.48077261447906494	0.48077261447906494	0.17702169716358185	0.26735565066337585	0.060763441026210785	0.007248062640428543	0.000614827498793602	0.0025359289720654488	0.00124255008995533	0.0008179079159162939	0.0005297991447150707	0.0009232021984644234	0.00017429949366487563
1056	excitement	../syntropy_project/models/model_35	../syntropy_project/models/model_35	excitement	0.34044894576072693	0.2888821065425873	0.34044894576072693	0.13903284072875977	0.2113930732011795	0.010171978734433651	0.001055619795806706	0.001169251510873437	0.0017199002904817462	0.0007745857001282275	0.00033652354613877833	0.004560366738587618	0.00045469627366401255
929	neutral	../syntropy_project/models/model_35	../syntropy_project/models/model_35	neutral	0.6281989216804504	0.21923814713954926	0.11426644027233124	0.6281989216804504	0.013410242274403572	0.016733644530177116	0.0008080317638814449	0.0027325039263814688	0.0021195635199546814	0.0009847620967775583	0.0006713041220791638	0.0007424479117617011	9.395141387358308e-05
779	excitement	../syntropy_project/models/model_35	../syntropy_project/models/model_35	joy	0.41039180755615234	0.41039180755615234	0.23053784668445587	0.22736676037311554	0.09426864981651306	0.015448994934558868	0.002158365910872817	0.0054552494548261166	0.0052315061911940575	0.002714643022045493	0.001617597765289247	0.0039248536340892315	0.000883627450093627
200	excitement	../syntropy_project/models/model_35	../syntropy_project/models/model_35	joy	0.40450966358184814	0.40450966358184814	0.08576317131519318	0.3473623991012573	0.12745296955108643	0.017026850953698158	0.002064084867015481	0.006029175128787756	0.003576188813894987	0.0009838604601100087	0.0010967260459437966	0.003710708813741803	0.0004242158029228449
134	joy	../syntropy_project/models/model_35	../syntropy_project/models/model_35	pride	0.4524657130241394	0.25382667779922485	0.12768153846263885	0.1396569013595581	0.4524657130241394	0.008693869225680828	0.0019232113845646381	0.007080057170242071	0.0008625270565971732	0.001163655542768538	0.0010868917452171445	0.004285275470465422	0.0012736788485199213
1051	pride	../syntropy_project/models/model_35	../syntropy_project/models/model_35	joy	0.3039464056491852	0.3039464056491852	0.11910977959632874	0.2491525560617447	0.26869723200798035	0.015325956046581268	0.0030472371727228165	0.010107643902301788	0.005131041165441275	0.003389270743355155	0.0018057122360914946	0.018177837133407593	0.002109358785673976
40	neutral	../syntropy_project/models/model_35	../syntropy_project/models/model_35	neutral	0.2964063584804535	0.2471240609884262	0.1466323882341385	0.2964063584804535	0.2764812409877777	0.005687756929546595	0.0017598697450011969	0.005356527864933014	0.002161337062716484	0.0015980135649442673	0.001075654523447156	0.014053015038371086	0.0016638475935906172
1017	neutral	../syntropy_project/models/model_35	../syntropy_project/models/model_35	joy	0.6099414825439453	0.6099414825439453	0.07357392460107803	0.13359692692756653	0.16771967709064484	0.004502401687204838	0.0010547242127358913	0.003930322360247374	0.0011010499438270926	0.0005722703645005822	0.0008154494571499527	0.0024632555432617664	0.0007284658495336771
230	neutral	../syntropy_project/models/model_35	../syntropy_project/models/model_35	joy	0.2852213978767395	0.2852213978767395	0.2616423964500427	0.2585439383983612	0.14497344195842743	0.037370920181274414	0.0008788836421445012	0.0036819935776293278	0.0011437605135142803	0.0012485834304243326	0.0006499188020825386	0.004434847738593817	0.00020988810865674168
378	nervousness	../syntropy_project/models/model_35	../syntropy_project/models/model_35	pride	0.8656638264656067	0.014621179550886154	0.07969313859939575	0.015059935860335827	0.8656638264656067	0.0063014826737344265	0.003125020768493414	0.0013436522567644715	0.0007078632479533553	0.0010397863807156682	0.0006180107593536377	0.00992591679096222	0.0019002469489350915
288	joy	../syntropy_project/models/model_35	../syntropy_project/models/model_35	joy	0.5110780000686646	0.5110780000686646	0.17466267943382263	0.200580894947052	0.08597759157419205	0.009610419161617756	0.0029285212513059378	0.0034183284733444452	0.005137837957590818	0.0020446693524718285	0.0012984469067305326	0.0019563043024390936	0.001306329621002078
418	surprise	../syntropy_project/models/model_35	../syntropy_project/models/model_35	neutral	0.38823065161705017	0.15392088890075684	0.21107038855552673	0.38823065161705017	0.1820388287305832	0.03324104845523834	0.002616552636027336	0.00687862653285265	0.0038399628829210997	0.0027755347546190023	0.0032207544427365065	0.009000539779663086	0.003166202688589692
391	surprise	../syntropy_project/models/model_35	../syntropy_project/models/model_35	pride	0.3628736138343811	0.21542079746723175	0.23753079771995544	0.1609310805797577	0.3628736138343811	0.009488594718277454	0.0019452220294624567	0.0019628582522273064	0.001697073457762599	0.0008473969646729529	0.000824044574983418	0.005794597323983908	0.0006839652778580785
592	surprise	../syntropy_project/models/model_35	../syntropy_project/models/model_35	surprise	0.8255236148834229	0.005966598633676767	0.02593505010008812	0.013980858027935028	0.012234676629304886	0.8255236148834229	0.025586873292922974	0.0028214002959430218	0.026016205549240112	0.04715481773018837	0.008907225914299488	0.0032026893459260464	0.0026699425652623177
1162	joy	../syntropy_project/models/model_35	../syntropy_project/models/model_35	pride	0.39005017280578613	0.22177031636238098	0.07984134554862976	0.24000389873981476	0.39005017280578613	0.016050798818469048	0.005130395758897066	0.013412480242550373	0.0037870854139328003	0.0032363818027079105	0.0026904086116701365	0.021193252876400948	0.0028335286770015955
1086	joy	../syntropy_project/models/model_35	../syntropy_project/models/model_35	neutral	0.3498881459236145	0.22613051533699036	0.27735936641693115	0.3498881459236145	0.1275549679994583	0.00740067008882761	0.0006157135358080268	0.0019925532396882772	0.0012308458099141717	0.0005871227476745844	0.0008775193127803504	0.006103929132223129	0.0002585815091151744
647	excitement	../syntropy_project/models/model_35	../syntropy_project/models/model_35	excitement	0.7073961496353149	0.012459713034331799	0.7073961496353149	0.011255886405706406	0.24599041044712067	0.006303390488028526	0.00046958759776316583	0.00029136883676983416	0.00029193039517849684	0.0002936680684797466	0.00025010405806824565	0.014189111068844795	0.0008087491150945425
1152	excitement	../syntropy_project/models/model_35	../syntropy_project/models/model_35	joy	0.35460877418518066	0.35460877418518066	0.04986352473497391	0.290450781583786	0.23416592180728912	0.030450206249952316	0.005496146157383919	0.006059120409190655	0.012628707103431225	0.002618194092065096	0.0019174470799043775	0.010005317628383636	0.0017358427867293358
520	neutral	../syntropy_project/models/model_35	../syntropy_project/models/model_35	neutral	0.3279843330383301	0.1570310741662979	0.19760635495185852	0.3279843330383301	0.25706493854522705	0.009449507109820843	0.0015429581981152296	0.019525794312357903	0.0030061916913837194	0.0026831559371203184	0.003644450567662716	0.0145875234156847	0.0058736358769237995
64	neutral	../syntropy_project/models/model_35	../syntropy_project/models/model_35	joy	0.323161244392395	0.323161244392395	0.20454534888267517	0.2386360913515091	0.18762950599193573	0.02973468042910099	0.002029062481597066	0.0034334275405853987	0.0032656528055667877	0.0014909720048308372	0.0012587541714310646	0.0033005443401634693	0.001514709205366671
14	excitement	../syntropy_project/models/model_35	../syntropy_project/models/model_35	pride	0.4354170858860016	0.13364385068416595	0.2635965943336487	0.11270768940448761	0.4354170858860016	0.009728618897497654	0.0026996599044650793	0.002389445435255766	0.0018447991460561752	0.0015312135219573975	0.000604917760938406	0.03418651223182678	0.0016495074378326535
1180	excitement	../syntropy_project/models/model_35	../syntropy_project/models/model_35	pride	0.3898366689682007	0.16534413397312164	0.2806587517261505	0.130808487534523	0.3898366689682007	0.016232050955295563	0.0036443776916712523	0.0013890404952690005	0.0022931224666535854	0.0015711905434727669	0.0008189331274479628	0.005789156071841717	0.001614026608876884
1064	surprise	../syntropy_project/models/model_35	../syntropy_project/models/model_35	neutral	0.2797313332557678	0.21721389889717102	0.18496271967887878	0.2797313332557678	0.2703819274902344	0.028359917923808098	0.0028250175528228283	0.003934744279831648	0.0029228099156171083	0.0018557225121185184	0.0018676241161301732	0.004607961978763342	0.0013363094767555594
492	joy	../syntropy_project/models/model_35	../syntropy_project/models/model_35	joy	0.39319509267807007	0.39319509267807007	0.13455848395824432	0.31189408898353577	0.12856251001358032	0.018822720274329185	0.002353920601308346	0.0027850999031215906	0.0022380007430911064	0.0017346985405310988	0.0012145747896283865	0.001960277557373047	0.0006807070458307862
379	pride	../syntropy_project/models/model_35	../syntropy_project/models/model_35	pride	0.35724201798439026	0.11942029744386673	0.3052917718887329	0.1028742790222168	0.35724201798439026	0.02405821718275547	0.003864921862259507	0.0055375914089381695	0.002632881747558713	0.004390662536025047	0.004160597454756498	0.06537892669439316	0.005147794261574745
187	excitement	../syntropy_project/models/model_35	../syntropy_project/models/model_35	joy	0.375925749540329	0.375925749540329	0.24242950975894928	0.22870494425296783	0.11886385828256607	0.022063232958316803	0.002448298502713442	0.002282316330820322	0.002178139053285122	0.001767258159816265	0.0007907210965640843	0.001992329955101013	0.0005536585231311619
763	neutral	../syntropy_project/models/model_35	../syntropy_project/models/model_35	joy	0.4265640377998352	0.4265640377998352	0.09710405766963959	0.3664045035839081	0.09476207941770554	0.008562397211790085	0.0006825024611316621	0.0028030704706907272	0.0010266246972605586	0.0005029890453442931	0.00043362806900404394	0.0010100608924403787	0.00014404545072466135
216	joy	../syntropy_project/models/model_35	../syntropy_project/models/model_35	joy	0.3095059394836426	0.3095059394836426	0.14260424673557281	0.2773691415786743	0.2310182750225067	0.01208511833101511	0.002959253266453743	0.00517833698540926	0.002271195175126195	0.001985005335882306	0.00165375170763582	0.01189217995852232	0.001477581332437694
791	neutral	../syntropy_project/models/model_35	../syntropy_project/models/model_35	neutral	0.5921691060066223	0.12567193806171417	0.08409694582223892	0.5921691060066223	0.11124231666326523	0.027800681069493294	0.003257273230701685	0.009755655191838741	0.009206634014844894	0.0022696556989103556	0.005601801443845034	0.027478307485580444	0.001449662377126515
1076	joy	../syntropy_project/models/model_35	../syntropy_project/models/model_35	joy	0.3336167335510254	0.3336167335510254	0.1838880032300949	0.255104660987854	0.188696026802063	0.025981387123465538	0.0016915628220885992	0.00439049955457449	0.0018561109900474548	0.0007911205175332725	0.0010276660323143005	0.002474928041920066	0.00048128157504834235
878	anger	../syntropy_project/models/model_35	../syntropy_project/models/model_35	neutral	0.3241976499557495	0.27574554085731506	0.14978991448879242	0.3241976499557495	0.053054291754961014	0.10704676806926727	0.007443777751177549	0.02731073834002018	0.009195082820951939	0.006662232801318169	0.012774571776390076	0.02302238717675209	0.00375703745521605
337	pride	../syntropy_project/models/model_35	../syntropy_project/models/model_35	nervousness	0.441780149936676	0.0278900396078825	0.016251714900135994	0.06718523055315018	0.2621612548828125	0.022707799449563026	0.038668420165777206	0.015036550350487232	0.044182781130075455	0.006703464780002832	0.03698553517460823	0.441780149936676	0.02044697292149067
719	excitement	../syntropy_project/models/model_35	../syntropy_project/models/model_35	surprise	0.6180984973907471	0.07354488223791122	0.1366986334323883	0.06837040185928345	0.08058234304189682	0.6180984973907471	0.005682638846337795	0.001756970421411097	0.0054681310430169106	0.003146021394059062	0.0028301409911364317	0.0027494074311107397	0.0010719954734668136
295	pride	../syntropy_project/models/model_35	../syntropy_project/models/model_35	pride	0.716644287109375	0.0600714385509491	0.18124288320541382	0.026801766827702522	0.716644287109375	0.010023712180554867	0.0012027781922370195	0.0009195678867399693	0.0003742388216778636	0.0004759374132845551	0.00030396744841709733	0.0016924494411796331	0.0002469852624926716
1016	neutral	../syntropy_project/models/model_35	../syntropy_project/models/model_35	neutral	0.3117648661136627	0.2565505802631378	0.24984845519065857	0.3117648661136627	0.13955721259117126	0.02340809255838394	0.0026592924259603024	0.003153264755383134	0.003705528099089861	0.0013720723800361156	0.001260840566828847	0.0058475155383348465	0.0008723519276827574
455	disgust	../syntropy_project/models/model_35	../syntropy_project/models/model_35	disgust	0.7327696681022644	0.0035902350209653378	0.005060125142335892	0.01267391536384821	0.005958606954663992	0.0027545748744159937	0.04639878496527672	0.01702279970049858	0.008501803502440453	0.7327696681022644	0.00786426942795515	0.007633325178176165	0.14977189898490906
815	joy	../syntropy_project/models/model_35	../syntropy_project/models/model_35	joy	0.39610329270362854	0.39610329270362854	0.12249352782964706	0.2555774748325348	0.18396340310573578	0.0311836339533329	0.00209910050034523	0.002683245576918125	0.0019695337396115065	0.0011932537890970707	0.000773889827542007	0.0016541443765163422	0.00030554094701074064
269	joy	../syntropy_project/models/model_35	../syntropy_project/models/model_35	excitement	0.3281611204147339	0.31138139963150024	0.3281611204147339	0.14598871767520905	0.06751097738742828	0.12405054271221161	0.0031410972587764263	0.0024386392906308174	0.003473341464996338	0.003725342219695449	0.005943872965872288	0.0027620336040854454	0.0014228785876184702
995	neutral	../syntropy_project/models/model_35	../syntropy_project/models/model_35	neutral	0.4561065137386322	0.34355854988098145	0.12153960764408112	0.4561065137386322	0.05524848401546478	0.010848872363567352	0.000797225337009877	0.004375000949949026	0.0017203413881361485	0.0009977270383387804	0.0012109518283978105	0.0032343764323741198	0.00036234661820344627
201	neutral	../syntropy_project/models/model_35	../syntropy_project/models/model_35	nervousness	0.7772890329360962	0.0067257871851325035	0.003953379113227129	0.017949670553207397	0.011719096451997757	0.0022970985155552626	0.024161823093891144	0.029494978487491608	0.015435858629643917	0.01678934507071972	0.04389817267656326	0.7772890329360962	0.05028575658798218
161	neutral	../syntropy_project/models/model_35	../syntropy_project/models/model_35	neutral	0.38405299186706543	0.2985101640224457	0.1020965501666069	0.38405299186706543	0.15875940024852753	0.04311273619532585	0.0022299718111753464	0.002434964058920741	0.00325321895070374	0.0012830356135964394	0.0012525804340839386	0.002655463293194771	0.00035895005566999316
729	anger	../syntropy_project/models/model_35	../syntropy_project/models/model_35	nervousness	0.26717498898506165	0.021017352119088173	0.005267478991299868	0.048385344445705414	0.017857639119029045	0.009416792541742325	0.049917276948690414	0.12293864786624908	0.06742321699857712	0.07886730134487152	0.049911193549633026	0.26717498898506165	0.26182276010513306
401	pride	../syntropy_project/models/model_35	../syntropy_project/models/model_35	joy	0.38982638716697693	0.38982638716697693	0.11223418265581131	0.243559330701828	0.21888263523578644	0.020321661606431007	0.0020212221425026655	0.005846040323376656	0.001564880833029747	0.0014268471859395504	0.0010899703484028578	0.0024369179736822844	0.0007899700431153178
702	neutral	../syntropy_project/models/model_35	../syntropy_project/models/model_35	joy	0.39200547337532043	0.39200547337532043	0.095830999314785	0.32234808802604675	0.15058498084545135	0.022459985688328743	0.0021946823690086603	0.005645060911774635	0.0023864528629928827	0.0011035108473151922	0.0018246094696223736	0.0032153576612472534	0.00040073037962429225
1129	joy	../syntropy_project/models/model_35	../syntropy_project/models/model_35	joy	0.3912333846092224	0.3912333846092224	0.2593958377838135	0.17924870550632477	0.13132426142692566	0.022966064512729645	0.0023035514168441296	0.0020367971155792475	0.004739854019135237	0.002725224709138274	0.001410460565239191	0.0018371286569163203	0.000778702727984637
565	neutral	../syntropy_project/models/model_35	../syntropy_project/models/model_35	neutral	0.5019399523735046	0.0817374736070633	0.05608731880784035	0.5019399523735046	0.1167839989066124	0.016949700191617012	0.026890190318226814	0.023706108331680298	0.035773709416389465	0.0811711847782135	0.007625623140484095	0.01248348318040371	0.038851283490657806
1021	joy	../syntropy_project/models/model_35	../syntropy_project/models/model_35	neutral	0.3459102511405945	0.1093357726931572	0.3236514627933502	0.3459102511405945	0.05997896194458008	0.09102648496627808	0.010115401819348335	0.010165087878704071	0.015336958691477776	0.014261970296502113	0.011772972531616688	0.005404595285654068	0.0030400052201002836
1025	joy	../syntropy_project/models/model_35	../syntropy_project/models/model_35	neutral	0.40905189514160156	0.33710747957229614	0.078395776450634	0.40905189514160156	0.11692783981561661	0.022488052025437355	0.005023915320634842	0.008725590072572231	0.009239055216312408	0.001717005972750485	0.001894188579171896	0.00862730760127306	0.0008018824155442417
1104	joy	../syntropy_project/models/model_35	../syntropy_project/models/model_35	excitement	0.45856693387031555	0.24944362044334412	0.45856693387031555	0.19766870141029358	0.05839690938591957	0.0274132639169693	0.0009075164562091231	0.000817701278720051	0.0025973136071115732	0.0017507056472823024	0.0010799443116411567	0.001070313504897058	0.00028712963103316724
205	excitement	../syntropy_project/models/model_35	../syntropy_project/models/model_35	excitement	0.9093959331512451	0.02001665160059929	0.9093959331512451	0.011426426470279694	0.046813350170850754	0.0076108165085315704	0.00028132108855061233	0.00033964618341997266	0.00018786154396366328	0.0002392283786321059	0.00025819067377597094	0.0031601167283952236	0.0002703725767787546
34	pride	../syntropy_project/models/model_35	../syntropy_project/models/model_35	nervousness	0.2724948823451996	0.047349318861961365	0.04487690329551697	0.18870198726654053	0.07997467368841171	0.046156369149684906	0.048187632113695145	0.11205510050058365	0.027842510491609573	0.04323730990290642	0.03334110602736473	0.2724948823451996	0.05578218400478363
775	neutral	../syntropy_project/models/model_35	../syntropy_project/models/model_35	joy	0.37007319927215576	0.37007319927215576	0.2683880925178528	0.1894257813692093	0.1267252415418625	0.031172150745987892	0.0025280353147536516	0.0018844220321625471	0.0029727215878665447	0.0016957526095211506	0.0016494460869580507	0.0028722374700009823	0.0006129429675638676
508	sadness	../syntropy_project/models/model_35	../syntropy_project/models/model_35	neutral	0.18120118975639343	0.08277057856321335	0.04729462042450905	0.18120118975639343	0.05198362469673157	0.02943580038845539	0.07260249555110931	0.16113929450511932	0.06881484389305115	0.11687861382961273	0.03571084141731262	0.12892486155033112	0.0232432521879673
1254	excitement	../syntropy_project/models/model_35	../syntropy_project/models/model_35	pride	0.30101239681243896	0.22622962296009064	0.2044285535812378	0.22823381423950195	0.30101239681243896	0.010746793821454048	0.001301281969062984	0.003369486192241311	0.002602778607979417	0.0008313131402246654	0.0006334156496450305	0.020071232691407204	0.0005392578314058483
91	pride	../syntropy_project/models/model_35	../syntropy_project/models/model_35	pride	0.38403913378715515	0.2067594677209854	0.08233191817998886	0.27648356556892395	0.38403913378715515	0.021022949367761612	0.004335042554885149	0.004043535329401493	0.0043790144845843315	0.0018942110473290086	0.002173124346882105	0.010196653194725513	0.0023413884919136763
897	neutral	../syntropy_project/models/model_35	../syntropy_project/models/model_35	joy	0.4844733774662018	0.4844733774662018	0.14524376392364502	0.27899205684661865	0.07478897273540497	0.009159413166344166	0.0007168732699938118	0.002334910910576582	0.0012595822336152196	0.00041510493610985577	0.0004713767266366631	0.0020034664776176214	0.00014114099030848593
564	joy	../syntropy_project/models/model_35	../syntropy_project/models/model_35	joy	0.4408293068408966	0.4408293068408966	0.12283557653427124	0.23573969304561615	0.1846303641796112	0.00905121024698019	0.0008282028720714152	0.0019809366203844547	0.0007960807997733355	0.0006768412422388792	0.00037552157300524414	0.002045574365183711	0.0002107110049109906
776	excitement	../syntropy_project/models/model_35	../syntropy_project/models/model_35	joy	0.3669068217277527	0.3669068217277527	0.3254440128803253	0.18361210823059082	0.09535757452249527	0.021157197654247284	0.0010475697927176952	0.0013215724611654878	0.0010026569943875074	0.001182182808406651	0.0008248505182564259	0.0014968010364100337	0.0006466315826401114
241	neutral	../syntropy_project/models/model_35	../syntropy_project/models/model_35	joy	0.44050025939941406	0.44050025939941406	0.18137136101722717	0.20448283851146698	0.153948575258255	0.011276928707957268	0.0009934463305398822	0.0019545755349099636	0.0011773224687203765	0.0009874983225017786	0.0006658345810137689	0.002293987665325403	0.0003474330296739936
13	excitement	../syntropy_project/models/model_35	../syntropy_project/models/model_35	excitement	0.40933874249458313	0.1331014782190323	0.40933874249458313	0.06494216620922089	0.35872071981430054	0.022574076429009438	0.0013503874652087688	0.0008960552513599396	0.0006571162375621498	0.00100168795324862	0.0007159546366892755	0.005735144484788179	0.0009664562530815601
315	excitement	../syntropy_project/models/model_35	../syntropy_project/models/model_35	joy	0.3532526195049286	0.3532526195049286	0.16170519590377808	0.3520539104938507	0.08615348488092422	0.03007533960044384	0.002257905900478363	0.003725985297933221	0.0038885760586708784	0.0017898515798151493	0.0017258258303627372	0.002697925316169858	0.0006733681075274944
600	pride	../syntropy_project/models/model_35	../syntropy_project/models/model_35	pride	0.6479642987251282	0.062306199222803116	0.22431649267673492	0.052926938980817795	0.6479642987251282	0.004958078730851412	0.0009318615775555372	0.0006899390718899667	0.0004890035488642752	0.0004315344267524779	0.0003050341038033366	0.004179574549198151	0.000500957656186074
387	neutral	../syntropy_project/models/model_35	../syntropy_project/models/model_35	neutral	0.35033518075942993	0.3450643718242645	0.11241655796766281	0.35033518075942993	0.09644550830125809	0.0374823734164238	0.007626048754900694	0.017555810511112213	0.008796853013336658	0.005621709860861301	0.005857441574335098	0.01019341591745615	0.0026047788560390472
166	confusion	../syntropy_project/models/model_35	../syntropy_project/models/model_35	confusion	0.546976625919342	0.005839955992996693	0.0022549114655703306	0.022594191133975983	0.028448591008782387	0.021824104711413383	0.14675377309322357	0.015356901101768017	0.546976625919342	0.034811586141586304	0.017923764884471893	0.09312666207551956	0.06408888846635818
840	anger	../syntropy_project/models/model_35	../syntropy_project/models/model_35	neutral	0.16875357925891876	0.055203285068273544	0.06487620621919632	0.16875357925891876	0.03946142643690109	0.05258296802639961	0.04791902005672455	0.12371926009654999	0.025253307074308395	0.12513001263141632	0.043839965015649796	0.08903820812702179	0.16422279179096222
20	excitement	../syntropy_project/models/model_35	../syntropy_project/models/model_35	pride	0.4504821300506592	0.20039398968219757	0.20064814388751984	0.09209463000297546	0.4504821300506592	0.038644760847091675	0.003077917266637087	0.005023747682571411	0.0015485059702768922	0.001732027973048389	0.0018750563031062484	0.0037134257145226	0.0007657601381652057
646	joy	../syntropy_project/models/model_35	../syntropy_project/models/model_35	joy	0.36551403999328613	0.36551403999328613	0.10291092097759247	0.3095608949661255	0.20766335725784302	0.008091194555163383	0.0008827325073070824	0.0019463994540274143	0.0009104790515266359	0.0005592398229055107	0.00045785188558511436	0.001301035052165389	0.00020194254466332495
1154	excitement	../syntropy_project/models/model_35	../syntropy_project/models/model_35	excitement	0.3735972046852112	0.15344689786434174	0.3735972046852112	0.1015281081199646	0.32510632276535034	0.021172381937503815	0.0036502699367702007	0.002212303690612316	0.0027135945856571198	0.001972571248188615	0.0014510800829157233	0.010591921396553516	0.00255734589882195
831	neutral	../syntropy_project/models/model_35	../syntropy_project/models/model_35	neutral	0.5040478110313416	0.19245238602161407	0.07352501899003983	0.5040478110313416	0.059901073575019836	0.07840542495250702	0.0073687429539859295	0.03412163630127907	0.00949423760175705	0.010203330777585506	0.009051705710589886	0.018622782081365585	0.0028058949392288923
562	neutral	../syntropy_project/models/model_35	../syntropy_project/models/model_35	pride	0.3123103380203247	0.2031887024641037	0.21341128647327423	0.23558369278907776	0.3123103380203247	0.01416983362287283	0.0015696637565270066	0.0037529354449361563	0.0018248043488711119	0.0011722566559910774	0.0013587182620540261	0.010460203513503075	0.0011975700035691261
1240	neutral	../syntropy_project/models/model_35	../syntropy_project/models/model_35	pride	0.5390941500663757	0.06802310049533844	0.32704004645347595	0.03414732962846756	0.5390941500663757	0.010822207666933537	0.0015002252766862512	0.0020545520819723606	0.0023186036851257086	0.0013868273235857487	0.001885710982605815	0.00870445091277361	0.003022737568244338
686	neutral	../syntropy_project/models/model_35	../syntropy_project/models/model_35	excitement	0.3732333779335022	0.2808786928653717	0.3732333779335022	0.16114915907382965	0.15757182240486145	0.01029234379529953	0.0005088708712719381	0.005462368950247765	0.0011008394649252295	0.0010036318562924862	0.000918711069971323	0.006995226722210646	0.0008849527221173048
957	excitement	../syntropy_project/models/model_35	../syntropy_project/models/model_35	neutral	0.3986183702945709	0.27702945470809937	0.10758448392152786	0.3986183702945709	0.2040458768606186	0.005190851166844368	0.000683163816574961	0.0022107206750661135	0.0008279162575490773	0.0005841375677846372	0.0004776530258823186	0.002375374548137188	0.00037196726771071553
189	nervousness	../syntropy_project/models/model_35	../syntropy_project/models/model_35	neutral	0.19280821084976196	0.16448095440864563	0.12511909008026123	0.19280821084976196	0.13604724407196045	0.09859299659729004	0.024441523477435112	0.08459524065256119	0.01977618783712387	0.020642416551709175	0.04243495315313339	0.07984387874603271	0.011217223480343819
975	neutral	../syntropy_project/models/model_35	../syntropy_project/models/model_35	neutral	0.401854932308197	0.3553273379802704	0.12818573415279388	0.401854932308197	0.06268873810768127	0.027968181297183037	0.0022358237765729427	0.007648109458386898	0.002822351176291704	0.0025525069795548916	0.0026850206777453423	0.005264993291348219	0.0007662451826035976
699	excitement	../syntropy_project/models/model_35	../syntropy_project/models/model_35	excitement	0.6716834902763367	0.11161629855632782	0.6716834902763367	0.04762778431177139	0.13312415778636932	0.024427052587270737	0.0016823660116642714	0.0011014974443241954	0.0008252682746388018	0.001396958832629025	0.0012050867080688477	0.003972531296312809	0.001337495050393045
510	surprise	../syntropy_project/models/model_35	../syntropy_project/models/model_35	joy	0.4028656482696533	0.4028656482696533	0.15859739482402802	0.3245934545993805	0.08239774405956268	0.019449418410658836	0.0020304271019995213	0.003402211470529437	0.0018867651233449578	0.0014006440760567784	0.0009150747791863978	0.0020186069887131453	0.00044261079165153205
1082	joy	../syntropy_project/models/model_35	../syntropy_project/models/model_35	joy	0.392783522605896	0.392783522605896	0.13799713551998138	0.3166189193725586	0.1179344430565834	0.023704813793301582	0.0017785042291507125	0.002702293684706092	0.00230180355720222	0.0012670856667682528	0.0011537089012563229	0.001343508716672659	0.00041430623969063163
474	joy	../syntropy_project/models/model_35	../syntropy_project/models/model_35	joy	0.45576220750808716	0.45576220750808716	0.1343030035495758	0.22614461183547974	0.16569702327251434	0.008131353184580803	0.0008863979019224644	0.003011102322489023	0.0012147091329097748	0.0008217722061090171	0.0008266574004665017	0.0025557978078722954	0.0006453372770920396
856	nervousness	../syntropy_project/models/model_35	../syntropy_project/models/model_35	nervousness	0.9292908906936646	0.0022728482726961374	0.0031200789380818605	0.004535992164164782	0.0038885539397597313	0.00103175756521523	0.005281155928969383	0.016203397884964943	0.00408922927454114	0.0037907243240624666	0.01865984871983528	0.9292908906936646	0.007835566997528076
747	pride	../syntropy_project/models/model_35	../syntropy_project/models/model_35	pride	0.40744319558143616	0.10164500027894974	0.30619731545448303	0.10218048840761185	0.40744319558143616	0.01849251240491867	0.004858280532062054	0.0023313364945352077	0.004315120168030262	0.00300451647490263	0.0038503974210470915	0.04043305292725563	0.005248764995485544
252	pride	../syntropy_project/models/model_35	../syntropy_project/models/model_35	neutral	0.47728151082992554	0.27657121419906616	0.14107798039913177	0.47728151082992554	0.06523776799440384	0.024096239358186722	0.0015538063598796725	0.0047980500385165215	0.004582882858812809	0.0008259229944087565	0.0010268983896821737	0.002657776465639472	0.000289929419523105
21	joy	../syntropy_project/models/model_35	../syntropy_project/models/model_35	joy	0.3259403705596924	0.3259403705596924	0.14017020165920258	0.16956697404384613	0.3179593086242676	0.03030051477253437	0.0029746955260634422	0.004345309920608997	0.002459954936057329	0.0014921954134479165	0.0014356140745803714	0.0026901005767285824	0.0006647530826739967
459	joy	../syntropy_project/models/model_35	../syntropy_project/models/model_35	joy	0.3050791025161743	0.3050791025161743	0.15375983715057373	0.29359278082847595	0.22004933655261993	0.0085370521992445	0.0013880240730941296	0.006220458075404167	0.0017065460560843349	0.000990288914181292	0.001000874792225659	0.006729174870997667	0.0009464400936849415
1184	excitement	../syntropy_project/models/model_35	../syntropy_project/models/model_35	excitement	0.42510777711868286	0.13477115333080292	0.42510777711868286	0.11529307812452316	0.2565426230430603	0.014576398767530918	0.0029866499826312065	0.007751816883683205	0.004034462384879589	0.003469934919849038	0.003503908170387149	0.024914363399147987	0.007047838531434536
276	neutral	../syntropy_project/models/model_35	../syntropy_project/models/model_35	joy	0.36661455035209656	0.36661455035209656	0.2852911055088043	0.18304318189620972	0.12488102167844772	0.029062289744615555	0.0018718983046710491	0.003724049311131239	0.0016227198066189885	0.001468338188715279	0.0013272138312458992	0.0008114291122183204	0.000282199471257627
955	excitement	../syntropy_project/models/model_35	../syntropy_project/models/model_35	excitement	0.8701353669166565	0.03139954060316086	0.8701353669166565	0.015292996540665627	0.07047071307897568	0.005305036902427673	0.00041887187398970127	0.00030369710293598473	0.00043370688217692077	0.0003042818570975214	0.0002797791676130146	0.005230864975601435	0.00042512480285950005
1215	excitement	../syntropy_project/models/model_35	../syntropy_project/models/model_35	joy	0.5482550859451294	0.5482550859451294	0.1206691637635231	0.2021985799074173	0.11848638206720352	0.005760510452091694	0.0005584611790254712	0.0012521140743047	0.0007438508910126984	0.0005538449622690678	0.0002742225769907236	0.0010094777680933475	0.00023835459433030337
385	pride	../syntropy_project/models/model_35	../syntropy_project/models/model_35	joy	0.5193686485290527	0.5193686485290527	0.126620352268219	0.15378762781620026	0.1803141087293625	0.009465813636779785	0.001895262743346393	0.0023807063698768616	0.0015033510280773044	0.001369178993627429	0.000802529277279973	0.0021704586688429117	0.000321996514685452
805	sadness	../syntropy_project/models/model_35	../syntropy_project/models/model_35	sadness	0.910333514213562	0.0066087860614061356	0.006289312615990639	0.010352580808103085	0.002505528973415494	0.0019001173786818981	0.006204091478139162	0.910333514213562	0.002547993091866374	0.010892331600189209	0.012819490395486355	0.02240292727947235	0.007143443915992975
343	excitement	../syntropy_project/models/model_35	../syntropy_project/models/model_35	pride	0.41037482023239136	0.13509562611579895	0.3841850757598877	0.05514159053564072	0.41037482023239136	0.008445904590189457	0.0006491221720352769	0.0007427814998663962	0.000655202369671315	0.0005457932129502296	0.0003592713037505746	0.0034792444203048944	0.00032556193764321506
769	joy	../syntropy_project/models/model_35	../syntropy_project/models/model_35	joy	0.31071755290031433	0.31071755290031433	0.18042702972888947	0.28231281042099	0.20010286569595337	0.009409807622432709	0.001185298664495349	0.002907699439674616	0.0012626718962565064	0.0011341116623952985	0.0008077771053649485	0.008643336594104767	0.0010889542754739523
130	neutral	../syntropy_project/models/model_35	../syntropy_project/models/model_35	neutral	0.4041641652584076	0.38899239897727966	0.08804933726787567	0.4041641652584076	0.10283459722995758	0.0050581395626068115	0.000785723386798054	0.005087126512080431	0.0011958341347053647	0.0006133615970611572	0.0006515608984045684	0.0022910546977072954	0.00027671828866004944
871	joy	../syntropy_project/models/model_35	../syntropy_project/models/model_35	neutral	0.3420197069644928	0.313914030790329	0.17152181267738342	0.3420197069644928	0.07309778034687042	0.08259864151477814	0.0033389818854629993	0.003102042945101857	0.0031894000712782145	0.003909576218575239	0.0018735869089141488	0.0008775645401328802	0.000556929677259177
1123	neutral	../syntropy_project/models/model_35	../syntropy_project/models/model_35	neutral	0.3986092507839203	0.38353148102760315	0.12842127680778503	0.3986092507839203	0.046498529613018036	0.028324048966169357	0.0024527867790311575	0.00409687077626586	0.00395849859341979	0.0012328746961429715	0.0012426420580595732	0.001439036219380796	0.00019270190387032926
87	joy	../syntropy_project/models/model_35	../syntropy_project/models/model_35	joy	0.39685964584350586	0.39685964584350586	0.13722451031208038	0.2909124493598938	0.14608629047870636	0.01390159036964178	0.0016112191369757056	0.005578655283898115	0.0022063893266022205	0.0012331127654761076	0.0009757330408319831	0.0026678733993321657	0.0007424408686347306
330	excitement	../syntropy_project/models/model_35	../syntropy_project/models/model_35	excitement	0.5086195468902588	0.25717049837112427	0.5086195468902588	0.11068370938301086	0.08868911117315292	0.026408396661281586	0.0010024897055700421	0.0016304557211697102	0.0010973266325891018	0.0008256674045696855	0.00044350611278787255	0.002990222303196788	0.0004391184193082154
1238	confusion	../syntropy_project/models/model_35	../syntropy_project/models/model_35	joy	0.4020636975765228	0.4020636975765228	0.16621364653110504	0.31627240777015686	0.08312460035085678	0.019197195768356323	0.0022599156945943832	0.003147076116874814	0.0034937295131385326	0.0012577557936310768	0.0009601005585864186	0.001701654284261167	0.0003081785689573735
466	surprise	../syntropy_project/models/model_35	../syntropy_project/models/model_35	neutral	0.47172966599464417	0.29787495732307434	0.05590294301509857	0.47172966599464417	0.06805276870727539	0.042347244918346405	0.006701201666146517	0.02580556645989418	0.012374445796012878	0.004473888780921698	0.004890217445790768	0.008143607527017593	0.0017035759519785643
121	sadness	../syntropy_project/models/model_35	../syntropy_project/models/model_35	nervousness	0.4518764317035675	0.016390638425946236	0.01124472264200449	0.05174259468913078	0.11326400935649872	0.010700222104787827	0.08657751232385635	0.041526470333337784	0.06606843322515488	0.034465815871953964	0.018582040444016457	0.4518764317035675	0.09756109118461609
1044	neutral	../syntropy_project/models/model_35	../syntropy_project/models/model_35	nervousness	0.4848039448261261	0.0640077143907547	0.039291370660066605	0.11109653860330582	0.08878831565380096	0.01597711257636547	0.027163924649357796	0.07512766867876053	0.03638523072004318	0.01224539801478386	0.03582350164651871	0.4848039448261261	0.009289290755987167
1095	pride	../syntropy_project/models/model_35	../syntropy_project/models/model_35	pride	0.638681948184967	0.08993333578109741	0.11287903785705566	0.11469017714262009	0.638681948184967	0.014416109770536423	0.0025100610218942165	0.002230849349871278	0.0020234507974237204	0.001020920928567648	0.0012079188600182533	0.018789900466799736	0.0016162276733666658
1130	neutral	../syntropy_project/models/model_35	../syntropy_project/models/model_35	joy	0.32657673954963684	0.32657673954963684	0.2407667189836502	0.2636849284172058	0.1371927410364151	0.020817574113607407	0.0016355202533304691	0.0027354254852980375	0.001544120372273028	0.0010572508908808231	0.0012619278859347105	0.002191636012867093	0.0005354377208277583
860	excitement	../syntropy_project/models/model_35	../syntropy_project/models/model_35	pride	0.7651748061180115	0.05674421042203903	0.11632683873176575	0.040947575122117996	0.7651748061180115	0.005482283886522055	0.001982178073376417	0.002014451427385211	0.0006969875539653003	0.0009852525545284152	0.0006563071510754526	0.007518192753195763	0.001470868824981153
1126	neutral	../syntropy_project/models/model_35	../syntropy_project/models/model_35	pride	0.3886527121067047	0.31219038367271423	0.09580961614847183	0.16743168234825134	0.3886527121067047	0.017031528055667877	0.0027749179862439632	0.006822350900620222	0.0017918447265401483	0.001172067248262465	0.0013198546366766095	0.004109204281121492	0.0008938340470194817
