textid	target	model	tokenizer	predicted	prob	excitement	joy	neutral	surprise	sadness	fear	disgust	pride	embarrassment	confusion	nervousness	anger
43	joy	../syntropy_project/models/model1_0	../syntropy_project/models/model1_0	excitement	0.3396332859992981	0.3396332859992981	0.22046592831611633	0.2123638540506363	0.09743499010801315	0.09349825233221054	0.008566963486373425	0.007975831627845764	0.006734397727996111	0.006380941718816757	0.004609592724591494	0.0022236849181354046	0.00011220613669138402
1160	pride	../syntropy_project/models/model1_0	../syntropy_project/models/model1_0	joy	0.9698500037193298	0.008858376182615757	0.9698500037193298	0.011045063845813274	0.000268936826614663	0.0036260606721043587	0.00010071002907352522	0.00014747094246558845	0.004416127689182758	0.000673342146910727	0.0006574751459993422	0.0002536376123316586	0.0001027220205287449
128	joy	../syntropy_project/models/model1_0	../syntropy_project/models/model1_0	sadness	0.32608604431152344	0.08402562141418457	0.2892877757549286	0.13958700001239777	0.002070180606096983	0.32608604431152344	0.004605194088071585	0.002678087679669261	0.12368334084749222	0.0013718826230615377	0.0017534809885546565	0.015507043339312077	0.009344321675598621
1232	neutral	../syntropy_project/models/model1_0	../syntropy_project/models/model1_0	neutral	0.6427351832389832	0.04711898788809776	0.03776304051280022	0.6427351832389832	0.18827025592327118	0.016245918348431587	0.008350982330739498	0.004668741952627897	0.008070198819041252	0.019638126716017723	0.024870356544852257	0.0015863741282373667	0.0006818427937105298
1193	pride	../syntropy_project/models/model1_0	../syntropy_project/models/model1_0	joy	0.9146543741226196	0.05964646115899086	0.9146543741226196	0.005173163954168558	0.0014004469849169254	0.0037445002235472202	0.00019442268239799887	0.0001487305125920102	0.012715579941868782	0.0010586559073999524	0.0005568850901909173	0.0003453007957432419	0.00036151029053144157
693	neutral	../syntropy_project/models/model1_0	../syntropy_project/models/model1_0	nervousness	0.6643564105033875	0.17944784462451935	0.054709818214178085	0.026744700968265533	0.003365264507010579	0.0362677164375782	0.012798899784684181	0.001357090543024242	0.009625686332583427	0.001971128862351179	0.004128465428948402	0.6643564105033875	0.005226928275078535
1132	neutral	../syntropy_project/models/model1_0	../syntropy_project/models/model1_0	joy	0.40295130014419556	0.029165858402848244	0.40295130014419556	0.3202950954437256	0.003785684471949935	0.20093415677547455	0.0015696561895310879	0.0025886264629662037	0.011863486841320992	0.007158477790653706	0.01468693371862173	0.003414947772398591	0.0015856829704716802
859	joy	../syntropy_project/models/model1_0	../syntropy_project/models/model1_0	joy	0.975896418094635	0.01727665401995182	0.975896418094635	0.0036730170249938965	0.00011853104660985991	0.0011068034218624234	2.876732833101414e-05	4.131535024498589e-05	0.0013761786976829171	0.00013560069783125073	0.00026303608319722116	4.182871998636983e-05	4.1815121221588925e-05
534	surprise	../syntropy_project/models/model1_0	../syntropy_project/models/model1_0	excitement	0.9832637906074524	0.9832637906074524	0.012691210955381393	0.0019797743298113346	0.00041713836253620684	0.00029430980794131756	5.675397551385686e-05	1.760493432811927e-05	0.0008149943314492702	3.687452044687234e-05	6.958504673093557e-05	0.0003116061561740935	4.629871909855865e-05
778	excitement	../syntropy_project/models/model1_0	../syntropy_project/models/model1_0	joy	0.9041116237640381	0.06024900823831558	0.9041116237640381	0.017164321616292	0.0022971159778535366	0.002062453655526042	0.00042461606790311635	0.0002649537636898458	0.01160038448870182	0.0007776381098665297	0.000526614545378834	0.00044205880840308964	7.928792183520272e-05
367	pride	../syntropy_project/models/model1_0	../syntropy_project/models/model1_0	pride	0.8034799695014954	0.009520065039396286	0.18197070062160492	0.00044687569607049227	0.00024196317826863378	0.00036744147655554116	4.295096732676029e-05	7.104755059117451e-05	0.8034799695014954	0.0021340218372642994	6.108739034971222e-05	0.0012554381974041462	0.0004084893153049052
361	excitement	../syntropy_project/models/model1_0	../syntropy_project/models/model1_0	joy	0.541121244430542	0.41495150327682495	0.541121244430542	0.018201647326350212	0.008286390453577042	0.001683914102613926	0.0006098787998780608	0.0006486998172476888	0.00787723995745182	0.002769599901512265	0.0028187015559524298	0.0007421066984534264	0.0002891242620535195
721	excitement	../syntropy_project/models/model1_0	../syntropy_project/models/model1_0	joy	0.837435781955719	0.1268872618675232	0.837435781955719	0.00799927394837141	0.001899720635265112	0.0008724679355509579	0.0001903223164845258	0.0001313575339736417	0.020796742290258408	0.0012272597523406148	0.002036196878179908	0.00026760846958495677	0.0002560619614087045
873	pride	../syntropy_project/models/model1_0	../syntropy_project/models/model1_0	pride	0.5696831941604614	0.024805862456560135	0.37705326080322266	0.0012393571669235826	0.00024586875224485993	0.0029679795261472464	0.00035177363315597177	0.0002326650865143165	0.5696831941604614	0.00814577005803585	0.00013165526615921408	0.013252504169940948	0.0018900553695857525
636	neutral	../syntropy_project/models/model1_0	../syntropy_project/models/model1_0	joy	0.8713412880897522	0.09220212697982788	0.8713412880897522	0.008410715498030186	0.002395973540842533	0.006539130583405495	0.000357733981218189	0.00022180465748533607	0.011403803713619709	0.0013874088181182742	0.001231882139109075	0.004158744588494301	0.0003494450938887894
123	excitement	../syntropy_project/models/model1_0	../syntropy_project/models/model1_0	pride	0.952326774597168	0.011266808956861496	0.03090825490653515	0.0005784151144325733	0.0005413751350715756	0.0003571217821445316	9.990123362513259e-05	0.00013858304009772837	0.952326774597168	0.0027131340466439724	0.00011214901314815506	0.0006036795675754547	0.0003537335433065891
328	confusion	../syntropy_project/models/model1_0	../syntropy_project/models/model1_0	sadness	0.7682013511657715	0.006731029599905014	0.009488481096923351	0.11361490935087204	0.005597435869276524	0.7682013511657715	0.041525810956954956	0.01261497288942337	0.0021750659216195345	0.006852319464087486	0.00454134214669466	0.02696056291460991	0.001696722349151969
461	surprise	../syntropy_project/models/model1_0	../syntropy_project/models/model1_0	joy	0.6127535700798035	0.30330511927604675	0.6127535700798035	0.045546796172857285	0.027025749906897545	0.001383788650855422	0.0012415936216711998	0.001604040851816535	0.004071665462106466	0.0016524455277249217	0.0012593305436894298	8.930049807531759e-05	6.661396764684469e-05
247	joy	../syntropy_project/models/model1_0	../syntropy_project/models/model1_0	neutral	0.757357656955719	0.10135085880756378	0.038463495671749115	0.757357656955719	0.023229563608765602	0.04249100014567375	0.007304652594029903	0.003764634020626545	0.01518573984503746	0.0015992599073797464	0.0021135713905096054	0.006742710247635841	0.0003967777593061328
974	pride	../syntropy_project/models/model1_0	../syntropy_project/models/model1_0	joy	0.5689873695373535	0.2717314064502716	0.5689873695373535	0.11196856945753098	0.028255295008420944	0.003200545907020569	0.0010335169499740005	0.001150068361312151	0.009461847133934498	0.0018766681896522641	0.00206080824136734	0.00012425263412296772	0.0001495764299761504
409	excitement	../syntropy_project/models/model1_0	../syntropy_project/models/model1_0	joy	0.5233263969421387	0.4447818398475647	0.5233263969421387	0.009048180654644966	0.008819743990898132	0.00523114949464798	0.00012526407954283059	0.0002746750833466649	0.00673993956297636	0.0005514810909517109	0.00036764773540198803	0.0005365797551348805	0.00019709925982169807
51	confusion	../syntropy_project/models/model1_0	../syntropy_project/models/model1_0	embarrassment	0.976407527923584	6.140346158645116e-06	0.0003846206236630678	0.001182032865472138	4.44541874458082e-05	0.006745835766196251	0.0002731193380896002	0.010764626786112785	0.0006101990584284067	0.976407527923584	0.00201088422909379	0.0006034205434843898	0.0009671335574239492
155	surprise	../syntropy_project/models/model1_0	../syntropy_project/models/model1_0	joy	0.6671337485313416	0.3203677833080292	0.6671337485313416	0.004364697262644768	0.00023233404499478638	0.0017822760855779052	3.107036172877997e-05	8.38630148791708e-05	0.005265179090201855	0.00016648419841658324	8.965274901129305e-05	0.0002252634149044752	0.00025767998886294663
1248	excitement	../syntropy_project/models/model1_0	../syntropy_project/models/model1_0	joy	0.8696044683456421	0.06858059018850327	0.8696044683456421	0.04207954183220863	0.004211558494716883	0.0030691970605403185	0.00047358032315969467	0.00040948783862404525	0.00840870663523674	0.0005177384009584785	0.001191122573800385	0.0014034673804417253	5.0582410040078685e-05
231	excitement	../syntropy_project/models/model1_0	../syntropy_project/models/model1_0	neutral	0.7344056963920593	0.013892830349504948	0.08881834149360657	0.7344056963920593	0.003689615987241268	0.11026683449745178	0.004236772656440735	0.0019650044851005077	0.0057353246957063675	0.005313710309565067	0.02252073958516121	0.007175784558057785	0.0019793976098299026
1189	pride	../syntropy_project/models/model1_0	../syntropy_project/models/model1_0	pride	0.9198647141456604	0.0015958364820107818	0.059890106320381165	0.00044413318391889334	0.00012530195817817003	0.0005140648572705686	0.00021774516790173948	0.00013266481983009726	0.9198647141456604	0.010586518794298172	0.00015779974637553096	0.005387176293879747	0.0010838521411642432
210	pride	../syntropy_project/models/model1_0	../syntropy_project/models/model1_0	sadness	0.3037211298942566	0.08863497525453568	0.05407783389091492	0.06632101535797119	0.13406561315059662	0.3037211298942566	0.05359692499041557	0.007876579649746418	0.08401259779930115	0.047010984271764755	0.009925907477736473	0.13645905256271362	0.014297437854111195
63	pride	../syntropy_project/models/model1_0	../syntropy_project/models/model1_0	excitement	0.5484161972999573	0.5484161972999573	0.13679881393909454	0.15840910375118256	0.047464288771152496	0.0468415729701519	0.0032115131616592407	0.0012938245199620724	0.049081169068813324	0.004204094409942627	0.0013945914106443524	0.0027680855710059404	0.00011666312639135867
1045	neutral	../syntropy_project/models/model1_0	../syntropy_project/models/model1_0	nervousness	0.6911504864692688	0.0006550158723257482	0.0013972019078209996	0.0028308117762207985	0.0014710953691974282	0.016322962939739227	0.2719179391860962	0.0014764664229005575	0.0009039494907483459	0.00688747176900506	0.0029170915950089693	0.6911504864692688	0.002069618785753846
715	neutral	../syntropy_project/models/model1_0	../syntropy_project/models/model1_0	excitement	0.40175867080688477	0.40175867080688477	0.344815731048584	0.20414283871650696	0.009275481104850769	0.015122382901608944	0.0010258931433781981	0.0007451401907019317	0.010999448597431183	0.0033308479469269514	0.002324457513168454	0.006008465308696032	0.00045059173135086894
23	joy	../syntropy_project/models/model1_0	../syntropy_project/models/model1_0	joy	0.9581221342086792	0.006893543526530266	0.9581221342086792	0.007734308950603008	0.0004965038970112801	0.016269400715827942	0.00014065402501728386	0.0002904771245084703	0.006596255581825972	0.0013078334741294384	0.000861554522998631	0.0011448328150436282	0.00014253516565077007
265	excitement	../syntropy_project/models/model1_0	../syntropy_project/models/model1_0	joy	0.8302905559539795	0.062108125537633896	0.8302905559539795	0.02088416926562786	0.0012110655661672354	0.0672420859336853	0.0014648556243628263	0.0008365660905838013	0.00738539919257164	0.0016225929139181972	0.002250869059935212	0.0039013950154185295	0.0008022476104088128
1265	excitement	../syntropy_project/models/model1_0	../syntropy_project/models/model1_0	joy	0.9869447350502014	0.008290686644613743	0.9869447350502014	0.0018506529740989208	9.681615483714268e-05	0.0009887972846627235	1.1298888239252847e-05	2.7741571102524176e-05	0.0015074382536113262	0.00011356711911503226	9.302863327320665e-05	5.542114013223909e-05	1.9755118046305142e-05
76	joy	../syntropy_project/models/model1_0	../syntropy_project/models/model1_0	joy	0.9691042304039001	0.015959864482283592	0.9691042304039001	0.0025545794051140547	0.00029025503317825496	0.0039062052965164185	6.68189677526243e-05	5.205668639973737e-05	0.0068865190260112286	0.00024460299755446613	0.0002271477715112269	0.0006368554895743728	7.082734373398125e-05
996	joy	../syntropy_project/models/model1_0	../syntropy_project/models/model1_0	neutral	0.32574382424354553	0.19198334217071533	0.3158843517303467	0.32574382424354553	0.022486014291644096	0.07081017643213272	0.004820880014449358	0.01004765834659338	0.026127351447939873	0.008581755682826042	0.0056649851612746716	0.009717140346765518	0.008132466115057468
192	neutral	../syntropy_project/models/model1_0	../syntropy_project/models/model1_0	joy	0.6647615432739258	0.04761618375778198	0.6647615432739258	0.21728633344173431	0.006361725740134716	0.016746647655963898	0.0043722400441765785	0.004177387338131666	0.01365235447883606	0.006007308140397072	0.013573668897151947	0.0042479210533201694	0.0011966886231675744
209	pride	../syntropy_project/models/model1_0	../syntropy_project/models/model1_0	joy	0.9308600425720215	0.035302113741636276	0.9308600425720215	0.007153141312301159	0.0003514966228976846	0.0035827872343361378	0.00012853533553425223	0.00015939556760713458	0.019503561779856682	0.0009033014066517353	0.0004746638878714293	0.0013106591068208218	0.0002703413483686745
332	neutral	../syntropy_project/models/model1_0	../syntropy_project/models/model1_0	joy	0.8199107050895691	0.10432573407888412	0.8199107050895691	0.016214728355407715	0.010030358098447323	0.02619815617799759	0.002043513348326087	0.0005443073459900916	0.006098384037613869	0.002207033336162567	0.004493661690503359	0.007763872854411602	0.00016967392002698034
618	joy	../syntropy_project/models/model1_0	../syntropy_project/models/model1_0	excitement	0.41653701663017273	0.41653701663017273	0.30148425698280334	0.22972513735294342	0.02223752811551094	0.013722961768507957	0.0015230643330141902	0.0011192149249836802	0.008129643276333809	0.0015284320106729865	0.0028350830543786287	0.0007879257900640368	0.0003697052597999573
1124	excitement	../syntropy_project/models/model1_0	../syntropy_project/models/model1_0	neutral	0.7307591438293457	0.20719937980175018	0.01966049149632454	0.7307591438293457	0.026232562959194183	0.007964563556015491	0.0017913407646119595	0.0018840472912415862	0.0006122874328866601	0.0006451969966292381	0.002715114038437605	0.0002965994644910097	0.0002393160102656111
101	surprise	../syntropy_project/models/model1_0	../syntropy_project/models/model1_0	joy	0.7343224883079529	0.1527545303106308	0.7343224883079529	0.08083482086658478	0.00739783700555563	0.015246890485286713	0.00054052600171417	0.0004575496132019907	0.005650724750012159	0.0008941086125560105	0.0011652219109237194	0.0006399034755304456	9.555597353028134e-05
585	excitement	../syntropy_project/models/model1_0	../syntropy_project/models/model1_0	excitement	0.9584401845932007	0.9584401845932007	0.03503567725419998	0.0017782744253054261	0.0006908631767146289	0.000287207163637504	5.6433109421050176e-05	8.62103042891249e-05	0.0013030931586399674	0.00010969932918669656	0.00017410179134458303	0.0007993620238266885	0.0012388998875394464
425	pride	../syntropy_project/models/model1_0	../syntropy_project/models/model1_0	joy	0.8687252998352051	0.024990858510136604	0.8687252998352051	0.027700794860720634	0.0005807658890262246	0.0026674624532461166	0.00031062791822478175	0.00023971711925696582	0.0688876286149025	0.0021263041999191046	0.001816930016502738	0.0007528653368353844	0.0012007548939436674
1133	joy	../syntropy_project/models/model1_0	../syntropy_project/models/model1_0	joy	0.5540690422058105	0.08426636457443237	0.5540690422058105	0.05202089995145798	0.009156246669590473	0.023699169978499413	0.0029423688538372517	0.001236754353158176	0.16881918907165527	0.039356812834739685	0.027960874140262604	0.03489737585186958	0.0015749838203191757
1164	neutral	../syntropy_project/models/model1_0	../syntropy_project/models/model1_0	neutral	0.9451174736022949	0.032294418662786484	0.006045028567314148	0.9451174736022949	0.010360758751630783	0.0029757877346128225	0.0011750638950616121	0.000684117607306689	0.00036240380723029375	7.846267544664443e-05	0.0008044131100177765	7.71583872847259e-05	2.4986577045638114e-05
893	joy	../syntropy_project/models/model1_0	../syntropy_project/models/model1_0	joy	0.8493050932884216	0.11193428188562393	0.8493050932884216	0.006777465809136629	0.003925237338989973	0.01113850437104702	0.0006899238796904683	0.0002688932290766388	0.009313195943832397	0.0011567242909222841	0.0008810285944491625	0.0044761826284229755	0.00013355353439692408
519	joy	../syntropy_project/models/model1_0	../syntropy_project/models/model1_0	neutral	0.7662028074264526	0.09597500413656235	0.09685240685939789	0.7662028074264526	0.00617113197222352	0.014447621069848537	0.00414607860147953	0.003734597936272621	0.0032312762923538685	0.0007024875958450139	0.006890371907502413	0.0007474355516023934	0.0008987553883343935
1070	excitement	../syntropy_project/models/model1_0	../syntropy_project/models/model1_0	joy	0.8510276675224304	0.09486448019742966	0.8510276675224304	0.02737649902701378	0.01095789298415184	0.004379714373499155	0.000686806277371943	0.0015463329618796706	0.004959516692906618	0.0022638211958110332	0.0011275633005425334	0.0007108360296115279	9.889001375995576e-05
1022	pride	../syntropy_project/models/model1_0	../syntropy_project/models/model1_0	joy	0.8477890491485596	0.0759650245308876	0.8477890491485596	0.04622941091656685	0.005138857290148735	0.009237570688128471	0.000511266989633441	0.0006569364340975881	0.008669225499033928	0.0017505661817267537	0.0027808162849396467	0.0010098932543769479	0.0002613340620882809
168	joy	../syntropy_project/models/model1_0	../syntropy_project/models/model1_0	sadness	0.6545454859733582	0.006075614131987095	0.0056346748024225235	0.048608504235744476	0.009473088197410107	0.6545454859733582	0.15542618930339813	0.03150531277060509	0.0021393983624875546	0.010453966446220875	0.006524404510855675	0.048396237194538116	0.02121703140437603
435	disgust	../syntropy_project/models/model1_0	../syntropy_project/models/model1_0	disgust	0.6352245211601257	0.0011900307144969702	0.0017667071660980582	0.00839660968631506	0.0023854358587414026	0.15968520939350128	0.1262466460466385	0.6352245211601257	0.0008227296639233828	0.04394862800836563	0.0020434053149074316	0.00955662876367569	0.008733457885682583
1149	joy	../syntropy_project/models/model1_0	../syntropy_project/models/model1_0	joy	0.977924108505249	0.013848337344825268	0.977924108505249	0.0022285347804427147	0.00044004779192619026	0.00138517701998353	5.135863466421142e-05	0.00013035282609052956	0.0033721879590302706	0.00032617076067253947	0.0001614248176338151	8.126669854391366e-05	5.108254845254123e-05
282	pride	../syntropy_project/models/model1_0	../syntropy_project/models/model1_0	joy	0.7082012295722961	0.16754360496997833	0.7082012295722961	0.03165940195322037	0.015752188861370087	0.033929020166397095	0.0021828606259077787	0.0018142947228625417	0.020543087273836136	0.004303506575524807	0.004115893039852381	0.00464929174631834	0.005305618513375521
941	neutral	../syntropy_project/models/model1_0	../syntropy_project/models/model1_0	neutral	0.44524437189102173	0.004910225979983807	0.04992871731519699	0.44524437189102173	0.009263957850635052	0.373859167098999	0.014641600660979748	0.003642195602878928	0.0037180769722908735	0.011684613302350044	0.04605267196893692	0.036530300974845886	0.0005241311737336218
1233	excitement	../syntropy_project/models/model1_0	../syntropy_project/models/model1_0	pride	0.9940875768661499	0.0011440840316936374	0.0016314511885866523	7.560008816653863e-05	0.00016927583783399314	6.54161922284402e-05	2.7862688511959277e-05	8.665220229886472e-05	0.9940875768661499	0.0017610358772799373	4.128864384256303e-05	0.000609886075835675	0.0002999360440298915
643	joy	../syntropy_project/models/model1_0	../syntropy_project/models/model1_0	joy	0.9845447540283203	0.008133272640407085	0.9845447540283203	0.001827432308346033	0.00010895229934249073	0.0012183027574792504	2.7265807148069143e-05	3.0070057619013824e-05	0.0037017434369772673	0.00016008979582693428	0.000119140422611963	9.46218497119844e-05	3.435254984651692e-05
885	neutral	../syntropy_project/models/model1_0	../syntropy_project/models/model1_0	excitement	0.9770967364311218	0.9770967364311218	0.013243104331195354	0.002959624631330371	0.0006214723689481616	0.00029808422550559044	4.012954013887793e-05	6.793034117436036e-05	0.0014100276166573167	0.00016331269580405205	0.0009136817534454167	0.0030512732919305563	0.00013453351857606322
1234	fear	../syntropy_project/models/model1_0	../syntropy_project/models/model1_0	sadness	0.44923004508018494	0.008225555531680584	0.017559945583343506	0.2898598611354828	0.02546478435397148	0.44923004508018494	0.02225152961909771	0.00552135007455945	0.0031418909784406424	0.01750038005411625	0.11140774935483932	0.045373640954494476	0.004463194403797388
413	neutral	../syntropy_project/models/model1_0	../syntropy_project/models/model1_0	joy	0.7407052516937256	0.14019256830215454	0.7407052516937256	0.03692776337265968	0.04686504229903221	0.004648307804018259	0.0034743305295705795	0.0017414407338947058	0.016150226816534996	0.002949661109596491	0.004916694480925798	0.0013077249750494957	0.00012104442430427298
196	neutral	../syntropy_project/models/model1_0	../syntropy_project/models/model1_0	joy	0.5719678997993469	0.07373479008674622	0.5719678997993469	0.27895253896713257	0.015104423277080059	0.02243240363895893	0.00240139989182353	0.002585134468972683	0.012674875557422638	0.0073409671895205975	0.010366273112595081	0.0016315204557031393	0.0008077420643530786
438	excitement	../syntropy_project/models/model1_0	../syntropy_project/models/model1_0	pride	0.941653311252594	0.006124766077846289	0.043996475636959076	0.0005703544011339545	0.0003068269288633019	0.00047026656102389097	8.359870844287798e-05	0.00020465684065129608	0.941653311252594	0.004499547183513641	0.0001734119578031823	0.0014316089218482375	0.0004852119891438633
660	neutral	../syntropy_project/models/model1_0	../syntropy_project/models/model1_0	joy	0.9624370336532593	0.028241796419024467	0.9624370336532593	0.0038406001403927803	0.0003092499100603163	0.0016235270304605365	5.101098577142693e-05	5.738716572523117e-05	0.002592522418126464	0.00030591883114539087	0.00027808386948890984	0.00018781263497658074	7.500989886466414e-05
1260	neutral	../syntropy_project/models/model1_0	../syntropy_project/models/model1_0	joy	0.35668671131134033	0.1063181608915329	0.35668671131134033	0.11361674964427948	0.029968516901135445	0.30848389863967896	0.007151023019105196	0.003201734973117709	0.0033857286907732487	0.004712122492492199	0.018925409764051437	0.0462191179394722	0.0013307830085977912
695	nervousness	../syntropy_project/models/model1_0	../syntropy_project/models/model1_0	surprise	0.8189747929573059	0.12418879568576813	0.012869074940681458	0.03136781230568886	0.8189747929573059	0.0013688101898878813	0.0008333610603585839	0.00025033982819877565	0.004286385141313076	0.002566545968875289	0.002702953526750207	0.00038798360037617385	0.00020312907872721553
892	joy	../syntropy_project/models/model1_0	../syntropy_project/models/model1_0	excitement	0.388632595539093	0.388632595539093	0.2504470944404602	0.34229013323783875	0.0022065008524805307	0.004999916534870863	0.0005801959778182209	0.0015206565149128437	0.005959459114819765	0.0011219854932278395	0.0008302672649733722	0.0006102019688114524	0.0008010767633095384
220	joy	../syntropy_project/models/model1_0	../syntropy_project/models/model1_0	sadness	0.8217428922653198	0.004360987339168787	0.0155504634603858	0.05735982954502106	0.0021750794257968664	0.8217428922653198	0.016769735142588615	0.01597404107451439	0.003678112057968974	0.02530391328036785	0.004111310932785273	0.011232820339500904	0.02174081839621067
889	pride	../syntropy_project/models/model1_0	../syntropy_project/models/model1_0	neutral	0.43533408641815186	0.28777018189430237	0.19703911244869232	0.43533408641815186	0.04532051086425781	0.010356910526752472	0.0021828969474881887	0.002725551137700677	0.006492206361144781	0.003909002058207989	0.007570174057036638	0.0011316606542095542	0.00016780354781076312
528	neutral	../syntropy_project/models/model1_0	../syntropy_project/models/model1_0	joy	0.9606938362121582	0.020229263231158257	0.9606938362121582	0.008554712869226933	8.22825386421755e-05	0.0017000386724248528	9.98149553197436e-05	9.814468648983166e-05	0.006951325573027134	0.0004932563751935959	0.000692755333147943	0.00022684210853185505	0.00017777147877495736
478	excitement	../syntropy_project/models/model1_0	../syntropy_project/models/model1_0	joy	0.9145188927650452	0.07140738517045975	0.9145188927650452	0.0036758168134838343	0.000562360801268369	0.002606198890134692	9.540135943097994e-05	7.361465395661071e-05	0.004983276594430208	0.00038509408477693796	0.0002068616304313764	0.001338786561973393	0.00014631758676841855
620	excitement	../syntropy_project/models/model1_0	../syntropy_project/models/model1_0	joy	0.7535319328308105	0.23760053515434265	0.7535319328308105	0.002383643761277199	0.0006545903161168098	0.0011053383350372314	9.290265006711707e-05	7.518600614275783e-05	0.003106597810983658	0.0002443516568746418	0.00030444469302892685	0.0007355231209658086	0.0001649951154831797
270	neutral	../syntropy_project/models/model1_0	../syntropy_project/models/model1_0	joy	0.6357646584510803	0.09667983651161194	0.6357646584510803	0.18785707652568817	0.0028331829234957695	0.018731992691755295	0.0028293055947870016	0.001851760665886104	0.01714469864964485	0.0017450732411816716	0.0027316687628626823	0.03017278015613556	0.0016580107621848583
261	neutral	../syntropy_project/models/model1_0	../syntropy_project/models/model1_0	joy	0.955639123916626	0.031839799135923386	0.955639123916626	0.002906251000240445	0.00014158709382172674	0.0028417313005775213	3.7558478652499616e-05	5.48804528079927e-05	0.00585155701264739	0.0001290032232645899	0.0002311770076630637	0.0002623626496642828	6.50372967356816e-05
81	pride	../syntropy_project/models/model1_0	../syntropy_project/models/model1_0	joy	0.9949767589569092	0.003169929375872016	0.9949767589569092	0.0007496917387470603	7.070990977808833e-05	0.00022083437943365425	1.6696589227649383e-05	1.6421843611169606e-05	0.0005901023396290839	5.3215455409372225e-05	0.00011434219049988315	1.096659070753958e-05	1.0392449439677875e-05
1135	embarrassment	../syntropy_project/models/model1_0	../syntropy_project/models/model1_0	sadness	0.851376473903656	0.0013360583689063787	0.002077959943562746	0.00854245200753212	0.004728177096694708	0.851376473903656	0.010495522990822792	0.08162571489810944	0.00038182767457328737	0.023527134209871292	0.005065542180091143	0.0032317170407623053	0.0076113794930279255
78	pride	../syntropy_project/models/model1_0	../syntropy_project/models/model1_0	neutral	0.8438000679016113	0.04838978871703148	0.019534924998879433	0.8438000679016113	0.015254687517881393	0.00924526434391737	0.003995460923761129	0.005513788666576147	0.013078821823000908	0.002018001629039645	0.0043810028582811356	0.004475015681236982	0.0303132813423872
599	joy	../syntropy_project/models/model1_0	../syntropy_project/models/model1_0	sadness	0.695656418800354	0.005593324080109596	0.046708252280950546	0.019210534170269966	0.0005641169846057892	0.695656418800354	0.0026241422165185213	0.006326375063508749	0.013362209312617779	0.012687133625149727	0.0032536068465560675	0.1704632043838501	0.02355066128075123
551	excitement	../syntropy_project/models/model1_0	../syntropy_project/models/model1_0	sadness	0.28984493017196655	0.02457859367132187	0.060914408415555954	0.22039832174777985	0.006601349916309118	0.28984493017196655	0.09196953475475311	0.14832867681980133	0.01092533115297556	0.028201131150126457	0.031959760934114456	0.05772678181529045	0.0285511277616024
58	surprise	../syntropy_project/models/model1_0	../syntropy_project/models/model1_0	joy	0.8943282961845398	0.0594291090965271	0.8943282961845398	0.025949202477931976	0.0017301170155405998	0.002236967906355858	0.0002570141514297575	0.0003843639569822699	0.012814515270292759	0.001200788072310388	0.0011311664711683989	0.00030880136182531714	0.0002296204911544919
1108	nervousness	../syntropy_project/models/model1_0	../syntropy_project/models/model1_0	anger	0.8488233685493469	0.00048261627671308815	0.0014052967308089137	0.015195932239294052	0.00023091744515113533	0.06350478529930115	0.0005006269202567637	0.03840724751353264	0.0015960587188601494	0.016469823196530342	0.001857583411037922	0.011525724083185196	0.8488233685493469
464	pride	../syntropy_project/models/model1_0	../syntropy_project/models/model1_0	joy	0.9657229781150818	0.020069407299160957	0.9657229781150818	0.005083045922219753	0.00018641629139892757	0.004610935691744089	7.927839033072814e-05	5.697028973372653e-05	0.003143948968499899	0.00025686054141260684	0.000342925195582211	0.00037111970596015453	7.613142224727198e-05
700	nervousness	../syntropy_project/models/model1_0	../syntropy_project/models/model1_0	nervousness	0.839855968952179	0.007822799496352673	0.005941552110016346	0.004371045157313347	0.0011382626835256815	0.0362321101129055	0.008932337164878845	0.001998182153329253	0.05753477290272713	0.021237751469016075	0.002963859820738435	0.839855968952179	0.011971388943493366
1247	disgust	../syntropy_project/models/model1_0	../syntropy_project/models/model1_0	sadness	0.564090371131897	0.0011001043021678925	0.0029850027058273554	0.014088287018239498	0.0011691217077896	0.564090371131897	0.0073433793149888515	0.020191367715597153	0.0011204745387658477	0.004668581765145063	0.003615856636315584	0.014702475629746914	0.36492496728897095
423	pride	../syntropy_project/models/model1_0	../syntropy_project/models/model1_0	joy	0.9839438199996948	0.009525277651846409	0.9839438199996948	0.0013514471938833594	0.0001307983766309917	0.0005267624510452151	4.321544474805705e-05	4.9720325478119776e-05	0.0035700465086847544	0.000341377395670861	0.00038768138620071113	8.843848627293482e-05	4.137828364036977e-05
49	joy	../syntropy_project/models/model1_0	../syntropy_project/models/model1_0	excitement	0.4051784574985504	0.4051784574985504	0.31010496616363525	0.061824627220630646	0.08402393758296967	0.04460341855883598	0.008384758606553078	0.001981426030397415	0.025941412895917892	0.006259997375309467	0.006159340497106314	0.04411016032099724	0.0014275175053626299
289	surprise	../syntropy_project/models/model1_0	../syntropy_project/models/model1_0	sadness	0.5245970487594604	0.009043771773576736	0.015540109016001225	0.14293211698532104	0.03183366730809212	0.5245970487594604	0.008524861186742783	0.009935928508639336	0.002354287775233388	0.04174995422363281	0.1950739622116089	0.017795713618397713	0.0006185098318383098
1161	excitement	../syntropy_project/models/model1_0	../syntropy_project/models/model1_0	sadness	0.5167423486709595	0.008302487432956696	0.059953153133392334	0.08222873508930206	0.0011815093457698822	0.5167423486709595	0.003933203872293234	0.015490399673581123	0.011773403733968735	0.020214376971125603	0.009279812686145306	0.15018002688884735	0.1207205206155777
809	excitement	../syntropy_project/models/model1_0	../syntropy_project/models/model1_0	excitement	0.9960078597068787	0.9960078597068787	0.002376559656113386	0.000668120279442519	0.0004991752211935818	3.638654015958309e-05	1.3415190551313572e-05	1.2274726941541303e-05	0.00013540530926547945	8.134249583235942e-06	3.299392483313568e-05	0.00018970674136653543	1.998979496420361e-05
462	joy	../syntropy_project/models/model1_0	../syntropy_project/models/model1_0	joy	0.8972256779670715	0.06000162661075592	0.8972256779670715	0.027535032480955124	0.002371762879192829	0.0035579856485128403	0.00025957051548175514	0.00035474009928293526	0.0068056173622608185	0.0005551392096094787	0.000953701208345592	0.0002580380532890558	0.00012111763498978689
439	excitement	../syntropy_project/models/model1_0	../syntropy_project/models/model1_0	joy	0.6126828193664551	0.21777218580245972	0.6126828193664551	0.13780437409877777	0.005019980948418379	0.009491391479969025	0.0004739094583783299	0.0014508268795907497	0.007792241871356964	0.0015355567447841167	0.00480289151892066	0.0007458110339939594	0.0004280816938262433
355	neutral	../syntropy_project/models/model1_0	../syntropy_project/models/model1_0	joy	0.7032747864723206	0.0999070331454277	0.7032747864723206	0.03370816633105278	0.005488106049597263	0.11743811517953873	0.0028389981016516685	0.002608630806207657	0.008824278600513935	0.005046236794441938	0.0038488516584038734	0.016735559329390526	0.00028130284044891596
428	joy	../syntropy_project/models/model1_0	../syntropy_project/models/model1_0	joy	0.9720304012298584	0.015649106353521347	0.9720304012298584	0.002545425668358803	0.000280472420854494	0.002711358480155468	3.0783001420786604e-05	5.807736306451261e-05	0.006016883067786694	0.00026443906244821846	0.0001714406826067716	0.00014681799802929163	9.484835027251393e-05
422	pride	../syntropy_project/models/model1_0	../syntropy_project/models/model1_0	joy	0.9000057578086853	0.057745032012462616	0.9000057578086853	0.005072772037237883	0.00036540068686008453	0.02752281352877617	9.295192285208032e-05	0.00011854664626298472	0.007246476598083973	0.00032827656832523644	0.00023646227782592177	0.0011166203767061234	0.0001489893184043467
374	excitement	../syntropy_project/models/model1_0	../syntropy_project/models/model1_0	joy	0.9610397815704346	0.030997060239315033	0.9610397815704346	0.0015678736381232738	0.00011718821770045906	0.0014369009295478463	1.907588739413768e-05	3.166009264532477e-05	0.004396809730678797	0.00010868662502616644	7.398005982395262e-05	0.0001509397552581504	6.0028924053767696e-05
1084	nervousness	../syntropy_project/models/model1_0	../syntropy_project/models/model1_0	sadness	0.43933871388435364	0.0009886502521112561	0.0046597011387348175	0.036460030823946	0.0007033175206743181	0.43933871388435364	0.0028433604165911674	0.027737511321902275	0.003788985777646303	0.022122995927929878	0.01753360778093338	0.059927430003881454	0.3838956952095032
667	excitement	../syntropy_project/models/model1_0	../syntropy_project/models/model1_0	excitement	0.9959927797317505	0.9959927797317505	0.0020448944997042418	0.0006774906069040298	0.0010312853846699	3.377764005563222e-05	1.2940903616254218e-05	1.1681314390443731e-05	8.118026016745716e-05	8.95914217835525e-06	3.498585647321306e-05	6.310993194347247e-05	6.910693628014997e-06
666	disgust	../syntropy_project/models/model1_0	../syntropy_project/models/model1_0	anger	0.6477963328361511	0.0019790595397353172	0.002966020256280899	0.027761265635490417	0.0007226879824884236	0.04726380109786987	0.0012026848271489143	0.23444803059101105	0.002406364306807518	0.027234192937612534	0.004210873506963253	0.002008711453527212	0.6477963328361511
1037	excitement	../syntropy_project/models/model1_0	../syntropy_project/models/model1_0	excitement	0.488604336977005	0.488604336977005	0.01752287521958351	0.0008945644367486238	0.0029654628597199917	0.0002481350093148649	0.0001396930165356025	0.00015760168025735766	0.47921285033226013	0.002397677628323436	0.0003735846548806876	0.006464848760515451	0.0010183388367295265
1183	excitement	../syntropy_project/models/model1_0	../syntropy_project/models/model1_0	neutral	0.5484133958816528	0.021325839683413506	0.2653373181819916	0.5484133958816528	0.011245500296354294	0.07108647376298904	0.010297797620296478	0.011429422535002232	0.01618121564388275	0.011779126711189747	0.02142205275595188	0.006303378380835056	0.005178519524633884
714	neutral	../syntropy_project/models/model1_0	../syntropy_project/models/model1_0	excitement	0.8906804919242859	0.8906804919242859	0.10369975119829178	0.0015959842130541801	0.0021837432868778706	0.00019375208648853004	4.043622175231576e-05	4.046719550387934e-05	0.0009090934181585908	9.318846423411742e-05	0.0002339065249543637	0.0002662308397702873	6.303101690718904e-05
208	joy	../syntropy_project/models/model1_0	../syntropy_project/models/model1_0	joy	0.8559337258338928	0.07503361999988556	0.8559337258338928	0.05614498257637024	0.001178832957521081	0.00281033618375659	0.0001980676024686545	0.00024574497365392745	0.005426762159913778	0.0011238317238166928	0.0013954368187114596	0.0004724302561953664	3.624831515480764e-05
240	excitement	../syntropy_project/models/model1_0	../syntropy_project/models/model1_0	joy	0.5632196664810181	0.43183615803718567	0.5632196664810181	0.003072346793487668	0.0002117141120834276	0.0002460265823174268	4.30923500971403e-05	4.241160422679968e-05	0.0008493808563798666	6.986672815401107e-05	0.00023153310758061707	0.00012175842130091041	5.597728886641562e-05
999	neutral	../syntropy_project/models/model1_0	../syntropy_project/models/model1_0	joy	0.9328531622886658	0.06028372049331665	0.9328531622886658	0.0018092348473146558	0.00022910317056812346	0.0023037076462060213	4.6609988203272223e-05	9.637562470743433e-05	0.0011052793124690652	0.0003147904353681952	0.0003911627281922847	0.0004590921162161976	0.00010775025293696672
243	neutral	../syntropy_project/models/model1_0	../syntropy_project/models/model1_0	joy	0.8844428658485413	0.04844095930457115	0.8844428658485413	0.014991283416748047	0.001847446197643876	0.021688999608159065	0.0008987780893221498	0.00034679629607126117	0.018928902223706245	0.001003085053525865	0.0007681372808292508	0.005754885263741016	0.0008879080996848643
602	pride	../syntropy_project/models/model1_0	../syntropy_project/models/model1_0	pride	0.8374425172805786	0.0186186321079731	0.1359138786792755	0.000637764751445502	0.00048767882981337607	0.001045356155373156	0.0001600263058207929	0.000129243970150128	0.8374425172805786	0.003441376844421029	0.00024386090808548033	0.0011096925009042025	0.0007699164561927319
983	pride	../syntropy_project/models/model1_0	../syntropy_project/models/model1_0	joy	0.4967251420021057	0.3317037522792816	0.4967251420021057	0.08935888856649399	0.013957616873085499	0.007422606460750103	0.0008309148834086955	0.0006504061166197062	0.05296360328793526	0.0019379699369892478	0.0009453296079300344	0.002795242238789797	0.0007084524841047823
1061	neutral	../syntropy_project/models/model1_0	../syntropy_project/models/model1_0	joy	0.8655914664268494	0.04072839766740799	0.8655914664268494	0.013502188958227634	0.0005825129337608814	0.041470058262348175	0.0013947449624538422	0.00016919983318075538	0.031062616035342216	0.001000609016045928	0.000604076951276511	0.003409836906939745	0.00048436751239933074
984	excitement	../syntropy_project/models/model1_0	../syntropy_project/models/model1_0	excitement	0.985801637172699	0.985801637172699	0.011426017619669437	0.0010163503466174006	0.00041304342448711395	0.000158615832333453	3.57475109922234e-05	1.7701990145724267e-05	0.0005811949959024787	4.4018146581947803e-05	7.26258585928008e-05	0.00038299799780361354	5.0149923481512815e-05
765	joy	../syntropy_project/models/model1_0	../syntropy_project/models/model1_0	joy	0.9740922451019287	0.020397629588842392	0.9740922451019287	0.001114970538765192	0.00034811958903446794	0.0006115611759014428	3.159231710014865e-05	4.7727367928018793e-05	0.003029967425391078	0.000131536420667544	9.662927186582237e-05	6.107900117058307e-05	3.682995884446427e-05
174	pride	../syntropy_project/models/model1_0	../syntropy_project/models/model1_0	neutral	0.5918099880218506	0.024782126769423485	0.03651339188218117	0.5918099880218506	0.09408193081617355	0.0725904181599617	0.024225208908319473	0.014134129509329796	0.008183116093277931	0.012441806495189667	0.07402455061674118	0.04681514576077461	0.0003982201451435685
814	excitement	../syntropy_project/models/model1_0	../syntropy_project/models/model1_0	joy	0.8315913677215576	0.15504422783851624	0.8315913677215576	0.0014882296090945601	0.000333642732584849	0.0012009970378130674	8.06075258878991e-05	7.657692913198844e-05	0.009057505056262016	0.0002591802040114999	9.274843614548445e-05	0.0006239366484805942	0.00015110567619558424
994	pride	../syntropy_project/models/model1_0	../syntropy_project/models/model1_0	joy	0.6261865496635437	0.2423212081193924	0.6261865496635437	0.09097214043140411	0.02999013662338257	0.002128666965290904	0.0007419702014885843	0.0007633820059709251	0.004223579075187445	0.000851347460411489	0.0017148696351796389	4.8440055252285674e-05	5.772770964540541e-05
967	neutral	../syntropy_project/models/model1_0	../syntropy_project/models/model1_0	joy	0.9481651782989502	0.035247329622507095	0.9481651782989502	0.008194135501980782	0.00017019738152157515	0.002343213651329279	8.900682587409392e-05	9.577621676726267e-05	0.004229824524372816	0.00042561523150652647	0.0004156779614277184	0.0004097557975910604	0.00021427817409858108
44	joy	../syntropy_project/models/model1_0	../syntropy_project/models/model1_0	joy	0.9013379216194153	0.07897120714187622	0.9013379216194153	0.011662792414426804	0.0010984238469973207	0.0009605896193534136	0.0001134357153205201	0.0002538827829994261	0.003934800159186125	0.0006470399675890803	0.0008718050667084754	9.285286796512082e-05	5.525353117263876e-05
1211	joy	../syntropy_project/models/model1_0	../syntropy_project/models/model1_0	joy	0.9294629693031311	0.05445331335067749	0.9294629693031311	0.004843486472964287	0.0010934603633359075	0.0011482695117592812	8.728628017706797e-05	0.00016603404947090894	0.0060438551008701324	0.0007836090517230332	0.0009782174602150917	0.0008829792495816946	5.6396420404780656e-05
477	excitement	../syntropy_project/models/model1_0	../syntropy_project/models/model1_0	joy	0.9433584213256836	0.023897463455796242	0.9433584213256836	0.014666792005300522	0.0009884240571409464	0.006284789182245731	0.0006597828469239175	0.0005042195552960038	0.005250547081232071	0.001514777890406549	0.002054594224318862	0.0006195642636157572	0.00020060675160493702
29	joy	../syntropy_project/models/model1_0	../syntropy_project/models/model1_0	excitement	0.40921229124069214	0.40921229124069214	0.3505244851112366	0.05133182927966118	0.1484832763671875	0.0035597961395978928	0.002720537828281522	0.004477337468415499	0.0194875355809927	0.007723631802946329	0.0016034382861107588	0.0005816502380184829	0.00029416053439490497
31	pride	../syntropy_project/models/model1_0	../syntropy_project/models/model1_0	joy	0.9604636430740356	0.030034027993679047	0.9604636430740356	0.00296150054782629	0.0003377916873432696	0.0028293838258832693	3.168758121319115e-05	8.377948688575998e-05	0.002375948941335082	0.00030990978120826185	0.00029056883067823946	0.00021106013446114957	7.077029295032844e-05
1157	joy	../syntropy_project/models/model1_0	../syntropy_project/models/model1_0	joy	0.9838123917579651	0.012029951438307762	0.9838123917579651	0.001193949836306274	0.0002197308640461415	0.0006192821892909706	2.685619801923167e-05	4.3669391743605956e-05	0.001569576794281602	0.0001992057223105803	0.00017290678806602955	9.199279156746343e-05	2.050459079327993e-05
382	neutral	../syntropy_project/models/model1_0	../syntropy_project/models/model1_0	joy	0.940569281578064	0.053825583308935165	0.940569281578064	0.0018682886147871614	0.00022152118617668748	0.0011205989867448807	2.5435012503294274e-05	4.573157639242709e-05	0.0020087966695427895	0.0001446249516448006	7.889825792517513e-05	5.502782732946798e-05	3.615071909734979e-05
907	neutral	../syntropy_project/models/model1_0	../syntropy_project/models/model1_0	joy	0.5787649750709534	0.12106623500585556	0.5787649750709534	0.11784300953149796	0.007295062765479088	0.13919228315353394	0.004964807070791721	0.0012298139045014977	0.0025360630825161934	0.0020184924360364676	0.008472793735563755	0.01637701503932476	0.00023952903575263917
583	sadness	../syntropy_project/models/model1_0	../syntropy_project/models/model1_0	sadness	0.9974528551101685	4.208644895697944e-05	0.00033862466807477176	0.0005936437519267201	6.227886478882283e-05	0.9974528551101685	0.0006968057714402676	0.00021182760247029364	4.347827780293301e-05	0.00020743868662975729	0.00011173458187840879	0.00019080826314166188	4.84010815853253e-05
86	joy	../syntropy_project/models/model1_0	../syntropy_project/models/model1_0	joy	0.9488602876663208	0.026896005496382713	0.9488602876663208	0.010372508317232132	0.00020703472546301782	0.006075735669583082	0.00011472449114080518	0.00017100974218919873	0.005143988411873579	0.0005711943376809359	0.0008272145641967654	0.0003848825872410089	0.0003753405762836337
1091	pride	../syntropy_project/models/model1_0	../syntropy_project/models/model1_0	joy	0.5068919062614441	0.005552512127906084	0.5068919062614441	0.0006513832486234605	9.219074854627252e-05	0.0017631658120080829	0.00010099963401444256	8.470999455312267e-05	0.4624593257904053	0.0085836136713624	0.0002952420327346772	0.012605946511030197	0.0009188985568471253
308	fear	../syntropy_project/models/model1_0	../syntropy_project/models/model1_0	sadness	0.7556627988815308	0.005092366598546505	0.02814605087041855	0.09722312539815903	0.020379871129989624	0.7556627988815308	0.017082247883081436	0.004454373382031918	0.0021856892853975296	0.0058149355463683605	0.023986350744962692	0.03852171450853348	0.0014505694853141904
756	joy	../syntropy_project/models/model1_0	../syntropy_project/models/model1_0	joy	0.39101535081863403	0.35207226872444153	0.39101535081863403	0.18618685007095337	0.006764402613043785	0.04270921275019646	0.0003923021722584963	0.0024771264288574457	0.010684951208531857	0.00034852500539273024	0.0004974909825250506	0.006352204829454422	0.0004992628237232566
704	neutral	../syntropy_project/models/model1_0	../syntropy_project/models/model1_0	joy	0.8568310141563416	0.04862290248274803	0.8568310141563416	0.01747821271419525	0.0009258896461687982	0.055274151265621185	0.00034833658719435334	0.0004087685374543071	0.016233891248703003	0.0011777087347581983	0.0005870682070963085	0.0016416427679359913	0.00047041746438480914
70	fear	../syntropy_project/models/model1_0	../syntropy_project/models/model1_0	sadness	0.4025803804397583	0.009272509254515171	0.009762836620211601	0.03077750839293003	0.016232235357165337	0.4025803804397583	0.15935224294662476	0.06338401883840561	0.0021209598053246737	0.03071076236665249	0.017825430259108543	0.25177332758903503	0.006207853090018034
1259	pride	../syntropy_project/models/model1_0	../syntropy_project/models/model1_0	joy	0.8405460715293884	0.017503200098872185	0.8405460715293884	0.01838715374469757	0.0005589487263932824	0.014744543470442295	0.0006129756802693009	0.0005164695321582258	0.0928150936961174	0.002278584521263838	0.0010277562541887164	0.007972934283316135	0.003036325331777334
411	joy	../syntropy_project/models/model1_0	../syntropy_project/models/model1_0	joy	0.7913239598274231	0.15276029706001282	0.7913239598274231	0.034584082663059235	0.00107750971801579	0.013323836959898472	0.0005196173442527652	0.0003210181021131575	0.0015464044408872724	0.0007764287292957306	0.0025832674000412226	0.0009550864924676716	0.0002285876835230738
358	fear	../syntropy_project/models/model1_0	../syntropy_project/models/model1_0	confusion	0.9539964199066162	3.494267366477288e-05	0.00011107914906460792	0.0025623920373618603	0.0011310743866488338	0.00944073311984539	0.0004081008955836296	0.0012654161546379328	0.0002780358772724867	0.012194826267659664	0.9539964199066162	0.007321537472307682	0.011255527846515179
244	neutral	../syntropy_project/models/model1_0	../syntropy_project/models/model1_0	joy	0.40462273359298706	0.38009119033813477	0.40462273359298706	0.14945200085639954	0.020529964938759804	0.013951108790934086	0.0008518444374203682	0.0035095284692943096	0.017638780176639557	0.002416987670585513	0.003274317365139723	0.003454531542956829	0.00020708664669655263
952	joy	../syntropy_project/models/model1_0	../syntropy_project/models/model1_0	pride	0.9962268471717834	0.0001471966679673642	0.0007036408642306924	8.695966243976727e-05	4.771599196828902e-05	5.506399611476809e-05	2.1641575585817918e-05	3.2884414395084605e-05	0.9962268471717834	0.002030341885983944	2.1602314518531784e-05	0.000390553439501673	0.0002354804310016334
578	joy	../syntropy_project/models/model1_0	../syntropy_project/models/model1_0	joy	0.8592841029167175	0.1334933191537857	0.8592841029167175	0.002021054271608591	0.002031225012615323	0.0005114767118357122	7.034435111563653e-05	9.273694013245404e-05	0.0021074095275253057	0.00015801961126271635	0.00015879837155807763	4.5819015213055536e-05	2.5639417799538933e-05
535	pride	../syntropy_project/models/model1_0	../syntropy_project/models/model1_0	neutral	0.674827516078949	0.04050737991929054	0.05530482530593872	0.674827516078949	0.026536691933870316	0.06300580501556396	0.02277705818414688	0.025954820215702057	0.006875278893858194	0.01758098416030407	0.05355218052864075	0.0077880555763840675	0.005289411637932062
1140	pride	../syntropy_project/models/model1_0	../syntropy_project/models/model1_0	joy	0.9351192116737366	0.05960759148001671	0.9351192116737366	0.0022215768694877625	0.00014320893387775868	0.0009507815702818334	2.2823447579867207e-05	3.882987948600203e-05	0.001582916360348463	0.00010989807196892798	8.495391375618055e-05	7.772706885589287e-05	4.048453047289513e-05
1175	excitement	../syntropy_project/models/model1_0	../syntropy_project/models/model1_0	joy	0.5161032676696777	0.4047216475009918	0.5161032676696777	0.03611080348491669	0.03706599399447441	0.0005305669037625194	0.00047222169814631343	0.001633655745536089	0.0020882482640445232	0.0006390289636328816	0.0005562520818784833	3.0466993848676793e-05	4.789963713847101e-05
113	neutral	../syntropy_project/models/model1_0	../syntropy_project/models/model1_0	excitement	0.7653847932815552	0.7653847932815552	0.20345310866832733	0.024120446294546127	0.0018022388685494661	0.0005265630315989256	0.00015955313574522734	0.00013382956967689097	0.003300550626590848	0.00013948000560048968	0.0006258678040467203	0.00014402785745915025	0.00020946878066752106
497	joy	../syntropy_project/models/model1_0	../syntropy_project/models/model1_0	neutral	0.4409159719944	0.1167304664850235	0.3866088390350342	0.4409159719944	0.004371927119791508	0.010479120537638664	0.0010446346132084727	0.0028717101085931063	0.030201734974980354	0.002384510124102235	0.002500624628737569	0.00021131995890755206	0.001679101726040244
1026	neutral	../syntropy_project/models/model1_0	../syntropy_project/models/model1_0	joy	0.9065658450126648	0.058453258126974106	0.9065658450126648	0.011813049204647541	0.005097371060401201	0.0030931762885302305	0.0007208240567706525	0.0007421254995279014	0.009438076987862587	0.0012232291046530008	0.0013220773544162512	0.0008588948985561728	0.0006720209494233131
1263	joy	../syntropy_project/models/model1_0	../syntropy_project/models/model1_0	joy	0.9292187094688416	0.06199955940246582	0.9292187094688416	0.0046819644048810005	0.00021235086023807526	0.0011282011400908232	6.47029810352251e-05	7.960742368595675e-05	0.0020876391790807247	0.0001598914386704564	0.00015411345520988107	0.00014443404506891966	6.87857682351023e-05
309	neutral	../syntropy_project/models/model1_0	../syntropy_project/models/model1_0	joy	0.5267042517662048	0.05658271536231041	0.5267042517662048	0.05604857951402664	0.006363099906593561	0.2584982216358185	0.0032169371843338013	0.006600584834814072	0.0058763474225997925	0.01779116690158844	0.013384700752794743	0.04761147126555443	0.0013218410313129425
107	pride	../syntropy_project/models/model1_0	../syntropy_project/models/model1_0	excitement	0.7130122184753418	0.7130122184753418	0.1778295487165451	0.06507384777069092	0.016629958525300026	0.006399428937584162	0.0004068011185154319	0.0005947708850726485	0.01782241463661194	0.0010049296543002129	0.0007831619004718959	0.0002565119357313961	0.00018641860515344888
985	pride	../syntropy_project/models/model1_0	../syntropy_project/models/model1_0	joy	0.6291788220405579	0.034864719957113266	0.6291788220405579	0.251974493265152	0.00033546981285326183	0.06095648184418678	0.0007786006317473948	0.0004931390285491943	0.01582179218530655	0.0003186217218171805	0.0009361093980260193	0.0023949078749865294	0.001946771633811295
1015	sadness	../syntropy_project/models/model1_0	../syntropy_project/models/model1_0	neutral	0.3637837767601013	0.008316358551383018	0.012822027318179607	0.3637837767601013	0.05779837816953659	0.3313460052013397	0.020127635449171066	0.012098881416022778	0.004093923605978489	0.02090427279472351	0.1239263266324997	0.0387846939265728	0.005997739732265472
926	pride	../syntropy_project/models/model1_0	../syntropy_project/models/model1_0	sadness	0.546087920665741	0.047007329761981964	0.22701041400432587	0.0993724837899208	0.01655396819114685	0.546087920665741	0.014496007934212685	0.0018060370348393917	0.014474133960902691	0.0035495262127369642	0.004232281818985939	0.023951709270477295	0.001458165468648076
1172	neutral	../syntropy_project/models/model1_0	../syntropy_project/models/model1_0	joy	0.9026587009429932	0.09172985702753067	0.9026587009429932	0.0025690069887787104	0.00010342751193093136	0.0009774373611435294	2.119012424373068e-05	2.6594751034281217e-05	0.0014341725036501884	5.899813913856633e-05	0.00013770247460342944	0.0002415594644844532	4.131050445721485e-05
218	joy	../syntropy_project/models/model1_0	../syntropy_project/models/model1_0	joy	0.9587249755859375	0.03277500346302986	0.9587249755859375	0.0011478988453745842	0.00017416772607248276	0.0010314412647858262	3.1062390917213634e-05	3.320478572277352e-05	0.005635427311062813	0.00015538083971478045	7.858721073716879e-05	0.00014258275041356683	7.039012416498736e-05
514	neutral	../syntropy_project/models/model1_0	../syntropy_project/models/model1_0	joy	0.48798900842666626	0.3035009503364563	0.48798900842666626	0.022951913997530937	0.07364124059677124	0.03670411929488182	0.018545567989349365	0.0020908708684146404	0.01536688394844532	0.0046540009789168835	0.0033833805937319994	0.029689664021134377	0.0014824734535068274
346	neutral	../syntropy_project/models/model1_0	../syntropy_project/models/model1_0	joy	0.9209101796150208	0.025895996019244194	0.9209101796150208	0.02665269374847412	0.0012665099930018187	0.008368130773305893	0.00020000312360934913	0.0005898516974411905	0.012504084035754204	0.0011980582494288683	0.0008317754836753011	0.0009602475329302251	0.0006224641692824662
665	neutral	../syntropy_project/models/model1_0	../syntropy_project/models/model1_0	joy	0.944489598274231	0.0345156230032444	0.944489598274231	0.007134069688618183	0.00031832707463763654	0.007459063082933426	9.781241533346474e-05	0.0001099868823075667	0.0038097130600363016	0.00037932791747152805	0.00034007063368335366	0.0012402338907122612	0.00010615128849167377
708	excitement	../syntropy_project/models/model1_0	../syntropy_project/models/model1_0	joy	0.8586212396621704	0.10540995746850967	0.8586212396621704	0.009663931094110012	0.0011729137040674686	0.00920150801539421	0.00046881992602720857	0.00021351139002945274	0.013328444212675095	0.0005693056154996157	0.0004490707069635391	0.0005528212059289217	0.00034861976746469736
1208	joy	../syntropy_project/models/model1_0	../syntropy_project/models/model1_0	joy	0.9569292068481445	0.019666681066155434	0.9569292068481445	0.0038041709922254086	0.0003667773271445185	0.007929956540465355	0.000161362171638757	0.00015945365885272622	0.005896332208067179	0.0006590134580619633	0.0006956922588869929	0.0034798316191881895	0.0002516143722459674
294	joy	../syntropy_project/models/model1_0	../syntropy_project/models/model1_0	joy	0.9393103718757629	0.04348321631550789	0.9393103718757629	0.006057450547814369	0.0006372248753905296	0.0013122368836775422	0.00021133810514584184	0.0003656722547020763	0.005723577458411455	0.0005748121766373515	0.0016653239727020264	0.0001134930644184351	0.000545286457054317
1158	neutral	../syntropy_project/models/model1_0	../syntropy_project/models/model1_0	joy	0.9518612027168274	0.040142692625522614	0.9518612027168274	0.003255697200074792	0.00021630340779665858	0.002585561014711857	6.766079604858533e-05	7.653866487089545e-05	0.0009197774925269186	0.00017264002235606313	0.00024052639491856098	0.00037422971217893064	8.709113171789795e-05
286	joy	../syntropy_project/models/model1_0	../syntropy_project/models/model1_0	joy	0.9617363810539246	0.0336453877389431	0.9617363810539246	0.0011288442183285952	0.0003274851478636265	0.001291437423788011	4.402230479172431e-05	5.65816335438285e-05	0.0013835493009537458	9.613457223167643e-05	0.0001780707825673744	5.8039768191520125e-05	5.411382153397426e-05
1117	sadness	../syntropy_project/models/model1_0	../syntropy_project/models/model1_0	sadness	0.7858479022979736	0.015743615105748177	0.009070678614079952	0.17941883206367493	0.0014081274857744575	0.7858479022979736	0.002623223699629307	0.00036699618794955313	0.001009627478197217	0.0008195878472179174	0.0012989349197596312	0.00046468403888866305	0.0019277487881481647
1239	neutral	../syntropy_project/models/model1_0	../syntropy_project/models/model1_0	joy	0.9236427545547485	0.01636442355811596	0.9236427545547485	0.022387661039829254	0.008381560444831848	0.001878037815913558	0.00038014238816685975	0.0006911306409165263	0.015057351440191269	0.005393995903432369	0.005617146845906973	0.0001123639740399085	9.34669587877579e-05
755	excitement	../syntropy_project/models/model1_0	../syntropy_project/models/model1_0	excitement	0.528236448764801	0.528236448764801	0.390840083360672	0.032206978648900986	0.003987721633166075	0.007009691093116999	0.0015981210162863135	0.0010935990139842033	0.010006305761635303	0.00247881724499166	0.0037007639184594154	0.017472580075263977	0.0013688512844964862
1271	joy	../syntropy_project/models/model1_0	../syntropy_project/models/model1_0	joy	0.9668132066726685	0.021679824218153954	0.9668132066726685	0.005259667988866568	0.000248328666202724	0.0015650240238755941	2.7332480385666713e-05	4.701369471149519e-05	0.003638418624177575	0.0002562102454248816	0.00029296037973836064	0.00013387003855314106	3.814950105152093e-05
560	neutral	../syntropy_project/models/model1_0	../syntropy_project/models/model1_0	joy	0.8130192160606384	0.04766441136598587	0.8130192160606384	0.09126920253038406	0.0014705875655636191	0.026584995910525322	0.0006074912380427122	0.0008133264491334558	0.011073446832597256	0.0009122020564973354	0.0014337383909150958	0.004548452794551849	0.0006028545321896672
54	pride	../syntropy_project/models/model1_0	../syntropy_project/models/model1_0	joy	0.9486726522445679	0.03433797508478165	0.9486726522445679	0.011167909018695354	0.0004400041652843356	0.0019494608277454972	7.158252265071496e-05	8.201570744859055e-05	0.002177206566557288	0.0002573153469711542	0.0006444839527830482	0.00012514073750935495	7.430963887600228e-05
303	anger	../syntropy_project/models/model1_0	../syntropy_project/models/model1_0	disgust	0.7022237777709961	0.0017029327573254704	0.0041801645420491695	0.09945813566446304	0.0005323918303474784	0.007290027569979429	0.0019295301754027605	0.7022237777709961	0.0050903125666081905	0.08179175108671188	0.0033089846838265657	0.0027471191715449095	0.08974491059780121
339	neutral	../syntropy_project/models/model1_0	../syntropy_project/models/model1_0	excitement	0.5471210479736328	0.5471210479736328	0.0912926122546196	0.27510300278663635	0.046557411551475525	0.024502558633685112	0.0019593581091612577	0.0010052507277578115	0.006736086681485176	0.001606631325557828	0.0025351359508931637	0.0015503286849707365	3.051657222385984e-05
56	neutral	../syntropy_project/models/model1_0	../syntropy_project/models/model1_0	joy	0.9398130774497986	0.0382254458963871	0.9398130774497986	0.0063128359615802765	0.0002772693114820868	0.0024282715748995543	7.632392953382805e-05	9.320516983279958e-05	0.011514969170093536	0.0004205188888590783	0.0003080680617131293	0.00041990194586105645	0.00011009297304553911
858	nervousness	../syntropy_project/models/model1_0	../syntropy_project/models/model1_0	nervousness	0.8298622369766235	0.008007518015801907	0.006680276244878769	0.010920691303908825	0.002191851381212473	0.07468672841787338	0.0515386201441288	0.001916895853355527	0.002418150892481208	0.003667297773063183	0.004696955438703299	0.8298622369766235	0.0034128446131944656
109	excitement	../syntropy_project/models/model1_0	../syntropy_project/models/model1_0	surprise	0.9693514108657837	0.026621542870998383	0.0013521865475922823	0.001657710992731154	0.9693514108657837	0.00011862026440212503	7.773032848490402e-05	0.00013067593681626022	0.0002514550869818777	0.0002089643821818754	0.00019942126527894288	2.6939900635625236e-05	3.504447477098438e-06
1049	neutral	../syntropy_project/models/model1_0	../syntropy_project/models/model1_0	joy	0.9861772656440735	0.009950901381671429	0.9861772656440735	0.0013441565679386258	4.115847696084529e-05	0.0005097580142319202	2.228521952929441e-05	3.29171416524332e-05	0.0015722623793408275	0.00011193615500815213	0.0001524417893961072	5.703655551769771e-05	2.7837695597554557e-05
676	pride	../syntropy_project/models/model1_0	../syntropy_project/models/model1_0	joy	0.9358229637145996	0.036576464772224426	0.9358229637145996	0.020058514550328255	0.0010827750666067004	0.0016613708576187491	0.00019640929531306028	0.00027246243553236127	0.0018685593968257308	0.0007248695474117994	0.0015652277506887913	9.493604738963768e-05	7.545379048679024e-05
626	pride	../syntropy_project/models/model1_0	../syntropy_project/models/model1_0	joy	0.9531866908073425	0.02008870430290699	0.9531866908073425	0.01159615907818079	0.0007642036653123796	0.0033701544161885977	0.00019475338922347873	0.00017715679132379591	0.007482603192329407	0.00047734836698509753	0.0016947785625234246	0.000915330951102078	5.2199611673131585e-05
198	neutral	../syntropy_project/models/model1_0	../syntropy_project/models/model1_0	joy	0.9803293347358704	0.015366730280220509	0.9803293347358704	0.0014956410741433501	0.00023832755687180907	0.00045699728070758283	5.322037759469822e-05	5.302183853928e-05	0.0014034024206921458	0.0002273350110044703	0.0003019798605237156	4.408133099786937e-05	2.987824882438872e-05
415	joy	../syntropy_project/models/model1_0	../syntropy_project/models/model1_0	sadness	0.9837362766265869	0.001100709312595427	0.006057150196284056	0.0022511868737637997	0.000157392758410424	0.9837362766265869	0.0007230543997138739	0.0002992494555655867	0.00032501318491995335	0.00033224851358681917	0.00029663962777704	0.004596143029630184	0.00012478060671128333
506	neutral	../syntropy_project/models/model1_0	../syntropy_project/models/model1_0	excitement	0.9868747591972351	0.9868747591972351	0.009478243999183178	0.0018204892985522747	0.0010062867077067494	0.00015303886902984232	4.842107227887027e-05	1.691829675110057e-05	0.00028939818730577826	3.1961335480445996e-05	0.0001357843284495175	0.00010726099571911618	3.741572436410934e-05
1062	nervousness	../syntropy_project/models/model1_0	../syntropy_project/models/model1_0	sadness	0.609449028968811	0.0062844837084412575	0.10284600406885147	0.027035648003220558	0.0010142273968085647	0.609449028968811	0.003636319888755679	0.008981688879430294	0.010574874468147755	0.03291568532586098	0.01234452985227108	0.11551548540592194	0.06940208375453949
605	neutral	../syntropy_project/models/model1_0	../syntropy_project/models/model1_0	joy	0.9595695734024048	0.033211082220077515	0.9595695734024048	0.0016194863710552454	0.00026881168014369905	0.002322423504665494	6.518937152577564e-05	4.956343400408514e-05	0.001928154262714088	0.0002565767790656537	0.00022908984101377428	0.00041565176798030734	6.446886254707351e-05
932	surprise	../syntropy_project/models/model1_0	../syntropy_project/models/model1_0	surprise	0.9675683975219727	0.018726548179984093	0.0033841533586382866	0.008054090663790703	0.9675683975219727	0.000299413048196584	0.00020565073646139354	0.0002141580480383709	0.0003953458508476615	0.00028917830786667764	0.000848067516926676	1.2061638699378818e-05	2.9618252028740244e-06
977	pride	../syntropy_project/models/model1_0	../syntropy_project/models/model1_0	joy	0.638237476348877	0.3042583465576172	0.638237476348877	0.028524264693260193	0.0010466176318004727	0.0016208598390221596	0.00030200148466974497	0.000551999663002789	0.020307620987296104	0.0017517168307676911	0.001401575282216072	0.0007917813491076231	0.0012056895066052675
1142	excitement	../syntropy_project/models/model1_0	../syntropy_project/models/model1_0	sadness	0.9491886496543884	0.004648755770176649	0.01649605855345726	0.01862238347530365	0.0012033038074150681	0.9491886496543884	0.0016817532014101744	0.0005062311538495123	0.0010785579215735197	0.0014086727751418948	0.0017787858378142118	0.0030238679610192776	0.0003628357662819326
296	confusion	../syntropy_project/models/model1_0	../syntropy_project/models/model1_0	confusion	0.3204299509525299	0.011597027070820332	0.0574500635266304	0.30557981133461	0.014030657708644867	0.12719279527664185	0.014123829081654549	0.008266188204288483	0.004725032486021519	0.02258155681192875	0.3204299509525299	0.10728689283132553	0.006736131850630045
485	surprise	../syntropy_project/models/model1_0	../syntropy_project/models/model1_0	joy	0.5085943937301636	0.29723939299583435	0.5085943937301636	0.13760153949260712	0.026400389149785042	0.004308808129280806	0.0005244896747171879	0.004266092553734779	0.00795930065214634	0.009525340981781483	0.002720035845413804	0.0002765597018878907	0.0005836667260155082
442	surprise	../syntropy_project/models/model1_0	../syntropy_project/models/model1_0	joy	0.45961499214172363	0.4201625883579254	0.45961499214172363	0.09745912998914719	0.008471020497381687	0.0034712967462837696	0.0006894079269841313	0.0007703174487687647	0.0070524816401302814	0.0012017624685540795	0.0007954565808176994	0.00016484491061419249	0.00014671037206426263
479	neutral	../syntropy_project/models/model1_0	../syntropy_project/models/model1_0	joy	0.9447134137153625	0.017446745187044144	0.9447134137153625	0.014086485840380192	0.0006890352815389633	0.0014284326462075114	0.00034161447547376156	0.00020507219596765935	0.018073225393891335	0.0011589685454964638	0.0010792461689561605	0.0005710736731998622	0.00020666168711613864
946	joy	../syntropy_project/models/model1_0	../syntropy_project/models/model1_0	joy	0.7126030921936035	0.03474104404449463	0.7126030921936035	0.023399561643600464	0.018137145787477493	0.010010896250605583	0.000537675921805203	0.0010903176153078675	0.19338473677635193	0.003211986506357789	0.0010654018260538578	0.0016082546208053827	0.000209861493203789
553	joy	../syntropy_project/models/model1_0	../syntropy_project/models/model1_0	excitement	0.4997859001159668	0.4997859001159668	0.3565869629383087	0.03062107414007187	0.09968183934688568	0.0011874703923240304	0.0011616675183176994	0.0021275964099913836	0.006046207621693611	0.0013550774892792106	0.0010486432584002614	0.00016453095304314047	0.00023311772383749485
554	excitement	../syntropy_project/models/model1_0	../syntropy_project/models/model1_0	pride	0.7586256861686707	0.07895059138536453	0.13598643243312836	0.0023451417218893766	0.0003335912188049406	0.005689267534762621	0.00022767999325878918	0.00024761990061961114	0.7586256861686707	0.0070373546332120895	0.000575260492041707	0.005137022119015455	0.004844335839152336
1269	neutral	../syntropy_project/models/model1_0	../syntropy_project/models/model1_0	joy	0.9767526984214783	0.011653364636003971	0.9767526984214783	0.0016966164112091064	7.119547808542848e-05	0.0037853794638067484	4.315251862863079e-05	3.642820593086071e-05	0.005109497345983982	9.786699956748635e-05	8.9448039943818e-05	0.0004810548562090844	0.000183211755938828
886	excitement	../syntropy_project/models/model1_0	../syntropy_project/models/model1_0	excitement	0.9926652312278748	0.9926652312278748	0.005530042108148336	0.0010185461724177003	8.11541685834527e-05	0.00012285905540920794	8.076514859567396e-06	7.640604053449351e-06	0.0003899297153111547	1.1865856322401669e-05	2.621056955831591e-05	0.00012290640734136105	1.5511795936618e-05
333	excitement	../syntropy_project/models/model1_0	../syntropy_project/models/model1_0	joy	0.6346279978752136	0.11807961761951447	0.6346279978752136	0.06104095280170441	0.008639603853225708	0.13640937209129333	0.0018377953674644232	0.0019867108203470707	0.014265411533415318	0.005248992703855038	0.00488214660435915	0.012348263524472713	0.0006331598851829767
221	excitement	../syntropy_project/models/model1_0	../syntropy_project/models/model1_0	joy	0.8688793182373047	0.10686783492565155	0.8688793182373047	0.008106796070933342	0.0007446276722475886	0.007594082970172167	0.0001052624502335675	0.00016820250311866403	0.004594398662447929	0.0009278851794078946	0.0005322514334693551	0.0013210250763222575	0.00015833895304240286
825	sadness	../syntropy_project/models/model1_0	../syntropy_project/models/model1_0	excitement	0.7836107611656189	0.7836107611656189	0.04730609059333801	0.02214636467397213	0.11547695845365524	0.02181384712457657	0.0005294688162393868	0.0003207479021511972	0.0033894842490553856	0.0014348147669807076	0.0012171425623819232	0.0025626791175454855	0.00019163328397553414
170	neutral	../syntropy_project/models/model1_0	../syntropy_project/models/model1_0	fear	0.6113167405128479	0.002215426182374358	0.006687781773507595	0.040273163467645645	0.007528208661824465	0.12497187405824661	0.6113167405128479	0.005868876818567514	0.0061952583491802216	0.013252434320747852	0.016375867649912834	0.14576689898967743	0.019547466188669205
1179	sadness	../syntropy_project/models/model1_0	../syntropy_project/models/model1_0	sadness	0.9915977716445923	0.00020902437972836196	0.0016294631641358137	0.002344371285289526	0.00020333063730504364	0.9915977716445923	0.0006665998371317983	0.0003058377478737384	0.00015984632773324847	0.00046589059638790786	0.00037846987834200263	0.0018149506067857146	0.00022441089095082134
925	surprise	../syntropy_project/models/model1_0	../syntropy_project/models/model1_0	joy	0.9798283576965332	0.014174382202327251	0.9798283576965332	0.0027218924369663	9.82296114671044e-05	0.001517551951110363	2.738283365033567e-05	4.0907329093897715e-05	0.0010163013357669115	0.00013846308866050094	0.0002943331201095134	0.00010365185880800709	3.8539386878255755e-05
1093	pride	../syntropy_project/models/model1_0	../syntropy_project/models/model1_0	joy	0.8244310021400452	0.05208735540509224	0.8244310021400452	0.027901725843548775	0.0025130705907940865	0.052386634051799774	0.0020948858000338078	0.0018001319840550423	0.024046313017606735	0.0035060809459537268	0.0022082312498241663	0.0020505529828369617	0.004974043928086758
1262	joy	../syntropy_project/models/model1_0	../syntropy_project/models/model1_0	joy	0.5223907828330994	0.383028507232666	0.5223907828330994	0.0589212104678154	0.024707816541194916	0.0018775112694129348	0.0005460754036903381	0.0010916696628555655	0.005458390340209007	0.001055198605172336	0.000789158686529845	9.871626389212906e-05	3.5007418773602694e-05
1217	anger	../syntropy_project/models/model1_0	../syntropy_project/models/model1_0	anger	0.9700998663902283	0.00018212244322057813	0.00030713051091879606	0.003370787715539336	3.686098352773115e-05	0.009832920506596565	0.0004842262133024633	0.01268890593200922	0.0002136238181265071	0.0010088473791256547	0.00018770125461742282	0.00158687646035105	0.9700998663902283
297	nervousness	../syntropy_project/models/model1_0	../syntropy_project/models/model1_0	sadness	0.9248414039611816	0.0013790144585072994	0.004235294181853533	0.015778208151459694	0.0017906463472172618	0.9248414039611816	0.004514242056757212	0.022786857560276985	0.0008839889778755605	0.009835761971771717	0.0039310515858232975	0.009045423939824104	0.0009782155975699425
816	pride	../syntropy_project/models/model1_0	../syntropy_project/models/model1_0	joy	0.8250450491905212	0.14179407060146332	0.8250450491905212	0.009573166258633137	0.0022517740726470947	0.006925971247255802	0.000721378019079566	0.0004142062971368432	0.00949722621589899	0.0007757966523058712	0.0005901791737414896	0.0022079048212617636	0.00020320620387792587
841	neutral	../syntropy_project/models/model1_0	../syntropy_project/models/model1_0	nervousness	0.9249439835548401	0.018096964806318283	0.011096174828708172	0.0045021227560937405	0.0005037540686316788	0.013923503458499908	0.007958736270666122	0.000927017885260284	0.0030207447707653046	0.0011420220835134387	0.0011600916041061282	0.9249439835548401	0.01272485964000225
1200	neutral	../syntropy_project/models/model1_0	../syntropy_project/models/model1_0	joy	0.4616076350212097	0.44778773188591003	0.4616076350212097	0.029474038630723953	0.03227202221751213	0.006924901157617569	0.001560910022817552	0.0012892641825601459	0.009144955314695835	0.00183049775660038	0.0019432158442214131	0.00473853200674057	0.0014263233169913292
1002	joy	../syntropy_project/models/model1_0	../syntropy_project/models/model1_0	sadness	0.8517575860023499	0.010901549831032753	0.019072039052844048	0.051555875688791275	0.005135246552526951	0.8517575860023499	0.010594326071441174	0.0024748488795012236	0.001533057540655136	0.005921484902501106	0.00782785564661026	0.031156299635767937	0.0020696495193988085
350	joy	../syntropy_project/models/model1_0	../syntropy_project/models/model1_0	sadness	0.3099762201309204	0.10201253741979599	0.30287685990333557	0.22400742769241333	0.0011473351623862982	0.3099762201309204	0.002924666740000248	0.0005745257949456573	0.03427752107381821	0.0014281512703746557	0.004068347159773111	0.014788543805480003	0.0019178329966962337
796	joy	../syntropy_project/models/model1_0	../syntropy_project/models/model1_0	joy	0.8672280311584473	0.1071423888206482	0.8672280311584473	0.013807278126478195	0.0007656286470592022	0.0022305247839540243	0.0002577724226284772	0.0001685237803030759	0.005776557605713606	0.0008764215745031834	0.0010397332953289151	0.000577486352995038	0.000129664214910008
199	excitement	../syntropy_project/models/model1_0	../syntropy_project/models/model1_0	joy	0.9567508697509766	0.03899393975734711	0.9567508697509766	0.0009978750022128224	0.00010707008914323524	0.0003351735358592123	1.585422614880372e-05	6.142704660305753e-05	0.002300503198057413	0.00011615832045208663	0.00012872104707639664	0.00010594052582746372	8.645097113912925e-05
430	excitement	../syntropy_project/models/model1_0	../syntropy_project/models/model1_0	excitement	0.41532090306282043	0.41532090306282043	0.19502465426921844	0.36647963523864746	0.002828408731147647	0.007383635267615318	0.0006495972047559917	0.0008029675227589905	0.0070183672942221165	0.0003374095540493727	0.003169323317706585	0.00041926110861822963	0.0005657734582200646
494	joy	../syntropy_project/models/model1_0	../syntropy_project/models/model1_0	joy	0.9801193475723267	0.014931940473616123	0.9801193475723267	0.0017892227042466402	0.00023929089365992695	0.0005012506153434515	3.8994865462882444e-05	4.881131462752819e-05	0.0017151174833998084	0.00024920766009017825	0.00030045706080272794	3.971750629716553e-05	2.6648194761946797e-05
631	neutral	../syntropy_project/models/model1_0	../syntropy_project/models/model1_0	pride	0.9956360459327698	0.00015728680591564626	0.0003603741934057325	4.9459889851277694e-05	0.00016155002231243998	4.39251380157657e-05	3.942590410588309e-05	5.461928230943158e-05	0.9956360459327698	0.0030404850840568542	1.7210519217769615e-05	0.0003099573659710586	0.00012963960762135684
939	nervousness	../syntropy_project/models/model1_0	../syntropy_project/models/model1_0	sadness	0.6744654178619385	0.0024153999984264374	0.01116788201034069	0.04557409510016441	0.000985869555734098	0.6744654178619385	0.02690706215798855	0.004014776553958654	0.0018562446348369122	0.004951846320182085	0.018739568069577217	0.20595961809158325	0.0029622490983456373
10	joy	../syntropy_project/models/model1_0	../syntropy_project/models/model1_0	joy	0.6876407861709595	0.2006136178970337	0.6876407861709595	0.051977552473545074	0.00753220496699214	0.03543517738580704	0.0007849519606679678	0.0009964191121980548	0.010872540064156055	0.0015089737717062235	0.0007216600934043527	0.0010893900180235505	0.0008266479708254337
147	pride	../syntropy_project/models/model1_0	../syntropy_project/models/model1_0	pride	0.9731704592704773	0.0007164665730670094	0.013674813322722912	0.0004769067745655775	8.149860514095053e-05	0.0017163758166134357	8.775059541221708e-05	9.00243321666494e-05	0.9731704592704773	0.007764879614114761	0.00014816352631896734	0.001364183146506548	0.0007085511460900307
298	pride	../syntropy_project/models/model1_0	../syntropy_project/models/model1_0	joy	0.5780045390129089	0.2231326401233673	0.5780045390129089	0.11432600766420364	0.0028918329626321793	0.013530534692108631	0.0005494911456480622	0.0008211638778448105	0.03840202838182449	0.0006463063764385879	0.002961784601211548	0.023941192775964737	0.0007923871162347496
1031	excitement	../syntropy_project/models/model1_0	../syntropy_project/models/model1_0	joy	0.9878727197647095	0.009657703340053558	0.9878727197647095	0.0010359064908698201	2.9830220228177495e-05	0.0004017441824544221	8.38563391880598e-06	2.3808797777746804e-05	0.0007360543240793049	5.735510785598308e-05	0.0001006622114800848	3.529160676407628e-05	4.051229916512966e-05
622	joy	../syntropy_project/models/model1_0	../syntropy_project/models/model1_0	joy	0.9751563668251038	0.005056423135101795	0.9751563668251038	0.002662222133949399	0.0004771303792949766	0.006371537689119577	0.00015563875786028802	0.00022468884708359838	0.005342300049960613	0.0010434422874823213	0.0016019006725400686	0.0016745073953643441	0.00023384294763673097
864	neutral	../syntropy_project/models/model1_0	../syntropy_project/models/model1_0	sadness	0.5155407786369324	0.013992848806083202	0.04325449839234352	0.16316841542720795	0.002833246486261487	0.5155407786369324	0.04690180718898773	0.010189799591898918	0.005934776272624731	0.007300930097699165	0.022381886839866638	0.15423966944217682	0.014261336997151375
772	neutral	../syntropy_project/models/model1_0	../syntropy_project/models/model1_0	joy	0.9119806885719299	0.056671593338251114	0.9119806885719299	0.005418472457677126	0.0012282409006729722	0.002507059834897518	0.00019482694915495813	0.00016174998017959297	0.019692273810505867	0.0005821535596624017	0.0007304715109057724	0.00065378297585994	0.00017880457744468004
254	joy	../syntropy_project/models/model1_0	../syntropy_project/models/model1_0	joy	0.3828935921192169	0.1723151057958603	0.3828935921192169	0.35541069507598877	0.009960301220417023	0.048139117658138275	0.001745356130413711	0.0030105295591056347	0.01574234664440155	0.004531346261501312	0.00253448192961514	0.002328558824956417	0.001388504751957953
777	nervousness	../syntropy_project/models/model1_0	../syntropy_project/models/model1_0	nervousness	0.792801022529602	0.007348037790507078	0.004980803467333317	0.005364495329558849	0.0024752432946115732	0.04448971152305603	0.12417647987604141	0.0044855414889752865	0.0016108019044622779	0.00474340608343482	0.003251010552048683	0.792801022529602	0.004273434169590473
682	neutral	../syntropy_project/models/model1_0	../syntropy_project/models/model1_0	joy	0.9616280198097229	0.01848202757537365	0.9616280198097229	0.0043946970254182816	0.0008767802501097322	0.002780020935460925	0.0001184048451250419	0.0001268501946469769	0.007379372138530016	0.0013764956966042519	0.0020484840497374535	0.0006353931385092437	0.00015344881103374064
1039	excitement	../syntropy_project/models/model1_0	../syntropy_project/models/model1_0	joy	0.9261837601661682	0.05942672863602638	0.9261837601661682	0.010396772064268589	0.0007159925298765302	0.0005442027468234301	0.00015050996444188058	0.00020808857516385615	0.0009514260455034673	0.00035197444958612323	0.0009509371011517942	5.368768688640557e-05	6.590913835680112e-05
306	sadness	../syntropy_project/models/model1_0	../syntropy_project/models/model1_0	nervousness	0.48304304480552673	0.0015485237818211317	0.0073754326440393925	0.011221835389733315	0.0010496387258172035	0.4364413022994995	0.03776178136467934	0.004977823700755835	0.002283513778820634	0.008161361329257488	0.0021707534324377775	0.48304304480552673	0.0039651053957641125
915	joy	../syntropy_project/models/model1_0	../syntropy_project/models/model1_0	sadness	0.5836270451545715	0.0821198970079422	0.12506116926670074	0.14600658416748047	0.0007396874134428799	0.5836270451545715	0.005129686091095209	0.0005328233819454908	0.011749530211091042	0.0006549736717715859	0.001552622765302658	0.04058443009853363	0.0022415753919631243
1201	confusion	../syntropy_project/models/model1_0	../syntropy_project/models/model1_0	neutral	0.38169482350349426	0.06605201214551926	0.05923217535018921	0.38169482350349426	0.05485810339450836	0.24299432337284088	0.04126001521945	0.013501474633812904	0.008696933276951313	0.007389224600046873	0.0313127376139164	0.09081987291574478	0.0021882588043808937
1167	fear	../syntropy_project/models/model1_0	../syntropy_project/models/model1_0	anger	0.37350979447364807	0.01326884888112545	0.03086075931787491	0.03987397998571396	0.0028639142401516438	0.22991254925727844	0.007269550114870071	0.05588589608669281	0.007508931681513786	0.030260909348726273	0.01221557892858982	0.19656935334205627	0.37350979447364807
233	neutral	../syntropy_project/models/model1_0	../syntropy_project/models/model1_0	joy	0.8018364906311035	0.0709124431014061	0.8018364906311035	0.0772777646780014	0.003916997462511063	0.010931902565062046	0.0019233764614909887	0.0009222381631843746	0.010603528469800949	0.0028971494175493717	0.00596430292353034	0.012492735870182514	0.0003211084404028952
1073	excitement	../syntropy_project/models/model1_0	../syntropy_project/models/model1_0	surprise	0.9274669885635376	0.06278383731842041	0.003293546847999096	0.004246547352522612	0.9274669885635376	0.00019592646276578307	0.00017470205784775317	0.00022532444563694298	0.0005504252621904016	0.00043767807073891163	0.0005578958662226796	5.8770481700776145e-05	8.293599421449471e-06
1181	neutral	../syntropy_project/models/model1_0	../syntropy_project/models/model1_0	embarrassment	0.9853172898292542	8.191497727239039e-06	0.0014512261841446161	0.0004701210418716073	5.806606714031659e-05	0.0016686210874468088	0.00035994057543575764	0.0042945644818246365	0.002527489559724927	0.9853172898292542	0.003045419929549098	0.0005846943822689354	0.00021441186254378408
135	pride	../syntropy_project/models/model1_0	../syntropy_project/models/model1_0	sadness	0.2623794376850128	0.007071426138281822	0.050439752638339996	0.18138998746871948	0.006218592636287212	0.2623794376850128	0.004286867566406727	0.1019522175192833	0.017599990591406822	0.056176312267780304	0.24883052706718445	0.04900745302438736	0.014647369273006916
832	pride	../syntropy_project/models/model1_0	../syntropy_project/models/model1_0	joy	0.9112882018089294	0.024081066250801086	0.9112882018089294	0.015355787239968777	0.00022251145855989307	0.014765544794499874	0.0003424529277253896	0.000411428976804018	0.026005301624536514	0.003812504466623068	0.0017702935729175806	0.0005543974693864584	0.0013906536623835564
259	excitement	../syntropy_project/models/model1_0	../syntropy_project/models/model1_0	pride	0.9605291485786438	0.01687232032418251	0.01539304293692112	0.0007097898051142693	0.0003782167914323509	0.0004302662855479866	0.00010643136192811653	6.74517941661179e-05	0.9605291485786438	0.0031582245137542486	7.556555647170171e-05	0.001605143421329558	0.0006745620630681515
680	pride	../syntropy_project/models/model1_0	../syntropy_project/models/model1_0	pride	0.9297558665275574	0.004868196323513985	0.061340272426605225	0.00020938630041200668	6.39060017419979e-05	0.0003797421813942492	3.0455954401986673e-05	4.549393997876905e-05	0.9297558665275574	0.001457358943298459	7.675253436900675e-05	0.0010738454293459654	0.0006987408851273358
1177	joy	../syntropy_project/models/model1_0	../syntropy_project/models/model1_0	joy	0.8906375169754028	0.053944334387779236	0.8906375169754028	0.043024271726608276	0.0037341725546866655	0.0017169708153232932	0.0002154613466700539	0.0006414942909032106	0.004606294445693493	0.000639021978713572	0.0006439352873712778	6.14623204455711e-05	0.00013500622299034148
914	joy	../syntropy_project/models/model1_0	../syntropy_project/models/model1_0	surprise	0.4909692406654358	0.19256141781806946	0.16319924592971802	0.10927964001893997	0.4909692406654358	0.008587277494370937	0.003875476075336337	0.01020773034542799	0.004899551626294851	0.00459672836586833	0.0073737408965826035	0.00071229028981179	0.003737694351002574
1257	anger	../syntropy_project/models/model1_0	../syntropy_project/models/model1_0	nervousness	0.9274267554283142	0.0029889566358178854	0.0018510182853788137	0.0013834456913173199	0.0010691514471545815	0.0462067537009716	0.009870068170130253	0.0013470137491822243	0.0006814790540374815	0.0031507667154073715	0.0008951839990913868	0.9274267554283142	0.003129483899101615
597	surprise	../syntropy_project/models/model1_0	../syntropy_project/models/model1_0	sadness	0.7951894402503967	0.010465198196470737	0.02101426012814045	0.09067405015230179	0.005592977628111839	0.7951894402503967	0.010105508379638195	0.002102691913023591	0.0017356814350932837	0.002657415345311165	0.007224540691822767	0.052351389080286026	0.0008869137382134795
363	neutral	../syntropy_project/models/model1_0	../syntropy_project/models/model1_0	joy	0.9675443172454834	0.018879324197769165	0.9675443172454834	0.0010488778352737427	0.0001113043908844702	0.0015349381137639284	3.4723827411653474e-05	4.165412610745989e-05	0.010186010040342808	0.00020864020916633308	0.00011961516429437324	0.00019173749024048448	9.885786130325869e-05
158	pride	../syntropy_project/models/model1_0	../syntropy_project/models/model1_0	joy	0.8427311778068542	0.11866406351327896	0.8427311778068542	0.017598941922187805	0.0019377305870875716	0.003057196270674467	0.000535077357199043	0.00039731961442157626	0.011832290329039097	0.001131611643359065	0.0006299820961430669	0.0012685891706496477	0.00021592355915345252
140	pride	../syntropy_project/models/model1_0	../syntropy_project/models/model1_0	joy	0.605444610118866	0.11766001582145691	0.605444610118866	0.1441204994916916	0.024774057790637016	0.01806686632335186	0.0021781879477202892	0.002051679650321603	0.07491561025381088	0.005127866752445698	0.003537824610248208	0.0009626627434045076	0.0011601169826462865
895	fear	../syntropy_project/models/model1_0	../syntropy_project/models/model1_0	neutral	0.37420734763145447	0.009539959952235222	0.024152487516403198	0.37420734763145447	0.04513568803668022	0.20019210875034332	0.03441331908106804	0.06961369514465332	0.006231724750250578	0.0870480164885521	0.08406523615121841	0.02225491963326931	0.043145496398210526
331	pride	../syntropy_project/models/model1_0	../syntropy_project/models/model1_0	joy	0.8937006592750549	0.07438024878501892	0.8937006592750549	0.008052646182477474	0.0003219501522835344	0.002136373659595847	0.00012376243830658495	0.00015465880278497934	0.015731578692793846	0.0008484016289003193	0.0009394559892825782	0.003034426597878337	0.0005758348852396011
591	joy	../syntropy_project/models/model1_0	../syntropy_project/models/model1_0	sadness	0.4247490465641022	0.004015551880002022	0.006665804423391819	0.4191933572292328	0.028934329748153687	0.4247490465641022	0.030177908018231392	0.014533105306327343	0.0018304218538105488	0.007214625831693411	0.041289061307907104	0.017387745901942253	0.004009035415947437
739	joy	../syntropy_project/models/model1_0	../syntropy_project/models/model1_0	sadness	0.4038509130477905	0.07460130751132965	0.2037494033575058	0.16204217076301575	0.01215949933975935	0.4038509130477905	0.009741751477122307	0.0051905023865401745	0.029288019984960556	0.018210336565971375	0.009046541526913643	0.06557509303092957	0.006544526666402817
1103	neutral	../syntropy_project/models/model1_0	../syntropy_project/models/model1_0	joy	0.9195930361747742	0.03338778764009476	0.9195930361747742	0.0059249079786241055	0.0014795406023040414	0.019441895186901093	0.00039560155710205436	0.0005266735097393394	0.005705010611563921	0.0020355735905468464	0.001979307970032096	0.008966319262981415	0.0005643986514769495
371	sadness	../syntropy_project/models/model1_0	../syntropy_project/models/model1_0	disgust	0.5174728631973267	0.0024350453168153763	0.001881878124549985	0.02200516313314438	0.0014030965976417065	0.061493776738643646	0.011407116428017616	0.5174728631973267	0.0015162628842517734	0.022865332663059235	0.0037765002343803644	0.015123587101697922	0.33861929178237915
312	excitement	../syntropy_project/models/model1_0	../syntropy_project/models/model1_0	joy	0.5908353924751282	0.30344003438949585	0.5908353924751282	0.04989377781748772	0.02503516711294651	0.0033603706397116184	0.0012678393395617604	0.0009185358649119735	0.018919335678219795	0.003041501622647047	0.002581898123025894	0.00041773373959586024	0.0002884231216739863
65	neutral	../syntropy_project/models/model1_0	../syntropy_project/models/model1_0	fear	0.6163299083709717	0.006989718414843082	0.01987214758992195	0.02004857175052166	0.0015683431411162019	0.08859269320964813	0.6163299083709717	0.1803746223449707	0.0012387569295242429	0.013614830560982227	0.0040083834901452065	0.03620104119181633	0.011160972528159618
572	excitement	../syntropy_project/models/model1_0	../syntropy_project/models/model1_0	joy	0.547478973865509	0.30870065093040466	0.547478973865509	0.0752236545085907	0.009500401094555855	0.02768438123166561	0.000648070708848536	0.0016681135166436434	0.019075598567724228	0.0018656436586752534	0.001256375340744853	0.006846172735095024	5.193227843847126e-05
781	excitement	../syntropy_project/models/model1_0	../syntropy_project/models/model1_0	joy	0.9637833833694458	0.03148094564676285	0.9637833833694458	0.0012865448370575905	0.00015967537183314562	0.0004504471435211599	1.59973405970959e-05	2.873141238524113e-05	0.0024766363203525543	0.00013025304360780865	0.00011438144429121166	4.470489147934131e-05	2.8136089895269834e-05
32	nervousness	../syntropy_project/models/model1_0	../syntropy_project/models/model1_0	nervousness	0.5626683831214905	0.0022545072715729475	0.0052205040119588375	0.02392905205488205	0.0038583113346248865	0.06562850624322891	0.31042590737342834	0.004241274204105139	0.002292458899319172	0.007525340653955936	0.010569707490503788	0.5626683831214905	0.0013860835460945964
783	excitement	../syntropy_project/models/model1_0	../syntropy_project/models/model1_0	excitement	0.6618362069129944	0.6618362069129944	0.07583600282669067	0.16946527361869812	0.05078209564089775	0.012366035021841526	0.0007757200510241091	0.0030921953730285168	0.015171438455581665	0.0024124407209455967	0.004763404373079538	0.0027928734198212624	0.0007063738885335624
743	excitement	../syntropy_project/models/model1_0	../syntropy_project/models/model1_0	joy	0.9701763987541199	0.018921086564660072	0.9701763987541199	0.0020771773997694254	0.00023370227427221835	0.0022736950777471066	5.396256528911181e-05	7.04393460182473e-05	0.004843412432819605	0.00029922035173512995	0.0003061286988668144	0.0006879984866827726	5.671220424119383e-05
290	excitement	../syntropy_project/models/model1_0	../syntropy_project/models/model1_0	excitement	0.5834357142448425	0.5834357142448425	0.16964566707611084	0.19089201092720032	0.026449745520949364	0.010838495567440987	0.0008094590739347041	0.0011702058836817741	0.011700335890054703	0.0019064766820520163	0.001391638652421534	0.001435664715245366	0.0003246417618356645
96	neutral	../syntropy_project/models/model1_0	../syntropy_project/models/model1_0	joy	0.9723697900772095	0.01979959011077881	0.9723697900772095	0.0030416655354201794	4.86614226247184e-05	0.0003922958276234567	2.1254219973343424e-05	5.005903949495405e-05	0.0035421913489699364	0.0003626392572186887	0.0001894276065286249	0.00011925819126190618	6.317020597634837e-05
184	excitement	../syntropy_project/models/model1_0	../syntropy_project/models/model1_0	joy	0.9610403776168823	0.028848620131611824	0.9610403776168823	0.006564855109900236	0.0001860137126641348	0.000838626641780138	5.029394378652796e-05	0.00010700915299821645	0.0016642101109027863	0.00028253448545001447	0.00030290253926068544	6.485910125775263e-05	4.971093949279748e-05
788	joy	../syntropy_project/models/model1_0	../syntropy_project/models/model1_0	joy	0.8547457456588745	0.009426208212971687	0.8547457456588745	0.012525297701358795	0.002062487183138728	0.04074731841683388	0.0006019219290465117	0.00048216432332992554	0.07067268341779709	0.004604998975992203	0.0006875622202642262	0.002743873745203018	0.0006996801239438355
970	surprise	../syntropy_project/models/model1_0	../syntropy_project/models/model1_0	joy	0.8689656853675842	0.05255331099033356	0.8689656853675842	0.06083332747220993	0.0012724088737741113	0.0074489121325314045	0.00017532143101561815	0.0002560018911026418	0.005341978743672371	0.0010787867940962315	0.0017285214271396399	0.00028541567735373974	6.021193621563725e-05
163	joy	../syntropy_project/models/model1_0	../syntropy_project/models/model1_0	joy	0.6279485821723938	0.14667785167694092	0.6279485821723938	0.02161248028278351	0.0018033210653811693	0.016286399215459824	0.0007423265487886965	0.00043487586663104594	0.1727674901485443	0.0024998688604682684	0.001381949638016522	0.004542054608464241	0.003302913624793291
490	nervousness	../syntropy_project/models/model1_0	../syntropy_project/models/model1_0	sadness	0.6647520065307617	0.006646846421062946	0.017347531393170357	0.11534322798252106	0.016989681869745255	0.6647520065307617	0.03156512975692749	0.004550557117909193	0.00452069379389286	0.013729598373174667	0.03740338608622551	0.08483480662107468	0.0023166246246546507
405	neutral	../syntropy_project/models/model1_0	../syntropy_project/models/model1_0	joy	0.4710913598537445	0.05156245455145836	0.4710913598537445	0.07521215826272964	0.0015915269032120705	0.33493730425834656	0.003978906664997339	0.0005900191026739776	0.029062842950224876	0.0031828598584979773	0.002891907235607505	0.024985989555716515	0.0009126767399720848
156	joy	../syntropy_project/models/model1_0	../syntropy_project/models/model1_0	neutral	0.6402981877326965	0.06677303463220596	0.10413458198308945	0.6402981877326965	0.009411998093128204	0.08370954543352127	0.004760620184242725	0.012187890708446503	0.00729310791939497	0.008775570429861546	0.01859235391020775	0.005558536387979984	0.03850465640425682
650	joy	../syntropy_project/models/model1_0	../syntropy_project/models/model1_0	excitement	0.4422253668308258	0.4422253668308258	0.40531259775161743	0.04726485162973404	0.007530959323048592	0.06853390485048294	0.0039055515080690384	0.0010365513153374195	0.013323062099516392	0.0023519673850387335	0.0022792061790823936	0.004148963838815689	0.002086941385641694
770	excitement	../syntropy_project/models/model1_0	../syntropy_project/models/model1_0	joy	0.6354815363883972	0.32019880414009094	0.6354815363883972	0.03586433455348015	0.0025643601547926664	0.00161570287309587	0.0001355797576252371	0.00031415405101142824	0.0027501338627189398	0.00040949779213406146	0.0005316216847859323	3.150900374748744e-05	0.00010273358202539384
1003	disgust	../syntropy_project/models/model1_0	../syntropy_project/models/model1_0	disgust	0.5965030193328857	0.0011906654108315706	0.0009515013662166893	0.00922439619898796	0.006428164895623922	0.025055255740880966	0.3152034878730774	0.5965030193328857	0.00059065583627671	0.026213645935058594	0.005219043232500553	0.008007563650608063	0.005412722006440163
275	excitement	../syntropy_project/models/model1_0	../syntropy_project/models/model1_0	joy	0.6671440005302429	0.26389628648757935	0.6671440005302429	0.01696024276316166	0.001922069932334125	0.0064647807739675045	0.0007260104175657034	0.0004450114502105862	0.035428132861852646	0.0014166185865178704	0.0013120173243805766	0.000868945149704814	0.003415962215512991
394	sadness	../syntropy_project/models/model1_0	../syntropy_project/models/model1_0	anger	0.9516465663909912	0.00040390106732957065	0.0004268251359462738	0.006836702115833759	0.0001137856743298471	0.014921669848263264	0.0007194916252046824	0.016017891466617584	0.0004015287559013814	0.0016247979365289211	0.0005901308031752706	0.0062966616824269295	0.9516465663909912
1258	neutral	../syntropy_project/models/model1_0	../syntropy_project/models/model1_0	excitement	0.48084113001823425	0.48084113001823425	0.3068028688430786	0.04051908478140831	0.036183349788188934	0.07381333410739899	0.012444589287042618	0.008917336352169514	0.010630335658788681	0.004792527761310339	0.00472169928252697	0.01880268007516861	0.0015311448369175196
575	excitement	../syntropy_project/models/model1_0	../syntropy_project/models/model1_0	joy	0.7581055760383606	0.2148028165102005	0.7581055760383606	0.010842393152415752	0.0009171139099635184	0.004433634225279093	0.00030625046929344535	0.00018304567493032664	0.006533704232424498	0.0004790247476194054	0.0005743422661907971	0.00240684044547379	0.00041523698018863797
614	excitement	../syntropy_project/models/model1_0	../syntropy_project/models/model1_0	excitement	0.9886516332626343	0.9886516332626343	0.0061528501100838184	0.0035416882019490004	0.0004314770339988172	0.00023752293782308698	4.238952533341944e-05	4.0630191506352276e-05	0.0002959250414278358	4.1755029087653384e-05	0.00019913638243451715	0.00020866667910013348	0.0001564457779750228
826	pride	../syntropy_project/models/model1_0	../syntropy_project/models/model1_0	neutral	0.3969484567642212	0.3579038381576538	0.11208929866552353	0.3969484567642212	0.025573084130883217	0.044134799391031265	0.005092553794384003	0.0038382878992706537	0.01784982532262802	0.008671578019857407	0.019402677193284035	0.007175917737185955	0.0013197255320847034
277	neutral	../syntropy_project/models/model1_0	../syntropy_project/models/model1_0	neutral	0.4561675786972046	0.23364296555519104	0.2580135762691498	0.4561675786972046	0.027659080922603607	0.008911670185625553	0.002574005164206028	0.005766952410340309	0.0027174714487046003	0.0011227588402107358	0.002758660353720188	0.0001399597094859928	0.0005253564449958503
327	joy	../syntropy_project/models/model1_0	../syntropy_project/models/model1_0	joy	0.9729734063148499	0.016467828303575516	0.9729734063148499	0.004880296066403389	0.0002371474402025342	0.0011007580906152725	8.263397467089817e-05	9.264332038583234e-05	0.0031646359711885452	0.0003858167910948396	0.00046686860150657594	8.294694998767227e-05	6.498429138446227e-05
1186	excitement	../syntropy_project/models/model1_0	../syntropy_project/models/model1_0	joy	0.6890795230865479	0.21919476985931396	0.6890795230865479	0.0593835711479187	0.012822180055081844	0.005019073374569416	0.0003727471048478037	0.0007453360594809055	0.010116969235241413	0.0007119578658603132	0.0009250264265574515	0.0015466759214177728	8.217478898586705e-05
1052	pride	../syntropy_project/models/model1_0	../syntropy_project/models/model1_0	joy	0.5815242528915405	0.12713639438152313	0.5815242528915405	0.15519140660762787	0.017072558403015137	0.018578631803393364	0.0029710892122238874	0.0202313382178545	0.03741605952382088	0.009491785429418087	0.026323547586798668	0.0029584222938865423	0.0011044468265026808
624	nervousness	../syntropy_project/models/model1_0	../syntropy_project/models/model1_0	excitement	0.3889496922492981	0.3889496922492981	0.14594592154026031	0.3857969045639038	0.04162482172250748	0.023869071155786514	0.001517065684311092	0.003828247543424368	0.0031907144002616405	0.0016505421372130513	0.001548333209939301	0.001574890804477036	0.0005038244416937232
581	excitement	../syntropy_project/models/model1_0	../syntropy_project/models/model1_0	joy	0.6111173629760742	0.02288319356739521	0.6111173629760742	0.0676109716296196	0.0019091349095106125	0.09426421672105789	0.0010161889949813485	0.0010697945253923535	0.18225321173667908	0.00831756554543972	0.002216311637312174	0.002238776534795761	0.0051033105701208115
570	pride	../syntropy_project/models/model1_0	../syntropy_project/models/model1_0	neutral	0.5700119137763977	0.021377699449658394	0.0732279047369957	0.5700119137763977	0.008828490972518921	0.2721957564353943	0.012121656909584999	0.0037045953795313835	0.007370514329522848	0.004185456316918135	0.005194867495447397	0.02008798159658909	0.0016932025318965316
922	neutral	../syntropy_project/models/model1_0	../syntropy_project/models/model1_0	joy	0.8238421082496643	0.04240557178854942	0.8238421082496643	0.03859485685825348	0.011984634213149548	0.04382062330842018	0.003942692186683416	0.0019253860227763653	0.012341322377324104	0.004179215990006924	0.0031392660457640886	0.01318585779517889	0.0006384189473465085
178	disgust	../syntropy_project/models/model1_0	../syntropy_project/models/model1_0	sadness	0.5911139249801636	0.010551759973168373	0.006959228310734034	0.02610880881547928	0.019086962565779686	0.5911139249801636	0.05271715670824051	0.019234847277402878	0.0024115804117172956	0.014677013270556927	0.006779514718800783	0.239348903298378	0.011010300368070602
427	nervousness	../syntropy_project/models/model1_0	../syntropy_project/models/model1_0	nervousness	0.7580472230911255	0.005147021263837814	0.004948428366333246	0.004849321208894253	0.0031216400675475597	0.14588157832622528	0.04722665250301361	0.006020484957844019	0.002017396502196789	0.01272472646087408	0.0037605592515319586	0.7580472230911255	0.006255011539906263
964	neutral	../syntropy_project/models/model1_0	../syntropy_project/models/model1_0	joy	0.9374765157699585	0.0415210984647274	0.9374765157699585	0.007299188990145922	0.0016934915911406279	0.004928952548652887	0.0003175339079461992	0.00016623575356788933	0.0022453591227531433	0.0006815879605710506	0.0014461453538388014	0.002133127534762025	9.085759666049853e-05
377	anger	../syntropy_project/models/model1_0	../syntropy_project/models/model1_0	sadness	0.7739575505256653	0.0007963597890920937	0.0036075725220143795	0.06527592986822128	0.0006868891650810838	0.7739575505256653	0.017259880900382996	0.0426468625664711	0.0015444612363353372	0.045518908649683	0.00627782242372632	0.011101091280579567	0.031326767057180405
381	pride	../syntropy_project/models/model1_0	../syntropy_project/models/model1_0	joy	0.9734297394752502	0.02320992574095726	0.9734297394752502	0.0005982276052236557	0.00011186135088792071	0.000245974981226027	1.4947368981665932e-05	1.9741200958378613e-05	0.002017370657995343	0.00014473656483460218	9.083550685318187e-05	9.673059685155749e-05	1.993671503441874e-05
861	neutral	../syntropy_project/models/model1_0	../syntropy_project/models/model1_0	sadness	0.2702811658382416	0.030387775972485542	0.04476247355341911	0.22852331399917603	0.014975765720009804	0.2702811658382416	0.153934046626091	0.05322654917836189	0.004979996010661125	0.019160322844982147	0.0689912810921669	0.10604606568813324	0.004731306806206703
88	pride	../syntropy_project/models/model1_0	../syntropy_project/models/model1_0	joy	0.9518198370933533	0.008091645315289497	0.9518198370933533	0.0007732549565844238	0.0001935923210112378	0.0013691234635189176	3.9173781260615215e-05	6.090409806347452e-05	0.03638668730854988	0.0006055229459889233	0.00022714713122695684	0.0003648416604846716	6.823739386163652e-05
671	neutral	../syntropy_project/models/model1_0	../syntropy_project/models/model1_0	joy	0.8033378720283508	0.17517711222171783	0.8033378720283508	0.006105649285018444	0.000189831800526008	0.0022594956681132317	0.0001566143037052825	8.145167521433905e-05	0.009313365444540977	0.0003966359072364867	0.0004499092174228281	0.0021392442286014557	0.00039280005148611963
836	excitement	../syntropy_project/models/model1_0	../syntropy_project/models/model1_0	joy	0.7465608716011047	0.03959372267127037	0.7465608716011047	0.05657243728637695	0.001678614178672433	0.06625725328922272	0.0031996164470911026	0.0008564557647332549	0.02655060775578022	0.0013990093721076846	0.0012478494318202138	0.0552978515625	0.0007857923628762364
1266	surprise	../syntropy_project/models/model1_0	../syntropy_project/models/model1_0	nervousness	0.7174885869026184	0.001180668594315648	0.0026417288463562727	0.011103860102593899	0.0010321300942450762	0.05505848675966263	0.19580918550491333	0.004070683382451534	0.0006060368614271283	0.004528271034359932	0.005251636262983084	0.7174885869026184	0.0012287282152101398
481	joy	../syntropy_project/models/model1_0	../syntropy_project/models/model1_0	joy	0.962938666343689	0.016244594007730484	0.962938666343689	0.010145762003958225	0.0012566300574690104	0.0022669744212180376	0.00019012167467735708	0.00016951057477854192	0.004347975365817547	0.0008599415305070579	0.0011509549804031849	0.00021785462740808725	0.00021112496324349195
943	disgust	../syntropy_project/models/model1_0	../syntropy_project/models/model1_0	sadness	0.7780150771141052	9.574297291692346e-05	0.001443626475520432	0.002821708098053932	0.0011137063847854733	0.7780150771141052	0.003603510092943907	0.0026941958349198103	0.007740381173789501	0.19181455671787262	0.004177199676632881	0.005256418604403734	0.0012238352792337537
1006	pride	../syntropy_project/models/model1_0	../syntropy_project/models/model1_0	pride	0.9828222393989563	0.0002698625030461699	0.006096668541431427	0.00027567625511437654	0.00016578895156271756	0.00030482091824524105	0.00011287230154266581	0.00021390250185504556	0.9828222393989563	0.008680724538862705	0.00010480418131919578	0.00032978024682961404	0.0006228685961104929
285	joy	../syntropy_project/models/model1_0	../syntropy_project/models/model1_0	joy	0.8699155449867249	0.09490083903074265	0.8699155449867249	0.009246204048395157	0.0010728719644248486	0.009959112852811813	0.000232012098422274	0.00047184020513668656	0.011079968884587288	0.0007912800647318363	0.0005454362253658473	0.0006605549715459347	0.0011242422042414546
1205	pride	../syntropy_project/models/model1_0	../syntropy_project/models/model1_0	joy	0.8902091383934021	0.0785139948129654	0.8902091383934021	0.007861720398068428	0.0013372184475883842	0.014033609069883823	0.0003043004253413528	0.00043834562529809773	0.0036644693464040756	0.0012112780241295695	0.0009367885650135577	0.0010928889969363809	0.0003963305789511651
352	joy	../syntropy_project/models/model1_0	../syntropy_project/models/model1_0	joy	0.9529502391815186	0.03868355229496956	0.9529502391815186	0.00395473325625062	0.0002733718720264733	0.001429760130122304	5.535347372642718e-05	7.696429383940995e-05	0.0019092806614935398	0.00017406725964974612	0.0002588052593637258	0.00013804828631691635	9.594488074071705e-05
266	neutral	../syntropy_project/models/model1_0	../syntropy_project/models/model1_0	joy	0.9825593829154968	0.012131336145102978	0.9825593829154968	0.0025981201324611902	8.870693272911012e-05	0.0008066055015660822	2.0245865016477183e-05	3.675686821225099e-05	0.0013653857167810202	0.00012889044592157006	0.00016460895130876452	8.392149902647361e-05	1.605842226126697e-05
59	sadness	../syntropy_project/models/model1_0	../syntropy_project/models/model1_0	sadness	0.858070969581604	0.007277610246092081	0.009180248714983463	0.0238866675645113	0.012691695243120193	0.858070969581604	0.03278471902012825	0.0094180628657341	0.0011469757882878184	0.005625630263239145	0.005057319533079863	0.034458503127098083	0.0004016817547380924
979	nervousness	../syntropy_project/models/model1_0	../syntropy_project/models/model1_0	nervousness	0.9398109912872314	0.00363761349581182	0.00214400514960289	0.0027932580560445786	0.0005853836773894727	0.021629642695188522	0.019241787493228912	0.0013980737421661615	0.000983128440566361	0.0010890726698562503	0.002057490171864629	0.9398109912872314	0.004629550036042929
965	excitement	../syntropy_project/models/model1_0	../syntropy_project/models/model1_0	joy	0.9241885542869568	0.032247915863990784	0.9241885542869568	0.02931712567806244	0.004366099834442139	0.0017494555795565248	0.000517413835041225	0.0009212101576849818	0.0033943429589271545	0.0014176064869388938	0.0016464623622596264	7.168834417825565e-05	0.00016213204071391374
732	neutral	../syntropy_project/models/model1_0	../syntropy_project/models/model1_0	joy	0.5611549615859985	0.1966378539800644	0.5611549615859985	0.16416504979133606	0.002527360338717699	0.009884613566100597	0.001056096632964909	0.001157875987701118	0.02292718179523945	0.0010872322600334883	0.002218270907178521	0.036885183304548264	0.0002983194135595113
615	pride	../syntropy_project/models/model1_0	../syntropy_project/models/model1_0	sadness	0.8819219470024109	0.003347177291288972	0.03443687781691551	0.024181468412280083	0.005334136541932821	0.8819219470024109	0.011300910264253616	0.0016821278259158134	0.0017966555897146463	0.005943382624536753	0.004538283217698336	0.025386331602931023	0.00013074725575279444
1146	pride	../syntropy_project/models/model1_0	../syntropy_project/models/model1_0	pride	0.9942357540130615	0.00018907999037764966	0.0004199177783448249	3.129750621155836e-05	5.996489926474169e-05	6.325581489363685e-05	2.843597758328542e-05	7.569907029392198e-05	0.9942357540130615	0.0036548383068293333	2.4197783204726875e-05	0.0006850796053186059	0.0005324552766978741
573	neutral	../syntropy_project/models/model1_0	../syntropy_project/models/model1_0	excitement	0.3430677056312561	0.3430677056312561	0.31531938910484314	0.14986583590507507	0.1424441784620285	0.012375719845294952	0.00883299671113491	0.002856787759810686	0.011142313480377197	0.0026003087405115366	0.006222697906196117	0.0027289867866784334	0.0025431050453335047
820	surprise	../syntropy_project/models/model1_0	../syntropy_project/models/model1_0	surprise	0.9937189817428589	0.0033290681894868612	0.00024620286421850324	0.001640061498619616	0.9937189817428589	7.886598905315623e-05	4.3415049731265754e-05	9.06000059330836e-05	0.00012745991989504546	0.00024715441395528615	0.00046023010509088635	1.662507202127017e-05	1.3065362054476282e-06
678	pride	../syntropy_project/models/model1_0	../syntropy_project/models/model1_0	pride	0.8899880647659302	0.007297908887267113	0.0988115668296814	0.00038485947879962623	0.00012514633999671787	0.0005456599756143987	4.225923476042226e-05	4.5580793084809557e-05	0.8899880647659302	0.0014674969715997577	9.588963439455256e-05	0.0008430755115114152	0.0003525115898810327
451	neutral	../syntropy_project/models/model1_0	../syntropy_project/models/model1_0	joy	0.9284483790397644	0.051070407032966614	0.9284483790397644	0.01037289947271347	0.0019635192584246397	0.0021016180980950594	0.0002770488790702075	0.00035502301761880517	0.0036460324190557003	0.0007000475306995213	0.0006196709000505507	0.000339487858582288	0.00010583408584352583
731	joy	../syntropy_project/models/model1_0	../syntropy_project/models/model1_0	joy	0.970256507396698	0.02637297287583351	0.970256507396698	0.0011532853823155165	0.00016461963241454214	0.0002585824695415795	1.3148467587598134e-05	3.0705832614330575e-05	0.0014233740512281656	0.0001012409120448865	0.00010588405712042004	9.703513205749914e-05	2.2600588636123575e-05
420	neutral	../syntropy_project/models/model1_0	../syntropy_project/models/model1_0	joy	0.4455256760120392	0.4263772666454315	0.4455256760120392	0.04873751103878021	0.004380077589303255	0.007786150556057692	0.0023644547909498215	0.000821879249997437	0.01879369094967842	0.0013772165402770042	0.0031067903619259596	0.03838806971907616	0.002341223182156682
380	pride	../syntropy_project/models/model1_0	../syntropy_project/models/model1_0	joy	0.8479238152503967	0.015357046388089657	0.8479238152503967	0.021082891151309013	0.002210026141256094	0.0202476866543293	0.0010792338289320469	0.0011985559249296784	0.06433871388435364	0.008174030110239983	0.004794116597622633	0.013201837427914143	0.0003920717572327703
83	excitement	../syntropy_project/models/model1_0	../syntropy_project/models/model1_0	joy	0.9484386444091797	0.031949304044246674	0.9484386444091797	0.006898986175656319	0.0005377728375606239	0.006904185749590397	0.00020641685114242136	0.00020998642139602453	0.0027952701784670353	0.0002737908798735589	0.0009766495786607265	0.0005923860007897019	0.00021673351875506341
129	pride	../syntropy_project/models/model1_0	../syntropy_project/models/model1_0	joy	0.33941882848739624	0.1268431693315506	0.33941882848739624	0.19321662187576294	0.0041633122600615025	0.2453732043504715	0.004695566836744547	0.0009877817938104272	0.06932087242603302	0.0019680391997098923	0.00215694191865623	0.010335179045796394	0.0015205477830022573
916	neutral	../syntropy_project/models/model1_0	../syntropy_project/models/model1_0	joy	0.8788709044456482	0.11335588246583939	0.8788709044456482	0.0025130347348749638	0.0006968752131797373	0.0009937951108440757	0.00011475633800728247	6.039798608981073e-05	0.002032604767009616	0.00037685452844016254	0.0003523692430462688	0.0005555928801186383	7.69914549891837e-05
774	confusion	../syntropy_project/models/model1_0	../syntropy_project/models/model1_0	sadness	0.6319311261177063	0.01000745128840208	0.023657692596316338	0.2502606213092804	0.006010889541357756	0.6319311261177063	0.0090846111997962	0.003039544215425849	0.0013802781468257308	0.0025653811171650887	0.017705267295241356	0.042688336223363876	0.0016688111936673522
1065	nervousness	../syntropy_project/models/model1_0	../syntropy_project/models/model1_0	excitement	0.6930713653564453	0.6930713653564453	0.1225806400179863	0.12203714996576309	0.026444876566529274	0.005738366860896349	0.0018075205152854323	0.0005266398657113314	0.009021633304655552	0.001485595596022904	0.01207062229514122	0.004552358295768499	0.0006632503936998546
522	pride	../syntropy_project/models/model1_0	../syntropy_project/models/model1_0	joy	0.5855007767677307	0.3730378746986389	0.5855007767677307	0.01306023821234703	0.0008583327871747315	0.009621267206966877	8.695178985362872e-05	0.00039498406113125384	0.014005966484546661	0.00044168438762426376	0.0011559302220121026	0.0010109026916325092	0.0008251093095168471
260	neutral	../syntropy_project/models/model1_0	../syntropy_project/models/model1_0	excitement	0.34054574370384216	0.34054574370384216	0.223826065659523	0.12957103550434113	0.03798013925552368	0.14133433997631073	0.005224140360951424	0.002554355189204216	0.0047729648649692535	0.005122543778270483	0.012507912702858448	0.0955210030078888	0.0010397278238087893
596	neutral	../syntropy_project/models/model1_0	../syntropy_project/models/model1_0	joy	0.9332396388053894	0.032844170928001404	0.9332396388053894	0.008233305998146534	0.00047892838483676314	0.01572658307850361	0.00047583982814103365	0.000266306014964357	0.002630895236507058	0.0004959251382388175	0.0009870760841295123	0.004325560759752989	0.0002957870892714709
818	surprise	../syntropy_project/models/model1_0	../syntropy_project/models/model1_0	joy	0.7197335958480835	0.08842436969280243	0.7197335958480835	0.16513079404830933	0.006275299470871687	0.005230643320828676	0.0007294154493138194	0.001837946125306189	0.004534710198640823	0.002396475290879607	0.005257148761302233	0.0001676928368397057	0.0002819170185830444
988	pride	../syntropy_project/models/model1_0	../syntropy_project/models/model1_0	sadness	0.7461720705032349	0.015383747406303883	0.05590688809752464	0.1506570726633072	0.0018355008214712143	0.7461720705032349	0.0031727650202810764	0.0019106685649603605	0.012877220287919044	0.0018131497781723738	0.0010738172568380833	0.007567900232970715	0.0016291936626657844
906	pride	../syntropy_project/models/model1_0	../syntropy_project/models/model1_0	neutral	0.5073503851890564	0.10275539010763168	0.18702176213264465	0.5073503851890564	0.0834854245185852	0.051162973046302795	0.008119485341012478	0.0029031222220510244	0.023522714152932167	0.0037851736415177584	0.016984011977910995	0.011552437208592892	0.001357209519483149
138	pride	../syntropy_project/models/model1_0	../syntropy_project/models/model1_0	pride	0.9962306618690491	0.0005946636665612459	0.0009392495267093182	5.2421710279304534e-05	6.855028186691925e-05	9.389203478349373e-05	1.4773509064980317e-05	4.391797483549453e-05	0.9962306618690491	0.001286765094846487	1.1978908332821447e-05	0.0005345938261598349	0.00012846449681092054
292	pride	../syntropy_project/models/model1_0	../syntropy_project/models/model1_0	joy	0.9850118160247803	0.0066128745675086975	0.9850118160247803	0.0017968765459954739	0.00010197454685112461	0.0014338380424305797	2.2603369870921597e-05	4.308955612941645e-05	0.004414058290421963	0.00020833003509324044	0.00015601546328980476	0.00014515042130369693	5.3357540309662e-05
1035	confusion	../syntropy_project/models/model1_0	../syntropy_project/models/model1_0	nervousness	0.21663007140159607	0.004889751318842173	0.01693759858608246	0.19098524749279022	0.02746191993355751	0.1634148806333542	0.17084826529026031	0.021111823618412018	0.009004292078316212	0.07126840949058533	0.1031811535358429	0.21663007140159607	0.004266527947038412
376	pride	../syntropy_project/models/model1_0	../syntropy_project/models/model1_0	pride	0.9425387382507324	0.004074666649103165	0.04789898544549942	0.00037189704016782343	4.292820085538551e-05	0.0002744446974247694	3.5946031857747585e-05	6.623976514674723e-05	0.9425387382507324	0.0021588795352727175	0.00022472505224868655	0.00119447719771415	0.0011180770816281438
141	pride	../syntropy_project/models/model1_0	../syntropy_project/models/model1_0	neutral	0.38283801078796387	0.31297436356544495	0.08618828654289246	0.38283801078796387	0.01768285594880581	0.17098094522953033	0.004714731592684984	0.0034118941985070705	0.011580919846892357	0.002830767072737217	0.003606532234698534	0.0028151150327175856	0.00037553877336904407
609	pride	../syntropy_project/models/model1_0	../syntropy_project/models/model1_0	joy	0.5835283994674683	0.1834043711423874	0.5835283994674683	0.09314382076263428	0.003875341033563018	0.045959558337926865	0.001709147822111845	0.0019001681357622147	0.047298599034547806	0.0025765064638108015	0.0014058034867048264	0.03436315059661865	0.0008351010619662702
838	pride	../syntropy_project/models/model1_0	../syntropy_project/models/model1_0	pride	0.9003996253013611	0.012691344134509563	0.07846468687057495	0.0004511080915108323	0.00040378820267505944	0.0009079804294742644	8.937112579587847e-05	0.00022996366897132248	0.9003996253013611	0.004328187555074692	0.00013994982873555273	0.0011700100731104612	0.0007240253034979105
1156	excitement	../syntropy_project/models/model1_0	../syntropy_project/models/model1_0	excitement	0.32695508003234863	0.32695508003234863	0.22526703774929047	0.30355873703956604	0.06929760426282883	0.0445658303797245	0.005748713854700327	0.0028629228472709656	0.01040482148528099	0.0016137241618707776	0.003196179633960128	0.006476008333265781	5.329676787368953e-05
139	neutral	../syntropy_project/models/model1_0	../syntropy_project/models/model1_0	sadness	0.8717824220657349	0.011884652078151703	0.06557255983352661	0.029647456482052803	0.003969554323703051	0.8717824220657349	0.0032678863499313593	0.0009010975481942296	0.004572931211441755	0.002618358703330159	0.002823213115334511	0.0028078730683773756	0.00015194553998298943
911	joy	../syntropy_project/models/model1_0	../syntropy_project/models/model1_0	joy	0.7287212610244751	0.24602364003658295	0.7287212610244751	0.006392200477421284	0.005202326457947493	0.0008372238371521235	0.0002514481311663985	0.0002541068533901125	0.009741082787513733	0.0008056379738263786	0.001627287594601512	4.2867530282819644e-05	0.00010093887976836413
973	excitement	../syntropy_project/models/model1_0	../syntropy_project/models/model1_0	pride	0.9764134883880615	0.0070500741712749004	0.002871833508834243	0.00036037006066180766	0.001860717311501503	6.146055966382846e-05	0.00012934445112477988	0.00039722659857943654	0.9764134883880615	0.00896263774484396	0.0002814501349348575	0.0011438849614933133	0.00046756150550208986
224	excitement	../syntropy_project/models/model1_0	../syntropy_project/models/model1_0	excitement	0.9525626301765442	0.9525626301765442	0.04581914097070694	0.0007257479592226446	0.00019829042139463127	0.00013133560423739254	1.0017155545938294e-05	1.0139710866496898e-05	0.00036346970591694117	1.2227175830048509e-05	3.78409240511246e-05	8.650572272017598e-05	4.2605541239026934e-05
398	pride	../syntropy_project/models/model1_0	../syntropy_project/models/model1_0	pride	0.8986249566078186	0.0032013854943215847	0.08548631519079208	0.00024296394258271903	6.661937368335202e-05	0.0003571719862520695	9.09555601538159e-05	7.436521991621703e-05	0.8986249566078186	0.00667177326977253	0.00017298744933214039	0.0035454139579087496	0.0014650512021034956
274	neutral	../syntropy_project/models/model1_0	../syntropy_project/models/model1_0	joy	0.4337688088417053	0.24949844181537628	0.4337688088417053	0.1842956691980362	0.029347294941544533	0.062252119183540344	0.002398854587227106	0.0013354908442124724	0.027733467519283295	0.004872441757470369	0.002962839789688587	0.0010114952456206083	0.0005232007242739201
323	pride	../syntropy_project/models/model1_0	../syntropy_project/models/model1_0	joy	0.8365971446037292	0.13406510651111603	0.8365971446037292	0.002177249174565077	0.000805078016128391	0.0018748337170109153	7.59126924094744e-05	0.00012500832963269204	0.022221161052584648	0.00048556909314356744	0.00023327473900280893	0.0010438140016049147	0.0002958107797894627
342	pride	../syntropy_project/models/model1_0	../syntropy_project/models/model1_0	joy	0.875984787940979	0.09317398816347122	0.875984787940979	0.002619045553728938	0.0009465249604545534	0.0015060933073982596	0.0002087520551867783	0.00017393699090462178	0.02141406573355198	0.0007046356913633645	0.0008355686441063881	0.002289293333888054	0.00014336513413581997
807	joy	../syntropy_project/models/model1_0	../syntropy_project/models/model1_0	neutral	0.5894165635108948	0.18970371782779694	0.09080588817596436	0.5894165635108948	0.104891836643219	0.009681301191449165	0.003059297800064087	0.0017439459916204214	0.0036476650275290012	0.0016737617552280426	0.00491719413548708	0.00032233080128207803	0.0001365003699902445
1078	excitement	../syntropy_project/models/model1_0	../syntropy_project/models/model1_0	excitement	0.9937963485717773	0.9937963485717773	0.004735302180051804	0.0005481792031787336	0.0006618786137551069	5.895078356843442e-05	1.4469798770733178e-05	2.162779310310725e-05	7.399988680845127e-05	1.141590837505646e-05	1.5862908185226843e-05	5.2024923206772655e-05	9.975437933462672e-06
718	neutral	../syntropy_project/models/model1_0	../syntropy_project/models/model1_0	joy	0.7324566841125488	0.010438230820000172	0.7324566841125488	0.027315812185406685	0.0012282432289794087	0.15885883569717407	0.00580641021952033	0.0007629591273143888	0.013347034342586994	0.0019512055441737175	0.005642394069582224	0.03944133594632149	0.0027508263010531664
969	embarrassment	../syntropy_project/models/model1_0	../syntropy_project/models/model1_0	joy	0.41388726234436035	0.10036391019821167	0.41388726234436035	0.2976045608520508	0.008670908398926258	0.04312049597501755	0.007717734202742577	0.0008890926837921143	0.06750410050153732	0.004172867629677057	0.018668722361326218	0.03519343584775925	0.0022069385740906
447	neutral	../syntropy_project/models/model1_0	../syntropy_project/models/model1_0	sadness	0.5508527159690857	0.04288776218891144	0.044829800724983215	0.051912613213062286	0.02423194609582424	0.5508527159690857	0.041934773325920105	0.00530773401260376	0.003388585988432169	0.009242746978998184	0.0059667606838047504	0.21753275394439697	0.0019118250347673893
634	neutral	../syntropy_project/models/model1_0	../syntropy_project/models/model1_0	neutral	0.6302118897438049	0.025738289579749107	0.28085434436798096	0.6302118897438049	0.007403186522424221	0.005345284007489681	0.0027637106832116842	0.008932903409004211	0.018201516941189766	0.00828716903924942	0.008064605295658112	0.0008281389018520713	0.0033690810669213533
344	joy	../syntropy_project/models/model1_0	../syntropy_project/models/model1_0	joy	0.5842795968055725	0.389217346906662	0.5842795968055725	0.010192641988396645	0.009523697197437286	0.0011316462187096477	0.00030697649344801903	0.000349154433934018	0.003684517228975892	0.0005614835536107421	0.000486694771097973	0.0001852192508522421	8.106273890007287e-05
1040	sadness	../syntropy_project/models/model1_0	../syntropy_project/models/model1_0	sadness	0.6518548130989075	0.009142783470451832	0.07898566871881485	0.2153293937444687	0.002738539595156908	0.6518548130989075	0.002565021626651287	0.0012580401962623	0.020231004804372787	0.0064732083119452	0.007368486374616623	0.0023127857130020857	0.0017402966041117907
1005	neutral	../syntropy_project/models/model1_0	../syntropy_project/models/model1_0	pride	0.9757156372070312	0.002001659944653511	0.016248824074864388	8.77736893016845e-05	8.54555910336785e-05	0.00013343030877877027	7.433111750287935e-05	3.2601634302409366e-05	0.9757156372070312	0.00283337221480906	0.00010127027053385973	0.0022858812008053064	0.00039965924224816263
843	nervousness	../syntropy_project/models/model1_0	../syntropy_project/models/model1_0	sadness	0.4550394117832184	0.22801677882671356	0.05644118785858154	0.048135917633771896	0.006690078414976597	0.4550394117832184	0.004257368389517069	0.0021728381980210543	0.002358231460675597	0.002675342373549938	0.004382037092000246	0.18788990378379822	0.001940905349329114
549	embarrassment	../syntropy_project/models/model1_0	../syntropy_project/models/model1_0	embarrassment	0.9794127345085144	1.861167220340576e-05	0.0006765644066035748	0.0004984859260730445	0.00012475906987674534	0.0042944843880832195	0.0007132671307772398	0.005383019335567951	0.0049027344211936	0.9794127345085144	0.000804884999524802	0.002835448132827878	0.00033511119545437396
1112	neutral	../syntropy_project/models/model1_0	../syntropy_project/models/model1_0	joy	0.9357300996780396	0.05305570736527443	0.9357300996780396	0.0031710511539131403	0.0003092083497904241	0.0010289129568263888	9.006873006001115e-05	0.00013393323752097785	0.00538099929690361	0.00034510937985032797	0.00028510254924185574	0.00021533459948841482	0.00025439757155254483
526	excitement	../syntropy_project/models/model1_0	../syntropy_project/models/model1_0	excitement	0.5062745809555054	0.5062745809555054	0.4424886107444763	0.008757553063333035	0.0021232343278825283	0.00672442140057683	0.00046710268361493945	0.0002873202902264893	0.007698148023337126	0.00046862976159900427	0.0004999153316020966	0.023791790008544922	0.00041864559170790017
365	excitement	../syntropy_project/models/model1_0	../syntropy_project/models/model1_0	joy	0.35927093029022217	0.10342791676521301	0.35927093029022217	0.15253692865371704	0.10626924782991409	0.15505371987819672	0.00977118220180273	0.004728145431727171	0.037782538682222366	0.025297310203313828	0.030109992250800133	0.01147015206515789	0.004281959962099791
855	joy	../syntropy_project/models/model1_0	../syntropy_project/models/model1_0	joy	0.43847426772117615	0.19490118324756622	0.43847426772117615	0.23699072003364563	0.006826138589531183	0.05135209858417511	0.000987699837423861	0.002377584343776107	0.04081830754876137	0.0051602027378976345	0.008581694215536118	0.011754483915865421	0.0017755859298631549
701	neutral	../syntropy_project/models/model1_0	../syntropy_project/models/model1_0	joy	0.6559319496154785	0.21320973336696625	0.6559319496154785	0.08006710559129715	0.012542618438601494	0.009191199205815792	0.001244942075572908	0.0038862868677824736	0.01173614151775837	0.002804870018735528	0.003957301843911409	0.0009243862587027252	0.004503438714891672
321	surprise	../syntropy_project/models/model1_0	../syntropy_project/models/model1_0	excitement	0.6694526672363281	0.6694526672363281	0.2854834794998169	0.02181871049106121	0.012440483085811138	0.0011572594521567225	0.0005029286257922649	0.00023765230434946716	0.005054275039583445	0.001057879300788045	0.00219530938193202	0.0005307291285134852	6.870067591080442e-05
803	joy	../syntropy_project/models/model1_0	../syntropy_project/models/model1_0	excitement	0.45639556646347046	0.45639556646347046	0.3399882912635803	0.037717897444963455	0.14510677754878998	0.0008959723636507988	0.0014054798521101475	0.00394628057256341	0.009859179146587849	0.0025318595580756664	0.0018253978341817856	0.0002311318094143644	9.614007285563275e-05
707	excitement	../syntropy_project/models/model1_0	../syntropy_project/models/model1_0	joy	0.9683628082275391	0.025830650702118874	0.9683628082275391	0.0022559245117008686	0.00024039248819462955	0.0008758772164583206	2.7955204132013023e-05	3.807854955084622e-05	0.0019346580374985933	0.00021589698735624552	0.00015537432045675814	3.952996485168114e-05	2.282782043039333e-05
944	pride	../syntropy_project/models/model1_0	../syntropy_project/models/model1_0	neutral	0.43219608068466187	0.09744442254304886	0.32611343264579773	0.43219608068466187	0.003508278401568532	0.04306661710143089	0.0016677253879606724	0.0005801827064715326	0.04257254675030708	0.0026990987826138735	0.04209751635789871	0.0013503179652616382	0.006703758612275124
613	neutral	../syntropy_project/models/model1_0	../syntropy_project/models/model1_0	sadness	0.8512206077575684	0.0230390802025795	0.042742013931274414	0.039126116782426834	0.01284053549170494	0.8512206077575684	0.004671184811741114	0.0038184502627700567	0.0017255139537155628	0.0023509941529482603	0.003157477593049407	0.014962581917643547	0.000345488399034366
39	anger	../syntropy_project/models/model1_0	../syntropy_project/models/model1_0	excitement	0.735349714756012	0.735349714756012	0.013534302823245525	0.19060420989990234	0.004732672590762377	0.005515723954886198	0.0002753042499534786	0.0005371662555262446	0.0011147313052788377	0.0006431282963603735	0.04431607201695442	0.0027769869193434715	0.0005999673157930374
30	excitement	../syntropy_project/models/model1_0	../syntropy_project/models/model1_0	excitement	0.4563112258911133	0.4563112258911133	0.17393389344215393	0.21114279329776764	0.12250392138957977	0.01605713739991188	0.0008126217289827764	0.0029724070336669683	0.008861764334142208	0.0015906674088910222	0.003574652597308159	0.0018925110343843699	0.00034639122895896435
242	excitement	../syntropy_project/models/model1_0	../syntropy_project/models/model1_0	joy	0.475494921207428	0.07862731069326401	0.475494921207428	0.12505485117435455	0.005760389380156994	0.2842901945114136	0.001602203119546175	0.0016343063907697797	0.009165228344500065	0.004512843210250139	0.005259189289063215	0.007168937474489212	0.0014295706059783697
1110	joy	../syntropy_project/models/model1_0	../syntropy_project/models/model1_0	sadness	0.42006027698516846	0.10862483084201813	0.16997046768665314	0.20549343526363373	0.036914125084877014	0.42006027698516846	0.011627210304141045	0.016854211688041687	0.006492080166935921	0.007943384349346161	0.008064390160143375	0.006304953712970018	0.001650581369176507
136	joy	../syntropy_project/models/model1_0	../syntropy_project/models/model1_0	joy	0.9138416647911072	0.03111168183386326	0.9138416647911072	0.014115465804934502	0.0007356041460298002	0.029802797362208366	0.00045227742521092296	0.0004832737613469362	0.005531173199415207	0.0008646737551316619	0.0008733266149647534	0.0019400789169594646	0.0002479500253684819
310	excitement	../syntropy_project/models/model1_0	../syntropy_project/models/model1_0	sadness	0.900668203830719	0.0012264502001926303	0.007838930934667587	0.04308468475937843	0.0016356643754988909	0.900668203830719	0.015744296833872795	0.00172724190633744	0.0016437427839264274	0.004213585052639246	0.004756384063512087	0.016471432521939278	0.000989503925666213
1066	nervousness	../syntropy_project/models/model1_0	../syntropy_project/models/model1_0	nervousness	0.4863820970058441	0.0005248216330073774	0.001598645350895822	0.004697038326412439	0.0010717470431700349	0.010046416893601418	0.48563382029533386	0.001247254665941	0.0009251058800145984	0.00434611551463604	0.003132266690954566	0.4863820970058441	0.00039469017065130174
503	neutral	../syntropy_project/models/model1_0	../syntropy_project/models/model1_0	joy	0.5428014993667603	0.09394589066505432	0.5428014993667603	0.30212730169296265	0.032289352267980576	0.012329377233982086	0.002229631645604968	0.0030386880971491337	0.00558541901409626	0.001652912818826735	0.0035950420424342155	0.0003122519701719284	9.267080895369872e-05
780	neutral	../syntropy_project/models/model1_0	../syntropy_project/models/model1_0	neutral	0.4087136387825012	0.05760986730456352	0.33633124828338623	0.4087136387825012	0.058621183037757874	0.03198873996734619	0.006229971535503864	0.029925504699349403	0.021714430302381516	0.026864634826779366	0.018742790445685387	0.0016988653223961592	0.0015590109396725893
1122	excitement	../syntropy_project/models/model1_0	../syntropy_project/models/model1_0	joy	0.49503380060195923	0.3508600890636444	0.49503380060195923	0.12536047399044037	0.01181119680404663	0.003568354994058609	0.0006892735254950821	0.0010049971751868725	0.006495767738670111	0.0020527238957583904	0.0026798928156495094	0.00024326465791091323	0.00020019547082483768
1264	joy	../syntropy_project/models/model1_0	../syntropy_project/models/model1_0	sadness	0.524745762348175	0.06650007516145706	0.11992566287517548	0.07853086292743683	0.014371510595083237	0.524745762348175	0.024928046390414238	0.004717241507023573	0.005460751708596945	0.006358074955642223	0.01051688939332962	0.1426338106393814	0.0013113004388287663
453	joy	../syntropy_project/models/model1_0	../syntropy_project/models/model1_0	joy	0.8804102540016174	0.09071525931358337	0.8804102540016174	0.013590488582849503	0.001415280275978148	0.004342946223914623	0.00029748782981187105	0.0005813840543851256	0.005090676713734865	0.0011687080841511488	0.0011105018202215433	0.0010603534756228328	0.0002167111961171031
3	neutral	../syntropy_project/models/model1_0	../syntropy_project/models/model1_0	joy	0.6558722853660583	0.29368266463279724	0.6558722853660583	0.02379131317138672	0.0056198579259216785	0.007982219569385052	0.00024856251548044384	0.00027843762654811144	0.009795790538191795	0.0010408111847937107	0.0007114691543392837	0.0008616798440925777	0.00011484052083687857
111	neutral	../syntropy_project/models/model1_0	../syntropy_project/models/model1_0	neutral	0.4853600859642029	0.38894394040107727	0.03895658627152443	0.4853600859642029	0.017579901963472366	0.039826709777116776	0.002088849898427725	0.005042982287704945	0.0070296237245202065	0.0021000064443796873	0.006550964899361134	0.006039038300514221	0.000481349736219272
670	joy	../syntropy_project/models/model1_0	../syntropy_project/models/model1_0	joy	0.6496619582176208	0.08860398083925247	0.6496619582176208	0.20570968091487885	0.00346900662407279	0.029783034697175026	0.0015984814381226897	0.0008041273104026914	0.0108008598908782	0.0028939214535057545	0.0038020238280296326	0.0025427364744246006	0.0003301121760159731
1097	excitement	../syntropy_project/models/model1_0	../syntropy_project/models/model1_0	pride	0.9926802515983582	0.0014882488176226616	0.002187972189858556	7.825537613825873e-05	0.00012824258010368794	4.329497824073769e-05	2.9554697903222404e-05	3.4079850593116134e-05	0.9926802515983582	0.002354215830564499	8.462117693852633e-05	0.0006796838133595884	0.00021152783301658928
482	pride	../syntropy_project/models/model1_0	../syntropy_project/models/model1_0	pride	0.9916024804115295	0.0006999844335950911	0.001969885779544711	0.0001108983633457683	3.4787197364494205e-05	0.0003033734974451363	2.948192741314415e-05	3.903948163497262e-05	0.9916024804115295	0.004546781070530415	5.150922152097337e-05	0.00043420452857390046	0.0001775371638359502
921	pride	../syntropy_project/models/model1_0	../syntropy_project/models/model1_0	joy	0.8167861104011536	0.005663908086717129	0.8167861104011536	0.02014736272394657	0.0007158126682043076	0.06347637623548508	0.00040515605360269547	0.0007698731496930122	0.08436717838048935	0.004450764041393995	0.0007984880357980728	0.0011408933205530047	0.00127806153614074
931	nervousness	../syntropy_project/models/model1_0	../syntropy_project/models/model1_0	joy	0.8041785359382629	0.05808105319738388	0.8041785359382629	0.001921057584695518	0.000721425807569176	0.0009978099260479212	0.00026065975544042885	0.00016835304268170148	0.1263103187084198	0.0031925286166369915	0.0009447758202441037	0.002212214982137084	0.0010112285381183028
1139	confusion	../syntropy_project/models/model1_0	../syntropy_project/models/model1_0	excitement	0.9953368902206421	0.9953368902206421	0.002002052264288068	0.0006661308580078185	0.0009257413330487907	0.00014106911839917302	3.775949153350666e-05	2.1334843040676787e-05	0.00045854647760279477	3.710844612214714e-05	3.4567012335173786e-05	0.00031737922108732164	2.133567977580242e-05
429	joy	../syntropy_project/models/model1_0	../syntropy_project/models/model1_0	joy	0.92827308177948	0.05631237104535103	0.92827308177948	0.0033072587102651596	0.0002113675291184336	0.0036390568129718304	7.918787014205009e-05	9.938533912645653e-05	0.0070016407407820225	0.00017597858095541596	0.00018434642697684467	0.000519344350323081	0.00019693464855663478
314	joy	../syntropy_project/models/model1_0	../syntropy_project/models/model1_0	joy	0.9636155962944031	0.029362676665186882	0.9636155962944031	0.0019962021615356207	0.0005402750102803111	0.0006076566642150283	5.5876960686873645e-05	9.315985516877845e-05	0.0027541217859834433	0.00023684413463342935	0.0005908789462409914	9.943026816472411e-05	4.736408300232142e-05
1030	surprise	../syntropy_project/models/model1_0	../syntropy_project/models/model1_0	joy	0.7242816686630249	0.2032226175069809	0.7242816686630249	0.010277420282363892	0.04141665995121002	0.005172549746930599	0.00026125184376724064	0.00029470387380570173	0.007633572444319725	0.0018915015971288085	0.004836528096348047	0.0005553954979404807	0.00015608318790327758
319	excitement	../syntropy_project/models/model1_0	../syntropy_project/models/model1_0	joy	0.7760030627250671	0.19738954305648804	0.7760030627250671	0.00473557086661458	0.0010046397801488638	0.003670805599540472	6.105221109464765e-05	0.00017194975225720555	0.012750734575092793	0.0005420056986622512	0.0004613456258084625	0.002875308273360133	0.00033401427208445966
579	nervousness	../syntropy_project/models/model1_0	../syntropy_project/models/model1_0	sadness	0.48600760102272034	0.0027413498610258102	0.01020175963640213	0.01283224206417799	0.020116209983825684	0.48600760102272034	0.010985836386680603	0.011879722587764263	0.0011370579013600945	0.02958773821592331	0.15892867743968964	0.251999169588089	0.003582555102184415
630	pride	../syntropy_project/models/model1_0	../syntropy_project/models/model1_0	joy	0.895523726940155	0.05912930145859718	0.895523726940155	0.03333284705877304	0.00038772670086473227	0.00440932298079133	0.0001172508200397715	0.0001976849016500637	0.003529032925143838	0.0005507820751518011	0.0013457733439281583	0.0013690392952412367	0.00010760104487417266
5	nervousness	../syntropy_project/models/model1_0	../syntropy_project/models/model1_0	sadness	0.9796619415283203	0.0007163715781643987	0.00336490198969841	0.0018190591363236308	0.00038560215034522116	0.9796619415283203	0.0009108672384172678	0.001659371075220406	0.00035845625097863376	0.001716012367978692	0.0006574801518581808	0.007457622792571783	0.0012922664172947407
100	neutral	../syntropy_project/models/model1_0	../syntropy_project/models/model1_0	joy	0.9864528179168701	0.005219439044594765	0.9864528179168701	0.0028471958357840776	0.0003099585301242769	0.0019297775579616427	4.412153793964535e-05	8.953687938628718e-05	0.002452201908454299	0.0002648782392498106	0.000280695065157488	7.515073957620189e-05	3.4148237318731844e-05
710	joy	../syntropy_project/models/model1_0	../syntropy_project/models/model1_0	joy	0.5966306924819946	0.08465903997421265	0.5966306924819946	0.2409510314464569	0.005044110119342804	0.026004664599895477	0.00309672555886209	0.004676885902881622	0.00525823887437582	0.003526721615344286	0.013448900543153286	0.001956320134922862	0.014746617525815964
567	excitement	../syntropy_project/models/model1_0	../syntropy_project/models/model1_0	excitement	0.37274813652038574	0.37274813652038574	0.21177102625370026	0.12447064369916916	0.01783917099237442	0.05090008303523064	0.002118014730513096	0.0017589780036360025	0.18879184126853943	0.003052006708458066	0.002504670061171055	0.020746352151036263	0.0032991596963256598
545	neutral	../syntropy_project/models/model1_0	../syntropy_project/models/model1_0	neutral	0.6800327897071838	0.22512979805469513	0.032067734748125076	0.6800327897071838	0.04270017519593239	0.012928453274071217	0.00150872056838125	0.0006218094495125115	0.0011573245283216238	0.0009724133997224271	0.002717751543968916	0.00015392441127914935	9.107364348892588e-06
644	joy	../syntropy_project/models/model1_0	../syntropy_project/models/model1_0	joy	0.9916450381278992	0.005276738200336695	0.9916450381278992	0.0007917367620393634	0.000147039390867576	0.00028259187820367515	1.464347769797314e-05	1.8386137526249513e-05	0.001540805445984006	0.00012507475912570953	9.37462828005664e-05	4.776566493092105e-05	1.6441588741145097e-05
909	confusion	../syntropy_project/models/model1_0	../syntropy_project/models/model1_0	confusion	0.6355174779891968	0.0011894385097548366	0.003966669086366892	0.030007116496562958	0.0073433127254247665	0.13288408517837524	0.005024897400289774	0.011733081191778183	0.004177886992692947	0.10913122445344925	0.6355174779891968	0.022334976121783257	0.03668981045484543
802	neutral	../syntropy_project/models/model1_0	../syntropy_project/models/model1_0	joy	0.914753258228302	0.04723780229687691	0.914753258228302	0.01135910116136074	0.0008660416933707893	0.0017197895795106888	8.140244608512148e-05	0.00011351308785378933	0.02127603068947792	0.0009718149667605758	0.0009502326720394194	0.0005440597888082266	0.00012701180821750313
467	surprise	../syntropy_project/models/model1_0	../syntropy_project/models/model1_0	joy	0.9146475791931152	0.06468375027179718	0.9146475791931152	0.013187316246330738	0.0005901310942135751	0.0032679177820682526	8.968097245087847e-05	9.55924260779284e-05	0.0017931807087734342	0.0005169899086467922	0.0008709541289135814	0.00019360653823241591	6.327916344162077e-05
390	excitement	../syntropy_project/models/model1_0	../syntropy_project/models/model1_0	joy	0.6576812267303467	0.1146731972694397	0.6576812267303467	0.03282462805509567	0.00411907397210598	0.019126787781715393	0.0021787218283861876	0.0011837024940177798	0.11363397538661957	0.03608078882098198	0.009734991006553173	0.007245892658829689	0.0015169954858720303
227	neutral	../syntropy_project/models/model1_0	../syntropy_project/models/model1_0	joy	0.6877053380012512	0.06217246502637863	0.6877053380012512	0.038780052214860916	0.0018048007041215897	0.17668138444423676	0.0008475290960632265	0.0004657250829041004	0.0197684857994318	0.0024237821344286203	0.001430689007975161	0.007656951434910297	0.0002628723159432411
536	excitement	../syntropy_project/models/model1_0	../syntropy_project/models/model1_0	excitement	0.9824510812759399	0.9824510812759399	0.013575307093560696	0.0016435891157016158	0.0008298445609398186	0.0006595654995180666	5.915842848480679e-05	2.85044516203925e-05	0.0004964250838384032	6.735196802765131e-05	2.6721078029368073e-05	0.00014736184675712138	1.4982448192313313e-05
1057	neutral	../syntropy_project/models/model1_0	../syntropy_project/models/model1_0	joy	0.9149277806282043	0.07469328492879868	0.9149277806282043	0.004172933753579855	0.001339631387963891	0.0004398380406200886	9.822783613344654e-05	0.00014507722517009825	0.0028901759069412947	0.0005988235352560878	0.000592546712141484	3.827154068858363e-05	6.336455408018082e-05
712	neutral	../syntropy_project/models/model1_0	../syntropy_project/models/model1_0	surprise	0.39322951436042786	0.17667962610721588	0.186838299036026	0.14915893971920013	0.39322951436042786	0.012348116375505924	0.008274809457361698	0.02343544363975525	0.0068107177503407	0.009131599217653275	0.028269188478589058	0.0005097745452076197	0.0053139664232730865
471	neutral	../syntropy_project/models/model1_0	../syntropy_project/models/model1_0	neutral	0.39218780398368835	0.345019668340683	0.0935429185628891	0.39218780398368835	0.1056397333741188	0.02721758373081684	0.004377459175884724	0.0067792111076414585	0.009062428958714008	0.00614877650514245	0.003474433207884431	0.0036337857600301504	0.0029161833226680756
66	excitement	../syntropy_project/models/model1_0	../syntropy_project/models/model1_0	joy	0.9465131163597107	0.04280075058341026	0.9465131163597107	0.003928046207875013	0.0001516035117674619	0.0018105923663824797	3.195493627572432e-05	6.229579594219103e-05	0.003756011137738824	0.00021655541786458343	0.0003518777957651764	0.0002253579586977139	0.00015175061707850546
1089	neutral	../syntropy_project/models/model1_0	../syntropy_project/models/model1_0	joy	0.8680831789970398	0.07932810485363007	0.8680831789970398	0.008171509020030499	0.001984687289223075	0.028216416016221046	0.0006428792839869857	0.0005119579145684838	0.004109992180019617	0.0009589100372977555	0.0008261687471531332	0.0068967887200415134	0.0002693991409614682
67	surprise	../syntropy_project/models/model1_0	../syntropy_project/models/model1_0	nervousness	0.906869649887085	0.0008360951323993504	0.0007056894828565419	0.003161067608743906	0.004541391972452402	0.023105420172214508	0.016265785321593285	0.002910193521529436	0.0017353520961478353	0.015513632446527481	0.009286575950682163	0.906869649887085	0.015069159679114819
629	joy	../syntropy_project/models/model1_0	../syntropy_project/models/model1_0	joy	0.6496483087539673	0.013006752356886864	0.6496483087539673	0.06052461266517639	0.0005240539321675897	0.07703081518411636	0.002069276524707675	0.017103789374232292	0.01325804740190506	0.08845679461956024	0.015296452678740025	0.007520932238548994	0.05556025356054306
211	pride	../syntropy_project/models/model1_0	../syntropy_project/models/model1_0	pride	0.9663465619087219	0.00040953565621748567	0.0011644798796623945	0.000408593361498788	0.00012237750343047082	0.00017925274732988328	0.00016319731366820633	0.0002491002669557929	0.9663465619087219	0.029003633186221123	0.0005213486147113144	0.0005038242088630795	0.0009279820369556546
12	pride	../syntropy_project/models/model1_0	../syntropy_project/models/model1_0	joy	0.6150659322738647	0.02524319849908352	0.6150659322738647	0.04501882195472717	0.001958172768354416	0.14876139163970947	0.00365534913726151	0.0011423641117289662	0.13089294731616974	0.012316771782934666	0.006979759782552719	0.00392458401620388	0.005040784832090139
566	joy	../syntropy_project/models/model1_0	../syntropy_project/models/model1_0	neutral	0.6696161031723022	0.031780779361724854	0.06668882071971893	0.6696161031723022	0.21906642615795135	0.004936933983117342	0.000808203243650496	0.0005333708832040429	0.0005475443904288113	0.00036929192719981074	0.005578889511525631	5.5513286497443914e-05	1.812053596950136e-05
720	sadness	../syntropy_project/models/model1_0	../syntropy_project/models/model1_0	sadness	0.5144999027252197	0.005308711435645819	0.007605955004692078	0.04021526873111725	0.001983972964808345	0.5144999027252197	0.0792529508471489	0.07363630831241608	0.00298137404024601	0.031891874969005585	0.01351696066558361	0.0948534682393074	0.13425332307815552
299	excitement	../syntropy_project/models/model1_0	../syntropy_project/models/model1_0	pride	0.8563821315765381	0.01374155841767788	0.1182442158460617	0.0014590854989364743	0.0004298979474697262	0.0017655256669968367	0.00014251818356569856	0.00024189118994399905	0.8563821315765381	0.0048954482190310955	0.00028117085457779467	0.0017317207530140877	0.000684834027197212
513	pride	../syntropy_project/models/model1_0	../syntropy_project/models/model1_0	neutral	0.3742872476577759	0.035487886518239975	0.36271223425865173	0.3742872476577759	0.004063895437866449	0.09582386910915375	0.0022170303855091333	0.002060904400423169	0.10986988991498947	0.0029830988496541977	0.0034321309067308903	0.0033930144272744656	0.0036687457468360662
849	nervousness	../syntropy_project/models/model1_0	../syntropy_project/models/model1_0	nervousness	0.8897876143455505	0.020860018208622932	0.004062938038259745	0.010142593644559383	0.006949280388653278	0.04073892533779144	0.014717387966811657	0.0014103059656918049	0.0015724654076620936	0.002063253428786993	0.004532381892204285	0.8897876143455505	0.0031628136057406664
1141	sadness	../syntropy_project/models/model1_0	../syntropy_project/models/model1_0	joy	0.34201422333717346	0.3149968683719635	0.34201422333717346	0.17493698000907898	0.010451463982462883	0.12430866062641144	0.0007987531134858727	0.0009708405123092234	0.021120769903063774	0.00700739212334156	0.0011584620224311948	0.001997794257476926	0.00023781693016644567
745	excitement	../syntropy_project/models/model1_0	../syntropy_project/models/model1_0	neutral	0.8439335823059082	0.09736866503953934	0.027319511398673058	0.8439335823059082	0.011768319644033909	0.004943293984979391	0.00114593212492764	0.0020670753438025713	0.0038288701325654984	0.0007519053178839386	0.0043885717168450356	0.0014569010818377137	0.0010273843072354794
754	embarrassment	../syntropy_project/models/model1_0	../syntropy_project/models/model1_0	joy	0.3635658919811249	0.015610747039318085	0.3635658919811249	0.11977018415927887	0.004570075310766697	0.10003118962049484	0.00417784508317709	0.006980705074965954	0.09604756534099579	0.0566958524286747	0.011119225062429905	0.212569922208786	0.008860792964696884
1207	nervousness	../syntropy_project/models/model1_0	../syntropy_project/models/model1_0	sadness	0.46359172463417053	0.21612484753131866	0.15751883387565613	0.037968408316373825	0.012784688733518124	0.46359172463417053	0.01163387205451727	0.007460479158908129	0.004678786266595125	0.009394188411533833	0.004312343429774046	0.07169297337532043	0.0028388274367898703
558	neutral	../syntropy_project/models/model1_0	../syntropy_project/models/model1_0	joy	0.9739336371421814	0.018739288672804832	0.9739336371421814	0.001592856366187334	4.979672667104751e-05	0.0017491361359134316	2.8715086955344304e-05	3.697569263749756e-05	0.003148180665448308	0.00016198522644117475	0.00013870891416445374	0.0003154627338517457	0.00010531637235544622
589	pride	../syntropy_project/models/model1_0	../syntropy_project/models/model1_0	neutral	0.6566369533538818	0.14123095571994781	0.06662409752607346	0.6566369533538818	0.11921408027410507	0.004049503244459629	0.0018859133124351501	0.001614538487046957	0.0014218443538993597	0.0017968825995922089	0.005442142020910978	6.159445911180228e-05	2.134998794645071e-05
1048	disgust	../syntropy_project/models/model1_0	../syntropy_project/models/model1_0	disgust	0.933596670627594	0.0006304322159849107	0.0008539999835193157	0.005614361725747585	0.002382653998211026	0.003905976191163063	0.0027155594434589148	0.933596670627594	0.000786515069194138	0.04599885642528534	0.001096948399208486	0.00036683399230241776	0.0020512589253485203
1188	joy	../syntropy_project/models/model1_0	../syntropy_project/models/model1_0	joy	0.8885884284973145	0.08043874055147171	0.8885884284973145	0.006492163520306349	0.0013049256522208452	0.001983974827453494	0.0001256597606698051	8.08758704806678e-05	0.019373388960957527	0.0005745452363044024	0.0008186711347661912	0.00014792605361435562	7.067964179441333e-05
424	joy	../syntropy_project/models/model1_0	../syntropy_project/models/model1_0	joy	0.7995296716690063	0.13048787415027618	0.7995296716690063	0.026611395180225372	0.0027183229103684425	0.012958528473973274	0.0006255026091821492	0.0002962607832159847	0.019302107393741608	0.001168364891782403	0.003091053105890751	0.002791738836094737	0.00041918636998161674
1127	pride	../syntropy_project/models/model1_0	../syntropy_project/models/model1_0	joy	0.950020968914032	0.028883904218673706	0.950020968914032	0.00693152192980051	0.0001646885648369789	0.00490803737193346	0.00015938979049678892	0.00013042183127254248	0.006161960773169994	0.0005548957269638777	0.0009498050785623491	0.00043175587779842317	0.0007027221145108342
1100	neutral	../syntropy_project/models/model1_0	../syntropy_project/models/model1_0	joy	0.9592292904853821	0.02054552175104618	0.9592292904853821	0.00391198368743062	0.0004622074484359473	0.00628532562404871	0.00018292036838829517	0.00020500493701547384	0.006179485935717821	0.0008725856896489859	0.0005514742224477232	0.0013656207593157887	0.0002086085733026266
273	joy	../syntropy_project/models/model1_0	../syntropy_project/models/model1_0	joy	0.7221516370773315	0.12762419879436493	0.7221516370773315	0.10751335322856903	0.010035691782832146	0.012471065856516361	0.0005953939980827272	0.0014318779576569796	0.010317517444491386	0.003677405184134841	0.0036892727948725224	0.0003902690077666193	0.00010239456605631858
937	joy	../syntropy_project/models/model1_0	../syntropy_project/models/model1_0	joy	0.937192976474762	0.05782262235879898	0.937192976474762	0.0020595123060047626	0.00035051198210567236	0.0006605723756365478	4.237537723383866e-05	7.485790411010385e-05	0.00131005619186908	0.00024431810015812516	0.00014760643534827977	4.648276444640942e-05	4.8041416448540986e-05
362	joy	../syntropy_project/models/model1_0	../syntropy_project/models/model1_0	joy	0.9701645970344543	0.02389838546514511	0.9701645970344543	0.0010278586996719241	0.0001532636524643749	0.001214023563079536	2.0042480173287913e-05	2.809860416164156e-05	0.0031742386054247618	0.00010434463183628395	6.366450543282554e-05	0.00010440783808007836	4.706923209596425e-05
237	joy	../syntropy_project/models/model1_0	../syntropy_project/models/model1_0	joy	0.27861344814300537	0.25369518995285034	0.27861344814300537	0.23346680402755737	0.015464584343135357	0.17239992320537567	0.002994501730427146	0.0029157286044210196	0.019076526165008545	0.0035238524433225393	0.010534943081438541	0.006581555120646954	0.0007328512147068977
1165	excitement	../syntropy_project/models/model1_0	../syntropy_project/models/model1_0	joy	0.8853515982627869	0.0618014894425869	0.8853515982627869	0.027170442044734955	0.0052929893136024475	0.0012568493839353323	0.0002493498323019594	0.0008291958947665989	0.014960912056267262	0.001648629899136722	0.0011577893747016788	0.00012097691796952859	0.00015972212713677436
1220	embarrassment	../syntropy_project/models/model1_0	../syntropy_project/models/model1_0	confusion	0.6275174021720886	0.0003523806808516383	0.001544680679216981	0.006939432583749294	0.008838280104100704	0.0775151476264	0.03381049260497093	0.004385471343994141	0.0008264895295724273	0.023967234417796135	0.6275174021720886	0.21174179017543793	0.0025612704921513796
2	joy	../syntropy_project/models/model1_0	../syntropy_project/models/model1_0	joy	0.968786358833313	0.022735482081770897	0.968786358833313	0.0024825918953865767	0.00034958208561874926	0.0027210358530282974	4.558570435619913e-05	5.751016578869894e-05	0.002193514723330736	0.00021612092677969486	0.00022385918418876827	0.00015386658196803182	3.4514014259912074e-05
6	pride	../syntropy_project/models/model1_0	../syntropy_project/models/model1_0	excitement	0.7713523507118225	0.7713523507118225	0.04431817680597305	0.1554630547761917	0.018045995384454727	0.005948420614004135	0.00045945323654450476	0.0003501566534396261	0.0019289000192657113	0.0004195499059278518	0.0010748315835371614	0.0005222174222581089	0.00011686244397424161
1054	neutral	../syntropy_project/models/model1_0	../syntropy_project/models/model1_0	joy	0.8205333352088928	0.14891168475151062	0.8205333352088928	0.017453253269195557	0.0017760872142389417	0.003996142651885748	0.00016167470312211663	0.00036774101317860186	0.004319454077631235	0.0008289820398204029	0.0008122900617308915	0.0007233723299577832	0.00011591431393753737
311	pride	../syntropy_project/models/model1_0	../syntropy_project/models/model1_0	neutral	0.5654298067092896	0.2439335286617279	0.1426953673362732	0.5654298067092896	0.013979490846395493	0.008545882068574429	0.0032459069043397903	0.005647702142596245	0.008912013843655586	0.0010935192694887519	0.002684026025235653	0.0032692502718418837	0.0005635072011500597
1092	disgust	../syntropy_project/models/model1_0	../syntropy_project/models/model1_0	disgust	0.8953458666801453	0.005330487620085478	0.0068120588548481464	0.0245793666690588	0.0030267024412751198	0.009859996847808361	0.004305279813706875	0.8953458666801453	0.0010723753366619349	0.028551019728183746	0.002265254035592079	0.0010394740384072065	0.017812075093388557
532	joy	../syntropy_project/models/model1_0	../syntropy_project/models/model1_0	joy	0.9433419704437256	0.044291965663433075	0.9433419704437256	0.0039580948650836945	0.0008383762906305492	0.0025702849961817265	9.159098408417776e-05	0.00014176301192492247	0.0029168410692363977	0.00044883438386023045	0.0005230580572970212	0.0007374162669293582	0.00013982816017232835
552	surprise	../syntropy_project/models/model1_0	../syntropy_project/models/model1_0	excitement	0.9402623772621155	0.9402623772621155	0.03234710171818733	0.008380590006709099	0.0028992900624871254	0.002221988746896386	0.00039275531889870763	0.0008590320940129459	0.004962778650224209	0.001075984793715179	0.0010651133488863707	0.0035413422156125307	0.0019917143508791924
679	excitement	../syntropy_project/models/model1_0	../syntropy_project/models/model1_0	neutral	0.44866833090782166	0.1441451609134674	0.24126265943050385	0.44866833090782166	0.027125366032123566	0.09053891152143478	0.0017903329571709037	0.006111920811235905	0.028860293328762054	0.004146042745560408	0.005392841063439846	0.0011420503724366426	0.0008160586003214121
966	pride	../syntropy_project/models/model1_0	../syntropy_project/models/model1_0	neutral	0.5694875121116638	0.04359835758805275	0.3130255341529846	0.5694875121116638	0.0037883028853684664	0.013063888996839523	0.0019196629291400313	0.003304464044049382	0.03928757831454277	0.004271484445780516	0.004290137439966202	0.002402420388534665	0.0015607128152623773
215	fear	../syntropy_project/models/model1_0	../syntropy_project/models/model1_0	nervousness	0.4723893105983734	0.0014064612332731485	0.0025512645952403545	0.008067016489803791	0.013569086790084839	0.058510493487119675	0.009378348477184772	0.00523770647123456	0.001780942315235734	0.037284571677446365	0.3845866620540619	0.4723893105983734	0.005238148383796215
527	nervousness	../syntropy_project/models/model1_0	../syntropy_project/models/model1_0	sadness	0.8617329001426697	0.001555250259116292	0.006986393127590418	0.024798281490802765	0.0004997646901756525	0.8617329001426697	0.006058201193809509	0.014756782911717892	0.0016755665419623256	0.014838851988315582	0.00433784443885088	0.04548591747879982	0.017274247482419014
27	excitement	../syntropy_project/models/model1_0	../syntropy_project/models/model1_0	joy	0.5173155069351196	0.06831464171409607	0.5173155069351196	0.07161399722099304	0.0031779962591826916	0.1829536110162735	0.005658983718603849	0.0017244966002181172	0.12012947350740433	0.015460018999874592	0.005385476164519787	0.004558364395052195	0.0037073714192956686
1227	neutral	../syntropy_project/models/model1_0	../syntropy_project/models/model1_0	sadness	0.4182260036468506	0.029475731775164604	0.039275046437978745	0.41073235869407654	0.006173006724566221	0.4182260036468506	0.020847702398896217	0.0019158085342496634	0.003283871104940772	0.001499209669418633	0.013264073058962822	0.05435935780405998	0.000947835564147681
727	joy	../syntropy_project/models/model1_0	../syntropy_project/models/model1_0	joy	0.7854920029640198	0.12174790352582932	0.7854920029640198	0.01615426316857338	0.0017088179010897875	0.057783085852861404	0.00033483392326161265	0.0003595014859456569	0.01229124516248703	0.0007604536949656904	0.0005732388235628605	0.002389384899288416	0.00040525689837522805
730	nervousness	../syntropy_project/models/model1_0	../syntropy_project/models/model1_0	nervousness	0.5483658909797668	0.0025772855151444674	0.0036301971413195133	0.001182985259220004	0.0056991297751665115	0.0029403939843177795	0.004342455416917801	0.0016675925580784678	0.369326114654541	0.05610755458474159	0.001562080578878522	0.5483658909797668	0.0025981904473155737
875	neutral	../syntropy_project/models/model1_0	../syntropy_project/models/model1_0	joy	0.9693148732185364	0.01200821902602911	0.9693148732185364	0.009509674273431301	0.00015844455629121512	0.0029983208514750004	0.0001305186451645568	0.0002043019194388762	0.0037968186661601067	0.0005958296824246645	0.0004405684885568917	0.0006900755688548088	0.0001523866958450526
542	neutral	../syntropy_project/models/model1_0	../syntropy_project/models/model1_0	neutral	0.741447925567627	0.046057481318712234	0.06645111739635468	0.741447925567627	0.015180722810328007	0.039797522127628326	0.0034730483312159777	0.010310538113117218	0.005401606671512127	0.010884657502174377	0.057359855622053146	0.0032755620777606964	0.0003599445044528693
541	excitement	../syntropy_project/models/model1_0	../syntropy_project/models/model1_0	excitement	0.9745615124702454	0.9745615124702454	0.015637947246432304	0.0023500649258494377	0.0058768801391124725	0.00012740596139337867	5.0850263505708426e-05	6.456312257796526e-05	0.000670018547680229	9.236860933015123e-05	0.00020590801432263106	0.0003278182412032038	3.462755921646021e-05
823	nervousness	../syntropy_project/models/model1_0	../syntropy_project/models/model1_0	joy	0.9057018756866455	0.024502208456397057	0.9057018756866455	0.051030680537223816	0.0013794669648632407	0.004195121116936207	0.0004288321069907397	0.0003260109224356711	0.00801859050989151	0.0015017661498859525	0.00239762756973505	0.000383397244149819	0.00013438015594147146
598	joy	../syntropy_project/models/model1_0	../syntropy_project/models/model1_0	joy	0.9801622629165649	0.016340017318725586	0.9801622629165649	0.0010276047978550196	0.0001173456766991876	0.0010973552707582712	1.938022433023434e-05	3.869103602482937e-05	0.0006000322755426168	0.00014223509060684592	0.00016149533621501178	0.00025935203302651644	3.418522101128474e-05
354	pride	../syntropy_project/models/model1_0	../syntropy_project/models/model1_0	joy	0.9174931645393372	0.07784254103899002	0.9174931645393372	0.0022971215657889843	0.0004559982044156641	0.00026622979203239083	2.233901250292547e-05	6.433779344661161e-05	0.0010768943466246128	0.0001560214295750484	0.000270185963017866	3.0524315661750734e-05	2.464684257574845e-05
1114	neutral	../syntropy_project/models/model1_0	../syntropy_project/models/model1_0	joy	0.9246817231178284	0.05219896882772446	0.9246817231178284	0.01312581729143858	0.0018185561057180166	0.0037417265120893717	0.0001965284754987806	0.00023347327078226954	0.0016375725390389562	0.0005740610649809241	0.0014841845259070396	0.0002601980813778937	4.7175381041597575e-05
677	excitement	../syntropy_project/models/model1_0	../syntropy_project/models/model1_0	joy	0.5920793414115906	0.1973113715648651	0.5920793414115906	0.08733204007148743	0.08505314588546753	0.0030784194823354483	0.0027318994980305433	0.0037520353216677904	0.012131104245781898	0.006740144919604063	0.008800544776022434	0.00039258733158931136	0.0005973923834972084
256	joy	../syntropy_project/models/model1_0	../syntropy_project/models/model1_0	joy	0.8927156329154968	0.06362892687320709	0.8927156329154968	0.032549578696489334	0.0005908388993702829	0.0058130924589931965	0.00011710353282978758	0.00019182637333869934	0.0024782358668744564	0.0005184916662983596	0.0007349758525379002	0.0006133376155048609	4.79592927149497e-05
291	pride	../syntropy_project/models/model1_0	../syntropy_project/models/model1_0	excitement	0.5492023825645447	0.5492023825645447	0.21615198254585266	0.16221457719802856	0.027206307277083397	0.007399721071124077	0.0020145252346992493	0.0010970848379656672	0.018710000440478325	0.0036285114474594593	0.005221211351454258	0.006569139193743467	0.0005845167906954885
25	excitement	../syntropy_project/models/model1_0	../syntropy_project/models/model1_0	joy	0.8752976059913635	0.08971051126718521	0.8752976059913635	0.010698695667088032	0.0013252225471660495	0.004963900428265333	0.0005231665563769639	0.00037265289574861526	0.012664394453167915	0.0015558734303340316	0.0009740725508891046	0.0016706687165424228	0.0002432690525893122
336	joy	../syntropy_project/models/model1_0	../syntropy_project/models/model1_0	joy	0.7771332859992981	0.04714266583323479	0.7771332859992981	0.023583440110087395	0.04271240159869194	0.06691122055053711	0.0012571136467158794	0.0015381076373159885	0.011423168703913689	0.00774975074455142	0.011023885570466518	0.009263674728572369	0.00026136470842175186
486	pride	../syntropy_project/models/model1_0	../syntropy_project/models/model1_0	excitement	0.609914243221283	0.609914243221283	0.16190457344055176	0.20989300310611725	0.007460087537765503	0.0029299305751919746	0.0011760896304622293	0.001868849853053689	0.0031619586516171694	0.000617559184320271	0.00072042818646878	0.00023645369219593704	0.00011672532855300233
47	excitement	../syntropy_project/models/model1_0	../syntropy_project/models/model1_0	excitement	0.9948732256889343	0.9948732256889343	0.0033398005180060863	0.0007163412519730628	0.0005397973000071943	8.983282168628648e-05	2.2419344531954266e-05	2.1790834580315277e-05	0.00015804629947524518	1.531398083898239e-05	3.8487600249936804e-05	0.0001701491855783388	1.485946177126607e-05
318	nervousness	../syntropy_project/models/model1_0	../syntropy_project/models/model1_0	joy	0.39021503925323486	0.06242386996746063	0.39021503925323486	0.24001647531986237	0.031402360647916794	0.13607871532440186	0.00890108197927475	0.009298056364059448	0.026362787932157516	0.021216981112957	0.04876946285367012	0.010294473730027676	0.01502064149826765
106	nervousness	../syntropy_project/models/model1_0	../syntropy_project/models/model1_0	nervousness	0.962706983089447	0.000786022050306201	0.0005248181405477226	0.0007509515271522105	0.00021893349185120314	0.007712274789810181	0.023741526529192924	0.0004281472065486014	0.00024148414377123117	0.0004326394118834287	0.0006072783726267517	0.962706983089447	0.0018488826462998986
899	nervousness	../syntropy_project/models/model1_0	../syntropy_project/models/model1_0	joy	0.7592637538909912	0.08548985421657562	0.7592637538909912	0.021120881661772728	0.002201622352004051	0.04052913933992386	0.0021592346020042896	0.0008932852651923895	0.011218229308724403	0.0022487330716103315	0.0013563691172748804	0.07259756326675415	0.0009214148740284145
55	pride	../syntropy_project/models/model1_0	../syntropy_project/models/model1_0	joy	0.7774838805198669	0.11426369100809097	0.7774838805198669	0.009631816297769547	0.004105625674128532	0.010257708840072155	0.00024287961423397064	0.0004026087117381394	0.07728863507509232	0.0014410687144845724	0.001261361874639988	0.0030208672396838665	0.000599829712882638
584	anger	../syntropy_project/models/model1_0	../syntropy_project/models/model1_0	sadness	0.9723453521728516	0.0009131686529144645	0.004110419191420078	0.005820822436362505	0.001177198369987309	0.9723453521728516	0.006538528483361006	0.0009638955816626549	0.00024114515690598637	0.0007103928364813328	0.0011508018942549825	0.005774249788373709	0.0002540571731515229
213	neutral	../syntropy_project/models/model1_0	../syntropy_project/models/model1_0	neutral	0.5324577689170837	0.06148887798190117	0.10007305443286896	0.5324577689170837	0.03215808793902397	0.08957251161336899	0.03819289803504944	0.005100692622363567	0.02461082674562931	0.010567283257842064	0.023560140281915665	0.07272879034280777	0.0094891507178545
120	joy	../syntropy_project/models/model1_0	../syntropy_project/models/model1_0	excitement	0.583334743976593	0.583334743976593	0.3687802255153656	0.00847979448735714	0.02997155860066414	0.0022084007505327463	0.0006353231146931648	0.0004487778933253139	0.004678536672145128	0.0006261038943193853	0.00036053164512850344	0.0003840662247966975	9.195516031468287e-05
628	pride	../syntropy_project/models/model1_0	../syntropy_project/models/model1_0	joy	0.8526217937469482	0.11603519320487976	0.8526217937469482	0.00639488035812974	0.0011742416536435485	0.004174334462732077	0.00023481865355279297	0.00019496225286275148	0.014487323351204395	0.0009359035757370293	0.0010942928493022919	0.002481618896126747	0.000170610161148943
842	neutral	../syntropy_project/models/model1_0	../syntropy_project/models/model1_0	joy	0.9404760599136353	0.05446512997150421	0.9404760599136353	0.002866203896701336	6.407083128578961e-05	0.0005313991568982601	1.609739956620615e-05	2.26839620154351e-05	0.0012827333994209766	5.566894105868414e-05	0.00011537226237123832	4.953636016580276e-05	5.5110071116359904e-05
582	joy	../syntropy_project/models/model1_0	../syntropy_project/models/model1_0	neutral	0.6516324281692505	0.1558714210987091	0.12813986837863922	0.6516324281692505	0.03559911623597145	0.018298640847206116	0.0006082756444811821	0.0015878104604780674	0.0033897734247148037	0.0006556896260008216	0.00405421806499362	0.00013835642312187701	2.442213190079201e-05
72	joy	../syntropy_project/models/model1_0	../syntropy_project/models/model1_0	joy	0.840632975101471	0.009845794178545475	0.840632975101471	0.005675083491951227	0.0008121769642457366	0.01384731288999319	0.00029683802858926356	0.00046559120528399944	0.12086570262908936	0.005478319711983204	0.0004968324210494757	0.001413393416441977	0.00016992345626931638
410	joy	../syntropy_project/models/model1_0	../syntropy_project/models/model1_0	joy	0.5568487644195557	0.3236714005470276	0.5568487644195557	0.06794045865535736	0.02384488470852375	0.005442435387521982	0.0014678076840937138	0.0007887388346716762	0.012662836350500584	0.0021603109780699015	0.0040629226714372635	0.0006601674249395728	0.0004492596199270338
672	excitement	../syntropy_project/models/model1_0	../syntropy_project/models/model1_0	joy	0.7093219757080078	0.14581343531608582	0.7093219757080078	0.06394563615322113	0.05264967679977417	0.0028447802178561687	0.0035308473743498325	0.008727533742785454	0.0038927188143134117	0.003844854887574911	0.005123383831232786	0.00012058677384629846	0.00018453551456332207
839	neutral	../syntropy_project/models/model1_0	../syntropy_project/models/model1_0	neutral	0.628154456615448	0.07181265205144882	0.061347685754299164	0.628154456615448	0.15692810714244843	0.04126109555363655	0.004086599685251713	0.018430709838867188	0.006190377287566662	0.0023853096645325422	0.007839027792215347	0.0005600671283900738	0.0010039473418146372
919	joy	../syntropy_project/models/model1_0	../syntropy_project/models/model1_0	joy	0.8931187391281128	0.06483729183673859	0.8931187391281128	0.0164371058344841	0.002101653255522251	0.011300581507384777	0.0006619013729505241	0.0004913783632218838	0.003274053568020463	0.0010186020517721772	0.0017412728630006313	0.0048818206414580345	0.00013555957411881536
432	pride	../syntropy_project/models/model1_0	../syntropy_project/models/model1_0	neutral	0.35998019576072693	0.27769455313682556	0.30608928203582764	0.35998019576072693	0.0010780961019918323	0.03555403649806976	0.0013357946882024407	0.0010799854062497616	0.009586860425770283	0.0010608292650431395	0.001438062870875001	0.004398046992719173	0.0007042587967589498
1085	neutral	../syntropy_project/models/model1_0	../syntropy_project/models/model1_0	joy	0.4034787118434906	0.18295536935329437	0.4034787118434906	0.2367839217185974	0.015198765322566032	0.11679515987634659	0.005934430751949549	0.003341627772897482	0.0022508110851049423	0.001958268927410245	0.004303713329136372	0.025778964161872864	0.0012202952057123184
1010	joy	../syntropy_project/models/model1_0	../syntropy_project/models/model1_0	sadness	0.5067918300628662	0.005826706998050213	0.09772749990224838	0.04179752618074417	0.00188539270311594	0.5067918300628662	0.006745289079844952	0.016440508887171745	0.027107175439596176	0.2618606984615326	0.007069973275065422	0.015922922641038895	0.010824386030435562
881	surprise	../syntropy_project/models/model1_0	../syntropy_project/models/model1_0	surprise	0.9757412075996399	0.012613757513463497	0.005191346630454063	0.003708807285875082	0.9757412075996399	0.0002163166063837707	0.0001451739517506212	0.00018485855252947658	0.0010352690005674958	0.0005871028988622129	0.0004890331765636802	8.259261085186154e-05	4.545107003650628e-06
617	surprise	../syntropy_project/models/model1_0	../syntropy_project/models/model1_0	neutral	0.3397938907146454	0.08452799171209335	0.03768983483314514	0.3397938907146454	0.1725224107503891	0.013100000098347664	0.005564871709793806	0.0009690303122624755	0.010959560051560402	0.012563268654048443	0.31621411442756653	0.005268398206681013	0.0008265789947472513
1058	joy	../syntropy_project/models/model1_0	../syntropy_project/models/model1_0	joy	0.8763991594314575	0.10850842297077179	0.8763991594314575	0.0066586886532604694	0.0009032833622768521	0.002152842003852129	0.00011082657874794677	0.0001009923144010827	0.0038136299699544907	0.0004972571041435003	0.000448428385425359	0.00028369086794555187	0.0001226893946295604
523	neutral	../syntropy_project/models/model1_0	../syntropy_project/models/model1_0	excitement	0.6539803743362427	0.6539803743362427	0.34176698327064514	0.0021733460016548634	0.0003009586362168193	0.0004631384799722582	1.691610123089049e-05	2.3593054720549844e-05	0.0009197178878821433	4.678652112488635e-05	0.00012354958744253963	0.00015246649854816496	3.2272524549625814e-05
1033	neutral	../syntropy_project/models/model1_0	../syntropy_project/models/model1_0	joy	0.6969042420387268	0.23664337396621704	0.6969042420387268	0.04987030103802681	0.004634079989045858	0.002220908412709832	0.00017700665921438485	0.0007671715575270355	0.004944654181599617	0.001149908290244639	0.0013074849266558886	0.001184835797175765	0.0001960799127118662
325	nervousness	../syntropy_project/models/model1_0	../syntropy_project/models/model1_0	nervousness	0.9654091000556946	0.012146900407969952	0.0011710816761478782	0.0007198801613412797	0.000381755962735042	0.008239896036684513	0.007986376993358135	0.0002208049118053168	0.000802290509454906	0.00034894587588496506	0.0002900417021010071	0.9654091000556946	0.002282851841300726
924	pride	../syntropy_project/models/model1_0	../syntropy_project/models/model1_0	neutral	0.6680866479873657	0.07761193811893463	0.10632510483264923	0.6680866479873657	0.07674185931682587	0.025482920929789543	0.005176648497581482	0.004954869393259287	0.010286490432918072	0.008974325843155384	0.012711361050605774	0.0026251322124153376	0.0010227300226688385
1250	joy	../syntropy_project/models/model1_0	../syntropy_project/models/model1_0	joy	0.8465797305107117	0.05224853754043579	0.8465797305107117	0.020079640671610832	0.0007765398477204144	0.030526399612426758	0.003765890607610345	0.0006054519326426089	0.03509621322154999	0.0016365499468520284	0.0012389642652124166	0.0055681262165308	0.0018779069650918245
316	embarrassment	../syntropy_project/models/model1_0	../syntropy_project/models/model1_0	nervousness	0.9503133296966553	0.008479749783873558	0.0017610358772799373	0.00229775276966393	0.0007020867778919637	0.019542653113603592	0.009792806580662727	0.0005904086283408105	0.000845150847453624	0.0007659748662263155	0.0007650589686818421	0.9503133296966553	0.00414395984262228
945	pride	../syntropy_project/models/model1_0	../syntropy_project/models/model1_0	joy	0.9745869040489197	0.020142503082752228	0.9745869040489197	0.0018794352654367685	5.665528078679927e-05	0.0009048136998899281	2.8365797334117815e-05	3.579796975827776e-05	0.0018818690441548824	0.00014884318807162344	0.00016391889948863536	9.724152187118307e-05	7.359282608376816e-05
933	disgust	../syntropy_project/models/model1_0	../syntropy_project/models/model1_0	neutral	0.6568368673324585	0.11534331738948822	0.056980621069669724	0.6568368673324585	0.0722312182188034	0.046289198100566864	0.004977764096111059	0.004211694933474064	0.011898601427674294	0.002927929162979126	0.024644741788506508	0.0031565760727971792	0.00050143658882007
465	excitement	../syntropy_project/models/model1_0	../syntropy_project/models/model1_0	fear	0.9507913589477539	0.000135456066345796	0.0009606116218492389	0.014105642214417458	0.0006642882362939417	0.012411296367645264	0.9507913589477539	0.0023262982722371817	0.000514870451297611	0.002863007364794612	0.003952327650040388	0.010902184061706066	0.0003725905262399465
590	anger	../syntropy_project/models/model1_0	../syntropy_project/models/model1_0	fear	0.7363989353179932	0.002879159525036812	0.002101469784975052	0.012124893255531788	0.007841854356229305	0.12254153937101364	0.7363989353179932	0.06999806314706802	0.00047738594003021717	0.007121279835700989	0.0027458646800369024	0.03362174704670906	0.002147871069610119
1101	pride	../syntropy_project/models/model1_0	../syntropy_project/models/model1_0	pride	0.574264407157898	0.009823758155107498	0.3988249599933624	0.001606393838301301	0.0005021271063014865	0.0008239321759901941	0.0001618035021238029	0.0002198186848545447	0.574264407157898	0.010500333271920681	0.0010603321716189384	0.0011533387005329132	0.0010588335571810603
1087	nervousness	../syntropy_project/models/model1_0	../syntropy_project/models/model1_0	nervousness	0.9383934736251831	0.001087007811293006	0.0008216398418880999	0.0013350866502150893	0.0001194197975564748	0.01923345774412155	0.007823236286640167	0.0022749551571905613	0.0007103037787601352	0.002766154007986188	0.0008018636144697666	0.9383934736251831	0.02463339827954769
561	joy	../syntropy_project/models/model1_0	../syntropy_project/models/model1_0	joy	0.8546821475028992	0.0058168331161141396	0.8546821475028992	0.008534838445484638	0.0001364177296636626	0.11140791326761246	0.00041499428334645927	0.00022262352285906672	0.01232925895601511	0.0005769865238107741	0.00046557499445043504	0.004273857921361923	0.0011385515099391341
736	joy	../syntropy_project/models/model1_0	../syntropy_project/models/model1_0	joy	0.9412417411804199	0.030154548585414886	0.9412417411804199	0.01214683149009943	0.0005422522663138807	0.0051135895773768425	0.00012131033145124093	0.00018372178601566702	0.008051848039031029	0.0006664854008704424	0.0004656571545638144	0.0012151465052738786	9.68456151895225e-05
60	surprise	../syntropy_project/models/model1_0	../syntropy_project/models/model1_0	excitement	0.5477226376533508	0.5477226376533508	0.2682742178440094	0.10744982957839966	0.03726603090763092	0.008378488011658192	0.0006228664424270391	0.000659535638988018	0.023773469030857086	0.002570227487012744	0.001898512477055192	0.0008831219165585935	0.0005010398454032838
433	pride	../syntropy_project/models/model1_0	../syntropy_project/models/model1_0	excitement	0.5151985883712769	0.5151985883712769	0.34089529514312744	0.09734777361154556	0.022888632491230965	0.0017707098741084337	0.0007145791314542294	0.004687638487666845	0.009184293448925018	0.002309541217982769	0.0023953202180564404	0.000382631435059011	0.0022249575704336166
808	excitement	../syntropy_project/models/model1_0	../syntropy_project/models/model1_0	joy	0.35803133249282837	0.2559950649738312	0.35803133249282837	0.30739840865135193	0.022492652758955956	0.03482678532600403	0.0012555608991533518	0.0012212132569402456	0.014347313903272152	0.0013666475424543023	0.0024845884181559086	0.0003635530883911997	0.0002168075297959149
92	joy	../syntropy_project/models/model1_0	../syntropy_project/models/model1_0	sadness	0.7154068946838379	0.023431556299328804	0.03661542758345604	0.030958743765950203	0.0035536601208150387	0.7154068946838379	0.01721510849893093	0.005099914036691189	0.0023285343777388334	0.006934529636055231	0.003638381836935878	0.15174663066864014	0.0030706683173775673
968	joy	../syntropy_project/models/model1_0	../syntropy_project/models/model1_0	joy	0.8217200636863708	0.11611331254243851	0.8217200636863708	0.047636065632104874	0.00438285619020462	0.002320602536201477	0.0004506450204644352	0.000770842598285526	0.0036577831488102674	0.0011685414938256145	0.0015314070042222738	0.0001280568103538826	0.00011983918375335634
493	joy	../syntropy_project/models/model1_0	../syntropy_project/models/model1_0	joy	0.9811530709266663	0.012193297035992146	0.9811530709266663	0.0035846156533807516	0.0003049808437936008	0.0006967047811485827	4.850879849982448e-05	5.907324157305993e-05	0.0012874812819063663	0.0002971832873299718	0.0003024499455932528	4.634046126739122e-05	2.6223018721793778e-05
351	joy	../syntropy_project/models/model1_0	../syntropy_project/models/model1_0	joy	0.962973415851593	0.031718164682388306	0.962973415851593	0.0016274885274469852	7.688396726734936e-05	0.0009899159194901586	3.584128353395499e-05	9.281709208153188e-05	0.0017449408769607544	0.0002127144834958017	0.00022610560699831694	0.0001053287269314751	0.00019630555470939726
194	neutral	../syntropy_project/models/model1_0	../syntropy_project/models/model1_0	fear	0.7970747351646423	0.0003859803546220064	0.0018426101887598634	0.0018970953533425927	0.0020774626173079014	0.005916054826229811	0.7970747351646423	0.00692446855828166	0.0011028517037630081	0.00749345775693655	0.0028255940414965153	0.1717599332332611	0.000699768541380763
280	neutral	../syntropy_project/models/model1_0	../syntropy_project/models/model1_0	joy	0.5917229056358337	0.29146844148635864	0.5917229056358337	0.06523340940475464	0.004731472115963697	0.013107641600072384	0.0027409184258431196	0.0009047861094586551	0.01797696016728878	0.004470039624720812	0.0035084940027445555	0.0019931907299906015	0.0021418174728751183
948	neutral	../syntropy_project/models/model1_0	../syntropy_project/models/model1_0	joy	0.6434738039970398	0.08718528598546982	0.6434738039970398	0.05927587300539017	0.00226602447219193	0.025608286261558533	0.0019092251313850284	0.002697571413591504	0.02942335233092308	0.002151678316295147	0.001479779020883143	0.14313572645187378	0.001393384882248938
884	pride	../syntropy_project/models/model1_0	../syntropy_project/models/model1_0	pride	0.9913209080696106	0.0015196055173873901	0.001765765598975122	9.436250547878444e-05	0.00019042652274947613	0.00014677348372060806	3.3289856219198555e-05	5.182012318982743e-05	0.9913209080696106	0.003984595183283091	6.168422260088846e-05	0.0007471133721992373	8.361975778825581e-05
359	pride	../syntropy_project/models/model1_0	../syntropy_project/models/model1_0	neutral	0.3058323860168457	0.23424313962459564	0.20725809037685394	0.3058323860168457	0.16306574642658234	0.006396505516022444	0.004191350191831589	0.009292586706578732	0.011308258399367332	0.012812798842787743	0.04435205087065697	0.0006549649988301098	0.0005920905969105661
1230	neutral	../syntropy_project/models/model1_0	../syntropy_project/models/model1_0	joy	0.5354412794113159	0.40630555152893066	0.5354412794113159	0.02189367450773716	0.0036495248787105083	0.004958154633641243	0.0008606885094195604	0.00047034144517965615	0.015629209578037262	0.0006732050678692758	0.0012013327796012163	0.008472902700304985	0.0004440292250365019
930	excitement	../syntropy_project/models/model1_0	../syntropy_project/models/model1_0	excitement	0.5165968537330627	0.5165968537330627	0.35584890842437744	0.10710462182760239	0.00822136364877224	0.0016738360282033682	0.000414550508139655	0.00034374670940451324	0.004361449275165796	0.0013018647441640496	0.0036853079218417406	0.0002994333044625819	0.00014803683734498918
938	neutral	../syntropy_project/models/model1_0	../syntropy_project/models/model1_0	nervousness	0.45867180824279785	0.014387302100658417	0.020550420507788658	0.07546468824148178	0.001280320342630148	0.3836043179035187	0.009671344421803951	0.007185669615864754	0.005467677488923073	0.010477901436388493	0.009332525543868542	0.45867180824279785	0.0039060842245817184
588	excitement	../syntropy_project/models/model1_0	../syntropy_project/models/model1_0	joy	0.9159762859344482	0.013736206106841564	0.9159762859344482	0.007690281607210636	0.00035351820406503975	0.018764568492770195	0.0002649995149113238	0.00036645689397118986	0.03674625977873802	0.00231924862600863	0.0006022882298566401	0.0018007440958172083	0.001379088731482625
1029	neutral	../syntropy_project/models/model1_0	../syntropy_project/models/model1_0	joy	0.9433260560035706	0.015321733430027962	0.9433260560035706	0.005987187381833792	0.00033028851612471044	0.01572214439511299	0.0001230500784004107	0.0001710875512799248	0.01696772500872612	0.0008562699658796191	0.000301406136713922	0.0007357356953434646	0.00015725067351013422
1041	fear	../syntropy_project/models/model1_0	../syntropy_project/models/model1_0	sadness	0.5910736322402954	0.006510286126285791	0.0073614344000816345	0.30090826749801636	0.00937957875430584	0.5910736322402954	0.01103205792605877	0.0233375895768404	0.003422982059419155	0.005124642513692379	0.023208625614643097	0.004849873948842287	0.01379096694290638
812	joy	../syntropy_project/models/model1_0	../syntropy_project/models/model1_0	joy	0.509658694267273	0.14935162663459778	0.509658694267273	0.24554479122161865	0.041263870894908905	0.01121495570987463	0.002429382409900427	0.0024117990396916866	0.012296291999518871	0.005616750568151474	0.01899106614291668	0.0009538940503261983	0.00026683477335609496
182	pride	../syntropy_project/models/model1_0	../syntropy_project/models/model1_0	joy	0.878834068775177	0.06201823055744171	0.878834068775177	0.011701513081789017	0.001221032696776092	0.003020626725628972	0.00029204593738541007	0.0004025831585749984	0.028736935928463936	0.0016605884302407503	0.0008803957025520504	0.011027613654732704	0.00020448594295885414
716	joy	../syntropy_project/models/model1_0	../syntropy_project/models/model1_0	joy	0.7371383309364319	0.07436303049325943	0.7371383309364319	0.11835049837827682	0.019235584884881973	0.019120430573821068	0.00356840412132442	0.0036758694332093	0.011917020194232464	0.0035597130190581083	0.006411303300410509	0.000938701443374157	0.0017211497761309147
529	surprise	../syntropy_project/models/model1_0	../syntropy_project/models/model1_0	neutral	0.5852741599082947	0.03940097615122795	0.1206607073545456	0.5852741599082947	0.010032246820628643	0.19554640352725983	0.007118604611605406	0.0038699305150657892	0.013672498986124992	0.0014529452892020345	0.004296231549233198	0.007631228771060705	0.011044020764529705
110	neutral	../syntropy_project/models/model1_0	../syntropy_project/models/model1_0	joy	0.8580518364906311	0.012075630016624928	0.8580518364906311	0.014644695445895195	0.001414814149029553	0.027539504691958427	0.0005619528237730265	0.0006356343510560691	0.07724986225366592	0.0034671956673264503	0.0008761027711443603	0.0023482146207243204	0.0011345919920131564
370	excitement	../syntropy_project/models/model1_0	../syntropy_project/models/model1_0	joy	0.9679575562477112	0.026059268042445183	0.9679575562477112	0.000994789763353765	0.00023272544785868376	0.001309863175265491	1.9489523765514605e-05	4.625154542736709e-05	0.0030500267166644335	0.00012207130203023553	8.360922947758809e-05	0.00010595013009151444	1.8445763998897746e-05
458	sadness	../syntropy_project/models/model1_0	../syntropy_project/models/model1_0	neutral	0.2085447609424591	0.008280888199806213	0.011571750044822693	0.2085447609424591	0.008237998001277447	0.19243782758712769	0.1053960844874382	0.17224112153053284	0.020649848505854607	0.06492213159799576	0.059848811477422714	0.03005295991897583	0.1178157851099968
239	neutral	../syntropy_project/models/model1_0	../syntropy_project/models/model1_0	joy	0.9680994749069214	0.01798257604241371	0.9680994749069214	0.002708562184125185	0.00010588436998659745	0.0026379311457276344	4.3115618609590456e-05	5.734061051043682e-05	0.007394846063107252	0.00027813666383735836	0.00014882627874612808	0.0003964640200138092	0.00014679993910249323
1185	pride	../syntropy_project/models/model1_0	../syntropy_project/models/model1_0	nervousness	0.5217220783233643	0.020048832520842552	0.061648041009902954	0.011597841046750546	0.0009752111509442329	0.01804790459573269	0.004347711801528931	0.0014124057488515973	0.3395582139492035	0.014360632747411728	0.0011768498225137591	0.5217220783233643	0.005104261916130781
661	joy	../syntropy_project/models/model1_0	../syntropy_project/models/model1_0	joy	0.6698955297470093	0.2433129996061325	0.6698955297470093	0.032394059002399445	0.015151044353842735	0.011044053360819817	0.0009229187853634357	0.000631942821200937	0.02104201912879944	0.0035746560897678137	0.0014384784735739231	0.000503607327118516	8.876819629222155e-05
204	excitement	../syntropy_project/models/model1_0	../syntropy_project/models/model1_0	excitement	0.9976802468299866	0.9976802468299866	0.0014666448114439845	0.00018335018830839545	0.0005411322927102447	2.1586600269074552e-05	7.79331548983464e-06	4.866914878220996e-06	6.716556526953354e-05	3.734526671905769e-06	3.4071745176333934e-06	1.7273940102313645e-05	2.9530679057643283e-06
594	joy	../syntropy_project/models/model1_0	../syntropy_project/models/model1_0	nervousness	0.4729040265083313	0.07002545893192291	0.036722078919410706	0.02249309793114662	0.0046890717931091785	0.3613545298576355	0.007101056631654501	0.005403128918260336	0.00821648444980383	0.0068585691042244434	0.000975190254393965	0.4729040265083313	0.0032572827767580748
908	neutral	../syntropy_project/models/model1_0	../syntropy_project/models/model1_0	confusion	0.2966998219490051	0.012957941740751266	0.01856713928282261	0.2746935784816742	0.0632086917757988	0.22608883678913116	0.024212568998336792	0.01843349263072014	0.0031525506637990475	0.03351714834570885	0.2966998219490051	0.024859242141246796	0.003608956001698971
723	joy	../syntropy_project/models/model1_0	../syntropy_project/models/model1_0	joy	0.6459951996803284	0.14860719442367554	0.6459951996803284	0.15751215815544128	0.005013084504753351	0.025454586371779442	0.0005864609847776592	0.0004955788026563823	0.01139200571924448	0.0015619464684277773	0.0012950435047969222	0.0018566243816167116	0.00023012272140476853
1131	joy	../syntropy_project/models/model1_0	../syntropy_project/models/model1_0	neutral	0.4684211015701294	0.16032838821411133	0.23572491109371185	0.4684211015701294	0.04500250145792961	0.07342798262834549	0.007230916526168585	0.0034720185212790966	0.0017846215050667524	0.0006648573908023536	0.0024308341089636087	0.0014651413075625896	4.671135320677422e-05
1225	neutral	../syntropy_project/models/model1_0	../syntropy_project/models/model1_0	sadness	0.5664293169975281	0.017978673800826073	0.06999547779560089	0.08898705989122391	0.013191310688853264	0.5664293169975281	0.015562481246888638	0.0049148546531796455	0.003606499405577779	0.01600397378206253	0.027421604841947556	0.1753869205713272	0.0005217636935412884
543	pride	../syntropy_project/models/model1_0	../syntropy_project/models/model1_0	neutral	0.41474929451942444	0.3297548294067383	0.0974823459982872	0.41474929451942444	0.12961581349372864	0.0034270810429006815	0.003673932980746031	0.007631901651620865	0.003928645048290491	0.002877660561352968	0.006111632101237774	0.0002492625790182501	0.0004976672353222966
183	excitement	../syntropy_project/models/model1_0	../syntropy_project/models/model1_0	joy	0.753882646560669	0.10419344156980515	0.753882646560669	0.1007370725274086	0.0029950144235044718	0.015281966887414455	0.00045716381282545626	0.000962770136538893	0.009919150732457638	0.0024544564075767994	0.0025232122279703617	0.005750611424446106	0.0008424462284892797
137	pride	../syntropy_project/models/model1_0	../syntropy_project/models/model1_0	joy	0.9656974673271179	0.013411290012300014	0.9656974673271179	0.002788617741316557	0.0006552276900038123	0.005240204744040966	0.000506797747220844	0.00017714833666104823	0.007971079088747501	0.0005626708152703941	0.0005682584596797824	0.002021414926275611	0.00039998069405555725
705	neutral	../syntropy_project/models/model1_0	../syntropy_project/models/model1_0	joy	0.829251229763031	0.08293674886226654	0.829251229763031	0.024554936215281487	0.001094284001737833	0.03723127022385597	0.0008523954311385751	0.0004026453825645149	0.013677408918738365	0.002008273731917143	0.0024264799430966377	0.004320390988141298	0.0012440625578165054
80	excitement	../syntropy_project/models/model1_0	../syntropy_project/models/model1_0	joy	0.736015796661377	0.18348442018032074	0.736015796661377	0.033543944358825684	0.01690906286239624	0.004162150900810957	0.0012879634741693735	0.0013897772878408432	0.01773209311068058	0.0027419589459896088	0.0018964650807902217	0.0003974025894422084	0.00043897624709643424
890	neutral	../syntropy_project/models/model1_0	../syntropy_project/models/model1_0	joy	0.40141335129737854	0.23044578731060028	0.40141335129737854	0.2619166076183319	0.046678315848112106	0.035763900727033615	0.005692016799002886	0.0020402478985488415	0.0033969092182815075	0.0019765321630984545	0.005707312375307083	0.004543722607195377	0.00042533871601335704
533	excitement	../syntropy_project/models/model1_0	../syntropy_project/models/model1_0	disgust	0.47128310799598694	0.0020173166412860155	0.01042043138295412	0.022409459576010704	0.00084179692203179	0.17085988819599152	0.05836314335465431	0.47128310799598694	0.004290892276912928	0.08486998826265335	0.007073092274367809	0.03143018111586571	0.13614074885845184
480	pride	../syntropy_project/models/model1_0	../syntropy_project/models/model1_0	neutral	0.832874059677124	0.07659274339675903	0.03860975801944733	0.832874059677124	0.005252447910606861	0.022402329370379448	0.0032560122199356556	0.003507684450596571	0.006964483764022589	0.0005375908222049475	0.004941927269101143	0.0043150875717401505	0.0007458017789758742
165	confusion	../syntropy_project/models/model1_0	../syntropy_project/models/model1_0	neutral	0.7114498019218445	0.042417414486408234	0.024995874613523483	0.7114498019218445	0.005410964600741863	0.03946586698293686	0.003698366694152355	0.005271228030323982	0.012520485557615757	0.013651704415678978	0.0851353108882904	0.020569289103150368	0.035413749516010284
248	joy	../syntropy_project/models/model1_0	../syntropy_project/models/model1_0	excitement	0.5644774436950684	0.5644774436950684	0.32743263244628906	0.01652713492512703	0.028639433905482292	0.006182539276778698	0.002657269360497594	0.0016093271551653743	0.03365655243396759	0.005099221598356962	0.0021532403770834208	0.008335765451192856	0.003229429479688406
307	anger	../syntropy_project/models/model1_0	../syntropy_project/models/model1_0	neutral	0.32491740584373474	0.006390037015080452	0.007544477004557848	0.32491740584373474	0.029031304642558098	0.14068223536014557	0.08980508148670197	0.1925017535686493	0.00923735462129116	0.08836598694324493	0.03493094816803932	0.012437957338988781	0.06415539234876633
857	excitement	../syntropy_project/models/model1_0	../syntropy_project/models/model1_0	joy	0.9761914014816284	0.011899588629603386	0.9761914014816284	0.004949129186570644	0.0008953594951890409	0.0024151974357664585	7.579493103548884e-05	0.00018042621377389878	0.0016404109774157405	0.0007807509391568601	0.0008034378406591713	0.00010330724762752652	6.508010847028345e-05
538	excitement	../syntropy_project/models/model1_0	../syntropy_project/models/model1_0	sadness	0.5407305359840393	0.05892482027411461	0.19106701016426086	0.029762152582406998	0.01184979360550642	0.5407305359840393	0.01246551238000393	0.0065180519595742226	0.007618735544383526	0.009590120986104012	0.004647228866815567	0.12320473045110703	0.0036213230341672897
334	neutral	../syntropy_project/models/model1_0	../syntropy_project/models/model1_0	joy	0.896239161491394	0.08217728137969971	0.896239161491394	0.009549189358949661	0.0015843322034925222	0.004969127010554075	0.0001381938491249457	0.00010549158469075337	0.0038583336863666773	0.00035060473601333797	0.0005010761087760329	0.00048540241550654173	4.18339877796825e-05
97	excitement	../syntropy_project/models/model1_0	../syntropy_project/models/model1_0	neutral	0.6186615824699402	0.04174361750483513	0.17955954372882843	0.6186615824699402	0.010232076980173588	0.08110632002353668	0.0073943245224654675	0.006760880816727877	0.01691538468003273	0.003950709011405706	0.014992555603384972	0.012685190886259079	0.005997828673571348
548	neutral	../syntropy_project/models/model1_0	../syntropy_project/models/model1_0	neutral	0.5041617155075073	0.042349040508270264	0.13209979236125946	0.5041617155075073	0.03311758115887642	0.11621299386024475	0.015535818412899971	0.01265742164105177	0.02038716711103916	0.023769734427332878	0.06326326727867126	0.021954942494630814	0.014490507543087006
1121	joy	../syntropy_project/models/model1_0	../syntropy_project/models/model1_0	joy	0.5321448445320129	0.2146887183189392	0.5321448445320129	0.1600111722946167	0.060628876090049744	0.0032825199887156487	0.003507646033540368	0.011021037586033344	0.004274334758520126	0.003649625927209854	0.0064569804817438126	0.00013761805894318968	0.00019660570251289755
904	joy	../syntropy_project/models/model1_0	../syntropy_project/models/model1_0	joy	0.42555785179138184	0.36159801483154297	0.42555785179138184	0.14948293566703796	0.023701021447777748	0.014658947475254536	0.001268303720280528	0.0012837682152166963	0.016403915360569954	0.003217900637537241	0.001962799346074462	0.0005035282811149955	0.00036094567622058094
850	neutral	../syntropy_project/models/model1_0	../syntropy_project/models/model1_0	joy	0.7928104996681213	0.041804492473602295	0.7928104996681213	0.04696904867887497	0.00071968964766711	0.025078192353248596	0.0006136980373412371	0.0006718443473801017	0.084596186876297	0.002346182009205222	0.001398253021761775	0.0011772168800234795	0.001814716961234808
771	surprise	../syntropy_project/models/model1_0	../syntropy_project/models/model1_0	neutral	0.8923782706260681	0.029360515996813774	0.024833455681800842	0.8923782706260681	0.01963818445801735	0.006288847886025906	0.0020251688547432423	0.0030475175008177757	0.0015686745755374432	0.0019156020134687424	0.017481530085206032	0.0004393395793158561	0.0010229280451312661
759	excitement	../syntropy_project/models/model1_0	../syntropy_project/models/model1_0	joy	0.6842222809791565	0.07056728005409241	0.6842222809791565	0.2108677625656128	0.0005080201081000268	0.016057375818490982	0.0005876880022697151	0.0017407863633707166	0.0037471987307071686	0.0029762079939246178	0.007277357392013073	0.00031964280060492456	0.0011283355997875333
1150	neutral	../syntropy_project/models/model1_0	../syntropy_project/models/model1_0	joy	0.4369302988052368	0.17231930792331696	0.4369302988052368	0.26421821117401123	0.0480865016579628	0.02799193002283573	0.004273436032235622	0.005861750338226557	0.015235706232488155	0.011208032257854939	0.009351246990263462	0.004142037592828274	0.00038158742245286703
302	nervousness	../syntropy_project/models/model1_0	../syntropy_project/models/model1_0	sadness	0.39213621616363525	0.0007314080139622092	0.00882980041205883	0.03806021809577942	0.00045845157001167536	0.39213621616363525	0.01856192946434021	0.03954337537288666	0.006878104992210865	0.10710512101650238	0.02211046777665615	0.2004496306180954	0.16513527929782867
1042	sadness	../syntropy_project/models/model1_0	../syntropy_project/models/model1_0	nervousness	0.859125018119812	0.003225029679015279	0.0016952755395323038	0.006289309822022915	0.0025951508432626724	0.043625131249427795	0.0055967760272324085	0.005312216002494097	0.00308076455257833	0.007458380423486233	0.008682400919497013	0.859125018119812	0.053314484655857086
388	pride	../syntropy_project/models/model1_0	../syntropy_project/models/model1_0	excitement	0.4362095892429352	0.4362095892429352	0.2727171778678894	0.10429777204990387	0.02126266434788704	0.019048389047384262	0.004294019658118486	0.0023743314668536186	0.10025404393672943	0.005628042388707399	0.00248332810588181	0.030733870342373848	0.000696884177159518
235	joy	../syntropy_project/models/model1_0	../syntropy_project/models/model1_0	joy	0.9715548753738403	0.01929822750389576	0.9715548753738403	0.0014921840047463775	0.00010944623500108719	0.0004578660591505468	5.570930443354882e-05	6.426843901863322e-05	0.005837374832481146	0.0005037799710407853	0.0003812209761235863	0.00012487381172832102	0.00012018838606309146
912	nervousness	../syntropy_project/models/model1_0	../syntropy_project/models/model1_0	confusion	0.9854148030281067	4.4569904275704175e-05	0.0001318471331615001	0.005649092141538858	0.005217560101300478	0.00048542837612330914	0.0003887532220687717	0.00015030054782982916	0.00017568579642102122	0.0010397416772320867	0.9854148030281067	0.0010289575438946486	0.00027325560222379863
798	pride	../syntropy_project/models/model1_0	../syntropy_project/models/model1_0	pride	0.9814652800559998	0.006499547511339188	0.002471199259161949	0.002939073368906975	0.0009629230480641127	0.0007527396664954722	0.00032687574275769293	0.00020251514797564596	0.9814652800559998	0.0030164308845996857	2.27174095925875e-05	0.0012768792221322656	6.391946953954175e-05
305	pride	../syntropy_project/models/model1_0	../syntropy_project/models/model1_0	excitement	0.9955399632453918	0.9955399632453918	0.0035813848953694105	0.0004482199437916279	0.0002882589178625494	4.7682646254543215e-05	4.65799666926614e-06	6.592758381884778e-06	4.04689708375372e-05	2.854848162314738e-06	9.158334250969347e-06	2.9206643375800923e-05	1.514906330157828e-06
865	neutral	../syntropy_project/models/model1_0	../syntropy_project/models/model1_0	joy	0.7264208197593689	0.20641480386257172	0.7264208197593689	0.01686033047735691	0.00347509584389627	0.023942938074469566	0.001333288149908185	0.0008090553455986083	0.006347363814711571	0.0032325771171599627	0.00231196079403162	0.0084195826202631	0.0004320874868426472
1032	joy	../syntropy_project/models/model1_0	../syntropy_project/models/model1_0	joy	0.6124398708343506	0.1487744003534317	0.6124398708343506	0.0926828533411026	0.02083928883075714	0.05473771318793297	0.005956481676548719	0.003671964630484581	0.00755395507439971	0.004299803636968136	0.007801678031682968	0.04037175327539444	0.0008702260092832148
249	joy	../syntropy_project/models/model1_0	../syntropy_project/models/model1_0	joy	0.9662367105484009	0.018369823694229126	0.9662367105484009	0.005180255975574255	0.00024558260338380933	0.0022295350208878517	0.00015891897783149034	0.00018216519674751908	0.006212108302861452	0.000502237060572952	0.000419076211983338	0.0001799270394258201	8.367791451746598e-05
852	joy	../syntropy_project/models/model1_0	../syntropy_project/models/model1_0	neutral	0.6806578636169434	0.06165699660778046	0.07792331278324127	0.6806578636169434	0.004038011189550161	0.14645801484584808	0.002675797790288925	0.005800120532512665	0.006409390363842249	0.0006646700203418732	0.006184116937220097	0.007105016149580479	0.0004266963223926723
1105	neutral	../syntropy_project/models/model1_0	../syntropy_project/models/model1_0	joy	0.39131560921669006	0.18641284108161926	0.39131560921669006	0.023719212040305138	0.05166194215416908	0.1336134523153305	0.02607022412121296	0.003820335026830435	0.04165192320942879	0.01896652765572071	0.0038062322419136763	0.11546839773654938	0.0034932964481413364
71	joy	../syntropy_project/models/model1_0	../syntropy_project/models/model1_0	joy	0.9357473254203796	0.04259411245584488	0.9357473254203796	0.005296771414577961	0.0004076461773365736	0.005196393467485905	0.00015949030057527125	0.00010647969611454755	0.008893942460417747	0.000393731112126261	0.0003030716034118086	0.0008033440099097788	9.768731251824647e-05
94	pride	../syntropy_project/models/model1_0	../syntropy_project/models/model1_0	joy	0.6095607280731201	0.35314568877220154	0.6095607280731201	0.013570070266723633	0.0016512152506038547	0.0006986412918195128	0.00012096988211851567	0.00016563628742005676	0.018102170899510384	0.0013106978731229901	0.0003799827245529741	0.0011215511476621032	0.0001725694164633751
610	neutral	../syntropy_project/models/model1_0	../syntropy_project/models/model1_0	nervousness	0.31011930108070374	0.04924292117357254	0.062165502458810806	0.15898717939853668	0.05873116850852966	0.14396873116493225	0.13639648258686066	0.026837266981601715	0.006539367139339447	0.02181507833302021	0.024722399190068245	0.31011930108070374	0.0004746415070258081
33	pride	../syntropy_project/models/model1_0	../syntropy_project/models/model1_0	neutral	0.6787800192832947	0.12293120473623276	0.01800999417901039	0.6787800192832947	0.08203715831041336	0.0073455083183944225	0.003979024477303028	0.0031414583791047335	0.0038529227022081614	0.005570178851485252	0.07115396112203598	0.002465195721015334	0.0007333619287237525
862	nervousness	../syntropy_project/models/model1_0	../syntropy_project/models/model1_0	joy	0.507803738117218	0.006141843274235725	0.507803738117218	0.05294074863195419	0.007203683722764254	0.05991511419415474	0.0019785868935287	0.0021143255289644003	0.022142425179481506	0.04279930144548416	0.2832590341567993	0.011327702552080154	0.0023735687136650085
448	joy	../syntropy_project/models/model1_0	../syntropy_project/models/model1_0	joy	0.5733319520950317	0.18262971937656403	0.5733319520950317	0.0826297253370285	0.017206870019435883	0.09231005609035492	0.0033486506436020136	0.0017737630987539887	0.010974705219268799	0.005564410239458084	0.0059483726508915424	0.022612521424889565	0.001669246586970985
445	neutral	../syntropy_project/models/model1_0	../syntropy_project/models/model1_0	excitement	0.635832667350769	0.635832667350769	0.2851714491844177	0.055171191692352295	0.004631903488188982	0.008006677962839603	0.0003500175953377038	0.00023998954566195607	0.007069963496178389	0.0006558269378729165	0.0005331900902092457	0.0020759357139468193	0.000261064269579947
990	disgust	../syntropy_project/models/model1_0	../syntropy_project/models/model1_0	anger	0.45083436369895935	0.00014274152636062354	0.002170562045648694	0.007822415791451931	0.0003453706158325076	0.1428830325603485	0.005244184285402298	0.027020374312996864	0.003041260875761509	0.12167839705944061	0.12685826420783997	0.1119590699672699	0.45083436369895935
651	pride	../syntropy_project/models/model1_0	../syntropy_project/models/model1_0	sadness	0.710331380367279	0.0050076707266271114	0.038694825023412704	0.0338321253657341	0.003180860076099634	0.710331380367279	0.029291771352291107	0.009261471219360828	0.001907705212943256	0.026197589933872223	0.010625840164721012	0.129557266831398	0.002111498499289155
762	joy	../syntropy_project/models/model1_0	../syntropy_project/models/model1_0	joy	0.7299084663391113	0.2592560946941376	0.7299084663391113	0.0023623190354555845	0.0008246420184150338	0.0002699796168599278	5.316553870216012e-05	8.533278742106631e-05	0.006393389776349068	0.00022154295584186912	0.00020825097453780472	0.00023628711642231792	0.00018053411622531712
77	neutral	../syntropy_project/models/model1_0	../syntropy_project/models/model1_0	sadness	0.32164961099624634	0.022538989782333374	0.10659272968769073	0.17150744795799255	0.008792662993073463	0.32164961099624634	0.02602119743824005	0.004925546236336231	0.01986689120531082	0.0060836938209831715	0.05757908150553703	0.24694392085075378	0.007498182822018862
84	fear	../syntropy_project/models/model1_0	../syntropy_project/models/model1_0	joy	0.6144821047782898	0.008708702400326729	0.6144821047782898	0.24833929538726807	0.0022214592900127172	0.03761770948767662	0.0011894793715327978	0.003160698339343071	0.06616005301475525	0.0033106764312833548	0.0045502944849431515	0.0010974762262776494	0.009162064641714096
900	joy	../syntropy_project/models/model1_0	../syntropy_project/models/model1_0	joy	0.7327508330345154	0.09549175947904587	0.7327508330345154	0.05359283834695816	0.01195364911109209	0.05284343287348747	0.003711545839905739	0.0022505074739456177	0.033652856945991516	0.007164050824940205	0.004443301819264889	0.0015005286550149322	0.0006446861661970615
82	neutral	../syntropy_project/models/model1_0	../syntropy_project/models/model1_0	joy	0.6722655296325684	0.08563876152038574	0.6722655296325684	0.02899876981973648	0.06755354255437851	0.10013694316148758	0.005969709251075983	0.0015064352191984653	0.023691315203905106	0.0027639903128147125	0.008452815003693104	0.002382825594395399	0.000639271573163569
457	excitement	../syntropy_project/models/model1_0	../syntropy_project/models/model1_0	neutral	0.5000647902488708	0.2668929100036621	0.06081109121441841	0.5000647902488708	0.06215284392237663	0.03711317852139473	0.0049818032421171665	0.01041904091835022	0.02588437870144844	0.008151665329933167	0.0154067762196064	0.0053079137578606606	0.002813581144437194
1107	nervousness	../syntropy_project/models/model1_0	../syntropy_project/models/model1_0	nervousness	0.6268599629402161	0.005545870866626501	0.0027097996789962053	0.008609023876488209	0.002928923349827528	0.14669407904148102	0.15436285734176636	0.026402661576867104	0.0010183630511164665	0.006101671140640974	0.006386612541973591	0.6268599629402161	0.012380188331007957
1050	neutral	../syntropy_project/models/model1_0	../syntropy_project/models/model1_0	joy	0.9055855870246887	0.04915164038538933	0.9055855870246887	0.013330935500562191	0.0020527373999357224	0.002082474995404482	0.00020522461272776127	0.0003311489417683333	0.022807521745562553	0.0009119854657910764	0.0019480632618069649	0.0014825010439381003	0.00011008971341652796
436	nervousness	../syntropy_project/models/model1_0	../syntropy_project/models/model1_0	excitement	0.6301547288894653	0.6301547288894653	0.07136694341897964	0.2404448390007019	0.0059050824493169785	0.025479499250650406	0.0013039229670539498	0.0021092381794005632	0.013477315194904804	0.00256366073153913	0.0036041494458913803	0.0020747638773173094	0.00151583063416183
654	pride	../syntropy_project/models/model1_0	../syntropy_project/models/model1_0	sadness	0.7310270667076111	0.0020904643461108208	0.013052486814558506	0.006905703339725733	0.00536689255386591	0.7310270667076111	0.007284968160092831	0.0027076785918325186	0.10609292984008789	0.09260538965463638	0.0045603057369589806	0.02401592768728733	0.004290162120014429
1008	joy	../syntropy_project/models/model1_0	../syntropy_project/models/model1_0	surprise	0.985805332660675	0.008931446820497513	0.0009697055793367326	0.0029608793556690216	0.985805332660675	0.00010725884931162	8.7486878328491e-05	0.00013290719653014094	0.00023327540839090943	0.0002927737950813025	0.0004516466287896037	2.5311243007308803e-05	2.07443213184888e-06
404	nervousness	../syntropy_project/models/model1_0	../syntropy_project/models/model1_0	neutral	0.7741145491600037	0.06261812895536423	0.018206490203738213	0.7741145491600037	0.0022861971519887447	0.039786774665117264	0.0061576697044074535	0.002087315544486046	0.008026516996324062	0.003162471344694495	0.04747366905212402	0.014382046647369862	0.02169816568493843
1136	neutral	../syntropy_project/models/model1_0	../syntropy_project/models/model1_0	joy	0.7685513496398926	0.1509530246257782	0.7685513496398926	0.028079714626073837	0.000757525849621743	0.006403531413525343	0.00019043144129682332	0.00021823038696311414	0.04172232747077942	0.0009546452783979475	0.0006848705816082656	0.000424296100391075	0.0010600965470075607
764	joy	../syntropy_project/models/model1_0	../syntropy_project/models/model1_0	joy	0.8938847780227661	0.051821596920490265	0.8938847780227661	0.007821613922715187	0.00046222133096307516	0.037979062646627426	0.00015202279610093683	0.00013872850104235113	0.005258198827505112	0.0005863936385139823	0.0007704905001446605	0.0009730029851198196	0.00015194698062259704
722	confusion	../syntropy_project/models/model1_0	../syntropy_project/models/model1_0	joy	0.9406671524047852	0.021265551447868347	0.9406671524047852	0.007979331538081169	0.0011271149851381779	0.010598934255540371	0.00048621438327245414	0.001120834262110293	0.009186185896396637	0.003048411337658763	0.0020035086199641228	0.0011606349144130945	0.0013561421073973179
104	surprise	../syntropy_project/models/model1_0	../syntropy_project/models/model1_0	joy	0.577281653881073	0.33767664432525635	0.577281653881073	0.005291530396789312	0.05257304012775421	0.004171972628682852	0.0009282480459660292	0.0007915702881291509	0.013784550130367279	0.002928021363914013	0.001410740427672863	0.0027006203308701515	0.0004614052304532379
1170	joy	../syntropy_project/models/model1_0	../syntropy_project/models/model1_0	joy	0.44512057304382324	0.09587515145540237	0.44512057304382324	0.2670126259326935	0.0193158071488142	0.13188952207565308	0.002010866766795516	0.003566177561879158	0.006632690783590078	0.011744275689125061	0.0150211863219738	0.0014844336546957493	0.00032665542676113546
673	excitement	../syntropy_project/models/model1_0	../syntropy_project/models/model1_0	joy	0.7967349290847778	0.16713669896125793	0.7967349290847778	0.025035353377461433	0.0012438703561201692	0.003785134060308337	0.00019453972345218062	0.0002682365302462131	0.003408486023545265	0.0007245488232001662	0.0008361474028788507	0.0003259534132666886	0.00030602331389673054
62	sadness	../syntropy_project/models/model1_0	../syntropy_project/models/model1_0	sadness	0.9126309752464294	0.0014320212649181485	0.0013162984978407621	0.0012188436230644584	0.00036328984424471855	0.9126309752464294	0.007961567491292953	0.00046833287342451513	0.0003575315640773624	0.0008213264518417418	0.0005688752280548215	0.07208962738513947	0.000771328283008188
281	pride	../syntropy_project/models/model1_0	../syntropy_project/models/model1_0	pride	0.9799217581748962	0.008856771513819695	0.0070851766504347324	0.0002824121620506048	0.00033037486718967557	0.0002095329255098477	6.824318552389741e-05	5.965580203337595e-05	0.9799217581748962	0.002211083425208926	5.1915143558289856e-05	0.0007484105881303549	0.00017472422041464597
737	joy	../syntropy_project/models/model1_0	../syntropy_project/models/model1_0	joy	0.9707680344581604	0.023933034390211105	0.9707680344581604	0.0018325825221836567	9.834668890107423e-05	0.0013408124214038253	1.69715603988152e-05	4.117936623515561e-05	0.001206676010042429	0.0002706875675357878	0.0002674921415746212	0.00015140413597691804	7.283720333361998e-05
238	joy	../syntropy_project/models/model1_0	../syntropy_project/models/model1_0	joy	0.6626429557800293	0.06860247254371643	0.6626429557800293	0.1636277139186859	0.0008316060993820429	0.07678589224815369	0.0005999773275107145	0.001852373592555523	0.013920031487941742	0.0016097783809527755	0.0012632048455998302	0.006048249080777168	0.002215692540630698
223	embarrassment	../syntropy_project/models/model1_0	../syntropy_project/models/model1_0	embarrassment	0.7303205728530884	0.0011797220213338733	0.012172344140708447	0.042480453848838806	0.0011879552621394396	0.09367597848176956	0.0077465735375881195	0.0631493628025055	0.0069497013464570045	0.7303205728530884	0.022369535639882088	0.011878754012286663	0.006889054551720619
145	neutral	../syntropy_project/models/model1_0	../syntropy_project/models/model1_0	joy	0.9352384805679321	0.031969860196113586	0.9352384805679321	0.01764630898833275	0.0008282242342829704	0.005986382253468037	0.0002266347291879356	0.00027311465237289667	0.0029588667675852776	0.0024048055056482553	0.001626974786631763	0.0007511305739171803	8.93857068149373e-05
1187	nervousness	../syntropy_project/models/model1_0	../syntropy_project/models/model1_0	neutral	0.7558401823043823	0.08436930924654007	0.06436780840158463	0.7558401823043823	0.016838498413562775	0.02678520418703556	0.0038251399528235197	0.005085598677396774	0.005851796828210354	0.004718640353530645	0.020995035767555237	0.009454482235014439	0.0018684194656088948
373	fear	../syntropy_project/models/model1_0	../syntropy_project/models/model1_0	nervousness	0.9446530938148499	5.2421808504732326e-05	0.00021237618057057261	0.00045038294047117233	0.001507250708527863	0.0011930027976632118	0.02517927996814251	0.0009132417617365718	0.0009342248667962849	0.015959348529577255	0.007544347550719976	0.9446530938148499	0.0014011035673320293
118	neutral	../syntropy_project/models/model1_0	../syntropy_project/models/model1_0	joy	0.6954215168952942	0.23207078874111176	0.6954215168952942	0.026022259145975113	0.015856169164180756	0.014432823285460472	0.0005450511816889048	0.0005936284433118999	0.010258398950099945	0.0017807054100558162	0.002461827825754881	0.00015235241153277457	0.0004044161760248244
905	neutral	../syntropy_project/models/model1_0	../syntropy_project/models/model1_0	joy	0.977796196937561	0.005470944568514824	0.977796196937561	0.0012056067353114486	0.00023426348343491554	0.004205291625112295	4.2331230361014605e-05	0.00012587913079187274	0.009452187456190586	0.0007193952915258706	0.00033203375642187893	0.0003052875690627843	0.00011036061187041923
250	neutral	../syntropy_project/models/model1_0	../syntropy_project/models/model1_0	joy	0.9582177400588989	0.01686573401093483	0.9582177400588989	0.019071567803621292	0.0004076808108948171	0.0013412408297881484	0.00016733659140300006	0.0001710301439743489	0.0018369279569014907	0.0007538453210145235	0.0009769696043804288	0.0001502683007856831	3.962054688599892e-05
1226	excitement	../syntropy_project/models/model1_0	../syntropy_project/models/model1_0	excitement	0.539030909538269	0.539030909538269	0.38647013902664185	0.05170759931206703	0.006100286263972521	0.004728415515273809	0.00044044206151738763	0.0003801505081355572	0.0055175418965518475	0.0021566920913755894	0.002084707375615835	0.0011076233349740505	0.0002754920278675854
9	joy	../syntropy_project/models/model1_0	../syntropy_project/models/model1_0	joy	0.5624501705169678	0.2152925431728363	0.5624501705169678	0.062176767736673355	0.011010421440005302	0.0511525459587574	0.002094125607982278	0.0010517820483073592	0.08179447799921036	0.003808121895417571	0.0009958158480003476	0.006966975051909685	0.0012062893947586417
449	joy	../syntropy_project/models/model1_0	../syntropy_project/models/model1_0	joy	0.5472782254219055	0.283550500869751	0.5472782254219055	0.124299556016922	0.005032354965806007	0.01778007298707962	0.0004397799202706665	0.0007564490661025047	0.014209043234586716	0.0021598224993795156	0.0022714799270033836	0.0014350536512210965	0.0007877007592469454
987	joy	../syntropy_project/models/model1_0	../syntropy_project/models/model1_0	excitement	0.4350016415119171	0.4350016415119171	0.11185728013515472	0.40588364005088806	0.01733972318470478	0.01715947687625885	0.0030114513356238604	0.0004108083376195282	0.004549010191112757	0.001610556268133223	0.002558221807703376	0.0005629389197565615	5.536720345844515e-05
593	joy	../syntropy_project/models/model1_0	../syntropy_project/models/model1_0	nervousness	0.361063688993454	0.07112175226211548	0.20538026094436646	0.1817978471517563	0.006722962483763695	0.07486940175294876	0.002331951167434454	0.002538487548008561	0.06466032564640045	0.008652710355818272	0.010862497612833977	0.361063688993454	0.009998139925301075
389	excitement	../syntropy_project/models/model1_0	../syntropy_project/models/model1_0	joy	0.5266968607902527	0.2970556616783142	0.5266968607902527	0.006578304339200258	0.0035385466180741787	0.0018030751962214708	0.00039873793139122427	0.00022066597011871636	0.1533621996641159	0.0028755892999470234	0.0008364137611351907	0.005939056631177664	0.0006948796799406409
848	joy	../syntropy_project/models/model1_0	../syntropy_project/models/model1_0	neutral	0.32377782464027405	0.07347111403942108	0.22217276692390442	0.32377782464027405	0.0041689141653478146	0.31155017018318176	0.0043346211314201355	0.006008723750710487	0.007797226309776306	0.006911507807672024	0.012043094262480736	0.02647176943719387	0.0012923108879476786
1024	neutral	../syntropy_project/models/model1_0	../syntropy_project/models/model1_0	joy	0.39441636204719543	0.06252288818359375	0.39441636204719543	0.20350052416324615	0.031193025410175323	0.09485749155282974	0.01619589887559414	0.010197640396654606	0.01912907138466835	0.016704291105270386	0.03614412993192673	0.11353900283575058	0.0015996138099581003
557	joy	../syntropy_project/models/model1_0	../syntropy_project/models/model1_0	confusion	0.9955882430076599	3.963182734878501e-06	1.831711233535316e-05	0.0013047178508713841	0.001002765609882772	0.00018849845218937844	4.178518429398537e-05	9.126514487434179e-05	4.6541848860215396e-05	0.0015078689903020859	0.9955882430076599	6.422340084100142e-05	0.00014184995961841196
460	excitement	../syntropy_project/models/model1_0	../syntropy_project/models/model1_0	joy	0.9683958888053894	0.025425540283322334	0.9683958888053894	0.001656819717027247	0.00013522669905796647	0.0007163821719586849	2.124802085745614e-05	3.570420449250378e-05	0.0030113565735518932	0.0001242975558852777	0.00014272166299633682	0.0002697814488783479	6.502452015411109e-05
1171	excitement	../syntropy_project/models/model1_0	../syntropy_project/models/model1_0	joy	0.6485548615455627	0.13260424137115479	0.6485548615455627	0.10216023027896881	0.004453166853636503	0.020496288314461708	0.0007757534040138125	0.002172693144530058	0.06994529813528061	0.007418445777148008	0.0024188337847590446	0.006785355508327484	0.0022147069685161114
144	excitement	../syntropy_project/models/model1_0	../syntropy_project/models/model1_0	joy	0.7659633159637451	0.10333992540836334	0.7659633159637451	0.042564429342746735	0.0009925272315740585	0.06155434250831604	0.00041333597619086504	0.0005810816655866802	0.01080309972167015	0.001391741563566029	0.0014921370893716812	0.010629280470311642	0.0002748273254837841
501	joy	../syntropy_project/models/model1_0	../syntropy_project/models/model1_0	joy	0.9142716526985168	0.062449268996715546	0.9142716526985168	0.004947703797370195	0.0009760769899003208	0.0051978412084281445	0.00011701065523084253	0.0001828314270824194	0.009838970378041267	0.0006936160498298705	0.0003241789236199111	0.0008330182172358036	0.00016777683049440384
1174	joy	../syntropy_project/models/model1_0	../syntropy_project/models/model1_0	joy	0.8394280672073364	0.11782163381576538	0.8394280672073364	0.015558266080915928	0.0034528023097664118	0.010206002742052078	0.0012592386920005083	0.0003712188045028597	0.005529828369617462	0.000735186506062746	0.000756236317101866	0.0047885943204164505	9.288723231293261e-05
539	excitement	../syntropy_project/models/model1_0	../syntropy_project/models/model1_0	sadness	0.38768303394317627	0.06730364263057709	0.10820025205612183	0.25742805004119873	0.06125108525156975	0.38768303394317627	0.03839903324842453	0.02337038889527321	0.01310806069523096	0.016637183725833893	0.006551702041178942	0.0130661241710186	0.007001413498073816
177	neutral	../syntropy_project/models/model1_0	../syntropy_project/models/model1_0	joy	0.6950055956840515	0.14381225407123566	0.6950055956840515	0.12827658653259277	0.003246608190238476	0.0033553368411958218	0.0005953727522864938	0.0008105520973913372	0.016539370641112328	0.0024325435515493155	0.004348483402282	0.0012790663167834282	0.0002981735160574317
1228	neutral	../syntropy_project/models/model1_0	../syntropy_project/models/model1_0	excitement	0.5682205557823181	0.5682205557823181	0.4200974702835083	0.0052859168499708176	0.00047300936421379447	0.004099014215171337	6.59216457279399e-05	9.944439807441086e-05	0.0006358993123285472	0.00010027263488154858	0.00014894924242980778	0.000596181838773191	0.00017732090782374144
1212	neutral	../syntropy_project/models/model1_0	../syntropy_project/models/model1_0	joy	0.9798845052719116	0.01633187010884285	0.9798845052719116	0.0010537193156778812	4.080878716195002e-05	0.0006321906112134457	2.3233038518810645e-05	3.59679434041027e-05	0.0015269831055775285	0.00015006765897851437	0.00011172967788297683	0.00016765382315497845	4.1273491660831496e-05
649	sadness	../syntropy_project/models/model1_0	../syntropy_project/models/model1_0	disgust	0.3015296459197998	0.0019453815184533596	0.016909554600715637	0.10340937972068787	0.012024159543216228	0.1365964114665985	0.03188121318817139	0.3015296459197998	0.004111560061573982	0.29227685928344727	0.04791022092103958	0.027225911617279053	0.024179643020033836
1267	pride	../syntropy_project/models/model1_0	../syntropy_project/models/model1_0	sadness	0.3307298421859741	0.0012105517089366913	0.03268294036388397	0.009279179386794567	0.0006315590580925345	0.3307298421859741	0.002275430364534259	0.009129932150244713	0.06456340104341507	0.16930705308914185	0.0050218915566802025	0.09438150376081467	0.2807866334915161
7	pride	../syntropy_project/models/model1_0	../syntropy_project/models/model1_0	pride	0.8772329092025757	0.004287155345082283	0.05920124426484108	0.0043990472331643105	0.0034219278022646904	0.0167470071464777	0.00034863155451603234	0.0008895311621017754	0.8772329092025757	0.02807147428393364	0.0003703503462020308	0.004767546430230141	0.0002631442039273679
621	neutral	../syntropy_project/models/model1_0	../syntropy_project/models/model1_0	joy	0.8882695436477661	0.07489073276519775	0.8882695436477661	0.019719058647751808	0.00300121889449656	0.006142320577055216	0.00030838846578262746	0.00048134487587958574	0.0031123284716159105	0.0012219971977174282	0.002136032562702894	0.0006894168327562511	2.7680842322297394e-05
950	neutral	../syntropy_project/models/model1_0	../syntropy_project/models/model1_0	joy	0.9698716402053833	0.02558925747871399	0.9698716402053833	0.0011553968070074916	0.00013125872646924108	0.0014767417451366782	1.7258331354241818e-05	2.7128209694637917e-05	0.0013565857661888003	0.00011326470121275634	5.554649033001624e-05	0.00015361601253971457	5.23497728863731e-05
357	sadness	../syntropy_project/models/model1_0	../syntropy_project/models/model1_0	sadness	0.9682322144508362	0.0004212070198263973	0.0009999332251027226	0.006455474998801947	0.00015250183059833944	0.9682322144508362	0.0024908827617764473	0.0031418553553521633	0.0002513011859264225	0.0007826859364286065	0.0006303622503764927	0.002033645985648036	0.014407829381525517
329	nervousness	../syntropy_project/models/model1_0	../syntropy_project/models/model1_0	sadness	0.4995058476924896	0.0018421584973111749	0.01240087952464819	0.07388632744550705	0.0013767910422757268	0.4995058476924896	0.05315922945737839	0.029089326038956642	0.015922505408525467	0.09799773246049881	0.010911784134805202	0.15083861351013184	0.05306876450777054
901	neutral	../syntropy_project/models/model1_0	../syntropy_project/models/model1_0	joy	0.8917018175125122	0.07731018215417862	0.8917018175125122	0.01777620054781437	0.0019268051255494356	0.0027878107503056526	0.00011910554894711822	0.0001586223515914753	0.006562097929418087	0.0007070681313052773	0.0006335736252367496	0.0002609537623357028	5.582833182415925e-05
935	excitement	../syntropy_project/models/model1_0	../syntropy_project/models/model1_0	joy	0.9810311794281006	0.012583959847688675	0.9810311794281006	0.0013870899565517902	4.717470073956065e-05	0.0009720680536702275	2.1126967112650163e-05	2.7095915356767364e-05	0.003344570519402623	0.00015105539932847023	0.00011070531036239117	0.0002672473492566496	5.676626096828841e-05
258	pride	../syntropy_project/models/model1_0	../syntropy_project/models/model1_0	joy	0.9589517712593079	0.020592473447322845	0.9589517712593079	0.010407600551843643	0.0003878542920574546	0.005420617759227753	0.00012795401562470943	0.00011021515092579648	0.0027919053100049496	0.0004329159564804286	0.0005370596772991121	0.0001483382802689448	9.132207924267277e-05
1096	neutral	../syntropy_project/models/model1_0	../syntropy_project/models/model1_0	joy	0.8913483619689941	0.055319834500551224	0.8913483619689941	0.0161331407725811	0.002924810629338026	0.01381315290927887	0.001188686117529869	0.000622193212620914	0.009824156761169434	0.0027440504636615515	0.0011794475140050054	0.004697616212069988	0.00020456239872146398
1009	joy	../syntropy_project/models/model1_0	../syntropy_project/models/model1_0	sadness	0.6235798001289368	0.0018768900772556663	0.03216004744172096	0.14373831450939178	0.0012531623942777514	0.6235798001289368	0.009082671254873276	0.010740426369011402	0.011824123561382294	0.01519756205379963	0.009037249721586704	0.08665817230939865	0.05485157668590546
1153	joy	../syntropy_project/models/model1_0	../syntropy_project/models/model1_0	joy	0.6663517355918884	0.10270104557275772	0.6663517355918884	0.18779706954956055	0.02594214491546154	0.005437753163278103	0.0010483462829142809	0.002404186176136136	0.004004472866654396	0.0014783876249566674	0.002660922473296523	0.00010381152242189273	7.015790470177308e-05
668	joy	../syntropy_project/models/model1_0	../syntropy_project/models/model1_0	neutral	0.6814544200897217	0.13940872251987457	0.15270426869392395	0.6814544200897217	0.012395333498716354	0.006150492001324892	0.0006155227310955524	0.0022037543822079897	0.0007184279384091496	0.0010640665423125029	0.0030601380858570337	9.127288649324328e-05	0.00013366567145567387
934	sadness	../syntropy_project/models/model1_0	../syntropy_project/models/model1_0	sadness	0.8243606090545654	0.013037198223173618	0.1294841766357422	0.0172641109675169	0.0020028504077345133	0.8243606090545654	0.0016399192390963435	0.0014755261363461614	0.0021291908342391253	0.0023455130867660046	0.0022940051276236773	0.002865342888981104	0.0011014806805178523
525	nervousness	../syntropy_project/models/model1_0	../syntropy_project/models/model1_0	sadness	0.8546422123908997	0.002254193415865302	0.007116768509149551	0.018668632954359055	0.0016132709570229053	0.8546422123908997	0.03323020413517952	0.0049272701144218445	0.000585330359172076	0.003888919251039624	0.0030411796178668737	0.06838859617710114	0.0016433869022876024
917	surprise	../syntropy_project/models/model1_0	../syntropy_project/models/model1_0	surprise	0.9810348749160767	0.010382276959717274	0.002034921431913972	0.0047995420172810555	0.9810348749160767	0.00021091688540764153	0.00013582641258835793	0.00021191751875448972	0.00035256470437161624	0.00028517679311335087	0.0004936083569191396	5.349740604287945e-05	4.956652901455527e-06
1236	nervousness	../syntropy_project/models/model1_0	../syntropy_project/models/model1_0	neutral	0.8717640042304993	0.007111595012247562	0.006722023244947195	0.8717640042304993	0.0016235416987910867	0.06283989548683167	0.003162035485729575	0.012369985692203045	0.005295349285006523	0.002464305842295289	0.00225677783600986	0.009585937485098839	0.014804573729634285
844	pride	../syntropy_project/models/model1_0	../syntropy_project/models/model1_0	neutral	0.3701207637786865	0.09217047691345215	0.3700159788131714	0.3701207637786865	0.007832059636712074	0.09471461921930313	0.007920924574136734	0.003283158643171191	0.015509387478232384	0.0023956685326993465	0.013046077452600002	0.01808297447860241	0.004907986149191856
1210	excitement	../syntropy_project/models/model1_0	../syntropy_project/models/model1_0	neutral	0.29021885991096497	0.25375208258628845	0.19779852032661438	0.29021885991096497	0.18899738788604736	0.028961122035980225	0.0036146240308880806	0.007158634718507528	0.019199242815375328	0.004424048122018576	0.005114235915243626	0.0006377258105203509	0.00012350411270745099
440	disgust	../syntropy_project/models/model1_0	../syntropy_project/models/model1_0	sadness	0.7027254700660706	0.00012353109195828438	0.0017551181372255087	0.014045351184904575	0.0002739799674600363	0.7027254700660706	0.020538654178380966	0.0646311342716217	0.0020710730459541082	0.13604603707790375	0.0039486936293542385	0.012189419940114021	0.04165150970220566
531	joy	../syntropy_project/models/model1_0	../syntropy_project/models/model1_0	joy	0.979007363319397	0.01340489648282528	0.979007363319397	0.002775553148239851	0.0001652286300668493	0.0007887143874540925	2.978161137434654e-05	5.2320774557301775e-05	0.0031783294398337603	0.00026186121976934373	0.0002662331098690629	3.538911187206395e-05	3.438090061536059e-05
226	excitement	../syntropy_project/models/model1_0	../syntropy_project/models/model1_0	joy	0.936618983745575	0.0409160740673542	0.936618983745575	0.007739123422652483	0.0009626852115616202	0.003866396611556411	0.0001778150472091511	0.00015365543367806822	0.0073100668378174305	0.0007154342019930482	0.00040336736128665507	0.0009884777246043086	0.0001478603226132691
228	pride	../syntropy_project/models/model1_0	../syntropy_project/models/model1_0	neutral	0.4050470292568207	0.07611972838640213	0.22462287545204163	0.4050470292568207	0.024344461038708687	0.21424038708209991	0.004530549515038729	0.00769741740077734	0.011923341080546379	0.002921805251389742	0.007262035273015499	0.01811586506664753	0.0031744204461574554
1116	neutral	../syntropy_project/models/model1_0	../syntropy_project/models/model1_0	joy	0.9850950837135315	0.01174400094896555	0.9850950837135315	0.0008503217832185328	9.410601342096925e-05	0.0002871532051358372	1.8100432498613372e-05	4.454908412299119e-05	0.0015844472218304873	0.00012501190940383822	0.00010027072130469605	3.277886935393326e-05	2.4116689019137993e-05
212	pride	../syntropy_project/models/model1_0	../syntropy_project/models/model1_0	pride	0.9774555563926697	0.0007022632053121924	0.006167072337120771	0.0004910937859676778	5.070981933386065e-05	0.0005397729109972715	6.515375571325421e-05	0.000152807857375592	0.9774555563926697	0.013177567161619663	9.121467883232981e-05	0.0005981950671412051	0.0005085011944174767
79	nervousness	../syntropy_project/models/model1_0	../syntropy_project/models/model1_0	neutral	0.6458525061607361	0.08946456015110016	0.21644145250320435	0.6458525061607361	0.008475440554320812	0.011126247234642506	0.0005635786801576614	0.001516168937087059	0.019012803211808205	0.0014447213616222143	0.005382007919251919	0.0005631797830574214	0.0001574184134369716
148	pride	../syntropy_project/models/model1_0	../syntropy_project/models/model1_0	sadness	0.7549006342887878	0.05896095186471939	0.08860272914171219	0.07817432284355164	0.0031912147533148527	0.7549006342887878	0.0009259090875275433	0.0006494522676803172	0.002761987503618002	0.0007110682781785727	0.0027265208773314953	0.008168185129761696	0.00022710055054631084
1090	excitement	../syntropy_project/models/model1_0	../syntropy_project/models/model1_0	joy	0.9564905762672424	0.028002068400382996	0.9564905762672424	0.005551900714635849	0.000789875106420368	0.0059104179963469505	9.415386739419773e-05	7.54297652747482e-05	0.0022961730137467384	0.00027839752146974206	0.00030945998150855303	0.00014019054651726037	6.136555748526007e-05
793	excitement	../syntropy_project/models/model1_0	../syntropy_project/models/model1_0	joy	0.6332345604896545	0.17746037244796753	0.6332345604896545	0.16680322587490082	0.0015823292778804898	0.005855696741491556	0.0008404396940022707	0.002199377864599228	0.006160339340567589	0.0013648272724822164	0.00274993316270411	0.0006264055264182389	0.0011225339258089662
851	joy	../syntropy_project/models/model1_0	../syntropy_project/models/model1_0	joy	0.6515769362449646	0.11970775574445724	0.6515769362449646	0.18013158440589905	0.021470380946993828	0.006766912527382374	0.0007934957393445075	0.0009704554104246199	0.0037134576123207808	0.0032969783060252666	0.006803861819207668	0.004519174341112375	0.0002490743645466864
133	joy	../syntropy_project/models/model1_0	../syntropy_project/models/model1_0	joy	0.9486398696899414	0.03079107403755188	0.9486398696899414	0.005548875313252211	0.0002572733792476356	0.007354175206273794	9.709881123853847e-05	0.0001427287352271378	0.006183527410030365	0.0002567424962762743	0.00017864690744318068	0.0003429644275456667	0.00020709080854430795
1027	surprise	../syntropy_project/models/model1_0	../syntropy_project/models/model1_0	surprise	0.8861093521118164	0.08065822720527649	0.02415238879621029	0.002955847419798374	0.8861093521118164	0.0003026204649358988	0.00027436460368335247	0.0004319051804486662	0.0024568578228354454	0.0013196996878832579	0.0011260706232860684	0.00016061478527262807	5.202299144002609e-05
408	nervousness	../syntropy_project/models/model1_0	../syntropy_project/models/model1_0	excitement	0.5731860399246216	0.5731860399246216	0.21458427608013153	0.14095741510391235	0.03402968496084213	0.006930917035788298	0.0011763073271140456	0.0009774205973371863	0.004919170867651701	0.003430355805903673	0.01740860380232334	0.0007125070551410317	0.0016873044660314918
869	neutral	../syntropy_project/models/model1_0	../syntropy_project/models/model1_0	neutral	0.6117822527885437	0.20500493049621582	0.15986907482147217	0.6117822527885437	0.007125406991690397	0.0072806477546691895	0.00033109713695012033	0.00031709542963653803	0.005613818299025297	0.0009293893817812204	0.0012742072576656938	0.0004090223810635507	6.299460073933005e-05
507	fear	../syntropy_project/models/model1_0	../syntropy_project/models/model1_0	sadness	0.9744738340377808	0.00012974016135558486	0.0013701783027499914	0.003822534577921033	0.00025586620904505253	0.9744738340377808	0.0013328278437256813	0.004986207466572523	0.0004004871880169958	0.0097356541082263	0.0012313289334997535	0.0017088063759729266	0.0005525120650418103
993	pride	../syntropy_project/models/model1_0	../syntropy_project/models/model1_0	joy	0.8984956741333008	0.04993092641234398	0.8984956741333008	0.014505474828183651	0.0007823542109690607	0.02606593631207943	0.00028840714367106557	0.0004028391558676958	0.002461638767272234	0.0009578206809237599	0.0008078676764853299	0.005179438274353743	0.00012160304322605953
504	pride	../syntropy_project/models/model1_0	../syntropy_project/models/model1_0	neutral	0.30668336153030396	0.0760052427649498	0.114388607442379	0.30668336153030396	0.030400067567825317	0.2122674435377121	0.01724911853671074	0.013657837174832821	0.04579582437872887	0.016307955607771873	0.0697627142071724	0.0959588959813118	0.0015228376723825932
785	pride	../syntropy_project/models/model1_0	../syntropy_project/models/model1_0	neutral	0.942004919052124	0.026571696624159813	0.009175753220915794	0.942004919052124	0.004370751325041056	0.011296357959508896	0.0004834404098801315	0.0013212927151471376	0.0018353704363107681	0.0006020869477652013	0.0014723999192938209	0.0005448232986964285	0.0003210496506653726
347	excitement	../syntropy_project/models/model1_0	../syntropy_project/models/model1_0	joy	0.8113846778869629	0.12867243587970734	0.8113846778869629	0.019372273236513138	0.0016003118362277746	0.016632020473480225	0.000464108947198838	0.0002224119525635615	0.016854694113135338	0.0006646931869909167	0.0007407982484437525	0.0021837372332811356	0.0012079154839739203
386	pride	../syntropy_project/models/model1_0	../syntropy_project/models/model1_0	joy	0.7045888900756836	0.25529611110687256	0.7045888900756836	0.0141821363940835	0.0018429475603625178	0.002904692431911826	0.0003871526860166341	0.0006715516210533679	0.01378712709993124	0.0007592605543322861	0.0007024715305306017	0.003906033933162689	0.0009715435444377363
0	joy	../syntropy_project/models/model1_0	../syntropy_project/models/model1_0	nervousness	0.6209779381752014	0.2810993790626526	0.03183876723051071	0.01152637880295515	0.002044116612523794	0.03329325467348099	0.01050469558686018	0.0006126761436462402	0.005029684863984585	0.0010212365305051208	0.0009328645537607372	0.6209779381752014	0.0011190243531018496
360	excitement	../syntropy_project/models/model1_0	../syntropy_project/models/model1_0	joy	0.8684167861938477	0.04684223234653473	0.8684167861938477	0.056784432381391525	0.002717922441661358	0.004575314931571484	0.00042693180148489773	0.0004587669391185045	0.01199339795857668	0.002999293152242899	0.003355730324983597	0.0009406811441294849	0.0004885793896391988
1203	joy	../syntropy_project/models/model1_0	../syntropy_project/models/model1_0	joy	0.9593515992164612	0.011569858528673649	0.9593515992164612	0.004309679381549358	0.0001720498112263158	0.005638679955154657	0.00016035596490837634	0.00014457901124842465	0.015244557522237301	0.0008919590036384761	0.0004836359294131398	0.0017694118432700634	0.00026359205367043614
475	joy	../syntropy_project/models/model1_0	../syntropy_project/models/model1_0	neutral	0.6156545281410217	0.21164721250534058	0.1539933979511261	0.6156545281410217	0.008847910910844803	0.0022182201500982046	0.0009176103631034493	0.0016505405073985457	0.0008880025707185268	0.0018985832575708628	0.002182875294238329	3.2430772989755496e-05	6.875809776829556e-05
872	pride	../syntropy_project/models/model1_0	../syntropy_project/models/model1_0	pride	0.9866012930870056	0.003339212853461504	0.005372213199734688	9.879094432108104e-05	0.00014887170982547104	0.00013086487888358533	5.2056584536330774e-05	3.196298348484561e-05	0.9866012930870056	0.0028338422998785973	5.6692035286687315e-05	0.0010815098648890853	0.0002526620519347489
1223	neutral	../syntropy_project/models/model1_0	../syntropy_project/models/model1_0	joy	0.4711194336414337	0.09232154488563538	0.4711194336414337	0.0513652004301548	0.022195788100361824	0.278910756111145	0.004478659480810165	0.003036877140402794	0.008057674393057823	0.005186917260289192	0.015972664579749107	0.04668653383851051	0.0006679963553324342
846	excitement	../syntropy_project/models/model1_0	../syntropy_project/models/model1_0	joy	0.48272985219955444	0.43570995330810547	0.48272985219955444	0.00691398698836565	0.007696819491684437	0.0033733248710632324	9.999817848438397e-05	0.0002213258558185771	0.059380725026130676	0.002517032902687788	0.0005180942825973034	0.0007337575661949813	0.00010511869913898408
711	pride	../syntropy_project/models/model1_0	../syntropy_project/models/model1_0	excitement	0.8775484561920166	0.8775484561920166	0.05993406102061272	0.05022212490439415	0.0007382507901638746	0.0014536279486492276	0.000359463068889454	0.0001355986314592883	0.00429550651460886	0.0002724460791796446	0.001909900805912912	0.002374723320826888	0.0007558451034128666
172	pride	../syntropy_project/models/model1_0	../syntropy_project/models/model1_0	neutral	0.6542969942092896	0.18846796452999115	0.0635925754904747	0.6542969942092896	0.01597035489976406	0.03503364697098732	0.0019305158639326692	0.0020973964128643274	0.014345678500831127	0.003511041169986129	0.004055720288306475	0.014125660061836243	0.0025724959559738636
450	joy	../syntropy_project/models/model1_0	../syntropy_project/models/model1_0	joy	0.940527081489563	0.034995321184396744	0.940527081489563	0.008177842944860458	0.00032593257492408156	0.005501096136868	0.00010991180170094594	0.00014018038928043097	0.009146751835942268	0.0003551329136826098	0.0003004152385983616	0.00017380699864588678	0.00024645845405757427
125	pride	../syntropy_project/models/model1_0	../syntropy_project/models/model1_0	pride	0.8627902269363403	0.010255357250571251	0.11054166406393051	0.0030466702301055193	0.0008244446362368762	0.00362764997407794	0.0002544720482546836	0.0002800084475893527	0.8627902269363403	0.005522924475371838	0.00030788948060944676	0.001441179309040308	0.0011075785150751472
713	nervousness	../syntropy_project/models/model1_0	../syntropy_project/models/model1_0	anger	0.37901854515075684	0.0011207027127966285	0.006851596757769585	0.03443777933716774	0.0007181737455539405	0.26747584342956543	0.023500550538301468	0.08547325432300568	0.005536107812076807	0.07563753426074982	0.007865935564041138	0.11236404627561569	0.37901854515075684
530	neutral	../syntropy_project/models/model1_0	../syntropy_project/models/model1_0	joy	0.9730157256126404	0.012331581674516201	0.9730157256126404	0.0036353005561977625	0.00010451463458593935	0.004826418589800596	4.474942761589773e-05	8.042822446441278e-05	0.004947550594806671	0.0001319317816523835	0.00025981696671806276	0.0004230852937325835	0.00019881909247487783
90	neutral	../syntropy_project/models/model1_0	../syntropy_project/models/model1_0	excitement	0.9627481698989868	0.9627481698989868	0.03433886170387268	0.0016478251200169325	0.00010469250264577568	0.00030407996382564306	8.867043106874917e-06	1.3075715287413914e-05	0.00041211757343262434	2.136668990715407e-05	3.152835779474117e-05	0.0003231257724110037	4.6291832404676825e-05
1231	pride	../syntropy_project/models/model1_0	../syntropy_project/models/model1_0	joy	0.6944337487220764	0.2459103763103485	0.6944337487220764	0.012696507386863232	0.004505178425461054	0.020023975521326065	0.0009447456104680896	0.00046081619802862406	0.004784700460731983	0.0010124656837433577	0.0011412055464461446	0.013760088011622429	0.00032617448596283793
181	neutral	../syntropy_project/models/model1_0	../syntropy_project/models/model1_0	joy	0.910309910774231	0.07100027799606323	0.910309910774231	0.007215376012027264	0.0010216661030426621	0.0027174120768904686	0.0001499340432928875	0.00018940682639367878	0.004074647091329098	0.001026649260893464	0.0010850445833057165	0.0011299438774585724	7.971820014063269e-05
989	neutral	../syntropy_project/models/model1_0	../syntropy_project/models/model1_0	neutral	0.6492429971694946	0.09016112238168716	0.17452596127986908	0.6492429971694946	0.0037588884588330984	0.0629849061369896	0.0033903976436704397	0.0006051737000234425	0.009223366156220436	0.0006714654737152159	0.0021321657113730907	0.001763162319548428	0.0015403712168335915
414	neutral	../syntropy_project/models/model1_0	../syntropy_project/models/model1_0	neutral	0.28725603222846985	0.01328363735228777	0.062439367175102234	0.28725603222846985	0.007529594469815493	0.22177793085575104	0.010579917579889297	0.046719033271074295	0.031356748193502426	0.006342670880258083	0.010650244541466236	0.016817251220345497	0.28524771332740784
251	disgust	../syntropy_project/models/model1_0	../syntropy_project/models/model1_0	sadness	0.7086935043334961	0.0031254843343049288	0.008204704150557518	0.014104217290878296	0.0013514446327462792	0.7086935043334961	0.023025622591376305	0.0255076102912426	0.0032016877084970474	0.022329257801175117	0.0037262679543346167	0.1345667541027069	0.05216333642601967
69	excitement	../syntropy_project/models/model1_0	../syntropy_project/models/model1_0	neutral	0.4417511522769928	0.12090302258729935	0.3390548825263977	0.4417511522769928	0.0016300242859870195	0.06695323437452316	0.0011828307760879397	0.0005530102644115686	0.01655680127441883	0.0008979761623777449	0.0023870652075856924	0.007436603773385286	0.0006932784453965724
131	anger	../syntropy_project/models/model1_0	../syntropy_project/models/model1_0	fear	0.516625702381134	0.007602741941809654	0.010447009466588497	0.04517178609967232	0.019886501133441925	0.11957395076751709	0.516625702381134	0.015535477548837662	0.0018834725487977266	0.010664748027920723	0.03063233382999897	0.2113909125328064	0.010585417971014977
300	joy	../syntropy_project/models/model1_0	../syntropy_project/models/model1_0	sadness	0.9273489117622375	0.005003706552088261	0.00969437975436449	0.040815144777297974	0.004809044301509857	0.9273489117622375	0.005685988813638687	0.0006498958682641387	0.0012711905874311924	0.0007710271165706217	0.0013071458088234067	0.002603360917419195	4.021359563921578e-05
746	embarrassment	../syntropy_project/models/model1_0	../syntropy_project/models/model1_0	sadness	0.39168646931648254	0.0024560345336794853	0.004391200840473175	0.25807663798332214	0.030324457213282585	0.39168646931648254	0.007909733802080154	0.005250472109764814	0.002562838140875101	0.11213564872741699	0.16485066711902618	0.007395206019282341	0.012960623018443584
326	nervousness	../syntropy_project/models/model1_0	../syntropy_project/models/model1_0	excitement	0.4685125946998596	0.4685125946998596	0.21240507066249847	0.2281448394060135	0.0065340339206159115	0.05176708847284317	0.002606744412332773	0.0022813393734395504	0.013421148993074894	0.0056139277294278145	0.006000105757266283	0.0024906606413424015	0.0002223536284873262
1244	excitement	../syntropy_project/models/model1_0	../syntropy_project/models/model1_0	joy	0.3621244430541992	0.1807052493095398	0.3621244430541992	0.23307707905769348	0.12035049498081207	0.04890922084450722	0.005040760617703199	0.0031214107293635607	0.026638444513082504	0.00457425694912672	0.01179630309343338	0.0033642330672591925	0.00029807427199557424
887	joy	../syntropy_project/models/model1_0	../syntropy_project/models/model1_0	sadness	0.4405788481235504	0.018016306683421135	0.22722379863262177	0.025440789759159088	0.008708951063454151	0.4405788481235504	0.00317008956335485	0.0010524975368753076	0.24573096632957458	0.013598261401057243	0.0015824168222025037	0.012692633084952831	0.0022044712677598
499	joy	../syntropy_project/models/model1_0	../syntropy_project/models/model1_0	excitement	0.4420190751552582	0.4420190751552582	0.3273320198059082	0.14245806634426117	0.07632680982351303	0.0021022004075348377	0.0006450557848438621	0.001129797426983714	0.00483363913372159	0.0014294737484306097	0.0015198048204183578	0.00011563034058781341	8.849856385495514e-05
741	neutral	../syntropy_project/models/model1_0	../syntropy_project/models/model1_0	neutral	0.6793434023857117	0.025424478575587273	0.0360555574297905	0.6793434023857117	0.07077205181121826	0.025198299437761307	0.010288084857165813	0.00870070792734623	0.003835433628410101	0.005489901639521122	0.13165564835071564	0.0017940077232196927	0.0014423816464841366
364	neutral	../syntropy_project/models/model1_0	../syntropy_project/models/model1_0	joy	0.7779709100723267	0.11733908951282501	0.7779709100723267	0.018946509808301926	0.0025621720124036074	0.014658528380095959	0.0012213523732498288	0.000467717822175473	0.01492339838296175	0.0017277534352615476	0.0038025749381631613	0.04589376226067543	0.00048633007099851966
495	joy	../syntropy_project/models/model1_0	../syntropy_project/models/model1_0	joy	0.6273210048675537	0.3341917097568512	0.6273210048675537	0.02105373702943325	0.003810590598732233	0.0011498447274789214	0.0001653140498092398	0.00029736757278442383	0.009529070928692818	0.00099795067217201	0.0011107147438451648	0.00033137702848762274	4.134439950576052e-05
1252	joy	../syntropy_project/models/model1_0	../syntropy_project/models/model1_0	anger	0.5227144956588745	0.009454725310206413	0.005140692926943302	0.045720331370830536	0.026083990931510925	0.0076064844615757465	0.003295449074357748	0.33811354637145996	0.004103486426174641	0.02480202540755272	0.006278828252106905	0.0066859545186161995	0.5227144956588745
338	neutral	../syntropy_project/models/model1_0	../syntropy_project/models/model1_0	joy	0.8084244728088379	0.030417699366807938	0.8084244728088379	0.02273942343890667	0.004118198063224554	0.010771512053906918	0.003930886276066303	0.0010344971669837832	0.052847325801849365	0.011195977218449116	0.009474994614720345	0.042402900755405426	0.002642144449055195
421	nervousness	../syntropy_project/models/model1_0	../syntropy_project/models/model1_0	joy	0.7072709202766418	0.22085028886795044	0.7072709202766418	0.044661179184913635	0.0011211917735636234	0.007332591339945793	0.00022757753322366625	0.0002488589962013066	0.0160024706274271	0.0005011432804167271	0.000778578280005604	0.0008417699718847871	0.00016340974252671003
164	excitement	../syntropy_project/models/model1_0	../syntropy_project/models/model1_0	joy	0.620366096496582	0.22802866995334625	0.620366096496582	0.04392342269420624	0.004434422589838505	0.048289693892002106	0.00101955933496356	0.0005806991830468178	0.020441655069589615	0.0022215715143829584	0.0016912263818085194	0.027660788968205452	0.0013421910116448998
28	confusion	../syntropy_project/models/model1_0	../syntropy_project/models/model1_0	surprise	0.7404170036315918	0.001310795429162681	0.001551913795992732	0.007800394669175148	0.7404170036315918	0.027788454666733742	0.03671025484800339	0.004713679663836956	0.00227518193423748	0.04184565320611	0.09783809632062912	0.03676743432879448	0.0009811535710468888
516	excitement	../syntropy_project/models/model1_0	../syntropy_project/models/model1_0	neutral	0.8899116516113281	0.003133100224658847	0.003067490877583623	0.8899116516113281	0.018485108390450478	0.019079023972153664	0.005342490971088409	0.0019039865583181381	0.001498428639024496	0.0031537956092506647	0.04894592985510826	0.0016146693378686905	0.0038642308209091425
193	pride	../syntropy_project/models/model1_0	../syntropy_project/models/model1_0	neutral	0.44962647557258606	0.08794370293617249	0.3488568961620331	0.44962647557258606	0.02342101000249386	0.026005322113633156	0.0033550423104315996	0.002470406237989664	0.022976065054535866	0.010810031555593014	0.020677171647548676	0.0025822885800153017	0.0012755629140883684
706	excitement	../syntropy_project/models/model1_0	../syntropy_project/models/model1_0	joy	0.8498488664627075	0.01848084107041359	0.8498488664627075	0.06233115866780281	0.000776425760705024	0.0206364206969738	0.0008097743848338723	0.0011368979467079043	0.024060683324933052	0.003821738064289093	0.011949397623538971	0.001793858828023076	0.004353923257440329
874	joy	../syntropy_project/models/model1_0	../syntropy_project/models/model1_0	joy	0.5892481803894043	0.1837090402841568	0.5892481803894043	0.10144442319869995	0.012852774932980537	0.0886063426733017	0.0022710824850946665	0.001145905931480229	0.00833395216614008	0.003818712430074811	0.003895481815561652	0.004307177383452654	0.00036692828871309757
169	neutral	../syntropy_project/models/model1_0	../syntropy_project/models/model1_0	joy	0.9558593034744263	0.015413647517561913	0.9558593034744263	0.005587619263678789	0.00018823097343556583	0.010574313811957836	0.0001601682888576761	0.0007746895425952971	0.005179485306143761	0.0008015910862013698	0.0004833719285670668	0.0007413211860693991	0.004236292093992233
1270	pride	../syntropy_project/models/model1_0	../syntropy_project/models/model1_0	surprise	0.9841285943984985	0.012243716977536678	0.000707044848240912	0.0023198190610855818	0.9841285943984985	7.595114584546536e-05	2.101642166962847e-05	9.915490227285773e-05	0.00011465886200312525	0.00013366197526920587	0.00013770574878435582	1.672803409746848e-05	1.947973942151293e-06
652	pride	../syntropy_project/models/model1_0	../syntropy_project/models/model1_0	pride	0.7977425456047058	0.006924353074282408	0.0015514142578467727	0.0012527824146673083	0.1469358205795288	0.0007332381792366505	0.0002370646980125457	0.0002522192953620106	0.7977425456047058	0.03972400724887848	0.001383961527608335	0.003056304296478629	0.00020624783064704388
173	excitement	../syntropy_project/models/model1_0	../syntropy_project/models/model1_0	neutral	0.669985294342041	0.1561223417520523	0.09394486993551254	0.669985294342041	0.009883378632366657	0.04040439426898956	0.005200840532779694	0.0034614058677107096	0.008329062722623348	0.0011997561668977141	0.006076318211853504	0.005107407458126545	0.0002849576703738421
518	pride	../syntropy_project/models/model1_0	../syntropy_project/models/model1_0	joy	0.9548470377922058	0.013060077093541622	0.9548470377922058	0.021141137927770615	0.00034459319431334734	0.0023985616862773895	0.00028551340801641345	0.00028884646599180996	0.005760837346315384	0.0004437591414898634	0.0008523299475200474	0.0003013567184098065	0.00027596901054494083
1034	joy	../syntropy_project/models/model1_0	../syntropy_project/models/model1_0	joy	0.6638607978820801	0.29335570335388184	0.6638607978820801	0.025715259835124016	0.00824272632598877	0.002083652187138796	0.00047745127812959254	0.0004573611367959529	0.004617479629814625	0.0006171564455144107	0.0004124938859604299	9.860871796263382e-05	6.137802847661078e-05
787	excitement	../syntropy_project/models/model1_0	../syntropy_project/models/model1_0	joy	0.6533722877502441	0.17998424172401428	0.6533722877502441	0.10120709240436554	0.018208017572760582	0.011145560070872307	0.0026256239507347345	0.0025185493286699057	0.020439207553863525	0.004841350484639406	0.0037037015426903963	0.0015541479224339128	0.00040012452518567443
491	pride	../syntropy_project/models/model1_0	../syntropy_project/models/model1_0	joy	0.6574782133102417	0.023811865597963333	0.6574782133102417	0.006876025814563036	0.002252513077110052	0.09352286905050278	0.0010269616032019258	0.0011674059787765145	0.19594092667102814	0.008929352276027203	0.003338002832606435	0.003670499427244067	0.001985386945307255
73	excitement	../syntropy_project/models/model1_0	../syntropy_project/models/model1_0	joy	0.7470992803573608	0.21294838190078735	0.7470992803573608	0.018179232254624367	0.0027560596354305744	0.008381057530641556	0.00031074378057383	0.00047353628906421363	0.006761725526303053	0.0006654727039858699	0.0007918662740848958	0.0015444045420736074	8.837349014356732e-05
1190	surprise	../syntropy_project/models/model1_0	../syntropy_project/models/model1_0	surprise	0.985646665096283	0.0082709277048707	0.001045571523718536	0.0025670980103313923	0.985646665096283	0.0004331292293500155	0.00017936680524144322	0.00022415784769691527	0.00022252333292271942	0.0004954556934535503	0.000773106818087399	0.00013769484939984977	4.289597200113349e-06
587	pride	../syntropy_project/models/model1_0	../syntropy_project/models/model1_0	sadness	0.7970535755157471	0.0007909341948106885	0.024872567504644394	0.06741074472665787	0.0013565417611971498	0.7970535755157471	0.01367975678294897	0.0013630687026306987	0.004530719947069883	0.019663473591208458	0.00789019837975502	0.06104825809597969	0.0003401285212021321
657	joy	../syntropy_project/models/model1_0	../syntropy_project/models/model1_0	joy	0.8365402817726135	0.09307314455509186	0.8365402817726135	0.03616023808717728	0.0003173307632096112	0.012845759280025959	0.0002943426661659032	0.0007879336480982602	0.008392423391342163	0.0011323672952130437	0.002111117821186781	0.0031541234347969294	0.005191019736230373
234	pride	../syntropy_project/models/model1_0	../syntropy_project/models/model1_0	pride	0.8549676537513733	0.034644607454538345	0.09871627390384674	0.0018114119302481413	0.00030776942730881274	0.0009782123379409313	0.00015742967661935836	0.00011151019134558737	0.8549676537513733	0.003691595746204257	0.0005324222729541361	0.0023583541624248028	0.0017227696953341365
214	pride	../syntropy_project/models/model1_0	../syntropy_project/models/model1_0	neutral	0.2731883227825165	0.18026229739189148	0.2709232270717621	0.2731883227825165	0.02383156307041645	0.19710300862789154	0.005778157617896795	0.004064286593347788	0.005696483422070742	0.0070020947605371475	0.008714430034160614	0.021421127021312714	0.0020150113850831985
162	surprise	../syntropy_project/models/model1_0	../syntropy_project/models/model1_0	joy	0.9713958501815796	0.01362330000847578	0.9713958501815796	0.005286837462335825	0.0007581788231618702	0.0009797243401408195	5.86755559197627e-05	6.588035466847941e-05	0.005517617799341679	0.0005155455437488854	0.0014199099969118834	0.0002036139485426247	0.00017494814528618008
132	joy	../syntropy_project/models/model1_0	../syntropy_project/models/model1_0	joy	0.8200668692588806	0.13572774827480316	0.8200668692588806	0.004707244224846363	0.002797665074467659	0.0035911323502659798	0.00022789310605730861	0.0005451057804748416	0.02951573021709919	0.0008374581811949611	0.0008797125774435699	0.0005290862172842026	0.0005744159570895135
978	anger	../syntropy_project/models/model1_0	../syntropy_project/models/model1_0	anger	0.8560885190963745	0.000462079857243225	0.0011465158313512802	0.00597742572426796	0.00011735787848010659	0.07540854811668396	0.0012055528350174427	0.010946962982416153	0.0012865043245255947	0.004865581169724464	0.001695582759566605	0.040799450129270554	0.8560885190963745
1069	neutral	../syntropy_project/models/model1_0	../syntropy_project/models/model1_0	excitement	0.2390713393688202	0.2390713393688202	0.17010869085788727	0.23092256486415863	0.025889389216899872	0.13531160354614258	0.012378877960145473	0.014095603488385677	0.016717996448278427	0.024652980268001556	0.042048174887895584	0.08470329642295837	0.0040994929149746895
1268	joy	../syntropy_project/models/model1_0	../syntropy_project/models/model1_0	joy	0.5357679724693298	0.18801099061965942	0.5357679724693298	0.2534509003162384	0.006424717605113983	0.004313003737479448	0.0007181637920439243	0.0006948382942937315	0.002727910876274109	0.0006407257169485092	0.006681856233626604	0.00035772903356701136	0.0002111885987687856
185	embarrassment	../syntropy_project/models/model1_0	../syntropy_project/models/model1_0	sadness	0.3062131106853485	0.010551820509135723	0.016831420361995697	0.07875768095254898	0.017947711050510406	0.3062131106853485	0.28625553846359253	0.05361570045351982	0.005245709791779518	0.04125763475894928	0.018261674791574478	0.1613178253173828	0.003744087414816022
41	neutral	../syntropy_project/models/model1_0	../syntropy_project/models/model1_0	joy	0.9085196256637573	0.008365382440388203	0.9085196256637573	0.00894769188016653	0.00021978661243338138	0.010397113859653473	0.00041077405330725014	0.000537856190931052	0.05681518465280533	0.0019160258816555142	0.0007400430622510612	0.0009844583692029119	0.002146062906831503
692	joy	../syntropy_project/models/model1_0	../syntropy_project/models/model1_0	joy	0.6550313234329224	0.07717324048280716	0.6550313234329224	0.2313206046819687	0.0014241439057514071	0.013940502889454365	0.0011049413587898016	0.0007373298285529017	0.0055699716322124004	0.00142975605558604	0.010114557109773159	0.0015032743103802204	0.0006503965705633163
108	pride	../syntropy_project/models/model1_0	../syntropy_project/models/model1_0	joy	0.3499913215637207	0.3214021921157837	0.3499913215637207	0.20986220240592957	0.011693636886775494	0.08823768049478531	0.0008797989576123655	0.0009320690878666937	0.01245183777064085	0.0012771649053320289	0.0011720425682142377	0.0013635536888614297	0.0007365465280599892
958	pride	../syntropy_project/models/model1_0	../syntropy_project/models/model1_0	joy	0.8464796543121338	0.03444352746009827	0.8464796543121338	0.0067353094927966595	0.0004953534225933254	0.03981709107756615	0.0012485702754929662	0.00014152134826872498	0.04309220239520073	0.0010906810639426112	0.0006368041504174471	0.025129597634077072	0.000689678534399718
568	fear	../syntropy_project/models/model1_0	../syntropy_project/models/model1_0	anger	0.6761637926101685	0.0032577766105532646	0.0031408113427460194	0.010462324135005474	0.0007664308068342507	0.07492659986019135	0.019923817366361618	0.0839286521077156	0.0016286094905808568	0.010970445349812508	0.0017675944836810231	0.11306319385766983	0.6761637926101685
724	pride	../syntropy_project/models/model1_0	../syntropy_project/models/model1_0	joy	0.9556551575660706	0.03192553296685219	0.9556551575660706	0.005983069073408842	0.000426797429099679	0.001678491709753871	9.938959556166083e-05	0.0001152726254076697	0.0029195991810411215	0.0004672661598306149	0.00045869473251514137	0.00016821549797896296	0.00010255287634208798
1077	excitement	../syntropy_project/models/model1_0	../syntropy_project/models/model1_0	neutral	0.6160459518432617	0.07131872326135635	0.16495081782341003	0.6160459518432617	0.04952162504196167	0.04951999709010124	0.0023900207597762346	0.004347376059740782	0.007071143016219139	0.013131971471011639	0.02044045552611351	0.0008480004034936428	0.0004139715456403792
1224	neutral	../syntropy_project/models/model1_0	../syntropy_project/models/model1_0	joy	0.6201122999191284	0.30495303869247437	0.6201122999191284	0.03276539966464043	0.01930750161409378	0.002541437977924943	0.0007319976575672626	0.0007417688611894846	0.015563156455755234	0.0010917806066572666	0.001462256070226431	0.000705277023371309	2.4070710423984565e-05
483	neutral	../syntropy_project/models/model1_0	../syntropy_project/models/model1_0	joy	0.9805023670196533	0.014667910523712635	0.9805023670196533	0.0013344456674531102	0.00011813538731075823	0.0006298412336036563	3.1516879971604794e-05	2.3659682483412325e-05	0.002038470236584544	0.00018104343325830996	0.00020044382836204022	0.0002481844858266413	2.3970716938492842e-05
468	joy	../syntropy_project/models/model1_0	../syntropy_project/models/model1_0	joy	0.7945125699043274	0.1914425641298294	0.7945125699043274	0.005810630973428488	0.00038274386315606534	0.0018873311346396804	5.376156696001999e-05	0.00016661682457197458	0.004422314465045929	0.00032849173294380307	0.00031815803959034383	0.0005741801578551531	0.00010066125105367973
24	joy	../syntropy_project/models/model1_0	../syntropy_project/models/model1_0	joy	0.8842424154281616	0.06279442459344864	0.8842424154281616	0.022049428895115852	0.0026134627405554056	0.003539782017469406	0.00031989038689062	0.00037058303132653236	0.017790792509913445	0.0016207477310672402	0.0018329242011532187	0.0023746711667627096	0.00045087479520589113
752	neutral	../syntropy_project/models/model1_0	../syntropy_project/models/model1_0	neutral	0.7698110938072205	0.1808285415172577	0.02398456633090973	0.7698110938072205	0.014511216431856155	0.005114557687193155	0.0005171243101358414	0.001178405829705298	0.00152477843221277	0.0005597277777269483	0.0014405430993065238	0.0005066590965725482	2.2789059585193172e-05
811	neutral	../syntropy_project/models/model1_0	../syntropy_project/models/model1_0	joy	0.9794549942016602	0.012437327764928341	0.9794549942016602	0.0025466433726251125	6.372154894052073e-05	0.0018925832118839025	2.567871706560254e-05	3.9062200812622905e-05	0.002901659347116947	0.00021781785471830517	0.0002220571623183787	0.00011298097524559125	8.546219760319218e-05
845	neutral	../syntropy_project/models/model1_0	../syntropy_project/models/model1_0	joy	0.9508188366889954	0.02176494151353836	0.9508188366889954	0.005928335711359978	0.0006348498282022774	0.011617174372076988	0.0002242790797026828	0.00026119776885025203	0.0061621577478945255	0.0006373801734298468	0.00051119364798069	0.0013601761311292648	7.940922660054639e-05
1075	neutral	../syntropy_project/models/model1_0	../syntropy_project/models/model1_0	neutral	0.37664979696273804	0.09164158254861832	0.3342084288597107	0.37664979696273804	0.05496872216463089	0.07818818837404251	0.009173889644443989	0.012471814639866352	0.016317056491971016	0.014166300185024738	0.010148684494197369	0.0011591151123866439	0.0009064697660505772
366	excitement	../syntropy_project/models/model1_0	../syntropy_project/models/model1_0	joy	0.9248750805854797	0.05357043072581291	0.9248750805854797	0.007136025931686163	0.004358451347798109	0.0015388897154480219	0.00016699702246114612	0.00017387181287631392	0.006461699493229389	0.00041662409785203636	0.0008692819974385202	0.0002529981720726937	0.00017960371042136103
947	neutral	../syntropy_project/models/model1_0	../syntropy_project/models/model1_0	sadness	0.33835339546203613	0.08909669518470764	0.33558496832847595	0.14767196774482727	0.001162508619017899	0.33835339546203613	0.005352039355784655	0.000680017052218318	0.04590487852692604	0.0022951550781726837	0.002560731954872608	0.027352770790457726	0.0039849430322647095
1118	pride	../syntropy_project/models/model1_0	../syntropy_project/models/model1_0	nervousness	0.9550303220748901	0.0029702051542699337	0.002286612754687667	0.002670495305210352	0.0009133899002335966	0.011049584485590458	0.012126072309911251	0.002101692371070385	0.002729101339355111	0.003457334591075778	0.0022492629941552877	0.9550303220748901	0.0024159091990441084
383	neutral	../syntropy_project/models/model1_0	../syntropy_project/models/model1_0	joy	0.9601567387580872	0.036551740020513535	0.9601567387580872	0.0010014529107138515	6.570216646650806e-05	0.00033657747553661466	1.4213723261491396e-05	1.8051525330520235e-05	0.0016258069081231952	7.034965528873727e-05	7.044727681204677e-05	6.02102154516615e-05	2.8715196094708517e-05
717	nervousness	../syntropy_project/models/model1_0	../syntropy_project/models/model1_0	nervousness	0.905036985874176	0.005626008380204439	0.004723064135760069	0.0055406661704182625	0.0006713425391353667	0.03893342614173889	0.019805315881967545	0.0023668596986681223	0.0020756316371262074	0.0035835818853229284	0.006053933408111334	0.905036985874176	0.005583272781223059
454	anger	../syntropy_project/models/model1_0	../syntropy_project/models/model1_0	nervousness	0.5345751047134399	0.0014911859761923552	0.0027688564732670784	0.019848709926009178	0.001991141587495804	0.09324592351913452	0.3189735412597656	0.0030362328980118036	0.001307403901591897	0.006874484941363335	0.013258147984743118	0.5345751047134399	0.0026292800903320312
264	excitement	../syntropy_project/models/model1_0	../syntropy_project/models/model1_0	neutral	0.3225555121898651	0.2012093961238861	0.290598601102829	0.3225555121898651	0.029846955090761185	0.04856731370091438	0.006752372719347477	0.00544858118519187	0.024619853124022484	0.0037352978251874447	0.013716243207454681	0.05274302884936333	0.00020683974435087293
963	neutral	../syntropy_project/models/model1_0	../syntropy_project/models/model1_0	joy	0.9488804340362549	0.041467100381851196	0.9488804340362549	0.0030402112752199173	0.00042529654456302524	0.001712281140498817	4.9184014642378315e-05	6.37575940345414e-05	0.003584222635254264	0.00023970019537955523	0.00020532190683297813	0.0002475217042956501	8.486669685225934e-05
232	excitement	../syntropy_project/models/model1_0	../syntropy_project/models/model1_0	joy	0.9885154366493225	0.006263243034482002	0.9885154366493225	0.0019321910804137588	0.00019920912745874375	0.0007055498426780105	3.2218984415521845e-05	7.140436355257407e-05	0.0016723641892895103	0.0001668311597313732	0.00036380955134518445	4.7552090109093115e-05	3.0308443456306122e-05
444	excitement	../syntropy_project/models/model1_0	../syntropy_project/models/model1_0	pride	0.9256609678268433	0.005495836492627859	0.043246496468782425	0.0002039287646766752	0.0009154443978331983	0.0008164689061231911	0.00019149662693962455	8.058492676354945e-05	0.9256609678268433	0.014468206092715263	0.0007506078109145164	0.004477354697883129	0.0036927645560353994
395	joy	../syntropy_project/models/model1_0	../syntropy_project/models/model1_0	sadness	0.6934289336204529	0.010229701176285744	0.016435490921139717	0.020973190665245056	0.002705720951780677	0.6934289336204529	0.00720715057104826	0.004729799926280975	0.0021788475569337606	0.005178684834390879	0.0043436381965875626	0.22939303517341614	0.0031957863830029964
834	excitement	../syntropy_project/models/model1_0	../syntropy_project/models/model1_0	excitement	0.35232725739479065	0.35232725739479065	0.2342240810394287	0.3448091149330139	0.0491379089653492	0.0024052674416452646	0.0010956279002130032	0.00035591970663517714	0.003877888200804591	0.001337423687800765	0.010222313925623894	8.216272544814274e-05	0.0001250460190931335
176	confusion	../syntropy_project/models/model1_0	../syntropy_project/models/model1_0	nervousness	0.7489333152770996	0.0024954930413514376	0.003182122251018882	0.010197133757174015	0.000548606738448143	0.20191596448421478	0.012254861183464527	0.003787838853895664	0.0014358913758769631	0.006909537129104137	0.001445324975065887	0.7489333152770996	0.006893928162753582
18	nervousness	../syntropy_project/models/model1_0	../syntropy_project/models/model1_0	neutral	0.5907671451568604	0.027214670553803444	0.03180034086108208	0.5907671451568604	0.015677914023399353	0.16942095756530762	0.011797766201198101	0.00385673507116735	0.00500241806730628	0.015960687771439552	0.10755370557308197	0.01917250081896782	0.0017751972191035748
1115	neutral	../syntropy_project/models/model1_0	../syntropy_project/models/model1_0	joy	0.8056348562240601	0.12744194269180298	0.8056348562240601	0.029641320928931236	0.0022890258114784956	0.012701672501862049	0.0007278905250132084	0.0002794977917801589	0.01302637904882431	0.0006839398411102593	0.0013180263340473175	0.005933500360697508	0.00032192713115364313
813	excitement	../syntropy_project/models/model1_0	../syntropy_project/models/model1_0	joy	0.9286303520202637	0.06253320723772049	0.9286303520202637	0.005148094147443771	0.0007297859992831945	0.0005403053946793079	9.747327567311004e-05	9.63316997513175e-05	0.0015417019603773952	0.0003019530849996954	0.000323911604937166	3.250164081691764e-05	2.4344186385860667e-05
918	pride	../syntropy_project/models/model1_0	../syntropy_project/models/model1_0	sadness	0.931194007396698	0.001937944209203124	0.009402469731867313	0.030191797763109207	0.0030611262191087008	0.931194007396698	0.0069998181425035	0.0032348500099033117	0.0011119282571598887	0.004137037787586451	0.0021726000122725964	0.005923309363424778	0.0006330747855827212
767	excitement	../syntropy_project/models/model1_0	../syntropy_project/models/model1_0	joy	0.7919740080833435	0.09770159423351288	0.7919740080833435	0.06791087985038757	0.008568745106458664	0.004184570163488388	0.0009850504575297236	0.002479143440723419	0.018399393185973167	0.004079750739037991	0.0023512598127126694	0.0011851805029436946	0.0001803919585654512
595	joy	../syntropy_project/models/model1_0	../syntropy_project/models/model1_0	joy	0.32359832525253296	0.03459674119949341	0.32359832525253296	0.06063183769583702	0.005415646824985743	0.2171291559934616	0.005549449473619461	0.004996460396796465	0.22906696796417236	0.03800742328166962	0.010381578467786312	0.05761332809925079	0.013013036921620369
61	neutral	../syntropy_project/models/model1_0	../syntropy_project/models/model1_0	joy	0.7808470726013184	0.08011958003044128	0.7808470726013184	0.1048460304737091	0.00654474226757884	0.006342749577015638	0.0008671305258758366	0.0011305734515190125	0.011179151013493538	0.0028692791238427162	0.0035063736140727997	0.0014300465118139982	0.0003172475553583354
272	pride	../syntropy_project/models/model1_0	../syntropy_project/models/model1_0	excitement	0.9656647443771362	0.9656647443771362	0.032798655331134796	0.0008161590085364878	0.00036553016980178654	7.430014375131577e-05	7.456501862179721e-06	1.0605863280943595e-05	0.00015065328625496477	1.3377540199144278e-05	4.3501710024429485e-05	4.535457992460579e-05	9.669107384979725e-06
1195	neutral	../syntropy_project/models/model1_0	../syntropy_project/models/model1_0	joy	0.7047742009162903	0.17448797821998596	0.7047742009162903	0.1015552505850792	0.003675497602671385	0.003167602466419339	0.0004586614668369293	0.0006421396974474192	0.006598152220249176	0.0013005823129788041	0.002923480235040188	0.00023386592511087656	0.00018253628513775766
278	joy	../syntropy_project/models/model1_0	../syntropy_project/models/model1_0	excitement	0.7021201848983765	0.7021201848983765	0.2620863616466522	0.01858741044998169	0.008675560355186462	0.0016329657519236207	0.0009192355792038143	0.00032988813472911716	0.0038114518392831087	0.0007234768709167838	0.0006119363242760301	0.00034989428240805864	0.00015166438242886215
949	pride	../syntropy_project/models/model1_0	../syntropy_project/models/model1_0	joy	0.38561245799064636	0.038892049342393875	0.38561245799064636	0.3848307728767395	0.005399119108915329	0.1377933919429779	0.0063408720307052135	0.0036738102789968252	0.011369544081389904	0.001678853528574109	0.004546843934804201	0.019375432282686234	0.0004868514370173216
694	pride	../syntropy_project/models/model1_0	../syntropy_project/models/model1_0	joy	0.6271411776542664	0.04818906635046005	0.6271411776542664	0.2546886205673218	0.0026671751402318478	0.00854444783180952	0.0018486701883375645	0.0022522681392729282	0.020282024517655373	0.0035560959950089455	0.026316149160265923	0.0030850907787680626	0.0014291494153439999
368	neutral	../syntropy_project/models/model1_0	../syntropy_project/models/model1_0	joy	0.9695780873298645	0.019529741257429123	0.9695780873298645	0.0014264736091718078	0.0001298858696827665	0.0022841007448732853	3.084456693613902e-05	5.879520176677033e-05	0.006079526152461767	0.00022218681988306344	0.00014785454550292343	0.00030281877843663096	0.000209737045224756
1004	joy	../syntropy_project/models/model1_0	../syntropy_project/models/model1_0	joy	0.5000892877578735	0.15064765512943268	0.5000892877578735	0.048871103674173355	0.01386232953518629	0.22407440841197968	0.005543982610106468	0.002884979359805584	0.012515567243099213	0.003270597429946065	0.009428909979760647	0.028229517862200737	0.0005816496559418738
735	neutral	../syntropy_project/models/model1_0	../syntropy_project/models/model1_0	joy	0.9521849751472473	0.03751923516392708	0.9521849751472473	0.005085967481136322	0.0001426668168278411	0.0005133796948939562	9.278205106966197e-05	0.0001333251129835844	0.0020525651052594185	0.0004989234730601311	0.0014523939462378621	0.00013474190200213343	0.00018909368372987956
923	surprise	../syntropy_project/models/model1_0	../syntropy_project/models/model1_0	joy	0.34712064266204834	0.11104612052440643	0.34712064266204834	0.14164374768733978	0.028479769825935364	0.21100367605686188	0.00920929480344057	0.0218915194272995	0.019362108781933784	0.012370522134006023	0.004999506287276745	0.07119593024253845	0.021677033975720406
971	surprise	../syntropy_project/models/model1_0	../syntropy_project/models/model1_0	neutral	0.4037122130393982	0.08649907261133194	0.38621556758880615	0.4037122130393982	0.07262741029262543	0.009264819324016571	0.0057198721915483475	0.008296998217701912	0.008381716907024384	0.0070891547948122025	0.011582393199205399	0.00042771256994456053	0.00018303537217434496
806	joy	../syntropy_project/models/model1_0	../syntropy_project/models/model1_0	joy	0.9269971251487732	0.05737945809960365	0.9269971251487732	0.007733763195574284	0.0010489033302292228	0.002951693953946233	8.025238639675081e-05	0.00011923009878955781	0.001559485332109034	0.0004566444258671254	0.001450086827389896	0.0001910260325530544	3.2433152227895334e-05
867	neutral	../syntropy_project/models/model1_0	../syntropy_project/models/model1_0	joy	0.765834391117096	0.1131117045879364	0.765834391117096	0.028766734525561333	0.0033500322606414557	0.05290521681308746	0.0014890388119965792	0.0005339426570571959	0.010809041559696198	0.0014762383652850986	0.0011402026284486055	0.019925232976675034	0.0006582053611055017
547	pride	../syntropy_project/models/model1_0	../syntropy_project/models/model1_0	pride	0.9539898037910461	0.003910635132342577	0.032641030848026276	0.0005664199707098305	0.00015804237045813352	0.0008739489712752402	9.221184882335365e-05	0.00010269135964335874	0.9539898037910461	0.0033386140130460262	9.34391500777565e-05	0.0030843892600387335	0.0011487645097076893
997	neutral	../syntropy_project/models/model1_0	../syntropy_project/models/model1_0	joy	0.9351829886436462	0.012974926270544529	0.9351829886436462	0.026430461555719376	0.0015430699568241835	0.016453826799988747	0.0006484941695816815	0.00040805578464642167	0.0030020589474588633	0.0004793167463503778	0.001417719991877675	0.0013013037387281656	0.0001578561932547018
688	excitement	../syntropy_project/models/model1_0	../syntropy_project/models/model1_0	excitement	0.988573431968689	0.988573431968689	0.003497553523629904	0.0033356989733874798	0.002313488395884633	0.0007081886869855225	8.513712964486331e-05	0.00019039709877688438	0.0005502040730789304	7.283963350346312e-05	0.00011849612201331183	0.0005019188392907381	5.264409992378205e-05
738	neutral	../syntropy_project/models/model1_0	../syntropy_project/models/model1_0	joy	0.5398104190826416	0.19988900423049927	0.5398104190826416	0.043194159865379333	0.01362981740385294	0.09516831487417221	0.0030897061806172132	0.0022180075757205486	0.014079838059842587	0.004287182353436947	0.0031629072036594152	0.07798168808221817	0.0034889215603470802
1018	pride	../syntropy_project/models/model1_0	../syntropy_project/models/model1_0	joy	0.516172468662262	0.08065039664506912	0.516172468662262	0.04668236896395683	0.0027648508548736572	0.02347377873957157	0.008653853088617325	0.00162515661213547	0.011456563137471676	0.002208267105743289	0.003217860823497176	0.3026651442050934	0.0004292652301955968
456	surprise	../syntropy_project/models/model1_0	../syntropy_project/models/model1_0	excitement	0.6546390056610107	0.6546390056610107	0.19484984874725342	0.12275975197553635	0.009964666329324245	0.004827093333005905	0.0009753529448062181	0.000843993853777647	0.006821979768574238	0.0011994277592748404	0.0012596086598932743	0.0015005521709099412	0.000358740275260061
393	excitement	../syntropy_project/models/model1_0	../syntropy_project/models/model1_0	joy	0.8532419204711914	0.07690756767988205	0.8532419204711914	0.0474727563560009	0.012323352508246899	0.0011261001927778125	0.000378904165700078	0.0009907479397952557	0.0034704923164099455	0.0013073571026325226	0.0027173962444067	5.228261579759419e-05	1.1062546946050134e-05
675	excitement	../syntropy_project/models/model1_0	../syntropy_project/models/model1_0	neutral	0.6545506119728088	0.08056149631738663	0.16407518088817596	0.6545506119728088	0.07704012095928192	0.012922801077365875	0.0013375888811424375	0.003547482192516327	0.00421882001683116	0.0007507356349378824	0.0007939700153656304	0.0001736333651933819	2.7526786652742885e-05
760	pride	../syntropy_project/models/model1_0	../syntropy_project/models/model1_0	joy	0.6866163015365601	0.2596026062965393	0.6866163015365601	0.017768826335668564	0.00454091327264905	0.003736090613529086	0.00044030556455254555	0.00028860801830887794	0.02050047554075718	0.0012146575609222054	0.0013863162603229284	0.003595756832510233	0.00030909955967217684
1253	pride	../syntropy_project/models/model1_0	../syntropy_project/models/model1_0	sadness	0.8039492964744568	0.007252128794789314	0.05511358380317688	0.08106253296136856	0.009843860752880573	0.8039492964744568	0.008395220153033733	0.0031810617074370384	0.009080713614821434	0.0037594998721033335	0.006329437717795372	0.008834744803607464	0.003197880694642663
728	joy	../syntropy_project/models/model1_0	../syntropy_project/models/model1_0	joy	0.9818853735923767	0.0065413787961006165	0.9818853735923767	0.002138416050001979	0.00015193481522146612	0.0011175302788615227	2.6327512387069874e-05	4.840879046241753e-05	0.007191126234829426	0.00040058649028651416	0.0003292155743110925	0.0001026350655592978	6.7110187956132e-05
419	pride	../syntropy_project/models/model1_0	../syntropy_project/models/model1_0	excitement	0.49663230776786804	0.49663230776786804	0.46815717220306396	0.020582685247063637	0.0011781265493482351	0.004492579493671656	0.0004701640864368528	0.00016562381642870605	0.005628627259284258	0.0004958052304573357	0.0007117365603335202	0.0011731978738680482	0.00031186718842945993
375	neutral	../syntropy_project/models/model1_0	../syntropy_project/models/model1_0	joy	0.4985095262527466	0.057817716151475906	0.4985095262527466	0.1965896338224411	0.04760867729783058	0.10294581949710846	0.018236840143799782	0.015913723036646843	0.012869032099843025	0.016855215653777122	0.01793295331299305	0.012868153862655163	0.001852723304182291
412	joy	../syntropy_project/models/model1_0	../syntropy_project/models/model1_0	joy	0.5954858660697937	0.08155451714992523	0.5954858660697937	0.15475979447364807	0.0037841054145246744	0.07701092958450317	0.00134797184728086	0.0019131710287183523	0.07596542686223984	0.0018415349768474698	0.0014639032306149602	0.002100146608427167	0.002772602019831538
74	sadness	../syntropy_project/models/model1_0	../syntropy_project/models/model1_0	disgust	0.34403902292251587	0.0022803691681474447	0.007896510884165764	0.1128978580236435	0.001542018842883408	0.1400165557861328	0.0762525275349617	0.34403902292251587	0.006642654538154602	0.2307395488023758	0.007224102970212698	0.03993923217058182	0.030529513955116272
1191	neutral	../syntropy_project/models/model1_0	../syntropy_project/models/model1_0	joy	0.9935745596885681	0.003915327601134777	0.9935745596885681	0.0007054412271827459	9.715865598991513e-05	0.0004127146094106138	1.586653888807632e-05	3.3846063161036e-05	0.0009079652954824269	0.0001023338409140706	0.00018458743579685688	3.452487726463005e-05	1.5718806025688536e-05
1242	neutral	../syntropy_project/models/model1_0	../syntropy_project/models/model1_0	joy	0.9159939885139465	0.04281726852059364	0.9159939885139465	0.003965808544307947	0.00036400376120582223	0.006572197191417217	0.00012622401118278503	0.00023040315136313438	0.026901649311184883	0.001010820735245943	0.0004779018054250628	0.0008443564875051379	0.0006953824777156115
500	pride	../syntropy_project/models/model1_0	../syntropy_project/models/model1_0	sadness	0.2959231436252594	0.20150554180145264	0.17714634537696838	0.26908305287361145	0.027381164953112602	0.2959231436252594	0.0022182276006788015	0.0033665422815829515	0.017905645072460175	0.0022976913023740053	0.002057236386463046	0.0006945046479813755	0.000420907890656963
903	joy	../syntropy_project/models/model1_0	../syntropy_project/models/model1_0	joy	0.9695073962211609	0.022572612389922142	0.9695073962211609	0.005308784544467926	6.861542351543903e-05	0.000518839166034013	2.267144009238109e-05	5.0189588364446536e-05	0.0011913980124518275	0.00023861319641582668	0.0004168909799773246	5.373066233005375e-05	5.0239388656336814e-05
616	pride	../syntropy_project/models/model1_0	../syntropy_project/models/model1_0	neutral	0.4865705370903015	0.2178063541650772	0.11025841534137726	0.4865705370903015	0.16404446959495544	0.006012368947267532	0.002044064924120903	0.005704727955162525	0.0036973932292312384	0.00166711478959769	0.0020839055068790913	7.628208550158888e-05	3.430645301705226e-05
114	joy	../syntropy_project/models/model1_0	../syntropy_project/models/model1_0	joy	0.9754645824432373	0.012236817739903927	0.9754645824432373	0.009997358545660973	0.00017345312517136335	0.0006402147701010108	1.7418422430637293e-05	5.010073073208332e-05	0.0009642256191000342	0.00012851560313720256	0.00030400717514567077	4.794298547494691e-06	1.864073237811681e-05
417	pride	../syntropy_project/models/model1_0	../syntropy_project/models/model1_0	neutral	0.590796947479248	0.061488114297389984	0.19075044989585876	0.590796947479248	0.014949837699532509	0.10506816953420639	0.004418151918798685	0.008290326222777367	0.010757027193903923	0.0008710765978321433	0.0033403276465833187	0.0018157166196033359	0.007453929167240858
601	neutral	../syntropy_project/models/model1_0	../syntropy_project/models/model1_0	sadness	0.34622055292129517	0.07595968246459961	0.27013087272644043	0.16898444294929504	0.04665396362543106	0.34622055292129517	0.018589256331324577	0.006082620471715927	0.004605743568390608	0.010612709447741508	0.011589111760258675	0.04027450829744339	0.0002965570311062038
604	joy	../syntropy_project/models/model1_0	../syntropy_project/models/model1_0	neutral	0.3873107135295868	0.17228356003761292	0.1757948398590088	0.3873107135295868	0.08253781497478485	0.08568409830331802	0.01203062292188406	0.04572998732328415	0.005711646750569344	0.021851276978850365	0.006825815886259079	0.0033745896071195602	0.0008649768424220383
940	excitement	../syntropy_project/models/model1_0	../syntropy_project/models/model1_0	joy	0.39716753363609314	0.3965136408805847	0.39716753363609314	0.06990115344524384	0.0432283915579319	0.01866472139954567	0.0056046731770038605	0.00896707084029913	0.02019147202372551	0.006534832064062357	0.003474482800811529	0.008332927711308002	0.021419135853648186
89	pride	../syntropy_project/models/model1_0	../syntropy_project/models/model1_0	joy	0.9856241941452026	0.008443609811365604	0.9856241941452026	0.001572083798237145	0.0001813530980143696	0.001927090692333877	2.5373767130076885e-05	6.037391722202301e-05	0.001737769227474928	0.00011970018385909498	0.00016489349945914	0.00011221747990930453	3.138724059681408e-05
1169	nervousness	../syntropy_project/models/model1_0	../syntropy_project/models/model1_0	fear	0.9799941778182983	4.6287241275422275e-05	0.00047920181532390416	0.00332972826436162	0.0007641351548954844	0.0032857412006706	0.9799941778182983	0.000609624374192208	0.00042536103865131736	0.00330842612311244	0.0030191766563802958	0.004665345884859562	7.280804129550233e-05
1218	joy	../syntropy_project/models/model1_0	../syntropy_project/models/model1_0	joy	0.9080575704574585	0.08183499425649643	0.9080575704574585	0.004955946933478117	0.00023496021458413452	0.0009424275485798717	4.551259917207062e-05	4.834503124584444e-05	0.0025037196464836597	0.0004457133181858808	0.000633674266282469	0.0001399462198605761	0.00015724256809335202
753	sadness	../syntropy_project/models/model1_0	../syntropy_project/models/model1_0	sadness	0.9003677368164062	0.0018393067875877023	0.00567268393933773	0.03100491873919964	0.0029447143897414207	0.9003677368164062	0.02191123552620411	0.002192482817918062	0.0010785727063193917	0.0024150290992110968	0.003852296154946089	0.02563614398241043	0.0010849209502339363
498	disgust	../syntropy_project/models/model1_0	../syntropy_project/models/model1_0	sadness	0.9452208876609802	0.000684500380884856	0.004867785610258579	0.013602210208773613	0.0009938846342265606	0.9452208876609802	0.0029250336810946465	0.0029789896216243505	0.0007815458229742944	0.014442771673202515	0.005100884474813938	0.007635982241481543	0.0007656490779481828
1206	joy	../syntropy_project/models/model1_0	../syntropy_project/models/model1_0	joy	0.6888561248779297	0.2604505121707916	0.6888561248779297	0.0247100368142128	0.018254833295941353	0.001536065712571144	0.0005199226434342563	0.0006878573913127184	0.0029681408777832985	0.0010956096230074763	0.0007979856454767287	5.086330929771066e-05	7.204020221251994e-05
1000	neutral	../syntropy_project/models/model1_0	../syntropy_project/models/model1_0	excitement	0.6355521082878113	0.6355521082878113	0.09972262382507324	0.23404353857040405	0.015610299073159695	0.002759812865406275	0.0013989253202453256	0.0009384589502587914	0.00465397397056222	0.0008317389874719083	0.0029865617398172617	0.0003813744115177542	0.0011206049239262938
998	joy	../syntropy_project/models/model1_0	../syntropy_project/models/model1_0	joy	0.953484058380127	0.033266451209783554	0.953484058380127	0.0043329535983502865	0.00013518441119231284	0.0031694609206169844	7.670753257116303e-05	0.00015506744966842234	0.0038205755408853292	0.000328531808918342	0.0002227683726232499	0.0007359199225902557	0.00027220742776989937
11	joy	../syntropy_project/models/model1_0	../syntropy_project/models/model1_0	joy	0.8389905095100403	0.14498253166675568	0.8389905095100403	0.0031401747837662697	0.0009131233673542738	0.0018845100421458483	3.981872941949405e-05	7.718760753050447e-05	0.009449240751564503	0.0002313823497388512	0.00011104854638688266	9.466300980420783e-05	8.583081216784194e-05
396	nervousness	../syntropy_project/models/model1_0	../syntropy_project/models/model1_0	neutral	0.42743736505508423	0.14024588465690613	0.3268086314201355	0.42743736505508423	0.009861026890575886	0.05820263549685478	0.00464982632547617	0.0031140295322984457	0.00922895036637783	0.0012041934533044696	0.004174563568085432	0.014668296091258526	0.0004046115791425109
847	excitement	../syntropy_project/models/model1_0	../syntropy_project/models/model1_0	joy	0.47350558638572693	0.47225144505500793	0.47350558638572693	0.028552474454045296	0.017689503729343414	0.0008535233209840953	0.00030366642749868333	0.0007273197988979518	0.004492007661610842	0.0007464923546649516	0.0006289166049100459	0.00015972928667906672	8.924524445319548e-05
555	excitement	../syntropy_project/models/model1_0	../syntropy_project/models/model1_0	joy	0.7195103764533997	0.22835208475589752	0.7195103764533997	0.028400911018252373	0.001915263244882226	0.004491077736020088	0.0005475073703564703	0.0005818374920636415	0.011976179666817188	0.0011788323754444718	0.0014817172195762396	0.0007060823263600469	0.000858261133544147
42	surprise	../syntropy_project/models/model1_0	../syntropy_project/models/model1_0	neutral	0.6173558235168457	0.0393773578107357	0.039059270173311234	0.6173558235168457	0.023914286866784096	0.20753765106201172	0.025146106258034706	0.00237826444208622	0.00173309282399714	0.0021906080655753613	0.008135669864714146	0.03211214020848274	0.0010596286738291383
167	anger	../syntropy_project/models/model1_0	../syntropy_project/models/model1_0	surprise	0.5542969107627869	0.01578906737267971	0.007368173450231552	0.06661469489336014	0.5542969107627869	0.07713069766759872	0.0032436929177492857	0.10147049278020859	0.0018872752552852035	0.1098097637295723	0.04810784012079239	0.013367753475904465	0.0009135872242040932
416	joy	../syntropy_project/models/model1_0	../syntropy_project/models/model1_0	joy	0.9697377681732178	0.018676498904824257	0.9697377681732178	0.002333624055609107	0.0003183650551363826	0.0012466533808037639	1.9909981347154826e-05	5.9747697378043085e-05	0.0070384652353823185	0.00022468627139460295	0.00019513450388330966	0.000118613475933671	3.059802475036122e-05
576	neutral	../syntropy_project/models/model1_0	../syntropy_project/models/model1_0	joy	0.9208559393882751	0.016434378921985626	0.9208559393882751	0.02377360314130783	0.0030422965064644814	0.005722174886614084	0.00017636147094890475	0.00039488932816311717	0.027533819898962975	0.0011760549386963248	0.0006873583770357072	0.00016024956130422652	4.2877873056568205e-05
267	joy	../syntropy_project/models/model1_0	../syntropy_project/models/model1_0	excitement	0.9831448793411255	0.9831448793411255	0.012632946483790874	0.0020745887886732817	0.0003295475908089429	0.00020022736862301826	5.6937373301479965e-05	3.693688995554112e-05	0.0006875291583128273	4.7319383156718686e-05	8.22408837848343e-05	0.00063223548932001	7.464268855983391e-05
910	joy	../syntropy_project/models/model1_0	../syntropy_project/models/model1_0	joy	0.7695366144180298	0.0408211313188076	0.7695366144180298	0.07798126339912415	0.0029368530958890915	0.05121281370520592	0.0010989891598001122	0.002548599150031805	0.027080146595835686	0.010250130668282509	0.0062314243987202644	0.0053541045635938644	0.0049480292946100235
426	excitement	../syntropy_project/models/model1_0	../syntropy_project/models/model1_0	pride	0.9970191717147827	0.000432208034908399	0.0004806900687981397	2.0149363990640268e-05	8.947278547566384e-05	1.568291372677777e-05	2.244764800707344e-05	4.90403690491803e-05	0.9970191717147827	0.001380256493575871	2.1277664927765727e-05	0.00024367865989916027	0.00022593748872168362
690	neutral	../syntropy_project/models/model1_0	../syntropy_project/models/model1_0	joy	0.9106036424636841	0.07585597038269043	0.9106036424636841	0.00820175837725401	0.00014963580179028213	0.0012592105194926262	3.6776466004084796e-05	0.00010226983431493863	0.0027130551170557737	0.00028762544388882816	0.0004838236782234162	0.00020239388686604798	0.00010397560254205018
544	pride	../syntropy_project/models/model1_0	../syntropy_project/models/model1_0	joy	0.9061651825904846	0.05524766072630882	0.9061651825904846	0.024030573666095734	0.0017828880809247494	0.003937598783522844	0.0002171011146856472	0.00035786349326372147	0.004428558517247438	0.0010168574517592788	0.0023922829423099756	0.0001124632399296388	0.00031109424890019
1192	neutral	../syntropy_project/models/model1_0	../syntropy_project/models/model1_0	joy	0.7299849987030029	0.11329088360071182	0.7299849987030029	0.11029651015996933	0.0032248746138066053	0.026237400248646736	0.0009328022715635598	0.0011722634080797434	0.003980280365794897	0.0012318867957219481	0.0028293083887547255	0.006414114031940699	0.00040464766789227724
674	excitement	../syntropy_project/models/model1_0	../syntropy_project/models/model1_0	joy	0.7518630623817444	0.14271579682826996	0.7518630623817444	0.026075320318341255	0.004279925022274256	0.03325045108795166	0.0017301508923992515	0.0011060436954721808	0.009412899613380432	0.0026883836835622787	0.002730573760345578	0.023598553612828255	0.0005488569149747491
689	joy	../syntropy_project/models/model1_0	../syntropy_project/models/model1_0	joy	0.6148459315299988	0.22642405331134796	0.6148459315299988	0.09238424897193909	0.04491842910647392	0.0018958286382257938	0.0014998633414506912	0.004722379148006439	0.0069319382309913635	0.003915873356163502	0.0021327370777726173	0.00015568090020678937	0.00017301665502600372
1120	surprise	../syntropy_project/models/model1_0	../syntropy_project/models/model1_0	surprise	0.9923386573791504	0.004433454480022192	0.00037895856075920165	0.001861623371951282	0.9923386573791504	0.00015987422375474125	4.217999230604619e-05	0.00011137733963551	0.00019122690719086677	0.00025859035667963326	0.0002151118969777599	8.466068720736075e-06	4.990968704987608e-07
1246	excitement	../syntropy_project/models/model1_0	../syntropy_project/models/model1_0	sadness	0.7381114363670349	0.000616284494753927	0.004405451938509941	0.014792359434068203	0.0006434399401769042	0.7381114363670349	0.006482360884547234	0.005973644554615021	0.005044692195951939	0.16459964215755463	0.00972545612603426	0.04448171332478523	0.005123628303408623
159	joy	../syntropy_project/models/model1_0	../syntropy_project/models/model1_0	joy	0.6253186464309692	0.1056714653968811	0.6253186464309692	0.23321177065372467	0.006409216206520796	0.009759224951267242	0.000592525233514607	0.00044189250911585987	0.012527436017990112	0.0007349074585363269	0.004906914196908474	0.00035745176137425005	6.858650885988027e-05
1001	joy	../syntropy_project/models/model1_0	../syntropy_project/models/model1_0	excitement	0.4921175241470337	0.4921175241470337	0.08158504962921143	0.04002107307314873	0.3247250020503998	0.0031592652667313814	0.0039170850068330765	0.00762570695951581	0.00959224347025156	0.003181045176461339	0.005643454380333424	0.003630740800872445	0.0248017106205225
257	excitement	../syntropy_project/models/model1_0	../syntropy_project/models/model1_0	joy	0.9832136631011963	0.0127246780321002	0.9832136631011963	0.0008399625075981021	0.00010533686145208776	0.00046737425145693123	3.7305097066564485e-05	1.5464809621335007e-05	0.0022280479315668344	0.00011586955952225253	0.00016917158791329712	5.9206009609624743e-05	2.398324795649387e-05
1221	pride	../syntropy_project/models/model1_0	../syntropy_project/models/model1_0	joy	0.9855653643608093	0.005237821489572525	0.9855653643608093	0.0030557054560631514	0.00030578611767850816	0.0010220763506367803	5.343489465303719e-05	0.0001428493851562962	0.0035337074659764767	0.0005147926858626306	0.0003877441049553454	0.00010363110050093383	7.712675142101943e-05
335	neutral	../syntropy_project/models/model1_0	../syntropy_project/models/model1_0	joy	0.9453021287918091	0.039825331419706345	0.9453021287918091	0.005677552428096533	0.0003608601400628686	0.004606255330145359	0.00010124390973942354	8.948182221502066e-05	0.0029353746213018894	0.00032480619847774506	0.00038335632416419685	0.00030583044281229377	8.78482242114842e-05
976	joy	../syntropy_project/models/model1_0	../syntropy_project/models/model1_0	joy	0.32227665185928345	0.059911057353019714	0.32227665185928345	0.26278194785118103	0.04777615889906883	0.22723416984081268	0.008662832900881767	0.003113066079095006	0.025499098002910614	0.003909648861736059	0.01843164674937725	0.018918177112936974	0.0014855962945148349
15	pride	../syntropy_project/models/model1_0	../syntropy_project/models/model1_0	joy	0.9387474060058594	0.04710922762751579	0.9387474060058594	0.005194350145757198	0.0004675209056586027	0.0018319429364055395	5.767966649727896e-05	7.891782297519967e-05	0.005763636901974678	0.00023586698807775974	0.00018856262613553554	0.0002365818218095228	8.830810838844627e-05
1144	joy	../syntropy_project/models/model1_0	../syntropy_project/models/model1_0	joy	0.9333649277687073	0.059276171028614044	0.9333649277687073	0.0025079911574721336	0.0003670266305562109	0.001069945516064763	3.756331352633424e-05	6.32130540907383e-05	0.0025690440088510513	0.00024496507830917835	0.00022594329493585974	0.00023635201796423644	3.6895766243105754e-05
324	excitement	../syntropy_project/models/model1_0	../syntropy_project/models/model1_0	excitement	0.9846825003623962	0.9846825003623962	0.01355474442243576	0.0008062486303970218	0.00039825282874517143	0.00011795841419370845	9.888412023428828e-06	8.2981796367676e-06	0.0002645079221110791	1.3402198419498745e-05	4.360850653029047e-05	8.996201358968392e-05	1.0617178304528352e-05
768	surprise	../syntropy_project/models/model1_0	../syntropy_project/models/model1_0	joy	0.633253812789917	0.011194930411875248	0.633253812789917	0.003952983301132917	0.0014097391394898295	0.004967139568179846	0.00038366077933460474	0.00028446377837099135	0.3365916311740875	0.004564759321510792	0.0007348731742240489	0.0018288663122802973	0.0008330861455760896
607	pride	../syntropy_project/models/model1_0	../syntropy_project/models/model1_0	joy	0.3529629409313202	0.34866926074028015	0.3529629409313202	0.19575555622577667	0.03589692711830139	0.02325591817498207	0.002367401495575905	0.0057918597012758255	0.014538684859871864	0.005309164524078369	0.007733571343123913	0.0066930935718119144	0.001025557634420693
1119	excitement	../syntropy_project/models/model1_0	../syntropy_project/models/model1_0	excitement	0.3694353997707367	0.3694353997707367	0.3373037278652191	0.18096551299095154	0.04517801105976105	0.022283239290118217	0.004723550286144018	0.002479254500940442	0.027541153132915497	0.003180213738232851	0.003513218369334936	0.0016991359880194068	0.0016976279439404607
888	excitement	../syntropy_project/models/model1_0	../syntropy_project/models/model1_0	excitement	0.7896587252616882	0.7896587252616882	0.16187156736850739	0.026063039898872375	0.005525914020836353	0.0009810333140194416	0.0001308797363890335	0.00013974550529383123	0.014194071292877197	0.000620896287728101	0.0004252790822647512	0.0002875360078178346	0.00010120558727066964
1023	neutral	../syntropy_project/models/model1_0	../syntropy_project/models/model1_0	excitement	0.5251688361167908	0.5251688361167908	0.3616911470890045	0.060285087674856186	0.013728111982345581	0.02556747943162918	0.001082104630768299	0.0004347146023064852	0.004967821761965752	0.0007813595002517104	0.0027962434105575085	0.003220832673832774	0.0002762950607575476
222	fear	../syntropy_project/models/model1_0	../syntropy_project/models/model1_0	nervousness	0.973491907119751	0.0023115132935345173	0.0010032906429842114	0.002100279787555337	0.0005517298704944551	0.007027727086097002	0.010832320898771286	0.00013851869152858853	0.00038939848309382796	0.0004702535516116768	0.0010331020457670093	0.973491907119751	0.0006499801529571414
179	joy	../syntropy_project/models/model1_0	../syntropy_project/models/model1_0	joy	0.9833932518959045	0.013045525178313255	0.9833932518959045	0.0014026263961568475	4.92793733428698e-05	0.0005609228974208236	2.0191180738038383e-05	3.1459789170185104e-05	0.0011493596248328686	0.00011403455573599786	0.00014317261229734868	4.794310007127933e-05	4.223135329084471e-05
868	excitement	../syntropy_project/models/model1_0	../syntropy_project/models/model1_0	excitement	0.7843621373176575	0.7843621373176575	0.20270591974258423	0.006837204564362764	0.0037904023192822933	0.00027610670076683164	9.457800479140133e-05	8.681590406922624e-05	0.0016197434160858393	0.00011662152246572077	6.641611980739981e-05	2.959139055747073e-05	1.4470294445345644e-05
99	disgust	../syntropy_project/models/model1_0	../syntropy_project/models/model1_0	sadness	0.27528902888298035	0.005009757820516825	0.05425921827554703	0.23489393293857574	0.0033003443386405706	0.27528902888298035	0.030948949977755547	0.08123327791690826	0.01388747151941061	0.07903137058019638	0.048752956092357635	0.11995270848274231	0.05344097316265106
757	joy	../syntropy_project/models/model1_0	../syntropy_project/models/model1_0	joy	0.9556862115859985	0.027720008045434952	0.9556862115859985	0.0043185679242014885	0.0002320333442185074	0.003428056603297591	3.132987694698386e-05	5.0548409490147606e-05	0.007900340482592583	0.000241448447923176	0.00014923176786396652	0.0001682652218732983	7.39785100449808e-05
521	neutral	../syntropy_project/models/model1_0	../syntropy_project/models/model1_0	joy	0.9439553618431091	0.0030944847967475653	0.9439553618431091	0.005680528469383717	0.0009243232198059559	0.013403529301285744	0.0003933106199838221	0.0003088325902353972	0.02716134861111641	0.0020899679511785507	0.0008466799627058208	0.002000465290620923	0.00014126340101938695
761	confusion	../syntropy_project/models/model1_0	../syntropy_project/models/model1_0	neutral	0.49999746680259705	0.004174085799604654	0.032207731157541275	0.49999746680259705	0.027005022391676903	0.23007243871688843	0.029358072206377983	0.01150581892579794	0.004319989122450352	0.02175171673297882	0.10996048152446747	0.02749623730778694	0.002150982851162553
22	surprise	../syntropy_project/models/model1_0	../syntropy_project/models/model1_0	sadness	0.386199027299881	0.00204867054708302	0.008396834135055542	0.039422549307346344	0.0008758141775615513	0.386199027299881	0.01675604097545147	0.0773225873708725	0.004739544354379177	0.1045108288526535	0.011871477589011192	0.06937635689973831	0.27848029136657715
356	neutral	../syntropy_project/models/model1_0	../syntropy_project/models/model1_0	joy	0.9313586354255676	0.05084523558616638	0.9313586354255676	0.004131692927330732	0.00043275722418911755	0.0029762035701423883	0.00013384259364102036	0.00014112659846432507	0.005136934109032154	0.0005877984222024679	0.0005134396487846971	0.0036550508812069893	8.727104432182387e-05
733	confusion	../syntropy_project/models/model1_0	../syntropy_project/models/model1_0	nervousness	0.7171757221221924	0.003903330536559224	0.0058797309175133705	0.030109554529190063	0.006304767448455095	0.126691535115242	0.07084821164608002	0.0026357495225965977	0.0012840008130297065	0.003836181713268161	0.02911807969212532	0.7171757221221924	0.002213079249486327
1055	excitement	../syntropy_project/models/model1_0	../syntropy_project/models/model1_0	pride	0.6393611431121826	0.014718341641128063	0.3368472158908844	0.0010238103568553925	0.000491117185447365	0.0016622442053630948	0.00016253891226369888	0.00013322076119948179	0.6393611431121826	0.004346783272922039	0.00021267270494718105	0.0006475455593317747	0.0003932616673409939
1178	neutral	../syntropy_project/models/model1_0	../syntropy_project/models/model1_0	joy	0.9378914833068848	0.02690877579152584	0.9378914833068848	0.0031380432192236185	0.0003611099091358483	0.00842114444822073	0.00025127004482783377	0.00022269062174018472	0.014181183651089668	0.0014867804711684585	0.0009001303697004914	0.00591648044064641	0.00032092444598674774
611	joy	../syntropy_project/models/model1_0	../syntropy_project/models/model1_0	joy	0.7213476300239563	0.21272459626197815	0.7213476300239563	0.052677854895591736	0.002351318020373583	0.0019327126210555434	0.0006165249506011605	0.0004964695544913411	0.004514554515480995	0.001201049191877246	0.00160032173153013	0.0003178596089128405	0.00021915303659625351
1245	joy	../syntropy_project/models/model1_0	../syntropy_project/models/model1_0	joy	0.5371302366256714	0.07574425637722015	0.5371302366256714	0.31649523973464966	0.0032413627486675978	0.028912268579006195	0.0033764694817364216	0.005173201207071543	0.014402264729142189	0.0037505575455725193	0.004488365724682808	0.0018452989170327783	0.005440556909888983
340	excitement	../syntropy_project/models/model1_0	../syntropy_project/models/model1_0	joy	0.5833643078804016	0.37154361605644226	0.5833643078804016	0.012411663308739662	0.01618272066116333	0.000902552274055779	0.00015683819947298616	0.0003477308782748878	0.012687762267887592	0.000599705905187875	0.00047675854875706136	0.0012696421472355723	5.6686141761019826e-05
431	neutral	../syntropy_project/models/model1_0	../syntropy_project/models/model1_0	pride	0.9969717860221863	0.00029364231158979237	0.0006980335456319153	3.9649385144002736e-05	4.078310666955076e-05	6.933286931598559e-05	2.170759762520902e-05	2.6596730094752274e-05	0.9969717860221863	0.0013040268095210195	8.306462405016646e-06	0.00033396552316844463	0.00019220507238060236
879	excitement	../syntropy_project/models/model1_0	../syntropy_project/models/model1_0	joy	0.9585162997245789	0.03018989786505699	0.9585162997245789	0.0046146465465426445	0.002405915642157197	0.0005882750847376883	7.907097460702062e-05	8.978237019618973e-05	0.002595873549580574	0.00021430637571029365	0.0006426709005609155	3.4881977626355365e-05	2.8438606022973545e-05
217	pride	../syntropy_project/models/model1_0	../syntropy_project/models/model1_0	joy	0.9769940972328186	0.017414290457963943	0.9769940972328186	0.0016494877636432648	0.00014429718430619687	0.0010076488833874464	1.2126828551117796e-05	2.6755069484352134e-05	0.002561128931120038	9.182484791381285e-05	4.858718239120208e-05	3.365105658303946e-05	1.6066449461504817e-05
203	joy	../syntropy_project/models/model1_0	../syntropy_project/models/model1_0	joy	0.9682223796844482	0.009863674640655518	0.9682223796844482	0.0021582155022770166	0.00167254195548594	0.00507590314373374	0.00013330501678865403	0.0003352921630721539	0.008364520035684109	0.002288807649165392	0.001602034317329526	0.00019271255587227643	9.060250886250287e-05
1255	nervousness	../syntropy_project/models/model1_0	../syntropy_project/models/model1_0	excitement	0.5773349404335022	0.5773349404335022	0.3754284679889679	0.03784738853573799	0.0026299231685698032	0.002912995172664523	0.0002724437217693776	0.00032022190862335265	0.001626630430109799	0.0002941358834505081	0.0004572095931507647	0.0006018653512001038	0.00027381200925447047
1036	neutral	../syntropy_project/models/model1_0	../syntropy_project/models/model1_0	joy	0.2765256464481354	0.09167701005935669	0.2765256464481354	0.18519188463687897	0.022168435156345367	0.25340017676353455	0.01755658909678459	0.008359265513718128	0.01905498467385769	0.019390899688005447	0.006230476778000593	0.09738338738679886	0.003061177209019661
93	joy	../syntropy_project/models/model1_0	../syntropy_project/models/model1_0	joy	0.9612540006637573	0.030125238001346588	0.9612540006637573	0.0033658102620393038	0.00011484949936857447	0.0016770788934081793	3.670523437904194e-05	6.502793257823214e-05	0.002772485837340355	0.0001326415513176471	0.00024725840194150805	6.744793790858239e-05	0.00014147628098726273
898	neutral	../syntropy_project/models/model1_0	../syntropy_project/models/model1_0	joy	0.8617346882820129	0.09080328792333603	0.8617346882820129	0.013092069886624813	0.0029628919437527657	0.011942100711166859	0.00070369424065575	0.0004820840840693563	0.008564777672290802	0.0016182959079742432	0.002752220956608653	0.004735860042273998	0.0006079757586121559
68	surprise	../syntropy_project/models/model1_0	../syntropy_project/models/model1_0	sadness	0.39865243434906006	0.009805909357964993	0.08390311896800995	0.3118155896663666	0.020125556737184525	0.39865243434906006	0.01469238381832838	0.016699790954589844	0.012543055228888988	0.03553936630487442	0.02973702922463417	0.06298022717237473	0.003505525877699256
1013	fear	../syntropy_project/models/model1_0	../syntropy_project/models/model1_0	nervousness	0.5313889384269714	0.005683408118784428	0.00351803470402956	0.11806444823741913	0.0045205578207969666	0.2800449728965759	0.03342926502227783	0.004627029411494732	0.0014638702850788832	0.003572737332433462	0.011800134554505348	0.5313889384269714	0.0018866867758333683
284	joy	../syntropy_project/models/model1_0	../syntropy_project/models/model1_0	joy	0.9443846940994263	0.04951769486069679	0.9443846940994263	0.0020648420322686434	0.00035751587711274624	0.0008222665055654943	2.799640060402453e-05	2.9520697353291325e-05	0.0024475455284118652	8.881596295395866e-05	0.00014732868294231594	7.347619975917041e-05	3.8442991353804246e-05
696	excitement	../syntropy_project/models/model1_0	../syntropy_project/models/model1_0	excitement	0.9878749251365662	0.9878749251365662	0.009269406087696552	0.0011045037535950541	0.0007091446896083653	5.569267523242161e-05	1.844229882408399e-05	1.9342282030265778e-05	0.0004761957679875195	2.819217297655996e-05	0.00013294954260345548	0.00026527055888436735	4.594871643348597e-05
85	joy	../syntropy_project/models/model1_0	../syntropy_project/models/model1_0	joy	0.9457615613937378	0.040992919355630875	0.9457615613937378	0.0019266718300059438	0.00013623986160382628	0.004027410410344601	4.5439956011250615e-05	5.829333167639561e-05	0.005958464462310076	0.00012296490604057908	9.182406211039051e-05	0.0007539096986874938	0.0001243257720489055
434	joy	../syntropy_project/models/model1_0	../syntropy_project/models/model1_0	joy	0.9768665432929993	0.008115038275718689	0.9768665432929993	0.004318741150200367	0.0003632513980846852	0.003913593478500843	0.00011687125515891239	0.0001833358546718955	0.004028616473078728	0.0008020292152650654	0.0008206981001421809	0.00021873501827940345	0.0002525191812310368
894	neutral	../syntropy_project/models/model1_0	../syntropy_project/models/model1_0	neutral	0.7013111114501953	0.009695605374872684	0.08110253512859344	0.7013111114501953	0.017085490748286247	0.08088231831789017	0.025127112865447998	0.007453971542418003	0.010965310968458652	0.023453431203961372	0.03252260386943817	0.005818139296025038	0.004582441411912441
153	joy	../syntropy_project/models/model1_0	../syntropy_project/models/model1_0	excitement	0.500080943107605	0.500080943107605	0.07765831798315048	0.35076287388801575	0.02029452845454216	0.03252055123448372	0.0012438797857612371	0.006023784168064594	0.00562366982921958	0.0011750621488317847	0.0031851460225880146	0.0012796921655535698	0.00015152315609157085
75	nervousness	../syntropy_project/models/model1_0	../syntropy_project/models/model1_0	anger	0.4102634787559509	0.0009952804539352655	0.0072291139513254166	0.01924348808825016	0.00041791502735577524	0.17001815140247345	0.006829976569861174	0.05379802733659744	0.004730734508484602	0.08039021492004395	0.009945958852767944	0.2361377328634262	0.4102634787559509
1106	sadness	../syntropy_project/models/model1_0	../syntropy_project/models/model1_0	sadness	0.47979897260665894	0.016600795090198517	0.01555479597300291	0.22849588096141815	0.03983733057975769	0.47979897260665894	0.08097628504037857	0.007949811406433582	0.008780542761087418	0.024643825367093086	0.04988875612616539	0.04010583460330963	0.007367218378931284
789	neutral	../syntropy_project/models/model1_0	../syntropy_project/models/model1_0	joy	0.6578537225723267	0.03856678307056427	0.6578537225723267	0.12220095098018646	0.0003455394762568176	0.08815156668424606	0.003103822935372591	0.00231799460016191	0.03412558510899544	0.002643680665642023	0.0023317188024520874	0.044713713228702545	0.0036448887549340725
580	neutral	../syntropy_project/models/model1_0	../syntropy_project/models/model1_0	joy	0.9789797067642212	0.009348461404442787	0.9789797067642212	0.004257352091372013	0.0001148000083048828	0.0028711294289678335	2.5303328584413975e-05	5.996226900606416e-05	0.003802468068897724	0.00018274548347108066	0.00011074396024923772	0.000139744981424883	0.00010755559196695685
446	excitement	../syntropy_project/models/model1_0	../syntropy_project/models/model1_0	joy	0.6396945714950562	0.09104994684457779	0.6396945714950562	0.1864209771156311	0.006267921533435583	0.0573308989405632	0.00224890373647213	0.0017994180088862777	0.006463899742811918	0.00346976425498724	0.00310654123313725	0.0016901663038879633	0.0004570171295199543
703	pride	../syntropy_project/models/model1_0	../syntropy_project/models/model1_0	neutral	0.9027367234230042	0.03235301375389099	0.016094239428639412	0.9027367234230042	0.011819466948509216	0.014718432910740376	0.0036832033656537533	0.0049506304785609245	0.002352359937503934	0.001794365351088345	0.0035457354970276356	0.001606972306035459	0.004344692453742027
188	nervousness	../syntropy_project/models/model1_0	../syntropy_project/models/model1_0	joy	0.8625174760818481	0.03089035116136074	0.8625174760818481	0.005727358162403107	0.0018838137621060014	0.02449810318648815	0.001256146584637463	0.0006269607692956924	0.01554153859615326	0.0028714758809655905	0.00205875257961452	0.05138203129172325	0.0007461080094799399
271	neutral	../syntropy_project/models/model1_0	../syntropy_project/models/model1_0	joy	0.7978720664978027	0.06297240406274796	0.7978720664978027	0.09154165536165237	0.0030650815460830927	0.0061547220684587955	0.0006914827972650528	0.0003169218834955245	0.03147851303219795	0.0017075984505936503	0.0022350135259330273	0.001530136214569211	0.00043442362220957875
236	joy	../syntropy_project/models/model1_0	../syntropy_project/models/model1_0	sadness	0.3164554536342621	0.13254128396511078	0.19890008866786957	0.2522783875465393	0.019710857421159744	0.3164554536342621	0.007729221135377884	0.0029854553285986185	0.00507745984941721	0.009394403547048569	0.04876035079360008	0.005606999155133963	0.0005600294680334628
487	pride	../syntropy_project/models/model1_0	../syntropy_project/models/model1_0	joy	0.5101981163024902	0.018010379746556282	0.5101981163024902	0.053901005536317825	0.0018484675092622638	0.3248867690563202	0.0031839951407164335	0.002667003544047475	0.01664774678647518	0.0078009748831391335	0.012240558862686157	0.04764620587229729	0.000968713837210089
1229	nervousness	../syntropy_project/models/model1_0	../syntropy_project/models/model1_0	sadness	0.6061401963233948	0.015930743888020515	0.04886443912982941	0.05488213524222374	0.008044560439884663	0.6061401963233948	0.023190168663859367	0.006531377322971821	0.003110949881374836	0.00883396528661251	0.016441481187939644	0.20635925233364105	0.0016707716276869178
559	fear	../syntropy_project/models/model1_0	../syntropy_project/models/model1_0	neutral	0.9644486308097839	0.0020492442417889833	0.0003238921344745904	0.9644486308097839	0.0018799399258568883	0.0042108152993023396	0.0006261526141315699	0.0014525422593578696	0.0003236432676203549	0.0004995504859834909	0.023460231721401215	0.0003927052894141525	0.00033274380257353187
117	excitement	../syntropy_project/models/model1_0	../syntropy_project/models/model1_0	joy	0.8627942800521851	0.08031322062015533	0.8627942800521851	0.014602694660425186	0.0013242496643215418	0.014362262561917305	0.0006575140287168324	0.0011011118767783046	0.018198149278759956	0.0008588305790908635	0.002180467825382948	0.002500885631889105	0.0011063681449741125
637	joy	../syntropy_project/models/model1_0	../syntropy_project/models/model1_0	excitement	0.8744490742683411	0.8744490742683411	0.10350288450717926	0.008129519410431385	0.007887016050517559	0.0023165724705904722	9.726406278787181e-05	0.00012761438847519457	0.0029478666838258505	0.00012715627963189036	5.580805009230971e-05	0.000294984522042796	6.435159593820572e-05
1143	joy	../syntropy_project/models/model1_0	../syntropy_project/models/model1_0	joy	0.6875770688056946	0.07842083275318146	0.6875770688056946	0.04755672067403793	0.0024868666660040617	0.06958084553480148	0.0012575776781886816	0.000927020562812686	0.015836147591471672	0.0024876752868294716	0.005821583326905966	0.08697308599948883	0.0010746357729658484
801	embarrassment	../syntropy_project/models/model1_0	../syntropy_project/models/model1_0	joy	0.878868579864502	0.00913160853087902	0.878868579864502	0.04114271327853203	0.0005882852128706872	0.03202707692980766	0.0007126378477551043	0.010192079469561577	0.0031689924653619528	0.016557320952415466	0.005472435150295496	0.0006143676582723856	0.0015238560736179352
750	neutral	../syntropy_project/models/model1_0	../syntropy_project/models/model1_0	neutral	0.4301166534423828	0.1044735312461853	0.28582432866096497	0.4301166534423828	0.008627722039818764	0.08293275535106659	0.005392452701926231	0.003283376106992364	0.02615341730415821	0.010144726373255253	0.010682744905352592	0.031732428818941116	0.0006358796381391585
512	anger	../syntropy_project/models/model1_0	../syntropy_project/models/model1_0	sadness	0.6388760805130005	0.014691689983010292	0.12564492225646973	0.031488087028265	0.002577793085947633	0.6388760805130005	0.009830500930547714	0.0038609635084867477	0.012638267129659653	0.011207444593310356	0.003268428845331073	0.13493753969669342	0.010978363454341888
633	excitement	../syntropy_project/models/model1_0	../syntropy_project/models/model1_0	sadness	0.7302443981170654	0.02113937959074974	0.07590953260660172	0.1095094382762909	0.0030811228789389133	0.7302443981170654	0.013200031593441963	0.004275138024240732	0.0045857816003263	0.0034872135147452354	0.00721829105168581	0.025388898327946663	0.0019607553258538246
936	joy	../syntropy_project/models/model1_0	../syntropy_project/models/model1_0	joy	0.542290449142456	0.1750621199607849	0.542290449142456	0.18390712141990662	0.004468200728297234	0.06925928592681885	0.00122560013551265	0.0007398013840429485	0.016621215268969536	0.001581064541824162	0.0012498550349846482	0.0030133833643049	0.0005818621721118689
1079	neutral	../syntropy_project/models/model1_0	../syntropy_project/models/model1_0	joy	0.882963240146637	0.08245530724525452	0.882963240146637	0.012097911909222603	0.00030475115636363626	0.0044641331769526005	9.657178452471271e-05	0.0003075235290452838	0.01226606871932745	0.0007625484722666442	0.0013598856749013066	0.0024600711185485125	0.0004619906540028751
962	surprise	../syntropy_project/models/model1_0	../syntropy_project/models/model1_0	joy	0.9811885952949524	0.010003071278333664	0.9811885952949524	0.0024581868201494217	0.0001320886512985453	0.0013925859238952398	4.90013298986014e-05	5.257411248749122e-05	0.0038631935603916645	0.0003285665879957378	0.00023373926524072886	0.00024328645667992532	5.5164546211017296e-05
126	neutral	../syntropy_project/models/model1_0	../syntropy_project/models/model1_0	joy	0.9775698781013489	0.011775043793022633	0.9775698781013489	0.002329715061932802	9.119145397562534e-05	0.0028569947462528944	5.515749944606796e-05	4.822300616069697e-05	0.004376914352178574	0.000183445677976124	0.00016744770982768387	0.00044010361307300627	0.00010588022996671498
790	neutral	../syntropy_project/models/model1_0	../syntropy_project/models/model1_0	joy	0.6324406266212463	0.21330921351909637	0.6324406266212463	0.08467938750982285	0.019764423370361328	0.007876909337937832	0.0005208352813497186	0.0010139072546735406	0.03146304935216904	0.003173430683091283	0.004085206892341375	0.00157684285659343	9.611449058866128e-05
829	joy	../syntropy_project/models/model1_0	../syntropy_project/models/model1_0	joy	0.6428609490394592	0.2076444923877716	0.6428609490394592	0.09615316987037659	0.001567173982039094	0.01851310022175312	0.00060229969676584	0.0007407173397950828	0.020719842985272408	0.003313023131340742	0.002049762988463044	0.0055728754960000515	0.0002625536289997399
116	excitement	../syntropy_project/models/model1_0	../syntropy_project/models/model1_0	excitement	0.9902627468109131	0.9902627468109131	0.007637085858732462	0.0009893854148685932	0.0003213973541278392	0.00013866633526049554	1.754908043949399e-05	1.4962801287765615e-05	0.00030452600913122296	1.1368778359610587e-05	3.721203393070027e-05	0.00023240096925292164	3.272576941526495e-05
473	embarrassment	../syntropy_project/models/model1_0	../syntropy_project/models/model1_0	fear	0.41719934344291687	0.0015635143499821424	0.0029361543711274862	0.010332104749977589	0.003330366685986519	0.12482252717018127	0.41719934344291687	0.07846500724554062	0.004978429060429335	0.12960833311080933	0.012351196259260178	0.20992235839366913	0.004490662831813097
740	excitement	../syntropy_project/models/model1_0	../syntropy_project/models/model1_0	sadness	0.3722115755081177	0.007379196584224701	0.07035977393388748	0.31944674253463745	0.008092811331152916	0.3722115755081177	0.020246287807822227	0.025822529569268227	0.010718743316829205	0.05607045814394951	0.0443989634513855	0.03386300429701805	0.03138987720012665
1074	neutral	../syntropy_project/models/model1_0	../syntropy_project/models/model1_0	joy	0.6278084516525269	0.2810502052307129	0.6278084516525269	0.03998259827494621	0.012969204224646091	0.021186353638768196	0.001357827102765441	0.0008704749634489417	0.004325787536799908	0.0015559995081275702	0.002431988948956132	0.006094145588576794	0.00036694962182082236
57	joy	../syntropy_project/models/model1_0	../syntropy_project/models/model1_0	joy	0.8276951909065247	0.13131804764270782	0.8276951909065247	0.0036674535367637873	0.002177756978198886	0.004258180037140846	0.00017109538021031767	0.0001437010505469516	0.029080836102366447	0.000578192004468292	0.00023517296358477324	0.0005427637370303273	0.0001315775589318946
603	excitement	../syntropy_project/models/model1_0	../syntropy_project/models/model1_0	sadness	0.39320504665374756	0.0466732420027256	0.07868342846632004	0.31370827555656433	0.02731420285999775	0.39320504665374756	0.02643079124391079	0.03492188826203346	0.013981936499476433	0.026450105011463165	0.015459622256457806	0.01181781105697155	0.011353746056556702
786	neutral	../syntropy_project/models/model1_0	../syntropy_project/models/model1_0	sadness	0.9369986653327942	0.006443345919251442	0.00661173602566123	0.008602959103882313	0.0014170717913657427	0.9369986653327942	0.012487185187637806	0.003853360190987587	0.00021637768077198416	0.0015616568271070719	0.006962265819311142	0.014104667119681835	0.0007407240918837488
830	joy	../syntropy_project/models/model1_0	../syntropy_project/models/model1_0	joy	0.9655803442001343	0.026149412617087364	0.9655803442001343	0.003551705274730921	0.000501852307934314	0.0015248380368575454	4.230128979543224e-05	6.331840268103406e-05	0.002252544043585658	0.00015168247045949101	0.00012497698480729014	3.4911397960968316e-05	2.210949605796486e-05
119	neutral	../syntropy_project/models/model1_0	../syntropy_project/models/model1_0	joy	0.9304383993148804	0.02927667461335659	0.9304383993148804	0.017061686143279076	0.00019387222710065544	0.010737942531704903	0.0003615080495364964	0.0009364946745336056	0.00636453228071332	0.0018238186603412032	0.0008735561277717352	0.0008443564875051379	0.0010871103731915355
656	pride	../syntropy_project/models/model1_0	../syntropy_project/models/model1_0	joy	0.4872277081012726	0.4048783779144287	0.4872277081012726	0.07536336034536362	0.004996444098651409	0.0056014349684119225	0.0006190710701048374	0.0005589879001490772	0.017885131761431694	0.0008041576365940273	0.0005920835537835956	0.0010713852243497968	0.00040184403769671917
1214	excitement	../syntropy_project/models/model1_0	../syntropy_project/models/model1_0	excitement	0.9973697662353516	0.9973697662353516	0.0014403060777112842	0.0004419641918502748	0.0005604291218332946	3.581097917049192e-05	1.0964258763124235e-05	9.539840903016739e-06	5.533547300728969e-05	4.829537374462234e-06	2.168882747355383e-05	3.9132188248913735e-05	1.0276733519276604e-05
669	neutral	../syntropy_project/models/model1_0	../syntropy_project/models/model1_0	joy	0.3941271901130676	0.19361034035682678	0.3941271901130676	0.24866828322410583	0.10685674846172333	0.007955878041684628	0.005168368574231863	0.006969078443944454	0.025440456345677376	0.007006853818893433	0.003423561342060566	0.0005234490381553769	0.0002499290567357093
105	sadness	../syntropy_project/models/model1_0	../syntropy_project/models/model1_0	sadness	0.9723628759384155	0.00024261731596197933	0.0013403873890638351	0.00341364205814898	0.0009863980812951922	0.9723628759384155	0.004039108753204346	0.0019717991817742586	0.0002526030002627522	0.003319994080811739	0.0038752248510718346	0.007581227924674749	0.0006140004261396825
635	neutral	../syntropy_project/models/model1_0	../syntropy_project/models/model1_0	joy	0.9802605509757996	0.010044725611805916	0.9802605509757996	0.0024033873341977596	0.0003144939837511629	0.0029597668908536434	9.53830749494955e-05	0.00018443311273586005	0.0018495034892112017	0.0005164674948900938	0.00031434735865332186	0.0009672732558101416	8.964539301814511e-05
369	neutral	../syntropy_project/models/model1_0	../syntropy_project/models/model1_0	joy	0.9063774347305298	0.04097314178943634	0.9063774347305298	0.03510380536317825	0.0011837640777230263	0.0047489553689956665	0.0004850521218031645	0.0006739225937053561	0.005472168792039156	0.001454455079510808	0.002588004572317004	0.0006707205320708454	0.00026858181809075177
268	neutral	../syntropy_project/models/model1_0	../syntropy_project/models/model1_0	joy	0.9707682132720947	0.023050636053085327	0.9707682132720947	0.0031943267676979303	0.00017259064770769328	0.0008459463715553284	4.891169010079466e-05	7.199102401500568e-05	0.0010291470680385828	0.00022219910169951618	0.00045008494635112584	0.00010796028800541535	3.808337714872323e-05
655	neutral	../syntropy_project/models/model1_0	../syntropy_project/models/model1_0	surprise	0.26551738381385803	0.07323925942182541	0.1302398294210434	0.19986699521541595	0.26551738381385803	0.17337363958358765	0.012608297169208527	0.00757115613669157	0.0167558491230011	0.021231887862086296	0.024554455652832985	0.0747981071472168	0.00024311528250109404
819	joy	../syntropy_project/models/model1_0	../syntropy_project/models/model1_0	joy	0.9349273443222046	0.019192583858966827	0.9349273443222046	0.007567691151052713	0.00021056194964330643	0.01548266876488924	0.00016355083789676428	0.00019632316252682358	0.017837639898061752	0.0006892114179208875	0.0006108640227466822	0.002718596486374736	0.0004030202981084585
822	excitement	../syntropy_project/models/model1_0	../syntropy_project/models/model1_0	neutral	0.7438881993293762	0.06184171885251999	0.12427013367414474	0.7438881993293762	0.007409625221043825	0.007651166524738073	0.003981605637818575	0.0016816898714751005	0.00744862062856555	0.005757379811257124	0.03336869925260544	0.0013701946008950472	0.0013310209615156054
953	pride	../syntropy_project/models/model1_0	../syntropy_project/models/model1_0	pride	0.9937111735343933	0.0006201858632266521	0.0019236571388319135	9.525763016426936e-05	8.691307448316365e-05	7.31866093701683e-05	2.722259705478791e-05	9.295591007685289e-05	0.9937111735343933	0.0026816478930413723	3.3461092243669555e-05	0.000423335557570681	0.00023097646771930158
46	nervousness	../syntropy_project/models/model1_0	../syntropy_project/models/model1_0	pride	0.99373859167099	0.00021303343237377703	0.0007118862704373896	7.092839950928465e-05	8.875355706550181e-05	8.90231312951073e-05	2.6148674805881456e-05	8.469948807032779e-05	0.99373859167099	0.0036291140131652355	3.616172034526244e-05	0.00107816350646317	0.0002334253949811682
349	surprise	../syntropy_project/models/model1_0	../syntropy_project/models/model1_0	joy	0.5249319672584534	0.4420085847377777	0.5249319672584534	0.009894147515296936	0.007678174879401922	0.002551026176661253	0.0001942240196513012	0.00020866528211627156	0.01114670280367136	0.0005412563914433122	0.0004968008724972606	0.0003014740068465471	4.7015215386636555e-05
1098	neutral	../syntropy_project/models/model1_0	../syntropy_project/models/model1_0	joy	0.9705432057380676	0.02201778255403042	0.9705432057380676	0.0026502995751798153	0.00026362421340309083	0.0013895201263949275	5.8117584558203816e-05	8.297574822790921e-05	0.002183989156037569	0.00021811967599205673	0.00031104558729566634	0.00021459617710206658	6.676585326204076e-05
876	disgust	../syntropy_project/models/model1_0	../syntropy_project/models/model1_0	sadness	0.7614508271217346	0.023118551820516586	0.0366806723177433	0.0484970286488533	0.018385685980319977	0.7614508271217346	0.005044417921453714	0.019215265288949013	0.001805793261155486	0.022678501904010773	0.01722605526447296	0.04072333872318268	0.00517387967556715
773	pride	../syntropy_project/models/model1_0	../syntropy_project/models/model1_0	neutral	0.6551696062088013	0.1614627093076706	0.08764834702014923	0.6551696062088013	0.06875865906476974	0.007914887741208076	0.00197068159468472	0.006177255418151617	0.0016516144387423992	0.0014716628938913345	0.007529964204877615	0.000117556715849787	0.0001270889915758744
195	neutral	../syntropy_project/models/model1_0	../syntropy_project/models/model1_0	joy	0.4498670995235443	0.07339847087860107	0.4498670995235443	0.07483741641044617	0.0032079180236905813	0.18525932729244232	0.006145762745290995	0.010109301656484604	0.042096011340618134	0.01556587964296341	0.011266475543379784	0.12355954945087433	0.004686757922172546
102	pride	../syntropy_project/models/model1_0	../syntropy_project/models/model1_0	joy	0.958003044128418	0.030821427702903748	0.958003044128418	0.004169548396021128	0.0005822124658152461	0.0025395227130502462	5.213732219999656e-05	0.00010754103277577087	0.0028651051688939333	0.0002703434438444674	0.0004247811157256365	0.00010264846787322313	6.167039828142151e-05
4	joy	../syntropy_project/models/model1_0	../syntropy_project/models/model1_0	joy	0.8922168016433716	0.037827443331480026	0.8922168016433716	0.0070343585684895515	0.0004686594766099006	0.032212819904088974	0.00025690291658975184	0.0001883832592284307	0.02566596306860447	0.0008252332918345928	0.00029059709049761295	0.002517363056540489	0.000495406799018383
619	surprise	../syntropy_project/models/model1_0	../syntropy_project/models/model1_0	neutral	0.7101595401763916	0.024696892127394676	0.037518665194511414	0.7101595401763916	0.011950640007853508	0.17837367951869965	0.006418541073799133	0.0025086563546210527	0.003001626580953598	0.004946448840200901	0.00987144373357296	0.008856518194079399	0.0016974093159660697
571	excitement	../syntropy_project/models/model1_0	../syntropy_project/models/model1_0	joy	0.8960551619529724	0.07254000008106232	0.8960551619529724	0.0036450030747801065	0.0003586255188565701	0.004714218899607658	0.00011500086111482233	0.0001368003577226773	0.016703199595212936	0.00039710066630505025	0.0001840030454332009	0.00423685135319829	0.0009139113244600594
52	excitement	../syntropy_project/models/model1_0	../syntropy_project/models/model1_0	joy	0.550187349319458	0.37736132740974426	0.550187349319458	0.008394776843488216	0.03339957445859909	0.00846334919333458	0.0007879907498136163	0.0006126924999989569	0.01338797528296709	0.001191275310702622	0.0006569853285327554	0.00531028350815177	0.00024638394825160503
263	neutral	../syntropy_project/models/model1_0	../syntropy_project/models/model1_0	neutral	0.428512305021286	0.026611294597387314	0.09385629743337631	0.428512305021286	0.008000536821782589	0.39132434129714966	0.003272480331361294	0.002468761056661606	0.027632707729935646	0.0015159043250605464	0.007289387751370668	0.001765132532455027	0.0077508967369794846
1159	excitement	../syntropy_project/models/model1_0	../syntropy_project/models/model1_0	joy	0.9752134084701538	0.019272906705737114	0.9752134084701538	0.0010710087371990085	0.00011868691217387095	0.0010821701725944877	1.7273892808589153e-05	2.518636938475538e-05	0.002816302003338933	9.849705384112895e-05	8.484443969791755e-05	0.00015805126167833805	4.171880937064998e-05
443	joy	../syntropy_project/models/model1_0	../syntropy_project/models/model1_0	joy	0.8060871958732605	0.07839731127023697	0.8060871958732605	0.036634594202041626	0.0010487997205927968	0.021402370184659958	0.0020095622166991234	0.0015722074313089252	0.016206882894039154	0.009192277677357197	0.02042493410408497	0.004169645719230175	0.002854165155440569
1138	joy	../syntropy_project/models/model1_0	../syntropy_project/models/model1_0	joy	0.9833046197891235	0.011584548279643059	0.9833046197891235	0.0018798852106556296	8.265816722996533e-05	0.0005068441387265921	1.855591472121887e-05	3.068525256821886e-05	0.002181739779189229	0.00013062871585134417	0.00018877224647440016	5.30965298821684e-05	3.7857495044590905e-05
782	nervousness	../syntropy_project/models/model1_0	../syntropy_project/models/model1_0	nervousness	0.7048513889312744	0.06806161254644394	0.01943878084421158	0.029455028474330902	0.01063491404056549	0.12035390734672546	0.02026621252298355	0.0011833824682980776	0.00419079652056098	0.003205635119229555	0.01492286566644907	0.7048513889312744	0.003435430582612753
837	neutral	../syntropy_project/models/model1_0	../syntropy_project/models/model1_0	joy	0.6458460092544556	0.024782806634902954	0.6458460092544556	0.05760793015360832	0.0026640265714377165	0.22528326511383057	0.0008722612401470542	0.0008472110494039953	0.035946328192949295	0.0027350669261068106	0.0016540733631700277	0.0012461334699764848	0.0005150082288309932
1047	excitement	../syntropy_project/models/model1_0	../syntropy_project/models/model1_0	neutral	0.6529062986373901	0.11052270978689194	0.08772005885839462	0.6529062986373901	0.07544514536857605	0.038946546614170074	0.006348952651023865	0.004704365506768227	0.0036553055979311466	0.0033697832841426134	0.013230555690824986	0.002234709681943059	0.0009155631996691227
691	joy	../syntropy_project/models/model1_0	../syntropy_project/models/model1_0	joy	0.9602964520454407	0.026832327246665955	0.9602964520454407	0.00626159505918622	0.00026802506181411445	0.002121357247233391	0.00010057057079393417	0.0001976615167222917	0.0018370331963524222	0.0007986978744156659	0.00099919771309942	0.0002045230066869408	8.256252476712689e-05
304	nervousness	../syntropy_project/models/model1_0	../syntropy_project/models/model1_0	neutral	0.5236021280288696	0.2275741994380951	0.03777375444769859	0.5236021280288696	0.018006781116127968	0.02947644703090191	0.002745876321569085	0.006847707089036703	0.01938195526599884	0.008302637375891209	0.0075229620561003685	0.11116309463977814	0.007602390833199024
341	excitement	../syntropy_project/models/model1_0	../syntropy_project/models/model1_0	joy	0.7521286010742188	0.21522453427314758	0.7521286010742188	0.003281890880316496	0.001879983814433217	0.0022183565888553858	0.000142832359415479	0.000248274183832109	0.021171851083636284	0.0009566388907842338	0.0007404786301776767	0.0018421690911054611	0.0001642841671127826
991	joy	../syntropy_project/models/model1_0	../syntropy_project/models/model1_0	sadness	0.8097430467605591	0.016259100288152695	0.062458451837301254	0.08163134008646011	0.005878135561943054	0.8097430467605591	0.004561584442853928	0.0013928734697401524	0.0034515727311372757	0.004696655087172985	0.005487506743520498	0.0037281697150319815	0.0007115696207620203
313	neutral	../syntropy_project/models/model1_0	../syntropy_project/models/model1_0	joy	0.5156777501106262	0.38799557089805603	0.5156777501106262	0.06874850392341614	0.0018385396106168628	0.010056535713374615	0.00033397861989215016	0.0011429188307374716	0.005907989572733641	0.0022428156808018684	0.001849247608333826	0.003945251926779747	0.00026092067128047347
149	joy	../syntropy_project/models/model1_0	../syntropy_project/models/model1_0	joy	0.8214680552482605	0.08785585314035416	0.8214680552482605	0.02473832666873932	0.04553025960922241	0.0022648004814982414	0.0010639356914907694	0.001629295409657061	0.0069204154424369335	0.0036176105495542288	0.0043169124983251095	0.00037316553061828017	0.00022151294979266822
124	pride	../syntropy_project/models/model1_0	../syntropy_project/models/model1_0	pride	0.9694278240203857	0.0006025662878528237	0.01658785715699196	0.0005109747871756554	8.357797923963517e-05	0.00028790178475901484	5.540253550861962e-05	0.00033754343166947365	0.9694278240203857	0.009414484724402428	0.00022087147226557136	0.0015562762273475528	0.0009147885721176863
1128	pride	../syntropy_project/models/model1_0	../syntropy_project/models/model1_0	joy	0.987038791179657	0.007863178849220276	0.987038791179657	0.0009639167110435665	8.046919538173825e-05	0.0013133423635736108	1.5963798432494514e-05	3.472739990684204e-05	0.0022608707658946514	0.00015994864224921912	0.00013568154827225953	0.0001002956778393127	3.28093628922943e-05
574	joy	../syntropy_project/models/model1_0	../syntropy_project/models/model1_0	sadness	0.591875433921814	0.015918830409646034	0.035392098128795624	0.16154588758945465	0.031537286937236786	0.591875433921814	0.05504857748746872	0.014120171777904034	0.0025313054211437702	0.012102516368031502	0.019482828676700592	0.0597432442009449	0.0007017721072770655
697	nervousness	../syntropy_project/models/model1_0	../syntropy_project/models/model1_0	nervousness	0.9721274375915527	0.006245483178645372	0.001552453264594078	0.0009836676763370633	0.0004393125418573618	0.009431472979485989	0.0060448725707829	0.00022255048679653555	0.00065766298212111	0.0006351056508719921	0.0006514012347906828	0.9721274375915527	0.001008648774586618
664	pride	../syntropy_project/models/model1_0	../syntropy_project/models/model1_0	neutral	0.2995859682559967	0.13846231997013092	0.2099539190530777	0.2995859682559967	0.008014343678951263	0.2331850230693817	0.003542585065588355	0.006983538623899221	0.006772316060960293	0.01051767636090517	0.012408959679305553	0.06784147769212723	0.002731791464611888
50	excitement	../syntropy_project/models/model1_0	../syntropy_project/models/model1_0	joy	0.4536607265472412	0.35732823610305786	0.4536607265472412	0.023167328909039497	0.014035014435648918	0.008786242455244064	0.00037159162457101047	0.00015558101586066186	0.13466939330101013	0.002699020318686962	0.003616522066295147	0.0009514963021501899	0.0005588234635069966
1125	pride	../syntropy_project/models/model1_0	../syntropy_project/models/model1_0	joy	0.8327745199203491	0.07309848070144653	0.8327745199203491	0.02770584635436535	0.0010378925362601876	0.02624320425093174	0.0005552588845603168	0.00038438886986114085	0.02410167083144188	0.0009878360433503985	0.0015274680918082595	0.011366801336407661	0.0002165828918805346
726	surprise	../syntropy_project/models/model1_0	../syntropy_project/models/model1_0	surprise	0.9836217761039734	0.009656653739511967	0.00161570287309587	0.0026573899667710066	0.9836217761039734	0.0001553340262034908	6.912107346579432e-05	0.00023322869674302638	0.0005312899593263865	0.0007502445951104164	0.0006401106948032975	6.0258240409893915e-05	8.81655159901129e-06
799	joy	../syntropy_project/models/model1_0	../syntropy_project/models/model1_0	joy	0.94422447681427	0.04739750176668167	0.94422447681427	0.0008177132694981992	7.71748018451035e-05	0.0008261286420747638	3.712922625709325e-05	4.397241718834266e-05	0.005523980595171452	0.00020329981634858996	0.00021162144548725337	0.0004294879618100822	0.00020752832642756402
833	pride	../syntropy_project/models/model1_0	../syntropy_project/models/model1_0	joy	0.8680261373519897	0.08708726614713669	0.8680261373519897	0.027911953628063202	0.0006134104332886636	0.003302405122667551	0.00016437238082289696	0.0005824765539728105	0.006892823614180088	0.0012909385841339827	0.0019704278092831373	0.0005174303660169244	0.0016403141198679805
353	joy	../syntropy_project/models/model1_0	../syntropy_project/models/model1_0	joy	0.908950686454773	0.014187135733664036	0.908950686454773	0.014349598437547684	0.0004757282149512321	0.03522568941116333	0.0005850898451171815	0.0003773485077545047	0.018027089536190033	0.0011459020897746086	0.0009028501808643341	0.003918576054275036	0.0018541879253461957
1222	joy	../syntropy_project/models/model1_0	../syntropy_project/models/model1_0	excitement	0.42431849241256714	0.42431849241256714	0.3244750201702118	0.12892280519008636	0.10198824852705002	0.0016518908087164164	0.0029401991050690413	0.004087229259312153	0.004325326066464186	0.002892090706154704	0.00414806604385376	0.00011999140406260267	0.00013072018919046968
142	fear	../syntropy_project/models/model1_0	../syntropy_project/models/model1_0	fear	0.9529420137405396	0.000176249144715257	0.0008899507229216397	0.00388722843490541	0.0011482004774734378	0.010513359680771828	0.9529420137405396	0.002103016711771488	0.0004805374483112246	0.0014877194771543145	0.0032670015934854746	0.022863201797008514	0.00024152352125383914
470	surprise	../syntropy_project/models/model1_0	../syntropy_project/models/model1_0	sadness	0.35631099343299866	0.007616759743541479	0.04326707869768143	0.28074872493743896	0.026563171297311783	0.35631099343299866	0.010029898956418037	0.014878826215863228	0.013617363758385181	0.05846066027879715	0.16706965863704681	0.017093215137720108	0.004343594424426556
882	joy	../syntropy_project/models/model1_0	../syntropy_project/models/model1_0	nervousness	0.6683620810508728	0.0012240353971719742	0.00413797702640295	0.008561425842344761	0.0022866379003971815	0.034866757690906525	0.26349130272865295	0.0022438885644078255	0.0018835299415513873	0.005542375613003969	0.006153530906885862	0.6683620810508728	0.0012464590836316347
653	pride	../syntropy_project/models/model1_0	../syntropy_project/models/model1_0	joy	0.5878021717071533	0.2936416268348694	0.5878021717071533	0.09601889550685883	0.012316238135099411	0.0019033810822293162	0.0005626528873108327	0.0012520222226157784	0.00303740450181067	0.0014143837615847588	0.0019538833294063807	5.199684892431833e-05	4.5353106543188915e-05
399	nervousness	../syntropy_project/models/model1_0	../syntropy_project/models/model1_0	neutral	0.5222921967506409	0.009712007828056812	0.006693562958389521	0.5222921967506409	0.0035442460794001818	0.3231859505176544	0.017115652561187744	0.01204777043312788	0.003400020534172654	0.010879806242883205	0.02834169566631317	0.060887984931468964	0.001899168943054974
1072	neutral	../syntropy_project/models/model1_0	../syntropy_project/models/model1_0	joy	0.8957247734069824	0.05165201798081398	0.8957247734069824	0.017622951418161392	0.0008726214873604476	0.013837096281349659	0.0003090258687734604	0.00038426005630753934	0.012798229232430458	0.0012597953900694847	0.0012683956883847713	0.0039217048324644566	0.0003491299576126039
1219	anger	../syntropy_project/models/model1_0	../syntropy_project/models/model1_0	neutral	0.45304253697395325	0.014023461379110813	0.029323255643248558	0.45304253697395325	0.06279724091291428	0.14781604707241058	0.03608086705207825	0.05563373118638992	0.013456175103783607	0.016056440770626068	0.09996021538972855	0.06391280144453049	0.007897233590483665
320	joy	../syntropy_project/models/model1_0	../syntropy_project/models/model1_0	neutral	0.384616494178772	0.34924960136413574	0.0909852385520935	0.384616494178772	0.07552366703748703	0.05042123794555664	0.011351488530635834	0.001960685243830085	0.013364879414439201	0.0012460757279768586	0.0040490999817848206	0.01601228676736355	0.0012191878631711006
19	joy	../syntropy_project/models/model1_0	../syntropy_project/models/model1_0	neutral	0.4655642807483673	0.0957522764801979	0.10762853175401688	0.4655642807483673	0.04893549904227257	0.24394503235816956	0.008098169229924679	0.0032516121864318848	0.010211951099336147	0.006134201306849718	0.007820438593626022	0.0017503207782283425	0.0009076198912225664
684	pride	../syntropy_project/models/model1_0	../syntropy_project/models/model1_0	joy	0.9475139379501343	0.030487071722745895	0.9475139379501343	0.010973275639116764	0.000519676017574966	0.002805956406518817	9.632656292524189e-05	0.00020286443759687245	0.005957302637398243	0.0004868767282459885	0.0005443624104373157	0.0003739155945368111	3.84367594961077e-05
35	anger	../syntropy_project/models/model1_0	../syntropy_project/models/model1_0	anger	0.8086239695549011	0.0009697910863906145	0.001136760227382183	0.009315972216427326	0.0023637411650270224	0.010421033948659897	0.0034720299299806356	0.12034719437360764	0.0006722878897562623	0.009394805878400803	0.03163197264075279	0.0016504365485161543	0.8086239695549011
824	excitement	../syntropy_project/models/model1_0	../syntropy_project/models/model1_0	joy	0.32477709650993347	0.2435147911310196	0.32477709650993347	0.2683071792125702	0.04660305753350258	0.03229698911309242	0.0049578044563531876	0.004068651702255011	0.031880933791399	0.0164321456104517	0.004227360710501671	0.021388104185461998	0.0015459356363862753
902	neutral	../syntropy_project/models/model1_0	../syntropy_project/models/model1_0	joy	0.9306151866912842	0.060129400342702866	0.9306151866912842	0.004312250763177872	0.0003017495619133115	0.0009566320804879069	4.2163945181528106e-05	9.862808656180277e-05	0.0024628809187561274	0.0003195995232090354	0.0006427698535844684	6.838879926363006e-05	5.041639815317467e-05
505	pride	../syntropy_project/models/model1_0	../syntropy_project/models/model1_0	pride	0.9674350023269653	0.0004965817788615823	0.003750421805307269	0.0005274005816318095	0.0004315685946494341	0.0002703279606066644	0.0017084259307011962	0.0005446331924758852	0.9674350023269653	0.016140496358275414	0.0004960265941917896	0.007660401985049248	0.0005386981065385044
827	joy	../syntropy_project/models/model1_0	../syntropy_project/models/model1_0	joy	0.8639103770256042	0.07608374953269958	0.8639103770256042	0.040752679109573364	0.0017610871000215411	0.009111465886235237	0.00016898519243113697	0.0002810451260302216	0.004641523584723473	0.0011775796301662922	0.0014722062041983008	0.0005210384842939675	0.00011825431283796206
1137	joy	../syntropy_project/models/model1_0	../syntropy_project/models/model1_0	joy	0.9684432744979858	0.012533710338175297	0.9684432744979858	0.01065165176987648	0.0004615123907569796	0.001324727782048285	3.8650065107503906e-05	0.00015777717635501176	0.00521958339959383	0.00046484050108119845	0.0006471066153608263	4.271942452760413e-05	1.4511670997308102e-05
407	excitement	../syntropy_project/models/model1_0	../syntropy_project/models/model1_0	joy	0.9184191823005676	0.03006885014474392	0.9184191823005676	0.015965908765792847	0.001262662815861404	0.00227087689563632	0.0003210711001884192	0.00021553492115344852	0.026613445952534676	0.0018345086136832833	0.0020101191475987434	0.0004876271996181458	0.0005301102064549923
920	joy	../syntropy_project/models/model1_0	../syntropy_project/models/model1_0	joy	0.6916537284851074	0.2783798277378082	0.6916537284851074	0.019170092418789864	0.0009556040167808533	0.00417608255520463	0.0001318725262535736	0.0002078721736324951	0.002874755999073386	0.0004665708402171731	0.0006325292051769793	0.0011908590095117688	0.00016021213377825916
817	neutral	../syntropy_project/models/model1_0	../syntropy_project/models/model1_0	joy	0.9829158782958984	0.010279356501996517	0.9829158782958984	0.001878302893601358	0.00043828165507875383	0.001241397694684565	5.465987487696111e-05	9.609707922209054e-05	0.0019328591879457235	0.00040673380135558546	0.0006385680753737688	8.117723336908966e-05	3.657451452454552e-05
866	surprise	../syntropy_project/models/model1_0	../syntropy_project/models/model1_0	excitement	0.8609828948974609	0.8609828948974609	0.05992097407579422	0.06867958605289459	0.003585649887099862	0.0024185474030673504	0.0002190241211792454	0.0002937465033028275	0.0019961383659392595	0.00028688221937045455	0.0009428352350369096	0.0005917851813137531	8.187488128896803e-05
537	neutral	../syntropy_project/models/model1_0	../syntropy_project/models/model1_0	sadness	0.4856005609035492	0.028194185346364975	0.18648014962673187	0.10917049646377563	0.01012545358389616	0.4856005609035492	0.015359023585915565	0.0038926019333302975	0.014181745238602161	0.012180094607174397	0.006070977542549372	0.12704779207706451	0.00169689382892102
758	pride	../syntropy_project/models/model1_0	../syntropy_project/models/model1_0	neutral	0.732332706451416	0.050610508769750595	0.04921110346913338	0.732332706451416	0.02522902376949787	0.0833689272403717	0.01060752384364605	0.010637403465807438	0.008582169190049171	0.0030333660542964935	0.006650175433605909	0.010073472745716572	0.009663655422627926
1134	surprise	../syntropy_project/models/model1_0	../syntropy_project/models/model1_0	joy	0.9601975083351135	0.03051007352769375	0.9601975083351135	0.004001651890575886	0.00031834744731895626	0.0005996589898131788	2.997997398779262e-05	5.069590042694472e-05	0.0036246327217668295	0.00019025281653739512	0.00035104036214761436	5.776758189313114e-05	6.829813355579972e-05
1011	pride	../syntropy_project/models/model1_0	../syntropy_project/models/model1_0	joy	0.6612359881401062	0.24303436279296875	0.6612359881401062	0.07190383225679398	0.006092126481235027	0.0026301327161490917	0.0003799754776991904	0.0006348298629745841	0.006885905284434557	0.0030945215839892626	0.002690971828997135	0.0009439598652534187	0.00047342226025648415
38	nervousness	../syntropy_project/models/model1_0	../syntropy_project/models/model1_0	anger	0.5650071501731873	0.0011728040408343077	0.01199797447770834	0.026534419506788254	0.0004378747253213078	0.22555118799209595	0.0033648908138275146	0.024769144132733345	0.008250389248132706	0.042443856596946716	0.010782529599964619	0.07968772947788239	0.5650071501731873
175	pride	../syntropy_project/models/model1_0	../syntropy_project/models/model1_0	joy	0.9277262091636658	0.05112537741661072	0.9277262091636658	0.015321317128837109	0.00045898923417553306	0.0018999868771061301	0.00010633123747538775	0.00015055878611747175	0.0016934456070885062	0.0004569839802570641	0.0007823732448741794	0.0001907949917949736	8.766703103901818e-05
245	joy	../syntropy_project/models/model1_0	../syntropy_project/models/model1_0	joy	0.7073246240615845	0.022147223353385925	0.7073246240615845	0.09948882460594177	0.0010473384754732251	0.08441772311925888	0.0037381970323622227	0.025530390441417694	0.00880118366330862	0.029410026967525482	0.009559777565300465	0.0025398400612175465	0.005994854494929314
810	pride	../syntropy_project/models/model1_0	../syntropy_project/models/model1_0	joy	0.9631618857383728	0.017040887847542763	0.9631618857383728	0.006275161635130644	0.0008290227851830423	0.0037625771947205067	0.00015051699301693588	0.00019464567594695836	0.005662311799824238	0.0006647432455793023	0.0008972806390374899	0.0011715380242094398	0.00018951777019537985
1151	joy	../syntropy_project/models/model1_0	../syntropy_project/models/model1_0	joy	0.6382169127464294	0.02678755857050419	0.6382169127464294	0.1055164635181427	0.032513171434402466	0.10914061218500137	0.0035504403058439493	0.0025464273057878017	0.01934886910021305	0.017182370647788048	0.03651779517531395	0.008429396897554398	0.00025004061171784997
1083	pride	../syntropy_project/models/model1_0	../syntropy_project/models/model1_0	joy	0.6151967644691467	0.3280428946018219	0.6151967644691467	0.01803199201822281	0.0028065841179341078	0.0091623580083251	0.0005744071677327156	0.0004095809708815068	0.013995097950100899	0.0009266643901355565	0.0006110076210461557	0.009541147388517857	0.0007014867733232677
1168	joy	../syntropy_project/models/model1_0	../syntropy_project/models/model1_0	joy	0.49911263585090637	0.07956299930810928	0.49911263585090637	0.23762325942516327	0.04895000159740448	0.03249197453260422	0.01575511135160923	0.007855500094592571	0.03773586079478264	0.014743593521416187	0.010767830535769463	0.014035496860742569	0.001365686533972621
784	embarrassment	../syntropy_project/models/model1_0	../syntropy_project/models/model1_0	anger	0.4905763864517212	0.0020661696325987577	0.01685333624482155	0.0876302495598793	0.0006627512047998607	0.230869323015213	0.008801006712019444	0.0805024802684784	0.0038393258582800627	0.03767354413866997	0.009712637402117252	0.030812757089734077	0.4905763864517212
1256	neutral	../syntropy_project/models/model1_0	../syntropy_project/models/model1_0	pride	0.9778197407722473	0.0004422310448717326	0.007238713558763266	0.0007697740220464766	8.4503430116456e-05	0.000491972197778523	0.00011744151561288163	0.00025947895483113825	0.9778197407722473	0.010913996025919914	0.0001995293132495135	0.0008038129890337586	0.0008586880867369473
489	neutral	../syntropy_project/models/model1_0	../syntropy_project/models/model1_0	neutral	0.37015804648399353	0.17325006425380707	0.19189471006393433	0.37015804648399353	0.09130885452032089	0.09088479727506638	0.01749836839735508	0.007335200440138578	0.0074676647782325745	0.008904580026865005	0.015237667597830296	0.0254135113209486	0.0006465705810114741
154	excitement	../syntropy_project/models/model1_0	../syntropy_project/models/model1_0	excitement	0.480375200510025	0.480375200510025	0.4093187749385834	0.03490367531776428	0.055637285113334656	0.0014412824530154467	0.0015890162903815508	0.0020675030536949635	0.00847754254937172	0.002367549343034625	0.0021425785962492228	0.000848021823912859	0.0008316314779222012
638	anger	../syntropy_project/models/model1_0	../syntropy_project/models/model1_0	anger	0.9810439944267273	0.00033164702472276986	0.00016069966659415513	0.001954796491190791	3.2420506613561884e-05	0.005657861474901438	0.0002398485958110541	0.007703395094722509	0.00026586471358314157	0.00046058333828113973	8.853072358760983e-05	0.00206027552485466	0.9810439944267273
961	neutral	../syntropy_project/models/model1_0	../syntropy_project/models/model1_0	joy	0.41737493872642517	0.2664303183555603	0.41737493872642517	0.24073359370231628	0.0041038841009140015	0.040731027722358704	0.0008776071481406689	0.000728297745808959	0.0027449913322925568	0.005850689485669136	0.015831056982278824	0.004197876434773207	0.0003957573790103197
662	pride	../syntropy_project/models/model1_0	../syntropy_project/models/model1_0	joy	0.987137496471405	0.006288922857493162	0.987137496471405	0.0021387056913226843	8.396673365496099e-05	0.0019398959120735526	2.620412124088034e-05	4.293049278203398e-05	0.0019549615681171417	0.00012925209011882544	0.00013445244985632598	8.820079528959468e-05	3.4985088859684765e-05
853	excitement	../syntropy_project/models/model1_0	../syntropy_project/models/model1_0	nervousness	0.3905917704105377	0.021840205416083336	0.2647973597049713	0.06223864480853081	0.001574497320689261	0.01594066061079502	0.005120145622640848	0.0011619462165981531	0.20454850792884827	0.00915950071066618	0.013777170330286026	0.3905917704105377	0.009249651804566383
942	surprise	../syntropy_project/models/model1_0	../syntropy_project/models/model1_0	joy	0.637775719165802	0.1228819191455841	0.637775719165802	0.17926724255084991	0.005416886415332556	0.01693042740225792	0.0010196259245276451	0.000992807443253696	0.0266950111836195	0.003010400338098407	0.0029255119152367115	0.001901487004943192	0.0011829390423372388
287	excitement	../syntropy_project/models/model1_0	../syntropy_project/models/model1_0	joy	0.7590484619140625	0.2165418267250061	0.7590484619140625	0.01599789224565029	0.00021643072250299156	0.0032125411089509726	0.000136191796627827	0.00011224734043935314	0.002873637480661273	0.0002151289227185771	0.0004336570273153484	0.0008789397543296218	0.00033305271062999964
625	excitement	../syntropy_project/models/model1_0	../syntropy_project/models/model1_0	joy	0.9483734369277954	0.04474903643131256	0.9483734369277954	0.0036847000010311604	0.0004259967536199838	0.0005578931886702776	3.895825284416787e-05	4.030720083392225e-05	0.0017573138466104865	0.00016629441233817488	0.00016847880033310503	2.503261021047365e-05	1.2529746527434327e-05
1196	joy	../syntropy_project/models/model1_0	../syntropy_project/models/model1_0	joy	0.8249577879905701	0.13297352194786072	0.8249577879905701	0.02457098849117756	0.002983939601108432	0.0006196253816597164	0.00013032970309723169	0.00017887620197143406	0.008625653572380543	0.0009014150709845126	0.0036121238954365253	0.00023282844631467015	0.0002128894266206771
685	joy	../syntropy_project/models/model1_0	../syntropy_project/models/model1_0	joy	0.9301497936248779	0.0300353541970253	0.9301497936248779	0.011296309530735016	0.000748850405216217	0.014304284937679768	0.00016989168943837285	0.00016319825954269618	0.011445369571447372	0.0007607130100950599	0.0005183220491744578	0.0003066011122427881	0.00010128804569831118
1080	neutral	../syntropy_project/models/model1_0	../syntropy_project/models/model1_0	neutral	0.8457291722297668	0.042737431824207306	0.09335826337337494	0.8457291722297668	0.005932968109846115	0.004834881518036127	0.0012734649935737252	0.0006712122703902423	0.0010898290202021599	0.00034496557782404125	0.0031345183961093426	0.0007926052203401923	0.00010068409756058827
986	neutral	../syntropy_project/models/model1_0	../syntropy_project/models/model1_0	sadness	0.48869821429252625	0.011359957046806812	0.07111425697803497	0.0337325856089592	0.004962106700986624	0.48869821429252625	0.02187490649521351	0.005005383864045143	0.009659546427428722	0.012740681879222393	0.0066958582028746605	0.331814706325531	0.0023417703341692686
569	joy	../syntropy_project/models/model1_0	../syntropy_project/models/model1_0	neutral	0.4787513017654419	0.09956806153059006	0.0567052885890007	0.4787513017654419	0.03240883722901344	0.19377921521663666	0.02562713623046875	0.015748923644423485	0.011172245256602764	0.01333895418792963	0.010503282770514488	0.053935665637254715	0.008461088873445988
1213	excitement	../syntropy_project/models/model1_0	../syntropy_project/models/model1_0	joy	0.7972725033760071	0.11671321094036102	0.7972725033760071	0.06196577847003937	0.0022627192083746195	0.010025217197835445	0.0006183934165164828	0.0010153403272852302	0.004567818250507116	0.0010960850631818175	0.0025199127849191427	0.0018352093175053596	0.00010785891936393455
734	excitement	../syntropy_project/models/model1_0	../syntropy_project/models/model1_0	sadness	0.429688423871994	0.02157535031437874	0.05270364508032799	0.08624643832445145	0.014987538568675518	0.429688423871994	0.03134281560778618	0.008874399587512016	0.010580952279269695	0.029965000227093697	0.009703096933662891	0.30073854327201843	0.0035937975626438856
792	pride	../syntropy_project/models/model1_0	../syntropy_project/models/model1_0	neutral	0.5549989938735962	0.0062015363946557045	0.02393515408039093	0.5549989938735962	0.002726161852478981	0.27347809076309204	0.015154887922108173	0.005881466902792454	0.0116106066852808	0.006903125438839197	0.03527330607175827	0.04449041187763214	0.019346309825778008
17	sadness	../syntropy_project/models/model1_0	../syntropy_project/models/model1_0	sadness	0.9344187378883362	0.0013335563708096743	0.005974587518721819	0.010839223861694336	0.0028762202709913254	0.9344187378883362	0.014477785676717758	0.0028102935757488012	0.0003393441147636622	0.002048635622486472	0.004318477585911751	0.020093806087970734	0.00046939996536821127
127	neutral	../syntropy_project/models/model1_0	../syntropy_project/models/model1_0	joy	0.3843148350715637	0.03171563521027565	0.3843148350715637	0.15519759058952332	0.0012369636679068208	0.3690151572227478	0.003939427901059389	0.0018098094733431935	0.034793224185705185	0.001393285347148776	0.002468166872859001	0.006937788333743811	0.007178142201155424
322	confusion	../syntropy_project/models/model1_0	../syntropy_project/models/model1_0	sadness	0.4693700671195984	0.03321066498756409	0.07852805405855179	0.12426699697971344	0.019854720681905746	0.4693700671195984	0.008072014898061752	0.007018062751740217	0.0037680298555642366	0.010211839340627193	0.19186502695083618	0.05297249183058739	0.0008620530134066939
255	nervousness	../syntropy_project/models/model1_0	../syntropy_project/models/model1_0	nervousness	0.8503842949867249	0.0036982449237257242	0.0023891080636531115	0.0030739454086869955	0.000765873643103987	0.09867548942565918	0.01806388422846794	0.0023137619718909264	0.0016372422687709332	0.004742657765746117	0.002020980231463909	0.8503842949867249	0.012234524823725224
1046	joy	../syntropy_project/models/model1_0	../syntropy_project/models/model1_0	joy	0.9167384505271912	0.053363360464572906	0.9167384505271912	0.021885856986045837	0.0005354045424610376	0.002210866427049041	9.34611598495394e-05	0.0002497982350178063	0.00361111992970109	0.00042515582754276693	0.00046132932766340673	0.0003397459804546088	8.546863682568073e-05
982	nervousness	../syntropy_project/models/model1_0	../syntropy_project/models/model1_0	nervousness	0.9204065799713135	0.0010382806649431586	0.0010183495469391346	0.002331414259970188	0.0003999643085990101	0.033097609877586365	0.03484245017170906	0.0013360220473259687	0.000587758026085794	0.001637660781852901	0.0007342731696553528	0.9204065799713135	0.0025695892982184887
927	neutral	../syntropy_project/models/model1_0	../syntropy_project/models/model1_0	nervousness	0.6158931851387024	0.0029477360658347607	0.005450761877000332	0.01192831713706255	0.0021150647662580013	0.06422971189022064	0.27932918071746826	0.0015932110836729407	0.0012685565743595362	0.0033326048869639635	0.010229457169771194	0.6158931851387024	0.0016821734607219696
980	neutral	../syntropy_project/models/model1_0	../syntropy_project/models/model1_0	joy	0.9467228055000305	0.04595617204904556	0.9467228055000305	0.00426536425948143	0.00034914579009637237	0.0007294947863556445	7.313574315048754e-05	8.455389615846798e-05	0.0010079597122967243	0.0002260329492855817	0.00048584750038571656	7.574629853479564e-05	2.3721046090940945e-05
1249	joy	../syntropy_project/models/model1_0	../syntropy_project/models/model1_0	joy	0.9480219483375549	0.04479916766285896	0.9480219483375549	0.003978980705142021	0.0002803042298182845	0.0012047269847244024	2.668158231244888e-05	5.575522664003074e-05	0.0011483941925689578	0.00013917706382926553	0.00024246142129413784	7.46742298360914e-05	2.7801163014373742e-05
190	joy	../syntropy_project/models/model1_0	../syntropy_project/models/model1_0	joy	0.7742220163345337	0.18075120449066162	0.7742220163345337	0.009043728932738304	0.001751741161569953	0.0082717789337039	0.0001229012559633702	0.0002772968146018684	0.021708497777581215	0.0010234833462163806	0.000363341998308897	0.0022884279023855925	0.000175606066477485
115	neutral	../syntropy_project/models/model1_0	../syntropy_project/models/model1_0	joy	0.5684149861335754	0.25597795844078064	0.5684149861335754	0.09231128543615341	0.0018775721546262503	0.0306264478713274	0.0005776111502200365	0.0006419612327590585	0.04528751224279404	0.0006682340172119439	0.0009817562531679869	0.0018138604937121272	0.0008207129430957139
992	pride	../syntropy_project/models/model1_0	../syntropy_project/models/model1_0	sadness	0.6469330191612244	0.02012740820646286	0.06719306111335754	0.13098415732383728	0.012251671403646469	0.6469330191612244	0.018312931060791016	0.012622090056538582	0.0035725615452975035	0.010834774933755398	0.004091439303010702	0.06892873346805573	0.004148170817643404
1243	neutral	../syntropy_project/models/model1_0	../syntropy_project/models/model1_0	sadness	0.3191205561161041	0.010685802437365055	0.023205211386084557	0.20424719154834747	0.015615823678672314	0.3191205561161041	0.19605706632137299	0.04495929554104805	0.0035512512549757957	0.0194757841527462	0.026369653642177582	0.1279180496931076	0.008794336579740047
1007	excitement	../syntropy_project/models/model1_0	../syntropy_project/models/model1_0	joy	0.944501519203186	0.04324806109070778	0.944501519203186	0.008359424769878387	0.00030515046091750264	0.0013064274098724127	6.92234534653835e-05	9.98110554064624e-05	0.0010384059278294444	0.0003140498010907322	0.0005728090181946754	0.00014523683057632297	3.9849997847341e-05
606	pride	../syntropy_project/models/model1_0	../syntropy_project/models/model1_0	pride	0.9767172932624817	0.0006482444005087018	0.012499463744461536	0.00029392947908490896	0.00015127005463000387	0.00019359805446583778	5.963992953184061e-05	5.17065345775336e-05	0.9767172932624817	0.006906088441610336	0.00012973471893928945	0.0018359078094363213	0.0005131944199092686
180	excitement	../syntropy_project/models/model1_0	../syntropy_project/models/model1_0	pride	0.7719848155975342	0.03325369954109192	0.17981840670108795	0.000947501219343394	0.0001878937764558941	0.0004490855208132416	0.00011116849054815248	7.936984911793843e-05	0.7719848155975342	0.006050600204616785	0.0003362670831847936	0.004581001587212086	0.0022001604083925486
301	neutral	../syntropy_project/models/model1_0	../syntropy_project/models/model1_0	sadness	0.3671285808086395	0.010174088180065155	0.05267064645886421	0.19737735390663147	0.0012112671975046396	0.3671285808086395	0.061205025762319565	0.002913491101935506	0.005736481864005327	0.0026017336640506983	0.010850528255105019	0.2822856605052948	0.0058450535871088505
496	joy	../syntropy_project/models/model1_0	../syntropy_project/models/model1_0	joy	0.9616127014160156	0.011170784942805767	0.9616127014160156	0.0015817173989489675	0.00029104112763889134	0.006069240625947714	5.74611549382098e-05	8.702819468453526e-05	0.01792425848543644	0.0004568883450701833	0.00010369971278123558	0.0005831924499943852	6.194377783685923e-05
348	joy	../syntropy_project/models/model1_0	../syntropy_project/models/model1_0	joy	0.938581645488739	0.020270001143217087	0.938581645488739	0.004644640721380711	0.0007345767808146775	0.005871793255209923	0.00017086759908124804	0.0003062180185224861	0.022982534021139145	0.002568430034443736	0.0016582479001954198	0.0014613574603572488	0.0007496978505514562
1099	sadness	../syntropy_project/models/model1_0	../syntropy_project/models/model1_0	nervousness	0.5191472172737122	0.008649908937513828	0.010463416576385498	0.019620880484580994	0.005701551213860512	0.3891940116882324	0.02283802442252636	0.0051014903001487255	0.001349777914583683	0.006891748867928982	0.007689767982810736	0.5191472172737122	0.0033521319273859262
36	pride	../syntropy_project/models/model1_0	../syntropy_project/models/model1_0	joy	0.44267919659614563	0.19023314118385315	0.44267919659614563	0.28648191690444946	0.004044962115585804	0.029045676812529564	0.0014566996833309531	0.004843492992222309	0.02858070656657219	0.0010817047441378236	0.0019810509402304888	0.008325532078742981	0.0012460002908483148
744	pride	../syntropy_project/models/model1_0	../syntropy_project/models/model1_0	pride	0.9377151131629944	0.0010274362284690142	0.013290492817759514	0.001962440786883235	0.00025954897864721715	0.002318902174010873	0.0002383166429353878	0.000587817223276943	0.9377151131629944	0.03666217252612114	0.0008304534130729735	0.0036837549414485693	0.0014236216666176915
1148	neutral	../syntropy_project/models/model1_0	../syntropy_project/models/model1_0	joy	0.9749871492385864	0.014197909273207188	0.9749871492385864	0.0020931721664965153	0.00039656931767240167	0.002301969099789858	4.942230589222163e-05	0.00014766515232622623	0.0044860546477139	0.00048641517059877515	0.00046766872401349247	0.0003268121799919754	5.9224472352070734e-05
1053	excitement	../syntropy_project/models/model1_0	../syntropy_project/models/model1_0	excitement	0.9777193069458008	0.9777193069458008	0.02050669491291046	0.0006561434711329639	0.000609609589446336	7.024111982900649e-05	1.539763070468325e-05	1.0944231689791195e-05	0.00026005913969129324	1.14943131848122e-05	3.795042721321806e-05	8.360643550986424e-05	1.853347202995792e-05
517	joy	../syntropy_project/models/model1_0	../syntropy_project/models/model1_0	disgust	0.8222049474716187	0.000760753289796412	0.001038301968947053	0.029150206595659256	0.0026080338284373283	0.013965332880616188	0.03248966485261917	0.8222049474716187	0.0010814201086759567	0.02527366392314434	0.008458023890852928	0.003324114251881838	0.05964551120996475
372	pride	../syntropy_project/models/model1_0	../syntropy_project/models/model1_0	joy	0.5353266596794128	0.2061222940683365	0.5353266596794128	0.10448499023914337	0.009301701560616493	0.06538938730955124	0.003838046221062541	0.0016896111192181706	0.022372428327798843	0.0032700374722480774	0.005380245391279459	0.04129909723997116	0.001525477389805019
45	neutral	../syntropy_project/models/model1_0	../syntropy_project/models/model1_0	excitement	0.9730571508407593	0.9730571508407593	0.006588814780116081	0.0024359652306884527	0.01747257076203823	6.374318763846532e-05	2.0391134967212565e-05	3.569076216081157e-05	0.00016028824029490352	2.564205897215288e-05	7.57474554120563e-05	5.429687007563189e-05	9.642145414545666e-06
476	joy	../syntropy_project/models/model1_0	../syntropy_project/models/model1_0	joy	0.8269320130348206	0.15190644562244415	0.8269320130348206	0.009368395432829857	0.0006366068264469504	0.0045835343189537525	0.00011503464338602498	0.00017549439508002251	0.0035198419354856014	0.0006321821711026132	0.00044976634671911597	0.0014087057206779718	0.00027197127928957343
157	nervousness	../syntropy_project/models/model1_0	../syntropy_project/models/model1_0	confusion	0.9503281712532043	0.0001137204744736664	0.0006376239471137524	0.004448514897376299	0.02260381542146206	0.002092476701363921	0.0009811067720875144	0.0004181474505458027	0.0005647031357511878	0.014652936719357967	0.9503281712532043	0.0028869088273495436	0.00027183227939531207
1111	excitement	../syntropy_project/models/model1_0	../syntropy_project/models/model1_0	joy	0.7544829249382019	0.09884641319513321	0.7544829249382019	0.05441763252019882	0.002303779823705554	0.0611380971968174	0.0011576700489968061	0.0004497416957747191	0.017871132120490074	0.001503332401625812	0.0026940093375742435	0.0035718767903745174	0.001563427154906094
171	pride	../syntropy_project/models/model1_0	../syntropy_project/models/model1_0	neutral	0.4809124767780304	0.10194720327854156	0.26756390929222107	0.4809124767780304	0.02076251432299614	0.07345890253782272	0.0026635387912392616	0.004014935344457626	0.018990444019436836	0.007813256233930588	0.008151279762387276	0.012112792581319809	0.0016086980467662215
16	neutral	../syntropy_project/models/model1_0	../syntropy_project/models/model1_0	joy	0.7993759512901306	0.15096068382263184	0.7993759512901306	0.015518344938755035	0.0019445301732048392	0.005739149637520313	0.00026231235824525356	0.00022344858734868467	0.022581661120057106	0.0010739668505266309	0.0007277516997419298	0.000867944210767746	0.0007242055144160986
511	nervousness	../syntropy_project/models/model1_0	../syntropy_project/models/model1_0	nervousness	0.5043854117393494	0.002539448905736208	0.005410649813711643	0.03872353583574295	0.0007214901270344853	0.15849310159683228	0.029125044122338295	0.09878720343112946	0.0024903672747313976	0.029621820896863937	0.010851376689970493	0.5043854117393494	0.11885053664445877
48	nervousness	../syntropy_project/models/model1_0	../syntropy_project/models/model1_0	excitement	0.8276652097702026	0.8276652097702026	0.16870060563087463	0.0013395081041380763	0.0007352576358243823	0.0003402983711566776	4.609236566466279e-05	3.37085803039372e-05	0.0006713134353049099	7.530571019742638e-05	0.00013804787886328995	0.00019692133355420083	5.780207720817998e-05
191	pride	../syntropy_project/models/model1_0	../syntropy_project/models/model1_0	sadness	0.4234132468700409	0.05650870501995087	0.07355177402496338	0.0443890243768692	0.013400168158113956	0.4234132468700409	0.04215516522526741	0.014915907755494118	0.005926165264099836	0.013873922638595104	0.005408003460615873	0.28587043285369873	0.02058754861354828
546	surprise	../syntropy_project/models/model1_0	../syntropy_project/models/model1_0	neutral	0.6416017413139343	0.019343232735991478	0.15311527252197266	0.6416017413139343	0.002237413777038455	0.14315909147262573	0.004493260756134987	0.0032175539527088404	0.015078043565154076	0.0025478545576334	0.00618717260658741	0.0045037949457764626	0.004515489097684622
515	pride	../syntropy_project/models/model1_0	../syntropy_project/models/model1_0	joy	0.9772533774375916	0.01845816895365715	0.9772533774375916	0.0011756271123886108	6.667053094133735e-05	0.0007020178018137813	1.2458885066735093e-05	2.6528585294727236e-05	0.0020484772976487875	7.919398922240362e-05	5.178751234780066e-05	7.275029201991856e-05	5.296841845847666e-05
658	pride	../syntropy_project/models/model1_0	../syntropy_project/models/model1_0	joy	0.7075015902519226	0.26625916361808777	0.7075015902519226	0.011482377536594868	0.0004928882117383182	0.001961181638762355	5.7501390983816236e-05	0.00017316488083451986	0.0081730792298913	0.0003158146282657981	0.00041253931703977287	0.003118723863735795	5.197394420974888e-05
1043	excitement	../syntropy_project/models/model1_0	../syntropy_project/models/model1_0	excitement	0.9823716282844543	0.9823716282844543	0.015644226223230362	0.0012361441040411592	0.0003441137378104031	0.00010782333993120119	1.2400291780068073e-05	1.5301266103051603e-05	0.0001339396258117631	1.1211312994419131e-05	4.2701260099420324e-05	6.85694394633174e-05	1.184875873150304e-05
828	nervousness	../syntropy_project/models/model1_0	../syntropy_project/models/model1_0	pride	0.794660747051239	0.0032995042856782675	0.011152327060699463	0.0025884241331368685	0.001363225281238556	0.016904380172491074	0.001204890082590282	0.0024912746157497168	0.794660747051239	0.04567907005548477	0.0013198740780353546	0.10746056586503983	0.011875717900693417
1019	excitement	../syntropy_project/models/model1_0	../syntropy_project/models/model1_0	excitement	0.9481492638587952	0.9481492638587952	0.034047361463308334	0.010492094792425632	0.003416586434468627	0.0007102079107426107	0.0001468430709792301	8.942194108385593e-05	0.0007727297488600016	0.00018085481133311987	0.001248129177838564	0.0006319757085293531	0.00011442596587585285
1067	neutral	../syntropy_project/models/model1_0	../syntropy_project/models/model1_0	joy	0.9803861975669861	0.009117511101067066	0.9803861975669861	0.0018261056393384933	0.000191963990801014	0.002390100620687008	5.493397111422382e-05	5.168272036826238e-05	0.005014966242015362	0.0002656006545294076	0.00023593855439685285	0.00032398171606473625	0.0001410411496181041
959	neutral	../syntropy_project/models/model1_0	../syntropy_project/models/model1_0	joy	0.985846221446991	0.006750472821295261	0.985846221446991	0.0027297534979879856	5.988574412185699e-05	0.0010536529589444399	2.7464013328426518e-05	5.04914642078802e-05	0.0024516431149095297	0.0002830930461641401	0.0004049014823976904	0.00027008107281289995	7.23523844499141e-05
1198	sadness	../syntropy_project/models/model1_0	../syntropy_project/models/model1_0	embarrassment	0.9653255939483643	3.830657533399062e-06	2.7041805878980085e-05	0.00014660169836133718	2.9158911274862476e-05	0.01718517206609249	0.001530498149804771	0.00978484284132719	0.0021721450611948967	0.9653255939483643	0.000573405297473073	0.001308957813307643	0.001912748790346086
283	pride	../syntropy_project/models/model1_0	../syntropy_project/models/model1_0	joy	0.91940838098526	0.049742113798856735	0.91940838098526	0.007652272004634142	0.0002468427992425859	0.015666712075471878	0.00020690799283329397	0.0003788478206843138	0.0037510190159082413	0.0004499038332141936	0.0005565516767092049	0.000744348275475204	0.0011961522977799177
797	joy	../syntropy_project/models/model1_0	../syntropy_project/models/model1_0	joy	0.7529357075691223	0.008802748285233974	0.7529357075691223	0.0019225942669436336	0.00013908192340750247	0.0017156221438199282	7.241464481921867e-05	0.00010690622730180621	0.2318546175956726	0.0014303268399089575	0.00023612267978023738	0.00044009837438352406	0.0003437370469328016
225	embarrassment	../syntropy_project/models/model1_0	../syntropy_project/models/model1_0	confusion	0.4137743413448334	0.002063668565824628	0.005077118519693613	0.13998429477214813	0.08367923647165298	0.10339808464050293	0.048181358724832535	0.010856522247195244	0.008355491794645786	0.07796936482191086	0.4137743413448334	0.10369205474853516	0.002968443790450692
26	disgust	../syntropy_project/models/model1_0	../syntropy_project/models/model1_0	sadness	0.9097906947135925	0.003127886215224862	0.010997598059475422	0.013852167874574661	0.0035439790226519108	0.9097906947135925	0.014063466340303421	0.018742449581623077	0.0005165239563211799	0.004195867106318474	0.0023191100917756557	0.017827708274126053	0.0010225741425529122
437	neutral	../syntropy_project/models/model1_0	../syntropy_project/models/model1_0	joy	0.7229581475257874	0.05494287237524986	0.7229581475257874	0.05160537362098694	0.006330530624836683	0.04985962435603142	0.008520829491317272	0.0015551168471574783	0.022096507251262665	0.00301345088519156	0.0023813818115741014	0.07559868693351746	0.0011375535978004336
1237	neutral	../syntropy_project/models/model1_0	../syntropy_project/models/model1_0	neutral	0.46009570360183716	0.050101812928915024	0.07110299915075302	0.46009570360183716	0.05465696379542351	0.2730049192905426	0.007793684024363756	0.00427806843072176	0.0085312370210886	0.006715712137520313	0.014796323142945766	0.046700868755578995	0.002221719827502966
229	excitement	../syntropy_project/models/model1_0	../syntropy_project/models/model1_0	joy	0.9463390707969666	0.01737838052213192	0.9463390707969666	0.002458445727825165	0.00047507783165201545	0.0017733318964019418	8.949675975600258e-05	9.816575038712472e-05	0.0285775288939476	0.0013965718680992723	0.0006002079462632537	0.0006990414694882929	0.00011472251935629174
37	neutral	../syntropy_project/models/model1_0	../syntropy_project/models/model1_0	joy	0.7980602383613586	0.15540654957294464	0.7980602383613586	0.007021707948297262	0.0033970323856920004	0.0032585379667580128	0.0005900404648855329	0.0008483895217068493	0.015751874074339867	0.005344439763575792	0.004972251132130623	0.004048123024404049	0.0013008135138079524
749	joy	../syntropy_project/models/model1_0	../syntropy_project/models/model1_0	nervousness	0.6815811991691589	0.047009874135255814	0.006809158716350794	0.019645923748612404	0.006154745817184448	0.19437506794929504	0.03365315496921539	0.0021363168489187956	0.0010850998805835843	0.0011860120575875044	0.0035453024320304394	0.6815811991691589	0.0028182335663586855
469	joy	../syntropy_project/models/model1_0	../syntropy_project/models/model1_0	joy	0.9582661390304565	0.03258521109819412	0.9582661390304565	0.006312579847872257	0.0002281838678754866	0.0009926678612828255	3.022306555067189e-05	3.9026712329359725e-05	0.0011706664226949215	0.00011466203432064503	0.00020444675465114415	4.462873039301485e-05	1.1629426808212884e-05
1088	pride	../syntropy_project/models/model1_0	../syntropy_project/models/model1_0	pride	0.9947354793548584	0.00021004510927014053	0.0024230715353041887	5.8862020523520187e-05	2.633720578160137e-05	4.0570448618382215e-05	1.6114203390316106e-05	2.3579896151204593e-05	0.9947354793548584	0.001453022938221693	2.010732532653492e-05	0.0007099153590388596	0.0002828474680427462
1251	sadness	../syntropy_project/models/model1_0	../syntropy_project/models/model1_0	confusion	0.4831385016441345	0.005024679470807314	0.0035824968945235014	0.34778788685798645	0.046216558665037155	0.08693897724151611	0.00612451508641243	0.010137541219592094	0.000778509653173387	0.007277715019881725	0.4831385016441345	0.002379202749580145	0.0006133270799182355
687	pride	../syntropy_project/models/model1_0	../syntropy_project/models/model1_0	joy	0.6023262739181519	0.37944918870925903	0.6023262739181519	0.005583325866609812	0.00020202345331199467	0.0014367714757099748	6.0425121773732826e-05	0.0001032741492963396	0.007602590136229992	0.0003048331127502024	0.00035254823160357773	0.002136457245796919	0.00044237170368433
639	joy	../syntropy_project/models/model1_0	../syntropy_project/models/model1_0	joy	0.9822236895561218	0.014449101872742176	0.9822236895561218	0.000845396367367357	7.437189196934924e-05	0.0006694705807603896	1.026542031468125e-05	2.7382155167288147e-05	0.0014720461331307888	8.126631291816011e-05	7.728749187663198e-05	4.931745206704363e-05	2.0447179849725217e-05
1102	joy	../syntropy_project/models/model1_0	../syntropy_project/models/model1_0	joy	0.4591931104660034	0.24578739702701569	0.4591931104660034	0.1955174058675766	0.009314012713730335	0.07519460469484329	0.0014460564125329256	0.000869789975695312	0.0068898629397153854	0.0017263245536014438	0.002952057169750333	0.0006651871372014284	0.00044427404645830393
1063	pride	../syntropy_project/models/model1_0	../syntropy_project/models/model1_0	sadness	0.5126039981842041	0.04000110179185867	0.1398603618144989	0.2509458363056183	0.011366438120603561	0.5126039981842041	0.009557398036122322	0.0030723102390766144	0.02162288688123226	0.0019261040724813938	0.0011735340813174844	0.006590828765183687	0.001279182848520577
1235	joy	../syntropy_project/models/model1_0	../syntropy_project/models/model1_0	joy	0.9763369560241699	0.0175849087536335	0.9763369560241699	0.002049288945272565	4.9514488637214527e-05	0.0012788339518010616	2.2775415345677175e-05	3.683641989482567e-05	0.0021050432696938515	0.00016271571803372353	0.00015972806431818753	0.0001436726888641715	6.972321716602892e-05
800	joy	../syntropy_project/models/model1_0	../syntropy_project/models/model1_0	joy	0.8945536613464355	0.08023038506507874	0.8945536613464355	0.014329038560390472	0.00032899805228225887	0.004107336979359388	7.542515959357843e-05	7.654143701074645e-05	0.004840712994337082	0.0002441906835883856	0.0007200239924713969	0.00034605327527970076	0.0001475573080824688
160	disgust	../syntropy_project/models/model1_0	../syntropy_project/models/model1_0	sadness	0.831689715385437	0.0015193468425422907	0.004785996861755848	0.029505396261811256	0.0003640648501459509	0.831689715385437	0.004630176816135645	0.006853231228888035	0.0024492491502314806	0.032335054129362106	0.003064555348828435	0.07215593010187149	0.010647264309227467
956	pride	../syntropy_project/models/model1_0	../syntropy_project/models/model1_0	excitement	0.5089500546455383	0.5089500546455383	0.47173991799354553	0.01112205721437931	0.00016584825061727315	0.0009714915649965405	8.367616101168096e-05	6.66770210955292e-05	0.005050035193562508	0.00019647562294267118	0.0006296205683611333	0.0006642321823164821	0.00035989301977679133
821	pride	../syntropy_project/models/model1_0	../syntropy_project/models/model1_0	embarrassment	0.2855454087257385	0.0009000505669973791	0.009445474483072758	0.007674540393054485	0.0008280559559352696	0.2290334850549698	0.003125136950984597	0.012545579113066196	0.2266024947166443	0.2855454087257385	0.0019099044147878885	0.046199459582567215	0.17619046568870544
1081	joy	../syntropy_project/models/model1_0	../syntropy_project/models/model1_0	joy	0.4831177592277527	0.16302047669887543	0.4831177592277527	0.31104326248168945	0.025340290740132332	0.004051340278238058	0.0009327818406745791	0.004115361254662275	0.003931308165192604	0.0018804867286235094	0.002441548276692629	7.244849257403985e-05	5.3020728955743834e-05
877	nervousness	../syntropy_project/models/model1_0	../syntropy_project/models/model1_0	neutral	0.47912466526031494	0.049212031066417694	0.20454828441143036	0.47912466526031494	0.018287556245923042	0.13963454961776733	0.030512867495417595	0.005618553142994642	0.008414293639361858	0.010496794246137142	0.02079395204782486	0.030426301062107086	0.002930067479610443
913	pride	../syntropy_project/models/model1_0	../syntropy_project/models/model1_0	joy	0.8295006155967712	0.034716248512268066	0.8295006155967712	0.034790173172950745	0.001376260770484805	0.03811085224151611	0.0008342878427356482	0.0007330941152758896	0.053670529276132584	0.0020170416682958603	0.0024207409005612135	0.0010531512089073658	0.0007769761723466218
152	excitement	../syntropy_project/models/model1_0	../syntropy_project/models/model1_0	joy	0.8148862719535828	0.14896456897258759	0.8148862719535828	0.02058265544474125	0.0007707348559051752	0.004387630149722099	0.00016254029469564557	0.00014652300160378218	0.008106776513159275	0.0006408959161490202	0.0006038808496668935	0.0004952256567776203	0.00025225395802408457
1163	pride	../syntropy_project/models/model1_0	../syntropy_project/models/model1_0	excitement	0.9423121213912964	0.9423121213912964	0.03698812052607536	0.016160642728209496	0.0005643314216285944	0.0003141917986795306	0.0001648252655286342	0.0001067668417817913	0.0013149332953616977	0.00014246857608668506	0.0003529261739458889	0.0012997948797419667	0.00027902747387997806
509	pride	../syntropy_project/models/model1_0	../syntropy_project/models/model1_0	joy	0.6123226284980774	0.09232110530138016	0.6123226284980774	0.11943516135215759	0.001774005824699998	0.0581071712076664	0.00468125706538558	0.0021154298447072506	0.024509016424417496	0.002664193045347929	0.002858131192624569	0.07788124680519104	0.0013306840555742383
1068	pride	../syntropy_project/models/model1_0	../syntropy_project/models/model1_0	neutral	0.5787795186042786	0.01810264401137829	0.016446812078356743	0.5787795186042786	0.04181554540991783	0.2043321430683136	0.011419432237744331	0.01327210757881403	0.0030987579375505447	0.009713377803564072	0.08714068681001663	0.012820633128285408	0.0030584123451262712
103	joy	../syntropy_project/models/model1_0	../syntropy_project/models/model1_0	excitement	0.5976096391677856	0.5976096391677856	0.29136261343955994	0.08682393282651901	0.012646556831896305	0.0019331274088472128	0.00042863033013418317	0.004129540175199509	0.002952596405521035	0.0009375062072649598	0.0008885595016181469	8.152084046741948e-05	0.0002058235986623913
586	neutral	../syntropy_project/models/model1_0	../syntropy_project/models/model1_0	joy	0.9079421758651733	0.06939049065113068	0.9079421758651733	0.01656852848827839	0.00036736211040988564	0.001422334578819573	0.00011177507985848933	9.907333151204512e-05	0.0024845032021403313	0.00035351989208720624	0.0007551556336693466	0.00036971745430491865	0.00013534566096495837
1272	neutral	../syntropy_project/models/model1_0	../syntropy_project/models/model1_0	joy	0.9675846695899963	0.007617642171680927	0.9675846695899963	0.007959411479532719	0.0003485904890112579	0.002682187594473362	0.00016860738105606288	0.0002722484350670129	0.0050219083204865456	0.003180094063282013	0.00457832682877779	0.00035994366044178605	0.00022636775975115597
53	neutral	../syntropy_project/models/model1_0	../syntropy_project/models/model1_0	joy	0.7070098519325256	0.2716553509235382	0.7070098519325256	0.010562819428741932	0.00552492355927825	0.0009350413456559181	0.00016554028843529522	0.0002392742462689057	0.003022492630407214	0.00036915569216944277	0.0003846444597002119	7.897488831076771e-05	5.193242395762354e-05
151	joy	../syntropy_project/models/model1_0	../syntropy_project/models/model1_0	neutral	0.7963149547576904	0.014940787106752396	0.015278104692697525	0.7963149547576904	0.006088998634368181	0.09208860993385315	0.008294766768813133	0.009573463350534439	0.009359379298985004	0.004195122979581356	0.02300761081278324	0.003297162242233753	0.01756107807159424
403	anger	../syntropy_project/models/model1_0	../syntropy_project/models/model1_0	nervousness	0.9465506076812744	0.0001938714849529788	0.00043699741945602	0.0011185372713953257	0.00017141042917501181	0.00529446080327034	0.03879847750067711	0.0005443587433546782	0.0009434625972062349	0.002219239016994834	0.0016508561093360186	0.9465506076812744	0.0020776407327502966
207	joy	../syntropy_project/models/model1_0	../syntropy_project/models/model1_0	neutral	0.5970778465270996	0.12328318506479263	0.15959540009498596	0.5970778465270996	0.020698152482509613	0.012793482281267643	0.00823224987834692	0.003064285032451153	0.02614663355052471	0.006974932737648487	0.036673203110694885	0.003530389629304409	0.0019302977016195655
1204	neutral	../syntropy_project/models/model1_0	../syntropy_project/models/model1_0	joy	0.9548318982124329	0.010282659903168678	0.9548318982124329	0.0025046200025826693	0.000442427204689011	0.005495697725564241	0.00011489957250887528	0.00012897812121082097	0.02400762215256691	0.0011844257824122906	0.0004050928691867739	0.0003828371409326792	0.00021882202418055385
8	pride	../syntropy_project/models/model1_0	../syntropy_project/models/model1_0	sadness	0.44739365577697754	0.06297443062067032	0.22454077005386353	0.13484488427639008	0.008701583370566368	0.44739365577697754	0.009309462271630764	0.036039967089891434	0.011849646456539631	0.019932126626372337	0.015941916033625603	0.0173321682959795	0.011139338836073875
1014	confusion	../syntropy_project/models/model1_0	../syntropy_project/models/model1_0	sadness	0.4904445707798004	0.0011645215563476086	0.006197772920131683	0.021090583875775337	0.00021996778377797455	0.4904445707798004	0.004857782274484634	0.04126268997788429	0.0021504361648112535	0.033797718584537506	0.003154819831252098	0.1612747609615326	0.2343844324350357
1060	joy	../syntropy_project/models/model1_0	../syntropy_project/models/model1_0	excitement	0.5881771445274353	0.5881771445274353	0.2791622579097748	0.04672500491142273	0.0637616217136383	0.003208901733160019	0.002107325242832303	0.0020099531393498182	0.008021351881325245	0.0026402452494949102	0.0032027808483690023	0.0007209667237475514	0.0002623939362820238
452	joy	../syntropy_project/models/model1_0	../syntropy_project/models/model1_0	joy	0.5243156552314758	0.1756102293729782	0.5243156552314758	0.12658314406871796	0.04777773097157478	0.0132667301222682	0.008545233868062496	0.004248097073286772	0.08110270649194717	0.006520865019410849	0.004015419632196426	0.006284093949943781	0.0017301392508670688
253	joy	../syntropy_project/models/model1_0	../syntropy_project/models/model1_0	joy	0.8618036508560181	0.0070947580970823765	0.8618036508560181	0.0077402302995324135	0.00047156805521808565	0.09849556535482407	0.0004337885766290128	0.00039658424793742597	0.012203644029796124	0.003165651811286807	0.0011389359133318067	0.006487311329692602	0.0005682746996171772
896	excitement	../syntropy_project/models/model1_0	../syntropy_project/models/model1_0	joy	0.8500398397445679	0.0599512904882431	0.8500398397445679	0.036150217056274414	0.0013158672954887152	0.009989362210035324	0.0006840712740086019	0.0010979525977745652	0.036539822816848755	0.0009588991524651647	0.0010529387509450316	0.0005003927508369088	0.0017193893436342478
1113	joy	../syntropy_project/models/model1_0	../syntropy_project/models/model1_0	joy	0.980307400226593	0.007408547215163708	0.980307400226593	0.0025258988607674837	3.900621231878176e-05	0.002099396660923958	0.0001238480326719582	6.366772868204862e-05	0.006342701148241758	0.00014447345165535808	0.00019060203339904547	0.0006125499494373798	0.00014190110960043967
880	pride	../syntropy_project/models/model1_0	../syntropy_project/models/model1_0	neutral	0.6880785822868347	0.008323797956109047	0.042849015444517136	0.6880785822868347	0.008268608711659908	0.03497815504670143	0.003827970242127776	0.011435343883931637	0.005118261091411114	0.014156225137412548	0.18064147233963013	0.0009278470533899963	0.0013947855914011598
1202	pride	../syntropy_project/models/model1_0	../syntropy_project/models/model1_0	neutral	0.699346125125885	0.054212018847465515	0.10410226136445999	0.699346125125885	0.013151735998690128	0.0804910734295845	0.0035272783134132624	0.010291950777173042	0.01404965203255415	0.005708931479603052	0.0013886794913560152	0.011229408904910088	0.0025009477976709604
623	disgust	../syntropy_project/models/model1_0	../syntropy_project/models/model1_0	disgust	0.9680324792861938	0.0014065323630347848	0.0007392170955426991	0.004862598143517971	0.0007822131738066673	0.00202942150644958	0.010798176750540733	0.9680324792861938	0.00018284711404703557	0.004264260176569223	0.00048505395534448326	0.0005136706167832017	0.00590358255431056
345	joy	../syntropy_project/models/model1_0	../syntropy_project/models/model1_0	joy	0.9359098076820374	0.049201566725969315	0.9359098076820374	0.005849194247275591	0.00012625291128642857	0.0024637349415570498	6.450096407206729e-05	9.763635898707435e-05	0.004559038206934929	0.0005421514506451786	0.0004132149915676564	0.0006206103716976941	0.00015229474229272455
1094	neutral	../syntropy_project/models/model1_0	../syntropy_project/models/model1_0	joy	0.6708941459655762	0.10948197543621063	0.6708941459655762	0.15045996010303497	0.002221121219918132	0.045306455343961716	0.0012034098617732525	0.0012594620930030942	0.004690075758844614	0.001725254114717245	0.004292340949177742	0.008001204580068588	0.00046458945143967867
262	excitement	../syntropy_project/models/model1_0	../syntropy_project/models/model1_0	joy	0.942352294921875	0.05325176939368248	0.942352294921875	0.0011836165795102715	0.0002604848414193839	0.00040410005021840334	2.5454086426179856e-05	5.2220526413293555e-05	0.0021278061904013157	0.00012836261885240674	0.00012175006122561172	5.623958713840693e-05	3.586672028177418e-05
150	neutral	../syntropy_project/models/model1_0	../syntropy_project/models/model1_0	joy	0.8067540526390076	0.09700191766023636	0.8067540526390076	0.08387017995119095	0.0006907363422214985	0.003718956373631954	0.00012379372492432594	0.00036021220148541033	0.0034629707224667072	0.0010647898307070136	0.0025221272371709347	0.0002250798133900389	0.00020514731295406818
472	joy	../syntropy_project/models/model1_0	../syntropy_project/models/model1_0	joy	0.5286973714828491	0.2681725323200226	0.5286973714828491	0.1293773353099823	0.01218645554035902	0.03600836172699928	0.0020803145598620176	0.0012842121068388224	0.007439941633492708	0.0022518180776387453	0.004084774758666754	0.0076769087463617325	0.0007398687303066254
640	pride	../syntropy_project/models/model1_0	../syntropy_project/models/model1_0	neutral	0.2736603021621704	0.23657433688640594	0.23202218115329742	0.2736603021621704	0.09375965595245361	0.029049361124634743	0.007937731221318245	0.0037934654392302036	0.09529028087854385	0.013899747282266617	0.005249105393886566	0.007016392890363932	0.0017474563792347908
1261	neutral	../syntropy_project/models/model1_0	../syntropy_project/models/model1_0	joy	0.5602986812591553	0.08658870309591293	0.5602986812591553	0.14746691286563873	0.0025324777234345675	0.10716281086206436	0.002261801389977336	0.0026654484681785107	0.06417419761419296	0.0014936205698177218	0.0012398738181218505	0.007247893139719963	0.016867533326148987
1199	excitement	../syntropy_project/models/model1_0	../syntropy_project/models/model1_0	joy	0.8610631823539734	0.09027311950922012	0.8610631823539734	0.01857348345220089	0.0009474859107285738	0.005569464527070522	0.0002057763049378991	0.00022260908735916018	0.01931937411427498	0.0009553265408612788	0.0010960428044199944	0.0015337441582232714	0.00024035992100834846
550	sadness	../syntropy_project/models/model1_0	../syntropy_project/models/model1_0	sadness	0.5867324471473694	0.008293782360851765	0.007567759603261948	0.11436142772436142	0.012574044987559319	0.5867324471473694	0.0009770157048478723	0.008416885510087013	0.0010245785815641284	0.0014278728049248457	0.044021762907505035	0.12197140604257584	0.09263105690479279
928	joy	../syntropy_project/models/model1_0	../syntropy_project/models/model1_0	joy	0.5618593692779541	0.013285132125020027	0.5618593692779541	0.2129656970500946	0.0013528985437005758	0.09439567476511002	0.0013887882232666016	0.013334953226149082	0.01665537618100643	0.0047327312640845776	0.00808783806860447	0.004722460173070431	0.06721901893615723
488	nervousness	../syntropy_project/models/model1_0	../syntropy_project/models/model1_0	neutral	0.7503918409347534	0.08797362446784973	0.03818066045641899	0.7503918409347534	0.048206571489572525	0.012065787799656391	0.014273358508944511	0.007151040248572826	0.008215571753680706	0.009852327406406403	0.018832968547940254	0.0027984322514384985	0.002057795412838459
1147	anger	../syntropy_project/models/model1_0	../syntropy_project/models/model1_0	sadness	0.5578742623329163	0.009998234920203686	0.020098470151424408	0.06833931803703308	0.017875760793685913	0.5578742623329163	0.05972668156027794	0.01467596460133791	0.0037659895606338978	0.027513351291418076	0.026143480092287064	0.19219589233398438	0.0017925463616847992
146	neutral	../syntropy_project/models/model1_0	../syntropy_project/models/model1_0	neutral	0.4538830816745758	0.056053925305604935	0.160829558968544	0.4538830816745758	0.020200833678245544	0.11359857022762299	0.043403998017311096	0.01954863779246807	0.06678008288145065	0.01372156199067831	0.012357357889413834	0.02489551715552807	0.014726787805557251
402	joy	../syntropy_project/models/model1_0	../syntropy_project/models/model1_0	excitement	0.5241996049880981	0.5241996049880981	0.1416180431842804	0.024880148470401764	0.20230700075626373	0.023819349706172943	0.001397875719703734	0.0017436192138120532	0.027789806947112083	0.004825675394386053	0.04019477218389511	0.005557240452617407	0.0016668714815750718
954	pride	../syntropy_project/models/model1_0	../syntropy_project/models/model1_0	pride	0.9903571009635925	0.0008763267542235553	0.004690435715019703	0.00015863717999309301	0.00010893443686654791	0.00013701501302421093	4.67114441562444e-05	6.413410301320255e-05	0.9903571009635925	0.002527813659980893	4.735076072392985e-05	0.0007072063744999468	0.00027828977908939123
1194	confusion	../syntropy_project/models/model1_0	../syntropy_project/models/model1_0	neutral	0.49686571955680847	0.01634054072201252	0.016033977270126343	0.49686571955680847	0.014729315415024757	0.05605066567659378	0.2403561770915985	0.014062413945794106	0.0035105308052152395	0.00442440714687109	0.0037515058647841215	0.1331167072057724	0.0007580819656141102
659	joy	../syntropy_project/models/model1_0	../syntropy_project/models/model1_0	sadness	0.5254888534545898	0.07168503850698471	0.04671541228890419	0.2337106168270111	0.048821140080690384	0.5254888534545898	0.02141377329826355	0.006414872594177723	0.010846882127225399	0.005652438383549452	0.025189494714140892	0.002881051739677787	0.0011803932720795274
463	joy	../syntropy_project/models/model1_0	../syntropy_project/models/model1_0	joy	0.9804199934005737	0.01219253521412611	0.9804199934005737	0.0031337025575339794	0.00017563554865773767	0.0008584886672906578	4.016962702735327e-05	3.410569843254052e-05	0.002650924026966095	0.00018113340775016695	0.0002485276781953871	4.11317560065072e-05	2.364107422181405e-05
186	surprise	../syntropy_project/models/model1_0	../syntropy_project/models/model1_0	joy	0.8928835988044739	0.03808721527457237	0.8928835988044739	0.012669135816395283	0.003361864248290658	0.0028267342131584883	0.000467004458187148	0.0004421488265506923	0.04199280962347984	0.003085686592385173	0.002814662642776966	0.0010374709963798523	0.0003316976362839341
608	joy	../syntropy_project/models/model1_0	../syntropy_project/models/model1_0	joy	0.8393758535385132	0.11049878597259521	0.8393758535385132	0.03800804913043976	0.0023914435878396034	0.002537613967433572	0.00026007130509242415	0.0005236652214080095	0.0031396388076245785	0.0007903928053565323	0.002286883071064949	0.00013935304014012218	4.817947410629131e-05
143	joy	../syntropy_project/models/model1_0	../syntropy_project/models/model1_0	sadness	0.8398476243019104	0.009058009833097458	0.05258456990122795	0.07146816700696945	0.009684991091489792	0.8398476243019104	0.004925762303173542	0.002394965151324868	0.0018996825674548745	0.0015237856423482299	0.0028699906542897224	0.003498257137835026	0.0002441753167659044
751	joy	../syntropy_project/models/model1_0	../syntropy_project/models/model1_0	joy	0.9848704934120178	0.006615684367716312	0.9848704934120178	0.001150306430645287	0.0001025017409119755	0.0006145809893496335	2.6423245799378492e-05	6.274996849242598e-05	0.005980581510812044	0.0002778506022877991	0.00018082326278090477	8.448724111076444e-05	3.3560452720848843e-05
981	joy	../syntropy_project/models/model1_0	../syntropy_project/models/model1_0	joy	0.9830796122550964	0.00800156407058239	0.9830796122550964	0.002773178741335869	0.00010793105320772156	0.0031444793567061424	3.953120904043317e-05	8.92349416972138e-05	0.002230365527793765	0.00012528857041615993	0.00015160451584961265	0.00012423712178133428	0.00013289059279486537
197	joy	../syntropy_project/models/model1_0	../syntropy_project/models/model1_0	joy	0.9309816360473633	0.028358599171042442	0.9309816360473633	0.011843251995742321	0.000649824331048876	0.016194939613342285	0.00017029885202646255	0.00015047250781208277	0.009287280030548573	0.0003437742416281253	0.0004620311374310404	0.000911316426936537	0.0006466350168921053
883	pride	../syntropy_project/models/model1_0	../syntropy_project/models/model1_0	joy	0.9810974597930908	0.0070684803649783134	0.9810974597930908	0.00216091051697731	0.0001706016919342801	0.004182836506515741	7.521390944020823e-05	8.631108357803896e-05	0.003353893756866455	0.0006149670225568116	0.0006933208205737174	0.0004664899024646729	2.9546919904532842e-05
279	excitement	../syntropy_project/models/model1_0	../syntropy_project/models/model1_0	neutral	0.32854992151260376	0.32507187128067017	0.21604430675506592	0.32854992151260376	0.09476494789123535	0.00953802652657032	0.00480505358427763	0.009144662879407406	0.004302439279854298	0.00275684567168355	0.0029929957818239927	0.0006747138686478138	0.001354155712760985
293	excitement	../syntropy_project/models/model1_0	../syntropy_project/models/model1_0	joy	0.923513650894165	0.05806205794215202	0.923513650894165	0.0033820143435150385	0.0006050724186934531	0.004283990245312452	0.0001692143559921533	9.456005500396714e-05	0.005165739916265011	0.0011391015723347664	0.0005820889491587877	0.0028794847894459963	0.0001229674817295745
1155	pride	../syntropy_project/models/model1_0	../syntropy_project/models/model1_0	excitement	0.5215941071510315	0.5215941071510315	0.4477013349533081	0.011422078125178814	0.0030749028082937002	0.001454451004974544	0.0001823532656999305	0.00010393059346824884	0.010029645636677742	0.0004592598124872893	0.0008284951909445226	0.002953962190076709	0.00019556093320716172
400	joy	../syntropy_project/models/model1_0	../syntropy_project/models/model1_0	joy	0.8122208118438721	0.028401363641023636	0.8122208118438721	0.014352096244692802	0.005234213545918465	0.003576623508706689	0.0004548389697447419	0.00045185189810581505	0.12785758078098297	0.004362591542303562	0.0012058982392773032	0.0016373656690120697	0.0002448237792123109
122	excitement	../syntropy_project/models/model1_0	../syntropy_project/models/model1_0	joy	0.9680994153022766	0.01937994174659252	0.9680994153022766	0.0016414094716310501	0.00010408066009404138	0.00120440311729908	2.7948459319304675e-05	4.028591138194315e-05	0.008863459341228008	0.00016220287943724543	0.00017207754717674106	0.00019393676484469324	0.00011098343384219334
202	excitement	../syntropy_project/models/model1_0	../syntropy_project/models/model1_0	joy	0.9597502946853638	0.03473399579524994	0.9597502946853638	0.0013594746123999357	0.0001298045099247247	0.000917487486731261	1.6423566194134764e-05	3.48425455740653e-05	0.0026691292878240347	0.00011570777860470116	9.277948265662417e-05	0.0001402441703248769	3.9843536796979606e-05
835	excitement	../syntropy_project/models/model1_0	../syntropy_project/models/model1_0	surprise	0.5608477592468262	0.20683728158473969	0.2187952995300293	0.006254892330616713	0.5608477592468262	0.0005296483286656439	0.0002834453189279884	0.00030312014860101044	0.002914337208494544	0.0015453791711479425	0.001605386845767498	6.740279059158638e-05	1.6028083337005228e-05
246	excitement	../syntropy_project/models/model1_0	../syntropy_project/models/model1_0	excitement	0.39120158553123474	0.39120158553123474	0.2845776081085205	0.22354909777641296	0.04647977650165558	0.019142644479870796	0.0032795099541544914	0.00283650285564363	0.012544496916234493	0.0023415067698806524	0.01089771930128336	0.0023432851303368807	0.0008062543929554522
1209	excitement	../syntropy_project/models/model1_0	../syntropy_project/models/model1_0	excitement	0.9290612936019897	0.9290612936019897	0.0673767551779747	0.0011969374027103186	0.0005644062184728682	0.0003110494581051171	3.83714577765204e-05	3.192679287167266e-05	0.0009382490534335375	2.9224836907815188e-05	8.505994628649205e-05	0.0002768489357549697	8.975985838333145e-05
1197	neutral	../syntropy_project/models/model1_0	../syntropy_project/models/model1_0	sadness	0.6921297907829285	0.01343151368200779	0.032692596316337585	0.1353961080312729	0.018330968916416168	0.6921297907829285	0.019582152366638184	0.0017105452716350555	0.004280829336494207	0.006470137741416693	0.03856009617447853	0.0363704152405262	0.0010448024841025472
384	excitement	../syntropy_project/models/model1_0	../syntropy_project/models/model1_0	joy	0.9736338257789612	0.02252114564180374	0.9736338257789612	0.0009004574967548251	6.266529089771211e-05	0.0007814638083800673	1.4309651305666193e-05	3.381541318958625e-05	0.0016479186015203595	0.00013441347982734442	0.00013034226140007377	0.00012090932432329282	1.876358328445349e-05
854	joy	../syntropy_project/models/model1_0	../syntropy_project/models/model1_0	joy	0.48408186435699463	0.3554345965385437	0.48408186435699463	0.1262006163597107	0.012351831421256065	0.007280404679477215	0.0007320716977119446	0.0004871670389547944	0.008105478249490261	0.0023123258724808693	0.0022858167067170143	0.0004828340606763959	0.00024508751812390983
219	neutral	../syntropy_project/models/model1_0	../syntropy_project/models/model1_0	joy	0.9905810952186584	0.0064723133109509945	0.9905810952186584	0.0006503838230855763	4.57167079730425e-05	0.0005740714841522276	1.1576566976145841e-05	1.4274663044488989e-05	0.0014152080984786153	7.953033491503447e-05	6.843916344223544e-05	6.351108459057286e-05	2.389742439845577e-05
641	fear	../syntropy_project/models/model1_0	../syntropy_project/models/model1_0	sadness	0.6820012927055359	0.0008708456880412996	0.011728388257324696	0.054074905812740326	0.0003195720782969147	0.6820012927055359	0.005522571969777346	0.03032909892499447	0.00367684755474329	0.04242659732699394	0.01284659281373024	0.061698976904153824	0.09450431168079376
1	neutral	../syntropy_project/models/model1_0	../syntropy_project/models/model1_0	neutral	0.3398136496543884	0.13664193451404572	0.28892529010772705	0.3398136496543884	0.0021519018337130547	0.08273657411336899	0.0060010384768247604	0.0008883328409865499	0.02468467690050602	0.001203756546601653	0.004600041545927525	0.11044448614120483	0.0019082676153630018
112	joy	../syntropy_project/models/model1_0	../syntropy_project/models/model1_0	neutral	0.5004025101661682	0.10303458571434021	0.07123526185750961	0.5004025101661682	0.0984293669462204	0.18031054735183716	0.022353356704115868	0.003054832573980093	0.006161076482385397	0.0034319234546273947	0.007597324438393116	0.0038852195721119642	0.00010397262667538598
698	pride	../syntropy_project/models/model1_0	../syntropy_project/models/model1_0	joy	0.7939580082893372	0.1653064340353012	0.7939580082893372	0.002521986374631524	0.00037788544432260096	0.008375420235097408	5.026943836128339e-05	0.00017357757315039635	0.02809634804725647	0.00041145802242681384	0.00018578305025584996	0.0003289058222435415	0.00021394860232248902
1216	excitement	../syntropy_project/models/model1_0	../syntropy_project/models/model1_0	neutral	0.729953408241272	0.0970306247472763	0.08670321106910706	0.729953408241272	0.062259141355752945	0.008757561445236206	0.0019241966074332595	0.0018874139059334993	0.005579964257776737	0.0019263273570686579	0.0030755451880395412	0.000654896255582571	0.00024763878900557756
951	pride	../syntropy_project/models/model1_0	../syntropy_project/models/model1_0	joy	0.7876901030540466	0.1054534912109375	0.7876901030540466	0.022635208442807198	0.002102855360135436	0.0050634341314435005	0.00044414930744096637	0.0005302282515913248	0.0670052319765091	0.0027260163333266973	0.0006972877308726311	0.005161111243069172	0.0004909242270514369
1145	excitement	../syntropy_project/models/model1_0	../syntropy_project/models/model1_0	neutral	0.6433380842208862	0.1374504268169403	0.10454040765762329	0.6433380842208862	0.041870635002851486	0.018097776919603348	0.0009754641796462238	0.0016023911302909255	0.037040919065475464	0.006229722406715155	0.005743770860135555	0.0028331102803349495	0.00027746453997679055
441	pride	../syntropy_project/models/model1_0	../syntropy_project/models/model1_0	sadness	0.7334643602371216	0.011408410966396332	0.009507367387413979	0.15163414180278778	0.0014449466252699494	0.7334643602371216	0.003986602183431387	0.010350304655730724	0.0014930438483133912	0.010672959499061108	0.005010591819882393	0.04647087678313255	0.01455656811594963
663	surprise	../syntropy_project/models/model1_0	../syntropy_project/models/model1_0	neutral	0.5451910495758057	0.3014112114906311	0.11219736933708191	0.5451910495758057	0.001119038788601756	0.009530620649456978	0.0013876741286367178	0.000623565458226949	0.005874201655387878	0.0007992346654646099	0.004149173852056265	0.01604408025741577	0.001672794809564948
1182	confusion	../syntropy_project/models/model1_0	../syntropy_project/models/model1_0	neutral	0.9026126265525818	0.01174789946526289	0.0035353759303689003	0.9026126265525818	0.012494416907429695	0.010701252147555351	0.0006927863578312099	0.010654663667082787	0.0018151254625990987	0.0010317988926544785	0.03504179045557976	0.00022112815349828452	0.009451218880712986
317	confusion	../syntropy_project/models/model1_0	../syntropy_project/models/model1_0	nervousness	0.5116601586341858	0.003312460845336318	0.007048073690384626	0.017098847776651382	0.005800004117190838	0.15566498041152954	0.2725299596786499	0.004185849335044622	0.00164788868278265	0.0073258220218122005	0.012405415065586567	0.5116601586341858	0.0013205866562202573
648	joy	../syntropy_project/models/model1_0	../syntropy_project/models/model1_0	neutral	0.407162070274353	0.11025352030992508	0.33459100127220154	0.407162070274353	0.05797164887189865	0.027255160734057426	0.006662232801318169	0.016509750857949257	0.012697015888988972	0.010223343037068844	0.012865331955254078	0.0013932554284110665	0.002415603958070278
709	anger	../syntropy_project/models/model1_0	../syntropy_project/models/model1_0	fear	0.5325233936309814	0.00220474973320961	0.003255352610722184	0.024065319448709488	0.006327757146209478	0.30709108710289	0.5325233936309814	0.07204469293355942	0.0009386687888763845	0.01589416339993477	0.009066790342330933	0.025385569781064987	0.0012025064788758755
972	pride	../syntropy_project/models/model1_0	../syntropy_project/models/model1_0	excitement	0.4932946562767029	0.4932946562767029	0.16300828754901886	0.2205745279788971	0.07610824704170227	0.016873206943273544	0.0019375660922378302	0.0025096600875258446	0.010886121541261673	0.0041760606691241264	0.005499472841620445	0.0021296790800988674	0.003002527169883251
627	pride	../syntropy_project/models/model1_0	../syntropy_project/models/model1_0	joy	0.46204617619514465	0.4459824860095978	0.46204617619514465	0.028276974335312843	0.023098347708582878	0.002276382176205516	0.002466141013428569	0.001317734131589532	0.02668130397796631	0.0033555126283317804	0.0023519606329500675	0.001603783224709332	0.0005432204343378544
632	excitement	../syntropy_project/models/model1_0	../syntropy_project/models/model1_0	joy	0.681003212928772	0.29626035690307617	0.681003212928772	0.011667064391076565	0.0022901983465999365	0.000686353538185358	0.00020098226377740502	0.00046746674343012273	0.005865264683961868	0.0009449204080738127	0.00046025821939110756	7.106808334356174e-05	8.292820712085813e-05
1241	anger	../syntropy_project/models/model1_0	../syntropy_project/models/model1_0	anger	0.4559527635574341	0.002765319077298045	0.01981480047106743	0.08529624342918396	0.0006079108570702374	0.2842855155467987	0.0021012264769524336	0.05113808065652847	0.006371285300701857	0.05978774651885033	0.00795823521912098	0.023920992389321327	0.4559527635574341
1173	joy	../syntropy_project/models/model1_0	../syntropy_project/models/model1_0	joy	0.9722164273262024	0.020400673151016235	0.9722164273262024	0.003025344805791974	0.00032959034433588386	0.0005944807780906558	3.828464468824677e-05	4.712906229542568e-05	0.0028440114110708237	0.00017676340939942747	0.00024486673646606505	4.784859629580751e-05	3.454209945630282e-05
795	neutral	../syntropy_project/models/model1_0	../syntropy_project/models/model1_0	joy	0.9537726640701294	0.039509523659944534	0.9537726640701294	0.00317377713508904	0.0004876546445302665	0.0006034148391336203	6.086170833441429e-05	5.0604652642505243e-05	0.0016439309110864997	0.00023543753195554018	0.00037042275653220713	8.243413321906701e-05	9.292856702813879e-06
645	surprise	../syntropy_project/models/model1_0	../syntropy_project/models/model1_0	surprise	0.9906587600708008	0.007019504904747009	0.0005645357305184007	0.00116427440661937	0.9906587600708008	6.611972639802843e-05	5.7710756664164364e-05	7.74049258325249e-05	0.0001329722290392965	0.0001348655641777441	0.00010499705967959017	1.7524311260785908e-05	1.319365537710837e-06
1012	nervousness	../syntropy_project/models/model1_0	../syntropy_project/models/model1_0	joy	0.5667905211448669	0.026644987985491753	0.5667905211448669	0.03207211568951607	0.0010156802600249648	0.2670328617095947	0.0010309087811037898	0.0026682091411203146	0.03769504278898239	0.008231406100094318	0.0021367587614804506	0.04399195313453674	0.010689405724406242
556	joy	../syntropy_project/models/model1_0	../syntropy_project/models/model1_0	joy	0.842982292175293	0.025384636595845222	0.842982292175293	0.03656306117773056	0.0002668322413228452	0.0768749937415123	0.00034013614640571177	0.00031766900792717934	0.013248700648546219	0.0003490387462079525	0.0005767408874817193	0.002019199077039957	0.0010766180930659175
681	joy	../syntropy_project/models/model1_0	../syntropy_project/models/model1_0	joy	0.9440056681632996	0.046571146696805954	0.9440056681632996	0.0021674707531929016	0.00020520093676168472	0.0029435742180794477	4.5556240365840495e-05	3.53670802724082e-05	0.0035136190708726645	0.00016511442663613707	0.00015478480781894177	0.0001527986751170829	3.9774400647729635e-05
577	pride	../syntropy_project/models/model1_0	../syntropy_project/models/model1_0	joy	0.9848024249076843	0.00814380869269371	0.9848024249076843	0.0015425439924001694	3.8434449379565194e-05	0.0013843068154528737	2.8241660402272828e-05	3.8746424252167344e-05	0.0027731468435376883	0.00019464660726953298	0.0008867449942044914	9.258087811758742e-05	7.426904630847275e-05
1109	joy	../syntropy_project/models/model1_0	../syntropy_project/models/model1_0	joy	0.965111494064331	0.019888686016201973	0.965111494064331	0.008914249017834663	0.0001720539148664102	0.00048677902668714523	0.00010304678289685398	0.0001188169262604788	0.002502364804968238	0.0005312854191288352	0.002055198885500431	4.440562770469114e-05	7.153639307944104e-05
524	nervousness	../syntropy_project/models/model1_0	../syntropy_project/models/model1_0	nervousness	0.9622066617012024	0.0015558251179754734	0.0008543555741198361	0.001302879536524415	0.00030596842407248914	0.015317744575440884	0.013539299368858337	0.0004444397345650941	0.0005182822933420539	0.0012803898425772786	0.0009220209321938455	0.9622066617012024	0.0017521311528980732
1059	neutral	../syntropy_project/models/model1_0	../syntropy_project/models/model1_0	joy	0.9465250372886658	0.03802714869379997	0.9465250372886658	0.00250209285877645	0.000368075241567567	0.004237243440002203	0.00010577253851806745	8.019140659598634e-05	0.006025556940585375	0.00031071415287442505	0.00023423733364325017	0.0013922273647040129	0.00019175923080183566
540	nervousness	../syntropy_project/models/model1_0	../syntropy_project/models/model1_0	fear	0.6457589864730835	0.0038653919473290443	0.007490507327020168	0.027977360412478447	0.011253916658461094	0.171648770570755	0.6457589864730835	0.012096700258553028	0.0014217053540050983	0.009545556269586086	0.005284124985337257	0.10163305699825287	0.0020239236764609814
748	neutral	../syntropy_project/models/model1_0	../syntropy_project/models/model1_0	joy	0.6785432696342468	0.17521466314792633	0.6785432696342468	0.055235911160707474	0.0031820449512451887	0.0689377412199974	0.0013887365348637104	0.0006604734808206558	0.005125124007463455	0.0014725516084581614	0.0018203502986580133	0.007994767278432846	0.00042433413909748197
1176	embarrassment	../syntropy_project/models/model1_0	../syntropy_project/models/model1_0	nervousness	0.5015928149223328	0.007731779012829065	0.005681037437170744	0.03933245316147804	0.001105697825551033	0.3935684263706207	0.03452708572149277	0.0026024237740784883	0.0010809751693159342	0.005206637550145388	0.005544395186007023	0.5015928149223328	0.0020263337064534426
484	pride	../syntropy_project/models/model1_0	../syntropy_project/models/model1_0	joy	0.850365400314331	0.018864847719669342	0.850365400314331	0.006909860298037529	0.0021476098336279392	0.01344983745366335	0.00019080810307059437	0.0003646423574537039	0.10353941470384598	0.0022805030457675457	0.0005613839603029191	0.0011291919508948922	0.00019656876975204796
95	pride	../syntropy_project/models/model1_0	../syntropy_project/models/model1_0	surprise	0.9813112020492554	0.013440592214465141	0.0015599115286022425	0.002359730890020728	0.9813112020492554	0.00010623068374115974	6.532249244628474e-05	0.00011095993249909952	0.00028150033904239535	0.0002889456518460065	0.00045165373012423515	2.006914291996509e-05	3.861070126731647e-06
1020	neutral	../syntropy_project/models/model1_0	../syntropy_project/models/model1_0	joy	0.9766067862510681	0.011427406221628189	0.9766067862510681	0.005084362346678972	0.0008636123384349048	0.0012830637861043215	0.00010893775470321998	0.00022565238759852946	0.0029481605160981417	0.0006925050402060151	0.0005975470412522554	8.006471034605056e-05	8.193885150831193e-05
563	neutral	../syntropy_project/models/model1_0	../syntropy_project/models/model1_0	joy	0.8086514472961426	0.1721840500831604	0.8086514472961426	0.006226120516657829	0.0016242533456534147	0.003130784025415778	0.00021338560327421874	9.444695024285465e-05	0.006721202749758959	0.0004893462173640728	0.00040704384446144104	0.00021273375023156404	4.5200769818620756e-05
742	surprise	../syntropy_project/models/model1_0	../syntropy_project/models/model1_0	joy	0.9792419672012329	0.006959463935345411	0.9792419672012329	0.0019770280923694372	0.0006468237261287868	0.004733380861580372	8.756283205002546e-05	0.000126053681015037	0.0035725855268538	0.0006031136144883931	0.0008635139092803001	0.001093829981982708	9.471430530538782e-05
863	joy	../syntropy_project/models/model1_0	../syntropy_project/models/model1_0	joy	0.7295193672180176	0.04205906018614769	0.7295193672180176	0.12956440448760986	0.014116792008280754	0.05444430559873581	0.0031506316736340523	0.0013284384040161967	0.01458643190562725	0.0034908719826489687	0.002679427620023489	0.004880112130194902	0.0001801693142624572
891	joy	../syntropy_project/models/model1_0	../syntropy_project/models/model1_0	sadness	0.541354238986969	0.06203417479991913	0.11015473306179047	0.07031109929084778	0.00979444570839405	0.541354238986969	0.013541429303586483	0.013374709524214268	0.004169715568423271	0.01568521186709404	0.007656180765479803	0.14426809549331665	0.007656082510948181
1038	neutral	../syntropy_project/models/model1_0	../syntropy_project/models/model1_0	joy	0.81830233335495	0.06629760563373566	0.81830233335495	0.016141336411237717	0.0010349052026867867	0.06774842739105225	0.0008062317501753569	0.0008847910794429481	0.008810802362859249	0.004701660946011543	0.0035290534142404795	0.010522551834583282	0.0012202486395835876
206	neutral	../syntropy_project/models/model1_0	../syntropy_project/models/model1_0	joy	0.981496274471283	0.010939255356788635	0.981496274471283	0.0007246324676088989	0.00015399459516629577	0.0015306718414649367	2.361847145948559e-05	3.44482104992494e-05	0.004667909350246191	0.0001465441018808633	0.0001312309323111549	8.377268386539072e-05	6.753141497028992e-05
392	embarrassment	../syntropy_project/models/model1_0	../syntropy_project/models/model1_0	neutral	0.43791061639785767	0.08855576813220978	0.2636735141277313	0.43791061639785767	0.05599074810743332	0.07143696397542953	0.01305162813514471	0.03076750971376896	0.0078016966581344604	0.012781171128153801	0.009816017933189869	0.005008485168218613	0.003205861197784543
794	joy	../syntropy_project/models/model1_0	../syntropy_project/models/model1_0	joy	0.9742068648338318	0.019148463383316994	0.9742068648338318	0.0022267098538577557	0.0004931202274747193	0.0009388129110448062	4.0286220610141754e-05	5.996489926474169e-05	0.0023869650904089212	0.00017477487563155591	0.00022087378602009267	6.640877109020948e-05	3.681450471049175e-05
870	pride	../syntropy_project/models/model1_0	../syntropy_project/models/model1_0	joy	0.9329376816749573	0.05709525942802429	0.9329376816749573	0.003080416237935424	0.0003393467341084033	0.001204351312480867	5.114182204124518e-05	9.264659456675872e-05	0.004287343472242355	0.00032711715903133154	0.0003422539448365569	9.057106944965199e-05	0.00015195843297988176
397	sadness	../syntropy_project/models/model1_0	../syntropy_project/models/model1_0	sadness	0.6535513997077942	0.0012118772137910128	0.005363953299820423	0.10751863569021225	0.001854386762715876	0.6535513997077942	0.03230825066566467	0.05274569243192673	0.003283513942733407	0.02831265516579151	0.02470462955534458	0.03682785481214523	0.05231708660721779
766	excitement	../syntropy_project/models/model1_0	../syntropy_project/models/model1_0	neutral	0.7716712355613708	0.08657867461442947	0.07994624972343445	0.7716712355613708	0.026758119463920593	0.02544756606221199	0.001028569065965712	0.0023281113244593143	0.0019283463479951024	0.0005449168384075165	0.0019492702558636665	0.001410370459780097	0.00040853998507373035
1166	pride	../syntropy_project/models/model1_0	../syntropy_project/models/model1_0	pride	0.7674906253814697	0.004314429126679897	0.22141379117965698	0.0005178855499252677	9.205527749145404e-05	0.0009482488385401666	4.910949428449385e-05	6.794012006139383e-05	0.7674906253814697	0.002624280983582139	0.00025251146871596575	0.001104486407712102	0.0011246775975450873
1028	joy	../syntropy_project/models/model1_0	../syntropy_project/models/model1_0	joy	0.9266617894172668	0.02243395522236824	0.9266617894172668	0.046696148812770844	0.00038458063500002027	0.0008909188327379525	9.554002463119105e-05	0.0001456782192690298	0.0016810724046081305	0.0001594417990418151	0.0007752024102956057	5.153521124157123e-05	2.4037126422626898e-05
642	neutral	../syntropy_project/models/model1_0	../syntropy_project/models/model1_0	joy	0.8475736975669861	0.009833689779043198	0.8475736975669861	0.03814317658543587	0.002060702070593834	0.040848348289728165	0.0011195468250662088	0.001150318537838757	0.04232491925358772	0.006987206172198057	0.0034988727420568466	0.004958210978657007	0.0015013058437034488
612	joy	../syntropy_project/models/model1_0	../syntropy_project/models/model1_0	joy	0.9806213974952698	0.012712221592664719	0.9806213974952698	0.0021050702780485153	0.00010075517639052123	0.0013501461362466216	1.895854620670434e-05	3.949789606849663e-05	0.002685628831386566	0.00011479507520562038	0.0001097559361369349	0.00010028181714005768	4.137066571274772e-05
960	neutral	../syntropy_project/models/model1_0	../syntropy_project/models/model1_0	sadness	0.6653187274932861	0.02267737314105034	0.026021631434559822	0.04153386130928993	0.02007947862148285	0.6653187274932861	0.010321960784494877	0.01175309345126152	0.0020510926842689514	0.011250949464738369	0.013529611751437187	0.17419405281543732	0.0012681761290878057
725	pride	../syntropy_project/models/model1_0	../syntropy_project/models/model1_0	pride	0.9026437401771545	0.005961215123534203	0.013700064271688461	0.0061024827882647514	0.0015692423330619931	0.022731708362698555	0.0006040521548129618	0.0022239743266254663	0.9026437401771545	0.03289749100804329	0.001933117164298892	0.007108116522431374	0.002524793613702059
683	neutral	../syntropy_project/models/model1_0	../syntropy_project/models/model1_0	sadness	0.33179399371147156	0.002456539310514927	0.04449686035513878	0.07972170412540436	0.0013529823627322912	0.33179399371147156	0.01207374781370163	0.06564349681138992	0.016550272703170776	0.08804789185523987	0.029227694496512413	0.21748924255371094	0.11114560812711716
98	pride	../syntropy_project/models/model1_0	../syntropy_project/models/model1_0	pride	0.9918445944786072	0.00016326503828167915	0.003337853355333209	6.55157637083903e-05	2.893930832215119e-05	5.957211396889761e-05	3.241555896238424e-05	3.8529793528141454e-05	0.9918445944786072	0.0035505960695445538	4.3959753384115174e-05	0.0005405626143328846	0.0002941972925327718
804	neutral	../syntropy_project/models/model1_0	../syntropy_project/models/model1_0	neutral	0.7339086532592773	0.010382202453911304	0.031734906136989594	0.7339086532592773	0.022314488887786865	0.14058884978294373	0.010250198654830456	0.0047971210442483425	0.004061169922351837	0.012926622293889523	0.020177166908979416	0.008044418878853321	0.0008142996812239289
406	pride	../syntropy_project/models/model1_0	../syntropy_project/models/model1_0	pride	0.8966489434242249	0.0061781397089362144	0.09262778609991074	0.0004064373788423836	0.00016238335228990763	0.00026424822863191366	4.5740649511571974e-05	8.06398966233246e-05	0.8966489434242249	0.0022449383977800608	0.00015363373677246273	0.0007617711089551449	0.00042546875192783773
502	pride	../syntropy_project/models/model1_0	../syntropy_project/models/model1_0	excitement	0.6264283657073975	0.6264283657073975	0.10038688778877258	0.23312346637248993	0.013504995964467525	0.0028700975235551596	0.000509300793055445	0.0010788521030917764	0.01803937926888466	0.0014006319688633084	0.002007950097322464	0.0004993047332391143	0.0001508151472080499
1071	joy	../syntropy_project/models/model1_0	../syntropy_project/models/model1_0	joy	0.9662308096885681	0.024350648745894432	0.9662308096885681	0.003330894047394395	0.0001297649141633883	0.003015588503330946	4.2185387428617105e-05	0.00010150126036023721	0.0022144303657114506	0.00014370036660693586	0.00023283333575818688	0.00013869012764189392	6.898350693518296e-05
1056	excitement	../syntropy_project/models/model1_0	../syntropy_project/models/model1_0	joy	0.8804267048835754	0.09750231355428696	0.8804267048835754	0.010845350101590157	0.0007523819804191589	0.0017803879454731941	7.258680852828547e-05	0.00020325579680502415	0.006080135237425566	0.0003538263263180852	0.0009905362967401743	0.0008461900288239121	0.00014633196406066418
929	neutral	../syntropy_project/models/model1_0	../syntropy_project/models/model1_0	joy	0.7898569107055664	0.15461626648902893	0.7898569107055664	0.04204902425408363	0.002445909893140197	0.006983255967497826	0.0002277249441249296	0.00039192894473671913	0.00117047771345824	0.0006054351688362658	0.0010170460445806384	0.0005862719845026731	4.975457341060974e-05
779	excitement	../syntropy_project/models/model1_0	../syntropy_project/models/model1_0	joy	0.8074150681495667	0.039404209703207016	0.8074150681495667	0.06927629560232162	0.0052353693172335625	0.0491618737578392	0.001588937477208674	0.002157483948394656	0.003633416723459959	0.0021335994824767113	0.01649177260696888	0.003102115588262677	0.0003998910542577505
200	excitement	../syntropy_project/models/model1_0	../syntropy_project/models/model1_0	joy	0.9138474464416504	0.04001269489526749	0.9138474464416504	0.023235101252794266	0.0005974225350655615	0.015795083716511726	0.00015228253323584795	0.0001309405342908576	0.0033755647018551826	0.0005417157663032413	0.0014088621828705072	0.0007892599096521735	0.00011371613800292835
134	joy	../syntropy_project/models/model1_0	../syntropy_project/models/model1_0	joy	0.7225345373153687	0.04987795650959015	0.7225345373153687	0.014567699283361435	0.0010951654985547066	0.06588079035282135	0.0004491238505579531	0.0005359813221730292	0.13649982213974	0.0023898908402770758	0.0004089634749107063	0.004263001959770918	0.0014969867188483477
1051	pride	../syntropy_project/models/model1_0	../syntropy_project/models/model1_0	joy	0.7791333794593811	0.07677218317985535	0.7791333794593811	0.07675033062696457	0.0021611752454191446	0.03766459971666336	0.0005951637867838144	0.0013050164561718702	0.014344502240419388	0.001388091710396111	0.0031148463021963835	0.005791127681732178	0.0009795865043997765
40	neutral	../syntropy_project/models/model1_0	../syntropy_project/models/model1_0	joy	0.8675260543823242	0.03155114874243736	0.8675260543823242	0.0277885552495718	0.00024886446772143245	0.025502897799015045	0.00032932922476902604	0.0006195080932229757	0.03667338937520981	0.001400887151248753	0.0010319381253793836	0.005548499990254641	0.001778856967575848
1017	neutral	../syntropy_project/models/model1_0	../syntropy_project/models/model1_0	joy	0.989921510219574	0.0019513125298544765	0.989921510219574	0.0016598720103502274	0.00010317628766642883	0.0022241089027374983	6.0596685216296464e-05	4.84744377899915e-05	0.0032978777308017015	0.00030590337701141834	0.0003018704301211983	7.281247962964699e-05	5.2480387239484116e-05
230	neutral	../syntropy_project/models/model1_0	../syntropy_project/models/model1_0	joy	0.6779974699020386	0.220209002494812	0.6779974699020386	0.02969939075410366	0.010179766453802586	0.031278736889362335	0.0003954491694457829	0.0009630722342990339	0.02125564217567444	0.0013432858977466822	0.0008336976752616465	0.005602370016276836	0.0002421332901576534
378	nervousness	../syntropy_project/models/model1_0	../syntropy_project/models/model1_0	pride	0.9886957406997681	0.000387461856007576	0.002150618704035878	0.00022505383822135627	6.60744626657106e-05	0.00024632428539916873	5.0286267651245e-05	7.391891995212063e-05	0.9886957406997681	0.006693514995276928	6.527241930598393e-05	0.0007018956239335239	0.0006437287083826959
288	joy	../syntropy_project/models/model1_0	../syntropy_project/models/model1_0	joy	0.4649631381034851	0.03271506726741791	0.4649631381034851	0.39844802021980286	0.003821069374680519	0.023708539083600044	0.0018912707455456257	0.005901642609387636	0.016654687002301216	0.007728277705609798	0.03803557902574539	0.0006635385798290372	0.005469095893204212
418	surprise	../syntropy_project/models/model1_0	../syntropy_project/models/model1_0	neutral	0.6624521017074585	0.17874281108379364	0.1120353564620018	0.6624521017074585	0.005584758706390858	0.024954183027148247	0.0020580426789820194	0.0011156363179907203	0.00705835223197937	0.0007239590049721301	0.0027589495293796062	0.0012447354383766651	0.0012712166644632816
391	surprise	../syntropy_project/models/model1_0	../syntropy_project/models/model1_0	joy	0.7112665772438049	0.2591326832771301	0.7112665772438049	0.006813140586018562	0.0004046752874273807	0.002101808786392212	0.00014005971024744213	7.043551886454225e-05	0.01733231730759144	0.0004980511148460209	0.000491859158501029	0.0015059460420161486	0.0002424826961942017
592	surprise	../syntropy_project/models/model1_0	../syntropy_project/models/model1_0	disgust	0.46626895666122437	0.01126544363796711	0.0014814325841143727	0.008276672102510929	0.4189578890800476	0.004179052542895079	0.03442161902785301	0.46626895666122437	0.0015129796229302883	0.03994127735495567	0.010315348394215107	0.0016168481670320034	0.0017624471802264452
1162	joy	../syntropy_project/models/model1_0	../syntropy_project/models/model1_0	joy	0.9305692315101624	0.011057347990572453	0.9305692315101624	0.00811814609915018	0.000329102243995294	0.01591360755264759	0.00026956875808537006	0.00022577852359972894	0.027249451726675034	0.0015564438654109836	0.0005798446945846081	0.003553982125595212	0.0005774833261966705
1086	joy	../syntropy_project/models/model1_0	../syntropy_project/models/model1_0	joy	0.7814388275146484	0.13361011445522308	0.7814388275146484	0.027521435171365738	0.0012171152047812939	0.016883378848433495	0.0011789662530645728	0.0003925634082406759	0.011144273914396763	0.0007792605902068317	0.001078562461771071	0.024398725479841232	0.0003567264066077769
647	excitement	../syntropy_project/models/model1_0	../syntropy_project/models/model1_0	excitement	0.8673373460769653	0.8673373460769653	0.03898674622178078	0.0007346741622313857	0.000772560597397387	0.0003255569899920374	6.379523983923718e-05	4.5670385588891804e-05	0.08804725855588913	0.00021905337052885443	6.425078754546121e-05	0.00302370497956872	0.00037943932693451643
1152	excitement	../syntropy_project/models/model1_0	../syntropy_project/models/model1_0	joy	0.9772202968597412	0.0028767811600118876	0.9772202968597412	0.005695372354239225	0.0006334558129310608	0.0013697961112484336	7.10344102117233e-05	0.00013393287372309715	0.00684956181794405	0.0011321702040731907	0.0036735092289745808	0.00020737618615385145	0.00013663894787896425
520	neutral	../syntropy_project/models/model1_0	../syntropy_project/models/model1_0	sadness	0.6883291602134705	0.006253276020288467	0.035893503576517105	0.2254759818315506	0.0007305439212359488	0.6883291602134705	0.010082175023853779	0.0017876741476356983	0.01044898759573698	0.001500171609222889	0.0038166206795722246	0.007229482289403677	0.008452455513179302
64	neutral	../syntropy_project/models/model1_0	../syntropy_project/models/model1_0	neutral	0.8125206828117371	0.06778262555599213	0.07077863067388535	0.8125206828117371	0.011966589838266373	0.01918722130358219	0.0011428468860685825	0.0025485458318144083	0.005727208219468594	0.00117027061060071	0.00454755499958992	0.000747297250200063	0.0018805254949256778
14	excitement	../syntropy_project/models/model1_0	../syntropy_project/models/model1_0	joy	0.6314979791641235	0.16348516941070557	0.6314979791641235	0.07212503999471664	0.0017366699175909162	0.046839091926813126	0.0003991341800428927	0.0009313431801274419	0.036100029945373535	0.0027735382318496704	0.001358486944809556	0.04171660169959068	0.001036947243846953
1180	excitement	../syntropy_project/models/model1_0	../syntropy_project/models/model1_0	excitement	0.43382930755615234	0.43382930755615234	0.37694576382637024	0.1520705372095108	0.01186690479516983	0.0028110332787036896	0.0007464371738024056	0.0015098589938133955	0.009741979651153088	0.004066017922013998	0.00554672721773386	0.0005019386881031096	0.00036348687717691064
1064	surprise	../syntropy_project/models/model1_0	../syntropy_project/models/model1_0	joy	0.4909873902797699	0.09480176120996475	0.4909873902797699	0.2391870617866516	0.007056985981762409	0.013262751512229443	0.0018926591146737337	0.0019427136285230517	0.13344107568264008	0.009715717285871506	0.004153489135205746	0.0014602005248889327	0.002098201774060726
492	joy	../syntropy_project/models/model1_0	../syntropy_project/models/model1_0	joy	0.972623884677887	0.020772060379385948	0.972623884677887	0.0029037105850875378	0.0001850472908699885	0.00060851383022964	3.300443495390937e-05	5.020155367674306e-05	0.002230329206213355	0.00023202404554467648	0.00029701300081796944	3.453817771514878e-05	2.9639008062076755e-05
379	pride	../syntropy_project/models/model1_0	../syntropy_project/models/model1_0	nervousness	0.42815324664115906	0.06835222244262695	0.046615634113550186	0.07626979798078537	0.034022748470306396	0.20788054168224335	0.06260773539543152	0.029727641493082047	0.012333645485341549	0.01800782047212124	0.010672389529645443	0.42815324664115906	0.0053564999252557755
187	excitement	../syntropy_project/models/model1_0	../syntropy_project/models/model1_0	joy	0.8128137588500977	0.15488633513450623	0.8128137588500977	0.023158211261034012	0.0012641684152185917	0.001338751520961523	0.00011803066445281729	0.0005170187796466053	0.0035585302393883467	0.0010654693469405174	0.00096073531312868	0.00019989823340438306	0.00011917780648218468
763	neutral	../syntropy_project/models/model1_0	../syntropy_project/models/model1_0	joy	0.9570220112800598	0.03586392477154732	0.9570220112800598	0.0020342948846518993	0.00010634187492541969	0.00221563340164721	2.4528942958568223e-05	3.163667133776471e-05	0.0022106817923486233	0.00011176719272043556	0.0001150860043708235	0.00022595449991058558	3.819121775450185e-05
216	joy	../syntropy_project/models/model1_0	../syntropy_project/models/model1_0	joy	0.9541953206062317	0.030328281223773956	0.9541953206062317	0.0032685769256204367	0.0002314794692210853	0.0023683873005211353	0.00011432648898335174	0.00012547426740638912	0.007210736162960529	0.0004884044174104929	0.0002727364480961114	0.0011963775614276528	0.00019994018657598644
791	neutral	../syntropy_project/models/model1_0	../syntropy_project/models/model1_0	joy	0.6888721585273743	0.1296250820159912	0.6888721585273743	0.06904740631580353	0.008569970726966858	0.032253198325634	0.0024820638354867697	0.0008775531896390021	0.02060755528509617	0.0026881415396928787	0.004498225636780262	0.039750657975673676	0.0007279606652446091
1076	joy	../syntropy_project/models/model1_0	../syntropy_project/models/model1_0	joy	0.6393446922302246	0.18672768771648407	0.6393446922302246	0.04554050788283348	0.013173275627195835	0.07681543380022049	0.0014594696694985032	0.00047468632692471147	0.028386225923895836	0.0028228871524333954	0.0023992513306438923	0.0025745145976543427	0.00028132699662819505
878	anger	../syntropy_project/models/model1_0	../syntropy_project/models/model1_0	excitement	0.2680820822715759	0.2680820822715759	0.2543770372867584	0.09381546825170517	0.13321588933467865	0.13653433322906494	0.020722534507513046	0.005787712521851063	0.00807154830545187	0.007512949872761965	0.0076716686598956585	0.062212057411670685	0.0019967076368629932
337	pride	../syntropy_project/models/model1_0	../syntropy_project/models/model1_0	joy	0.43730810284614563	0.15205618739128113	0.43730810284614563	0.06798864156007767	0.12282922118902206	0.021738041192293167	0.008353172801434994	0.0013527469709515572	0.07715931534767151	0.025244468823075294	0.032907884567976	0.05006052181124687	0.003001804230734706
719	excitement	../syntropy_project/models/model1_0	../syntropy_project/models/model1_0	surprise	0.8549708127975464	0.107535220682621	0.02013353258371353	0.010101505555212498	0.8549708127975464	0.000989259104244411	0.000710601918399334	0.0006165643571875989	0.00213446537964046	0.0011775216553360224	0.0013418012531474233	0.00018917847773991525	9.96339731500484e-05
295	pride	../syntropy_project/models/model1_0	../syntropy_project/models/model1_0	pride	0.9858511686325073	0.00474217114970088	0.005306691396981478	0.00014235735579859465	0.0002674451970960945	0.000330429058521986	2.3842721930122934e-05	5.0234357331646606e-05	0.9858511686325073	0.002427968429401517	5.3410898544825613e-05	0.0006436789408326149	0.00016060835332609713
1016	neutral	../syntropy_project/models/model1_0	../syntropy_project/models/model1_0	joy	0.7346387505531311	0.2382775843143463	0.7346387505531311	0.018143847584724426	0.000985485501587391	0.001913525047712028	0.0001575876958668232	0.0001733621902531013	0.002862025983631611	0.0006759955431334674	0.0013781848829239607	0.0005822849343530834	0.00021132014808245003
455	disgust	../syntropy_project/models/model1_0	../syntropy_project/models/model1_0	disgust	0.7129412293434143	0.002809779020026326	0.004360671620815992	0.06861166656017303	0.0009497171849943697	0.07223450392484665	0.003809800371527672	0.7129412293434143	0.0022118710912764072	0.03670264780521393	0.005978072993457317	0.0016899816691875458	0.0877000242471695
815	joy	../syntropy_project/models/model1_0	../syntropy_project/models/model1_0	joy	0.6669738292694092	0.1488291472196579	0.6669738292694092	0.13660573959350586	0.012644735164940357	0.019814470782876015	0.0005944479489699006	0.0005256524309515953	0.008832773193717003	0.002499473048374057	0.001933420542627573	0.0006170113338157535	0.0001293084496865049
269	joy	../syntropy_project/models/model1_0	../syntropy_project/models/model1_0	joy	0.3595985174179077	0.3551574647426605	0.3595985174179077	0.14571629464626312	0.12792909145355225	0.0028346681501716375	0.002335819648578763	0.0019853338599205017	0.002491433871909976	0.0007157198269851506	0.001153042889200151	3.480067243799567e-05	4.7799429012229666e-05
995	neutral	../syntropy_project/models/model1_0	../syntropy_project/models/model1_0	joy	0.8409990668296814	0.12414013594388962	0.8409990668296814	0.014766284264624119	0.0012432719813659787	0.00768969114869833	0.00044223209260962903	0.0003445273032411933	0.006371771916747093	0.0004974147886969149	0.0006988015375100076	0.0025743390433490276	0.0002324317756574601
201	neutral	../syntropy_project/models/model1_0	../syntropy_project/models/model1_0	nervousness	0.9222667217254639	0.002560628345236182	0.001984011847525835	0.0023348196409642696	0.00037781285936944187	0.023015636950731277	0.013775443658232689	0.0019535375759005547	0.001075654523447156	0.004659170284867287	0.0012917150743305683	0.9222667217254639	0.02470480091869831
161	neutral	../syntropy_project/models/model1_0	../syntropy_project/models/model1_0	joy	0.8279926776885986	0.10249529778957367	0.8279926776885986	0.04597102105617523	0.007875598967075348	0.0032936756033450365	0.0003626544785220176	0.0004177397058811039	0.00823916494846344	0.0010465432424098253	0.0016201575053855777	0.0005808703135699034	0.00010468561231391504
729	anger	../syntropy_project/models/model1_0	../syntropy_project/models/model1_0	sadness	0.5586064457893372	0.008379391394555569	0.04906003922224045	0.14761874079704285	0.018371706828475	0.5586064457893372	0.02194407396018505	0.04025008901953697	0.0024182500783354044	0.018679261207580566	0.08346734941005707	0.03220682591199875	0.018997812643647194
401	pride	../syntropy_project/models/model1_0	../syntropy_project/models/model1_0	joy	0.8883342742919922	0.0760553628206253	0.8883342742919922	0.008512726984918118	0.0011490872129797935	0.010427793487906456	0.0001553615729790181	0.0001951177546288818	0.013281541876494884	0.0006666961708106101	0.00030316354241222143	0.0005880123353563249	0.00033084210008382797
702	neutral	../syntropy_project/models/model1_0	../syntropy_project/models/model1_0	joy	0.9570651650428772	0.013299209997057915	0.9570651650428772	0.001964693423360586	0.0005918317474424839	0.006030248012393713	0.00026209629140794277	8.70376534294337e-05	0.01824905350804329	0.0010502460645511746	0.0003762241394724697	0.0009125940850935876	0.00011152869410580024
1129	joy	../syntropy_project/models/model1_0	../syntropy_project/models/model1_0	joy	0.8592290878295898	0.06299139559268951	0.8592290878295898	0.04212658107280731	0.006913047283887863	0.004993204493075609	0.0010006328811869025	0.002023911802098155	0.008713440969586372	0.0026618933770805597	0.008712132461369038	0.0003339044051244855	0.00030074059031903744
565	neutral	../syntropy_project/models/model1_0	../syntropy_project/models/model1_0	neutral	0.41787102818489075	0.01563548669219017	0.08974360674619675	0.41787102818489075	0.0029370912816375494	0.061423514038324356	0.003443486290052533	0.2398458868265152	0.028032561764121056	0.04857616871595383	0.03569569066166878	0.004131397232413292	0.052664052695035934
1021	joy	../syntropy_project/models/model1_0	../syntropy_project/models/model1_0	neutral	0.8045437335968018	0.08346840739250183	0.025203822180628777	0.8045437335968018	0.05215149000287056	0.015817558392882347	0.005334378220140934	0.0050664846785366535	0.0010220344411209226	0.0013842507032677531	0.00566056277602911	0.00017643785395193845	0.0001708320778561756
1025	joy	../syntropy_project/models/model1_0	../syntropy_project/models/model1_0	joy	0.7380892038345337	0.11964889615774155	0.7380892038345337	0.10959061980247498	0.001620847498998046	0.010223795659840107	0.0003696894273161888	0.00021509078214876354	0.00658979220315814	0.002601000713184476	0.008500809781253338	0.0022797114215791225	0.00027058072737418115
1104	joy	../syntropy_project/models/model1_0	../syntropy_project/models/model1_0	neutral	0.49786537885665894	0.38346943259239197	0.09005318582057953	0.49786537885665894	0.021472975611686707	0.0007272126385942101	0.0005636612186208367	0.0017845714464783669	0.0010613909689709544	0.00020486873108893633	0.002707049949094653	6.316243525361642e-05	2.7237218091613613e-05
205	excitement	../syntropy_project/models/model1_0	../syntropy_project/models/model1_0	excitement	0.993850588798523	0.993850588798523	0.005119921173900366	0.0003763942513614893	0.0003979674947913736	6.015196049702354e-05	1.0278674380970187e-05	9.318113370682113e-06	0.00011765339877456427	5.141123892826727e-06	6.421681518986588e-06	3.8871301512699574e-05	7.213290700747166e-06
34	pride	../syntropy_project/models/model1_0	../syntropy_project/models/model1_0	sadness	0.4991193115711212	0.042136356234550476	0.033897656947374344	0.24679313600063324	0.030278027057647705	0.4991193115711212	0.018671371042728424	0.013119978830218315	0.00401501776650548	0.008583540096879005	0.008894874714314938	0.08794009685516357	0.006550755817443132
775	neutral	../syntropy_project/models/model1_0	../syntropy_project/models/model1_0	joy	0.6819183230400085	0.28027865290641785	0.6819183230400085	0.014458268880844116	0.00887990277260542	0.001832853420637548	0.0006631428841501474	0.0007670801714994013	0.007102197967469692	0.001752652577124536	0.0016889320686459541	0.0004906118265353143	0.00016738414706196636
508	sadness	../syntropy_project/models/model1_0	../syntropy_project/models/model1_0	sadness	0.538993239402771	0.03406929969787598	0.23537930846214294	0.027311090379953384	0.0033543542958796024	0.538993239402771	0.010068564675748348	0.014984700828790665	0.005453343503177166	0.02925211563706398	0.02246803045272827	0.07666830718517303	0.0019975893665105104
1254	excitement	../syntropy_project/models/model1_0	../syntropy_project/models/model1_0	joy	0.6037949323654175	0.060503408312797546	0.6037949323654175	0.1201956495642662	0.002602331805974245	0.10181581974029541	0.001208905945532024	0.0014234778936952353	0.03713613003492355	0.0026449996512383223	0.009616785682737827	0.057696275413036346	0.001361314905807376
91	pride	../syntropy_project/models/model1_0	../syntropy_project/models/model1_0	joy	0.9202873706817627	0.013081254437565804	0.9202873706817627	0.022684041410684586	0.0016738169360905886	0.002097949618473649	0.0004541404778137803	0.000369477056665346	0.030647382140159607	0.004329322837293148	0.003181812586262822	0.0005998967099003494	0.0005935560329817235
897	neutral	../syntropy_project/models/model1_0	../syntropy_project/models/model1_0	joy	0.9678604006767273	0.026564551517367363	0.9678604006767273	0.0008259974420070648	0.0002514834050089121	0.0015944772167131305	3.3052911021513864e-05	3.952502811443992e-05	0.0018548077205196023	0.000160827228683047	0.00020084911375306547	0.0005684291827492416	4.5676177251152694e-05
564	joy	../syntropy_project/models/model1_0	../syntropy_project/models/model1_0	joy	0.9839065074920654	0.011669980362057686	0.9839065074920654	0.0011199484579265118	8.902576519176364e-05	0.0008239923045039177	1.3314715943124611e-05	2.911559204221703e-05	0.002040126360952854	9.640926873544231e-05	7.901745266281068e-05	0.00010694732191041112	2.5634186386014335e-05
776	excitement	../syntropy_project/models/model1_0	../syntropy_project/models/model1_0	joy	0.9195039868354797	0.07388928532600403	0.9195039868354797	0.0036178173031657934	0.0003682736132759601	0.0004058128397446126	5.0923881644848734e-05	9.605492959963158e-05	0.0016551960725337267	0.0001450491399737075	0.00016038717876654118	3.600641502998769e-05	7.114104664651677e-05
241	neutral	../syntropy_project/models/model1_0	../syntropy_project/models/model1_0	joy	0.6378526091575623	0.07682023197412491	0.6378526091575623	0.23520563542842865	0.002455818932503462	0.016227049753069878	0.000808335084002465	0.0016073056031018496	0.02294309437274933	0.0011728840181604028	0.0026091584004461765	0.0019662240520119667	0.0003317583759780973
13	excitement	../syntropy_project/models/model1_0	../syntropy_project/models/model1_0	joy	0.5631839632987976	0.364305704832077	0.5631839632987976	0.023750778287649155	0.009155536070466042	0.0018507649656385183	0.00043960276525467634	0.00046628282871097326	0.03195684403181076	0.0016649436438456178	0.0005297329626046121	0.0024415936786681414	0.00025424209889024496
315	excitement	../syntropy_project/models/model1_0	../syntropy_project/models/model1_0	joy	0.8908180594444275	0.08900734782218933	0.8908180594444275	0.00817599892616272	0.0023425277322530746	0.0033194085117429495	0.00026743981288746	0.0002992945665027946	0.003463690634816885	0.0007691561477258801	0.0010157800279557705	0.00033745556720532477	0.00018395234656054527
600	pride	../syntropy_project/models/model1_0	../syntropy_project/models/model1_0	pride	0.9885002374649048	0.0019814269617199898	0.0071902796626091	0.0001980296365218237	0.00010986851702909917	8.26657415018417e-05	2.8882841434096918e-05	3.392110011191107e-05	0.9885002374649048	0.0013139443472027779	5.20639841852244e-05	0.0003767898597288877	0.00013188498269300908
387	neutral	../syntropy_project/models/model1_0	../syntropy_project/models/model1_0	joy	0.5577124953269958	0.07516279071569443	0.5577124953269958	0.10456889867782593	0.0119126345962286	0.17056459188461304	0.007109913509339094	0.004102046601474285	0.026722857728600502	0.016363993287086487	0.0074773854576051235	0.013888802379369736	0.004413597285747528
166	confusion	../syntropy_project/models/model1_0	../syntropy_project/models/model1_0	confusion	0.8669676184654236	0.00015862642612773925	0.0006310446187853813	0.010829450562596321	0.004386944230645895	0.0073113394901156425	0.002536511979997158	0.008178377524018288	0.0014544468140229583	0.0760103315114975	0.8669676184654236	0.007150815334171057	0.014384455047547817
840	anger	../syntropy_project/models/model1_0	../syntropy_project/models/model1_0	sadness	0.7463393807411194	0.02129957638680935	0.025064535439014435	0.08052021265029907	0.011294214054942131	0.7463393807411194	0.013106422498822212	0.036956749856472015	0.0019147573038935661	0.011883427388966084	0.006965337321162224	0.02295086346566677	0.02170449309051037
20	excitement	../syntropy_project/models/model1_0	../syntropy_project/models/model1_0	joy	0.3535228967666626	0.19510173797607422	0.3535228967666626	0.15744826197624207	0.0313398651778698	0.19237752258777618	0.0038297921419143677	0.001918373629450798	0.05286822095513344	0.005048780702054501	0.0019085523672401905	0.0042190938256680965	0.0004168876039329916
646	joy	../syntropy_project/models/model1_0	../syntropy_project/models/model1_0	joy	0.9883193969726562	0.005956064444035292	0.9883193969726562	0.0010180145036429167	6.16843972238712e-05	0.0005063702119514346	1.5735138731542975e-05	1.8688720956561156e-05	0.0038008529227226973	0.00013950142601970583	8.46416805870831e-05	5.044790304964408e-05	2.8552170988405123e-05
1154	excitement	../syntropy_project/models/model1_0	../syntropy_project/models/model1_0	excitement	0.5473734736442566	0.5473734736442566	0.2811623215675354	0.14032204449176788	0.008529572747647762	0.003022213000804186	0.0011347504332661629	0.0010324815521016717	0.009592330083251	0.0024660516064614058	0.004230169579386711	0.0007876349845901132	0.0003469176881480962
831	neutral	../syntropy_project/models/model1_0	../syntropy_project/models/model1_0	joy	0.2913423478603363	0.07727161049842834	0.2913423478603363	0.26058363914489746	0.12472710013389587	0.15926890075206757	0.013275381177663803	0.012226191349327564	0.012535007670521736	0.011396574787795544	0.011332332156598568	0.024036578834056854	0.0020042969845235348
562	neutral	../syntropy_project/models/model1_0	../syntropy_project/models/model1_0	joy	0.7178339958190918	0.10299605131149292	0.7178339958190918	0.05110492557287216	0.0043060495518147945	0.04879343509674072	0.0018195710144937038	0.0010767116909846663	0.04768599569797516	0.0031210477463901043	0.002068032743409276	0.017240526154637337	0.001953628147020936
1240	neutral	../syntropy_project/models/model1_0	../syntropy_project/models/model1_0	joy	0.5080684423446655	0.16323545575141907	0.5080684423446655	0.06261290609836578	0.011080153286457062	0.09737832099199295	0.009088766761124134	0.0029554557986557484	0.10294312238693237	0.006370398215949535	0.011410287581384182	0.0202182624489069	0.004638397600501776
686	neutral	../syntropy_project/models/model1_0	../syntropy_project/models/model1_0	joy	0.38263052701950073	0.2122383713722229	0.38263052701950073	0.21759028732776642	0.007887975312769413	0.12052183598279953	0.002739746356382966	0.004125846084207296	0.03425771743059158	0.0007831365219317377	0.0025355746038258076	0.00961438287049532	0.005074712447822094
957	excitement	../syntropy_project/models/model1_0	../syntropy_project/models/model1_0	joy	0.9882109761238098	0.004645343404263258	0.9882109761238098	0.0026510553434491158	4.969629299012013e-05	0.0008351830765604973	2.0278077499824576e-05	2.4700540961930528e-05	0.0032046569976955652	0.00012388938921503723	0.00012350623728707433	6.502198084490374e-05	4.5747801777906716e-05
189	nervousness	../syntropy_project/models/model1_0	../syntropy_project/models/model1_0	sadness	0.5025057792663574	0.040554456412792206	0.07513516396284103	0.22743122279644012	0.060791291296482086	0.5025057792663574	0.031592465937137604	0.015519484877586365	0.005039609503000975	0.007146414835005999	0.015073449350893497	0.01759161613881588	0.0016190538881346583
975	neutral	../syntropy_project/models/model1_0	../syntropy_project/models/model1_0	joy	0.5892992615699768	0.2633073329925537	0.5892992615699768	0.07794661074876785	0.016813676804304123	0.03542971983551979	0.002045002765953541	0.0017592665972188115	0.005492318421602249	0.0012295874767005444	0.0016583206597715616	0.004610318224877119	0.0004086336703039706
699	excitement	../syntropy_project/models/model1_0	../syntropy_project/models/model1_0	excitement	0.803716242313385	0.803716242313385	0.1069285124540329	0.05323896184563637	0.021612538024783134	0.002953204559162259	0.0014703646302223206	0.0010727756889536977	0.006336059886962175	0.0010234428336843848	0.00038338027661666274	0.0009905745973810554	0.0002739883493632078
510	surprise	../syntropy_project/models/model1_0	../syntropy_project/models/model1_0	joy	0.9204040765762329	0.06712996959686279	0.9204040765762329	0.007983662188053131	0.0003624935052357614	0.001536256866529584	3.3592761610634625e-05	8.233568223658949e-05	0.001847685780376196	0.0003083128831349313	0.0001684832968749106	9.777912055142224e-05	4.523185998550616e-05
1082	joy	../syntropy_project/models/model1_0	../syntropy_project/models/model1_0	joy	0.928983211517334	0.060790348798036575	0.928983211517334	0.004202741663902998	0.0006150418194010854	0.001270876033231616	7.845863729016855e-05	8.953773794928566e-05	0.003188484814018011	0.00025278786779381335	0.000350729824276641	8.8579959992785e-05	8.92349416972138e-05
474	joy	../syntropy_project/models/model1_0	../syntropy_project/models/model1_0	joy	0.9737589359283447	0.014573035761713982	0.9737589359283447	0.003597089322283864	0.000162302385433577	0.0015402882127091289	7.927688420750201e-05	8.147179323714226e-05	0.0055269524455070496	0.000152086591697298	0.00023016048362478614	0.00015777131193317473	0.00014061445835977793
856	nervousness	../syntropy_project/models/model1_0	../syntropy_project/models/model1_0	nervousness	0.9244939088821411	0.017650382593274117	0.0033876181114465	0.0028830927331000566	0.0017456674249842763	0.03518105298280716	0.009738077409565449	0.0007077447371557355	0.0008226936333812773	0.0009077428258024156	0.0009950317908078432	0.9244939088821411	0.00148710235953331
747	pride	../syntropy_project/models/model1_0	../syntropy_project/models/model1_0	excitement	0.4442005455493927	0.4442005455493927	0.10104632377624512	0.3957035541534424	0.017063995823264122	0.006644675973802805	0.0043822042644023895	0.002683399012312293	0.012017298489809036	0.0031882307957857847	0.006775413639843464	0.005766091402620077	0.000528308970388025
252	pride	../syntropy_project/models/model1_0	../syntropy_project/models/model1_0	joy	0.8804779052734375	0.07676103711128235	0.8804779052734375	0.012313302606344223	0.0015367799205705523	0.01219248864799738	0.00022455089492723346	0.0001705647591734305	0.00879733543843031	0.0014708546223118901	0.003665060270577669	0.0021150351967662573	0.0002750969142653048
21	joy	../syntropy_project/models/model1_0	../syntropy_project/models/model1_0	joy	0.6107475757598877	0.27918505668640137	0.6107475757598877	0.06140771508216858	0.004316423088312149	0.010081896558403969	0.00041619245894253254	0.0005760257481597364	0.028902435675263405	0.0018721063388511539	0.0015374624636024237	0.0007448222604580224	0.0002123605809174478
459	joy	../syntropy_project/models/model1_0	../syntropy_project/models/model1_0	joy	0.7387148141860962	0.1575613021850586	0.7387148141860962	0.0450495108962059	0.0005010656313970685	0.03948134183883667	0.0002958364493679255	0.00022590129810851067	0.01217125728726387	0.0005527337198145688	0.0009063021279871464	0.0037881419993937016	0.0007517386111430824
1184	excitement	../syntropy_project/models/model1_0	../syntropy_project/models/model1_0	neutral	0.5633669495582581	0.19532600045204163	0.1418715864419937	0.5633669495582581	0.022823955863714218	0.04059874266386032	0.004646891728043556	0.005064566619694233	0.009055116213858128	0.0018776555079966784	0.009633014909923077	0.004039574880152941	0.0016959417844191194
276	neutral	../syntropy_project/models/model1_0	../syntropy_project/models/model1_0	joy	0.6306862831115723	0.3095813989639282	0.6306862831115723	0.018144704401493073	0.006341028958559036	0.011315803974866867	0.0008308894466608763	0.0005696192383766174	0.019296668469905853	0.0018884878372773528	0.0009649997227825224	0.00026014968170784414	0.00012002562289126217
955	excitement	../syntropy_project/models/model1_0	../syntropy_project/models/model1_0	excitement	0.9955388307571411	0.9955388307571411	0.0036494953092187643	0.00045204718480817974	0.0001905455137602985	2.531529935367871e-05	7.141876722016605e-06	7.505186204070924e-06	8.53911551530473e-05	4.326837370172143e-06	6.12903158980771e-06	3.0851126211928204e-05	2.45053843173082e-06
1215	excitement	../syntropy_project/models/model1_0	../syntropy_project/models/model1_0	joy	0.9947569966316223	0.0017673239344730973	0.9947569966316223	0.0011520624393597245	6.808872421970591e-05	0.00041443388909101486	1.041204268403817e-05	2.1333236873033457e-05	0.0015604121144860983	7.133629696909338e-05	0.00014691015530843288	1.7135331290774047e-05	1.3477935681294184e-05
385	pride	../syntropy_project/models/model1_0	../syntropy_project/models/model1_0	joy	0.9896385669708252	0.005875005852431059	0.9896385669708252	0.0013905647210776806	0.00039647193625569344	0.0006063556647859514	3.2689524232409894e-05	6.870264041936025e-05	0.0015590556431561708	0.0001825500512495637	0.0002076522505376488	3.007682789757382e-05	1.2423811313055921e-05
805	sadness	../syntropy_project/models/model1_0	../syntropy_project/models/model1_0	sadness	0.9962510466575623	0.0001834525028243661	0.0004506456316448748	0.00042075072997249663	0.00012342969421297312	0.9962510466575623	0.0009317820076830685	0.00021374424977693707	5.6820477766450495e-05	0.00024227950780186802	9.6610099717509e-05	0.000949879817198962	7.946180267026648e-05
343	excitement	../syntropy_project/models/model1_0	../syntropy_project/models/model1_0	joy	0.6058694124221802	0.35264503955841064	0.6058694124221802	0.0054135811515152454	0.0012164416257292032	0.002550208941102028	0.00018325858400203288	0.0002048261376330629	0.028702590614557266	0.00035306302015669644	0.0003594013396650553	0.002288278192281723	0.00021395678049884737
769	joy	../syntropy_project/models/model1_0	../syntropy_project/models/model1_0	joy	0.7217372059822083	0.21291692554950714	0.7217372059822083	0.01565365120768547	0.0006289888406172395	0.00776542816311121	0.000288558192551136	0.0003650008875411004	0.024850472807884216	0.0006693677860312164	0.0003955843858420849	0.01262998953461647	0.002098947297781706
130	neutral	../syntropy_project/models/model1_0	../syntropy_project/models/model1_0	joy	0.9803141355514526	0.01189756765961647	0.9803141355514526	0.0014702130574733019	2.7934418540098704e-05	0.0030561776366084814	2.274871621921193e-05	2.934943222498987e-05	0.0026265743654221296	0.00011607405031099916	9.049085929291323e-05	0.0002660932659637183	8.263878407888114e-05
871	joy	../syntropy_project/models/model1_0	../syntropy_project/models/model1_0	joy	0.5675382614135742	0.2816563844680786	0.5675382614135742	0.10329203307628632	0.03635265678167343	0.002097413409501314	0.0004918206832371652	0.0016526298131793737	0.00393385486677289	0.0012401416897773743	0.001645367592573166	3.664469113573432e-05	6.28355992375873e-05
1123	neutral	../syntropy_project/models/model1_0	../syntropy_project/models/model1_0	joy	0.7953019142150879	0.14329759776592255	0.7953019142150879	0.048470351845026016	0.0028037831652909517	0.005591609049588442	0.00025685684522613883	0.00030013633659109473	0.0016414611600339413	0.0007714518578723073	0.001353503088466823	0.0001804263738449663	3.0995543056633323e-05
87	joy	../syntropy_project/models/model1_0	../syntropy_project/models/model1_0	joy	0.9077008366584778	0.05249718576669693	0.9077008366584778	0.005701972637325525	0.0005787560949102044	0.01137546543031931	0.00012453213275875896	0.00018463055312167853	0.019104408100247383	0.0006935829878784716	0.0004989077569916844	0.0009732827893458307	0.0005664347554557025
330	excitement	../syntropy_project/models/model1_0	../syntropy_project/models/model1_0	excitement	0.7099934816360474	0.7099934816360474	0.26774272322654724	0.011050047352910042	0.003923324868083	0.002968186279758811	9.391289495397359e-05	0.00019993064051959664	0.002420925535261631	0.00025292145437560976	0.00027156618307344615	0.0009229055140167475	0.00016017822781577706
1238	confusion	../syntropy_project/models/model1_0	../syntropy_project/models/model1_0	joy	0.9736612439155579	0.01341601088643074	0.9736612439155579	0.00447814678773284	0.0004834042047150433	0.002914524869993329	0.00015848474868107587	0.00018389093747828156	0.0015417932299897075	0.0009567789966240525	0.0020683028269559145	0.00010116177145391703	3.627736441558227e-05
466	surprise	../syntropy_project/models/model1_0	../syntropy_project/models/model1_0	joy	0.38811901211738586	0.05914120003581047	0.38811901211738586	0.22099600732326508	0.03349706530570984	0.22571736574172974	0.004665975458920002	0.0029409450944513083	0.0067076534032821655	0.0075586168095469475	0.0372723825275898	0.012794573791325092	0.0005893242778256536
121	sadness	../syntropy_project/models/model1_0	../syntropy_project/models/model1_0	neutral	0.8517792820930481	0.015033797360956669	0.004480908624827862	0.8517792820930481	0.013003050349652767	0.04140476509928703	0.0022489132825285196	0.009538590908050537	0.005312631372362375	0.015594170428812504	0.03085004910826683	0.008867462165653706	0.0018863017903640866
1044	neutral	../syntropy_project/models/model1_0	../syntropy_project/models/model1_0	sadness	0.3988994359970093	0.008516669273376465	0.040936924517154694	0.0535406768321991	0.004110115114599466	0.3988994359970093	0.04909166693687439	0.0036208636593073606	0.008148696273565292	0.02265210449695587	0.03411669284105301	0.37516212463378906	0.001203928142786026
1095	pride	../syntropy_project/models/model1_0	../syntropy_project/models/model1_0	joy	0.48550286889076233	0.13402193784713745	0.48550286889076233	0.21235151588916779	0.01471711415797472	0.039182454347610474	0.004001216497272253	0.0014147917972877622	0.07209037989377975	0.011258753016591072	0.010000757873058319	0.012992935255169868	0.0024651673156768084
1130	neutral	../syntropy_project/models/model1_0	../syntropy_project/models/model1_0	joy	0.585354745388031	0.3838748037815094	0.585354745388031	0.013854783028364182	0.001538208918645978	0.004732257220894098	0.000260351225733757	0.0001642822753638029	0.008785643614828587	0.0005232990952208638	0.00026146991876885295	0.00042631864198483527	0.00022381926828529686
860	excitement	../syntropy_project/models/model1_0	../syntropy_project/models/model1_0	pride	0.9659132361412048	0.002830973593518138	0.024156920611858368	0.001060140086337924	0.00010444896906847134	0.0006045028567314148	9.814936493057758e-05	0.00013888457033317536	0.9659132361412048	0.003251252695918083	0.00024597192532382905	0.0008619502186775208	0.0007335672853514552
1126	neutral	../syntropy_project/models/model1_0	../syntropy_project/models/model1_0	joy	0.7214024662971497	0.025108925998210907	0.7214024662971497	0.017021508887410164	0.0028508231043815613	0.09737490862607956	0.0008595126564614475	0.0004625492147170007	0.12489204108715057	0.0052195158787071705	0.001174180069938302	0.0027059479616582394	0.0009276338969357312
